obs_name,true_label,predicted_label,prob_HDR_HDR,prob_HDR_Insertion,prob_HDR_NHEJ-Deletion,prob_HDR_WT,prob_Insertion_Insertion,prob_Insertion_MMEJ-Deletion,prob_Insertion_NHEJ-Deletion,prob_Insertion_SV,prob_Insertion_WT,prob_MMEJ-Deletion_MMEJ-Deletion,prob_MMEJ-Deletion_NHEJ-Deletion,prob_MMEJ-Deletion_WT,prob_NHEJ-Deletion_NHEJ-Deletion,prob_NHEJ-Deletion_SV,prob_NHEJ-Deletion_WT
TGAGTCATCGTAACCA-4,Insertion_NHEJ-Deletion,Insertion_MMEJ-Deletion,0.07109495,0.07040923,0.05887507,0.055459443,0.06768387,0.07226352,0.07091725,0.065534785,0.071050584,0.06277719,0.06917033,0.069608256,0.06922913,0.057802096,0.06812439
GATTCGAGTCATCCGG-1,NHEJ-Deletion_WT,Insertion_MMEJ-Deletion,0.07109495,0.07040923,0.05887507,0.055459443,0.06768387,0.07226352,0.07091725,0.065534785,0.071050584,0.06277719,0.06917033,0.069608256,0.06922913,0.057802096,0.06812439
GGGACCTTCTACGCAA-1,Insertion_WT,Insertion_MMEJ-Deletion,0.07109495,0.07040923,0.05887507,0.055459443,0.06768387,0.07226352,0.07091725,0.065534785,0.071050584,0.06277719,0.06917033,0.069608256,0.06922913,0.057802096,0.06812439
TTAGGGTGTTCTCGCT-1,Insertion_NHEJ-Deletion,Insertion_MMEJ-Deletion,0.07109495,0.07040923,0.05887507,0.055459443,0.06768387,0.07226352,0.07091725,0.065534785,0.071050584,0.06277719,0.06917033,0.069608256,0.06922913,0.057802096,0.06812439
AAGACTCAGGCACTCC-1,Insertion_Insertion,Insertion_MMEJ-Deletion,0.07109495,0.07040923,0.05887507,0.055459443,0.06768387,0.07226352,0.07091725,0.065534785,0.071050584,0.06277719,0.06917033,0.069608256,0.06922913,0.057802096,0.06812439
CTCCAACCACAAGCTT-1,HDR_NHEJ-Deletion,Insertion_MMEJ-Deletion,0.07109495,0.07040923,0.05887507,0.055459443,0.06768387,0.07226352,0.07091725,0.065534785,0.071050584,0.06277719,0.06917033,0.069608256,0.06922913,0.057802096,0.06812439
TTAGGGTTCCAGTGTA-1,Insertion_NHEJ-Deletion,Insertion_MMEJ-Deletion,0.07109495,0.07040923,0.05887507,0.055459443,0.06768387,0.07226352,0.07091725,0.065534785,0.071050584,0.06277719,0.06917033,0.069608256,0.06922913,0.057802096,0.06812439
CCGTGAGCACGTCGGT-1,HDR_Insertion,Insertion_MMEJ-Deletion,0.07109495,0.07040923,0.05887507,0.055459443,0.06768387,0.07226352,0.07091725,0.065534785,0.071050584,0.06277719,0.06917033,0.069608256,0.06922913,0.057802096,0.06812439
TTGTTGTTCTGAGGTT-4,NHEJ-Deletion_WT,Insertion_MMEJ-Deletion,0.07109495,0.07040923,0.05887507,0.055459443,0.06768387,0.07226352,0.07091725,0.065534785,0.071050584,0.06277719,0.06917033,0.069608256,0.06922913,0.057802096,0.06812439
CGCCAGATCGTTAGAC-1,HDR_Insertion,Insertion_MMEJ-Deletion,0.07109495,0.07040923,0.05887507,0.055459443,0.06768387,0.07226352,0.07091725,0.065534785,0.071050584,0.06277719,0.06917033,0.069608256,0.06922913,0.057802096,0.06812439
AGTAACCAGGCTCCCA-1,Insertion_Insertion,Insertion_MMEJ-Deletion,0.07109495,0.07040923,0.05887507,0.055459443,0.06768387,0.07226352,0.07091725,0.065534785,0.071050584,0.06277719,0.06917033,0.069608256,0.06922913,0.057802096,0.06812439
TCCCATGAGCTTCATG-1,Insertion_Insertion,Insertion_MMEJ-Deletion,0.07109495,0.07040923,0.05887507,0.055459443,0.06768387,0.07226352,0.07091725,0.065534785,0.071050584,0.06277719,0.06917033,0.069608256,0.06922913,0.057802096,0.06812439
GCACGGTGTCCAAGAG-1,NHEJ-Deletion_NHEJ-Deletion,Insertion_MMEJ-Deletion,0.07109495,0.07040923,0.05887507,0.055459443,0.06768387,0.07226352,0.07091725,0.065534785,0.071050584,0.06277719,0.06917033,0.069608256,0.06922913,0.057802096,0.06812439
GACAGCCAGTCATTGC-1,Insertion_Insertion,Insertion_MMEJ-Deletion,0.07109495,0.07040923,0.05887507,0.055459443,0.06768387,0.07226352,0.07091725,0.065534785,0.071050584,0.06277719,0.06917033,0.069608256,0.06922913,0.057802096,0.06812439
CGGGTGTGTCGGCCTA-1,HDR_NHEJ-Deletion,Insertion_MMEJ-Deletion,0.07109495,0.07040923,0.05887507,0.055459443,0.06768387,0.07226352,0.07091725,0.065534785,0.071050584,0.06277719,0.06917033,0.069608256,0.06922913,0.057802096,0.06812439
AGAGAGCCACATGACT-1,Insertion_SV,Insertion_MMEJ-Deletion,0.07109495,0.07040923,0.05887507,0.055459443,0.06768387,0.07226352,0.07091725,0.065534785,0.071050584,0.06277719,0.06917033,0.069608256,0.06922913,0.057802096,0.06812439
AGTCAACCAGTATTCG-4,HDR_Insertion,Insertion_MMEJ-Deletion,0.07109495,0.07040923,0.05887507,0.055459443,0.06768387,0.07226352,0.07091725,0.065534785,0.071050584,0.06277719,0.06917033,0.069608256,0.06922913,0.057802096,0.06812439
GTAATCGTCTCAAAGC-4,Insertion_WT,Insertion_MMEJ-Deletion,0.07109495,0.07040923,0.05887507,0.055459443,0.06768387,0.07226352,0.07091725,0.065534785,0.071050584,0.06277719,0.06917033,0.069608256,0.06922913,0.057802096,0.06812439
AAACGAACATACGCAT-1,Insertion_WT,Insertion_MMEJ-Deletion,0.07109495,0.07040923,0.05887507,0.055459443,0.06768387,0.07226352,0.07091725,0.065534785,0.071050584,0.06277719,0.06917033,0.069608256,0.06922913,0.057802096,0.06812439
GCCAGCAAGTTCCGGC-4,Insertion_Insertion,Insertion_MMEJ-Deletion,0.07109495,0.07040923,0.05887507,0.055459443,0.06768387,0.07226352,0.07091725,0.065534785,0.071050584,0.06277719,0.06917033,0.069608256,0.06922913,0.057802096,0.06812439
GTTAGACGTGTCCACG-1,HDR_NHEJ-Deletion,Insertion_MMEJ-Deletion,0.07109495,0.07040923,0.05887507,0.055459443,0.06768387,0.07226352,0.07091725,0.065534785,0.071050584,0.06277719,0.06917033,0.069608256,0.06922913,0.057802096,0.06812439
TGCAGTACAAATCAGA-1,Insertion_WT,Insertion_MMEJ-Deletion,0.07109495,0.07040923,0.05887507,0.055459443,0.06768387,0.07226352,0.07091725,0.065534785,0.071050584,0.06277719,0.06917033,0.069608256,0.06922913,0.057802096,0.06812439
AGCGATTTCTAGATCG-4,NHEJ-Deletion_WT,Insertion_MMEJ-Deletion,0.07109495,0.07040923,0.05887507,0.055459443,0.06768387,0.07226352,0.07091725,0.065534785,0.071050584,0.06277719,0.06917033,0.069608256,0.06922913,0.057802096,0.06812439
CATAGACAGGAATGTT-1,HDR_Insertion,Insertion_MMEJ-Deletion,0.07109495,0.07040923,0.05887507,0.055459443,0.06768387,0.07226352,0.07091725,0.065534785,0.071050584,0.06277719,0.06917033,0.069608256,0.06922913,0.057802096,0.06812439
TGTACAGTCCCTCTAG-1,NHEJ-Deletion_SV,Insertion_MMEJ-Deletion,0.07109495,0.07040923,0.05887507,0.055459443,0.06768387,0.07226352,0.07091725,0.065534785,0.071050584,0.06277719,0.06917033,0.069608256,0.06922913,0.057802096,0.06812439
TCTTTGAGTGCGGTAA-4,Insertion_Insertion,Insertion_MMEJ-Deletion,0.07109495,0.07040923,0.05887507,0.055459443,0.06768387,0.07226352,0.07091725,0.065534785,0.071050584,0.06277719,0.06917033,0.069608256,0.06922913,0.057802096,0.06812439
GACACGCTCTGGCCAG-1,NHEJ-Deletion_NHEJ-Deletion,Insertion_MMEJ-Deletion,0.07109495,0.07040923,0.05887507,0.055459443,0.06768387,0.07226352,0.07091725,0.065534785,0.071050584,0.06277719,0.06917033,0.069608256,0.06922913,0.057802096,0.06812439
TGTGAGTCAGAGCTAG-1,Insertion_WT,Insertion_MMEJ-Deletion,0.07109495,0.07040923,0.05887507,0.055459443,0.06768387,0.07226352,0.07091725,0.065534785,0.071050584,0.06277719,0.06917033,0.069608256,0.06922913,0.057802096,0.06812439
CTCCGATGTGGTCTAT-4,Insertion_WT,Insertion_MMEJ-Deletion,0.07109495,0.07040923,0.05887507,0.055459443,0.06768387,0.07226352,0.07091725,0.065534785,0.071050584,0.06277719,0.06917033,0.069608256,0.06922913,0.057802096,0.06812439
TGCGATAGTTCTTCAT-1,HDR_WT,Insertion_MMEJ-Deletion,0.07109495,0.07040923,0.05887507,0.055459443,0.06768387,0.07226352,0.07091725,0.065534785,0.071050584,0.06277719,0.06917033,0.069608256,0.06922913,0.057802096,0.06812439
TTACGTTAGAATAGTC-1,Insertion_Insertion,Insertion_MMEJ-Deletion,0.07109495,0.07040923,0.05887507,0.055459443,0.06768387,0.07226352,0.07091725,0.065534785,0.071050584,0.06277719,0.06917033,0.069608256,0.06922913,0.057802096,0.06812439
CACAGGCCAGACAATA-1,Insertion_WT,Insertion_MMEJ-Deletion,0.07109495,0.07040923,0.05887507,0.055459443,0.06768387,0.07226352,0.07091725,0.065534785,0.071050584,0.06277719,0.06917033,0.069608256,0.06922913,0.057802096,0.06812439
TACGGGCTCGCGCCAA-1,Insertion_Insertion,Insertion_MMEJ-Deletion,0.07109495,0.07040923,0.05887507,0.055459443,0.06768387,0.07226352,0.07091725,0.065534785,0.071050584,0.06277719,0.06917033,0.069608256,0.06922913,0.057802096,0.06812439
TGGTAGTTCTCAACGA-1,Insertion_NHEJ-Deletion,Insertion_MMEJ-Deletion,0.07109495,0.07040923,0.05887507,0.055459443,0.06768387,0.07226352,0.07091725,0.065534785,0.071050584,0.06277719,0.06917033,0.069608256,0.06922913,0.057802096,0.06812439
CCTGTTGCAGTAGTTC-1,HDR_WT,Insertion_MMEJ-Deletion,0.07109495,0.07040923,0.05887507,0.055459443,0.06768387,0.07226352,0.07091725,0.065534785,0.071050584,0.06277719,0.06917033,0.069608256,0.06922913,0.057802096,0.06812439
GGAGAACGTATGTGTC-1,NHEJ-Deletion_WT,Insertion_MMEJ-Deletion,0.07109495,0.07040923,0.05887507,0.055459443,0.06768387,0.07226352,0.07091725,0.065534785,0.071050584,0.06277719,0.06917033,0.069608256,0.06922913,0.057802096,0.06812439
ATCGTAGTCTTGGTCC-1,NHEJ-Deletion_NHEJ-Deletion,Insertion_MMEJ-Deletion,0.07109495,0.07040923,0.05887507,0.055459443,0.06768387,0.07226352,0.07091725,0.065534785,0.071050584,0.06277719,0.06917033,0.069608256,0.06922913,0.057802096,0.06812439
AGTCTCCAGTGATCGG-1,HDR_WT,Insertion_MMEJ-Deletion,0.07109495,0.07040923,0.05887507,0.055459443,0.06768387,0.07226352,0.07091725,0.065534785,0.071050584,0.06277719,0.06917033,0.069608256,0.06922913,0.057802096,0.06812439
TACAACGTCGGTGAAG-1,Insertion_WT,Insertion_MMEJ-Deletion,0.07109495,0.07040923,0.05887507,0.055459443,0.06768387,0.07226352,0.07091725,0.065534785,0.071050584,0.06277719,0.06917033,0.069608256,0.06922913,0.057802096,0.06812439
ACTTTCACAACAAGTA-4,NHEJ-Deletion_NHEJ-Deletion,Insertion_MMEJ-Deletion,0.07109495,0.07040923,0.05887507,0.055459443,0.06768387,0.07226352,0.07091725,0.065534785,0.071050584,0.06277719,0.06917033,0.069608256,0.06922913,0.057802096,0.06812439
TGTGATGAGCCTGACC-4,Insertion_WT,Insertion_MMEJ-Deletion,0.07109495,0.07040923,0.05887507,0.055459443,0.06768387,0.07226352,0.07091725,0.065534785,0.071050584,0.06277719,0.06917033,0.069608256,0.06922913,0.057802096,0.06812439
GGGCCATTCAAACGTC-1,Insertion_NHEJ-Deletion,Insertion_MMEJ-Deletion,0.07109495,0.07040923,0.05887507,0.055459443,0.06768387,0.07226352,0.07091725,0.065534785,0.071050584,0.06277719,0.06917033,0.069608256,0.06922913,0.057802096,0.06812439
GACGCTGTCGTACACA-1,HDR_NHEJ-Deletion,Insertion_MMEJ-Deletion,0.07109495,0.07040923,0.05887507,0.055459443,0.06768387,0.07226352,0.07091725,0.065534785,0.071050584,0.06277719,0.06917033,0.069608256,0.06922913,0.057802096,0.06812439
TTTGGTTAGGAATCGC-1,NHEJ-Deletion_NHEJ-Deletion,Insertion_MMEJ-Deletion,0.07109495,0.07040923,0.05887507,0.055459443,0.06768387,0.07226352,0.07091725,0.065534785,0.071050584,0.06277719,0.06917033,0.069608256,0.06922913,0.057802096,0.06812439
CTCCAACTCCATTCGC-1,Insertion_MMEJ-Deletion,Insertion_MMEJ-Deletion,0.07109495,0.07040923,0.05887507,0.055459443,0.06768387,0.07226352,0.07091725,0.065534785,0.071050584,0.06277719,0.06917033,0.069608256,0.06922913,0.057802096,0.06812439
ATTGGGTTCGGATTAC-1,HDR_Insertion,Insertion_MMEJ-Deletion,0.07109495,0.07040923,0.05887507,0.055459443,0.06768387,0.07226352,0.07091725,0.065534785,0.071050584,0.06277719,0.06917033,0.069608256,0.06922913,0.057802096,0.06812439
ACACCAAAGCGTTGTT-1,Insertion_NHEJ-Deletion,Insertion_MMEJ-Deletion,0.07109495,0.07040923,0.05887507,0.055459443,0.06768387,0.07226352,0.07091725,0.065534785,0.071050584,0.06277719,0.06917033,0.069608256,0.06922913,0.057802096,0.06812439
TGAGACTTCGACCTAA-4,Insertion_WT,Insertion_MMEJ-Deletion,0.07109495,0.07040923,0.05887507,0.055459443,0.06768387,0.07226352,0.07091725,0.065534785,0.071050584,0.06277719,0.06917033,0.069608256,0.06922913,0.057802096,0.06812439
TCTCACGTCCTTCTGG-1,MMEJ-Deletion_WT,Insertion_MMEJ-Deletion,0.07109495,0.07040923,0.05887507,0.055459443,0.06768387,0.07226352,0.07091725,0.065534785,0.071050584,0.06277719,0.06917033,0.069608256,0.06922913,0.057802096,0.06812439
GCCTGTTCAGTCGGAA-1,HDR_Insertion,Insertion_MMEJ-Deletion,0.07109495,0.07040923,0.05887507,0.055459443,0.06768387,0.07226352,0.07091725,0.065534785,0.071050584,0.06277719,0.06917033,0.069608256,0.06922913,0.057802096,0.06812439
GGTGTTAGTTAGCGGA-1,NHEJ-Deletion_WT,Insertion_MMEJ-Deletion,0.07109495,0.07040923,0.05887507,0.055459443,0.06768387,0.07226352,0.07091725,0.065534785,0.071050584,0.06277719,0.06917033,0.069608256,0.06922913,0.057802096,0.06812439
TAACACGGTACCGCGT-4,Insertion_NHEJ-Deletion,Insertion_MMEJ-Deletion,0.07109495,0.07040923,0.05887507,0.055459443,0.06768387,0.07226352,0.07091725,0.065534785,0.071050584,0.06277719,0.06917033,0.069608256,0.06922913,0.057802096,0.06812439
ATTACTCCACGGCCAT-1,Insertion_Insertion,Insertion_MMEJ-Deletion,0.07109495,0.07040923,0.05887507,0.055459443,0.06768387,0.07226352,0.07091725,0.065534785,0.071050584,0.06277719,0.06917033,0.069608256,0.06922913,0.057802096,0.06812439
GGGTTATAGCGTTCAT-4,NHEJ-Deletion_SV,Insertion_MMEJ-Deletion,0.07109495,0.07040923,0.05887507,0.055459443,0.06768387,0.07226352,0.07091725,0.065534785,0.071050584,0.06277719,0.06917033,0.069608256,0.06922913,0.057802096,0.06812439
TCCTCTTAGAATCGAT-1,Insertion_MMEJ-Deletion,Insertion_MMEJ-Deletion,0.07109495,0.07040923,0.05887507,0.055459443,0.06768387,0.07226352,0.07091725,0.065534785,0.071050584,0.06277719,0.06917033,0.069608256,0.06922913,0.057802096,0.06812439
AGATCGTTCAATGTCG-1,MMEJ-Deletion_WT,Insertion_MMEJ-Deletion,0.07109495,0.07040923,0.05887507,0.055459443,0.06768387,0.07226352,0.07091725,0.065534785,0.071050584,0.06277719,0.06917033,0.069608256,0.06922913,0.057802096,0.06812439
GACTATGAGCGAAACC-1,MMEJ-Deletion_WT,Insertion_MMEJ-Deletion,0.07109495,0.07040923,0.05887507,0.055459443,0.06768387,0.07226352,0.07091725,0.065534785,0.071050584,0.06277719,0.06917033,0.069608256,0.06922913,0.057802096,0.06812439
TATTTCGCACGGAAGT-4,Insertion_NHEJ-Deletion,Insertion_MMEJ-Deletion,0.07109495,0.07040923,0.05887507,0.055459443,0.06768387,0.07226352,0.07091725,0.065534785,0.071050584,0.06277719,0.06917033,0.069608256,0.06922913,0.057802096,0.06812439
TGCGACGCAGGCAATG-1,NHEJ-Deletion_WT,Insertion_MMEJ-Deletion,0.07109495,0.07040923,0.05887507,0.055459443,0.06768387,0.07226352,0.07091725,0.065534785,0.071050584,0.06277719,0.06917033,0.069608256,0.06922913,0.057802096,0.06812439
CTACCCACAGATCCAT-4,Insertion_WT,Insertion_MMEJ-Deletion,0.07109495,0.07040923,0.05887507,0.055459443,0.06768387,0.07226352,0.07091725,0.065534785,0.071050584,0.06277719,0.06917033,0.069608256,0.06922913,0.057802096,0.06812439
ATTCAGGAGACTAGAT-1,MMEJ-Deletion_NHEJ-Deletion,Insertion_MMEJ-Deletion,0.07109495,0.07040923,0.05887507,0.055459443,0.06768387,0.07226352,0.07091725,0.065534785,0.071050584,0.06277719,0.06917033,0.069608256,0.06922913,0.057802096,0.06812439
CACATGAAGTGATGGC-1,NHEJ-Deletion_NHEJ-Deletion,Insertion_MMEJ-Deletion,0.07109495,0.07040923,0.05887507,0.055459443,0.06768387,0.07226352,0.07091725,0.065534785,0.071050584,0.06277719,0.06917033,0.069608256,0.06922913,0.057802096,0.06812439
GTATTTCGTGCAGGAT-1,NHEJ-Deletion_NHEJ-Deletion,Insertion_MMEJ-Deletion,0.07109495,0.07040923,0.05887507,0.055459443,0.06768387,0.07226352,0.07091725,0.065534785,0.071050584,0.06277719,0.06917033,0.069608256,0.06922913,0.057802096,0.06812439
CTCTCGAGTTATGACC-1,HDR_Insertion,Insertion_MMEJ-Deletion,0.07109495,0.07040923,0.05887507,0.055459443,0.06768387,0.07226352,0.07091725,0.065534785,0.071050584,0.06277719,0.06917033,0.069608256,0.06922913,0.057802096,0.06812439
GGACGTCAGACTTCGT-1,NHEJ-Deletion_WT,Insertion_MMEJ-Deletion,0.07109495,0.07040923,0.05887507,0.055459443,0.06768387,0.07226352,0.07091725,0.065534785,0.071050584,0.06277719,0.06917033,0.069608256,0.06922913,0.057802096,0.06812439
CCAATTTAGCTGGAGT-1,Insertion_NHEJ-Deletion,Insertion_MMEJ-Deletion,0.07109495,0.07040923,0.05887507,0.055459443,0.06768387,0.07226352,0.07091725,0.065534785,0.071050584,0.06277719,0.06917033,0.069608256,0.06922913,0.057802096,0.06812439
CTCATCGAGACTGTTC-1,Insertion_NHEJ-Deletion,Insertion_MMEJ-Deletion,0.07109495,0.07040923,0.05887507,0.055459443,0.06768387,0.07226352,0.07091725,0.065534785,0.071050584,0.06277719,0.06917033,0.069608256,0.06922913,0.057802096,0.06812439
TACCCACGTGGACAGT-1,Insertion_NHEJ-Deletion,Insertion_MMEJ-Deletion,0.07109495,0.07040923,0.05887507,0.055459443,0.06768387,0.07226352,0.07091725,0.065534785,0.071050584,0.06277719,0.06917033,0.069608256,0.06922913,0.057802096,0.06812439
GAGGGTATCGTCGCTT-1,NHEJ-Deletion_SV,Insertion_MMEJ-Deletion,0.07109495,0.07040923,0.05887507,0.055459443,0.06768387,0.07226352,0.07091725,0.065534785,0.071050584,0.06277719,0.06917033,0.069608256,0.06922913,0.057802096,0.06812439
GCAACATGTCTCGACG-4,HDR_WT,Insertion_MMEJ-Deletion,0.07109495,0.07040923,0.05887507,0.055459443,0.06768387,0.07226352,0.07091725,0.065534785,0.071050584,0.06277719,0.06917033,0.069608256,0.06922913,0.057802096,0.06812439
ATCGGATTCCTCACCA-1,NHEJ-Deletion_NHEJ-Deletion,Insertion_MMEJ-Deletion,0.07109495,0.07040923,0.05887507,0.055459443,0.06768387,0.07226352,0.07091725,0.065534785,0.071050584,0.06277719,0.06917033,0.069608256,0.06922913,0.057802096,0.06812439
CCCTCAATCCGTTGAA-1,HDR_HDR,Insertion_MMEJ-Deletion,0.07109495,0.07040923,0.05887507,0.055459443,0.06768387,0.07226352,0.07091725,0.065534785,0.071050584,0.06277719,0.06917033,0.069608256,0.06922913,0.057802096,0.06812439
GAACGTTCATGGATCT-1,Insertion_NHEJ-Deletion,Insertion_MMEJ-Deletion,0.07109495,0.07040923,0.05887507,0.055459443,0.06768387,0.07226352,0.07091725,0.065534785,0.071050584,0.06277719,0.06917033,0.069608256,0.06922913,0.057802096,0.06812439
ATTCATCCATCTCGTC-1,Insertion_WT,Insertion_MMEJ-Deletion,0.07109495,0.07040923,0.05887507,0.055459443,0.06768387,0.07226352,0.07091725,0.065534785,0.071050584,0.06277719,0.06917033,0.069608256,0.06922913,0.057802096,0.06812439
GATAGAACAGGCTATT-1,Insertion_NHEJ-Deletion,Insertion_MMEJ-Deletion,0.07109495,0.07040923,0.05887507,0.055459443,0.06768387,0.07226352,0.07091725,0.065534785,0.071050584,0.06277719,0.06917033,0.069608256,0.06922913,0.057802096,0.06812439
AGTAGTCCATACAGAA-1,MMEJ-Deletion_WT,Insertion_MMEJ-Deletion,0.07109495,0.07040923,0.05887507,0.055459443,0.06768387,0.07226352,0.07091725,0.065534785,0.071050584,0.06277719,0.06917033,0.069608256,0.06922913,0.057802096,0.06812439
ATTCGTTCACTCCTGT-4,Insertion_WT,Insertion_MMEJ-Deletion,0.07109495,0.07040923,0.05887507,0.055459443,0.06768387,0.07226352,0.07091725,0.065534785,0.071050584,0.06277719,0.06917033,0.069608256,0.06922913,0.057802096,0.06812439
AATGGAAAGACCAACG-1,Insertion_NHEJ-Deletion,Insertion_MMEJ-Deletion,0.07109495,0.07040923,0.05887507,0.055459443,0.06768387,0.07226352,0.07091725,0.065534785,0.071050584,0.06277719,0.06917033,0.069608256,0.06922913,0.057802096,0.06812439
CAGGTATGTTGAATCC-1,NHEJ-Deletion_NHEJ-Deletion,Insertion_MMEJ-Deletion,0.07109495,0.07040923,0.05887507,0.055459443,0.06768387,0.07226352,0.07091725,0.065534785,0.071050584,0.06277719,0.06917033,0.069608256,0.06922913,0.057802096,0.06812439
CATGCCTGTTAGAGAT-1,HDR_NHEJ-Deletion,Insertion_MMEJ-Deletion,0.07109495,0.07040923,0.05887507,0.055459443,0.06768387,0.07226352,0.07091725,0.065534785,0.071050584,0.06277719,0.06917033,0.069608256,0.06922913,0.057802096,0.06812439
CTGTCGTCACGAGAAC-4,Insertion_Insertion,Insertion_MMEJ-Deletion,0.07109495,0.07040923,0.05887507,0.055459443,0.06768387,0.07226352,0.07091725,0.065534785,0.071050584,0.06277719,0.06917033,0.069608256,0.06922913,0.057802096,0.06812439
TCATGTTAGCGTATGG-1,Insertion_Insertion,Insertion_MMEJ-Deletion,0.07109495,0.07040923,0.05887507,0.055459443,0.06768387,0.07226352,0.07091725,0.065534785,0.071050584,0.06277719,0.06917033,0.069608256,0.06922913,0.057802096,0.06812439
CTACCCACAGTTACCA-4,Insertion_NHEJ-Deletion,Insertion_MMEJ-Deletion,0.07109495,0.07040923,0.05887507,0.055459443,0.06768387,0.07226352,0.07091725,0.065534785,0.071050584,0.06277719,0.06917033,0.069608256,0.06922913,0.057802096,0.06812439
GCTTCACGTGGATACG-1,HDR_NHEJ-Deletion,Insertion_MMEJ-Deletion,0.07109495,0.07040923,0.05887507,0.055459443,0.06768387,0.07226352,0.07091725,0.065534785,0.071050584,0.06277719,0.06917033,0.069608256,0.06922913,0.057802096,0.06812439
AAGCATCTCGGCTGGT-4,MMEJ-Deletion_NHEJ-Deletion,Insertion_MMEJ-Deletion,0.07109495,0.07040923,0.05887507,0.055459443,0.06768387,0.07226352,0.07091725,0.065534785,0.071050584,0.06277719,0.06917033,0.069608256,0.06922913,0.057802096,0.06812439
CGGTCAGAGTAAAGCT-1,HDR_HDR,Insertion_MMEJ-Deletion,0.07109495,0.07040923,0.05887507,0.055459443,0.06768387,0.07226352,0.07091725,0.065534785,0.071050584,0.06277719,0.06917033,0.069608256,0.06922913,0.057802096,0.06812439
GAAGCCCTCGCGTGAC-1,Insertion_NHEJ-Deletion,Insertion_MMEJ-Deletion,0.07109495,0.07040923,0.05887507,0.055459443,0.06768387,0.07226352,0.07091725,0.065534785,0.071050584,0.06277719,0.06917033,0.069608256,0.06922913,0.057802096,0.06812439
CCTAACCGTTCGGTTA-1,HDR_HDR,Insertion_MMEJ-Deletion,0.07109495,0.07040923,0.05887507,0.055459443,0.06768387,0.07226352,0.07091725,0.065534785,0.071050584,0.06277719,0.06917033,0.069608256,0.06922913,0.057802096,0.06812439
AAACGCTTCTACCTTA-4,NHEJ-Deletion_WT,Insertion_MMEJ-Deletion,0.07109495,0.07040923,0.05887507,0.055459443,0.06768387,0.07226352,0.07091725,0.065534785,0.071050584,0.06277719,0.06917033,0.069608256,0.06922913,0.057802096,0.06812439
TCAAGCATCCATTTGT-4,NHEJ-Deletion_NHEJ-Deletion,Insertion_MMEJ-Deletion,0.07109495,0.07040923,0.05887507,0.055459443,0.06768387,0.07226352,0.07091725,0.065534785,0.071050584,0.06277719,0.06917033,0.069608256,0.06922913,0.057802096,0.06812439
CATTCATCACAAGCAG-1,HDR_NHEJ-Deletion,Insertion_MMEJ-Deletion,0.07109495,0.07040923,0.05887507,0.055459443,0.06768387,0.07226352,0.07091725,0.065534785,0.071050584,0.06277719,0.06917033,0.069608256,0.06922913,0.057802096,0.06812439
ATCACGAGTAGCTCGC-1,HDR_HDR,Insertion_MMEJ-Deletion,0.07109495,0.07040923,0.05887507,0.055459443,0.06768387,0.07226352,0.07091725,0.065534785,0.071050584,0.06277719,0.06917033,0.069608256,0.06922913,0.057802096,0.06812439
AGATGAAAGGTAACTA-1,HDR_WT,Insertion_MMEJ-Deletion,0.07109495,0.07040923,0.05887507,0.055459443,0.06768387,0.07226352,0.07091725,0.065534785,0.071050584,0.06277719,0.06917033,0.069608256,0.06922913,0.057802096,0.06812439
GAGTGAGCAACGTTAC-1,Insertion_Insertion,Insertion_MMEJ-Deletion,0.07109495,0.07040923,0.05887507,0.055459443,0.06768387,0.07226352,0.07091725,0.065534785,0.071050584,0.06277719,0.06917033,0.069608256,0.06922913,0.057802096,0.06812439
CATCGTCCAGTACTAC-1,Insertion_NHEJ-Deletion,Insertion_MMEJ-Deletion,0.07109495,0.07040923,0.05887507,0.055459443,0.06768387,0.07226352,0.07091725,0.065534785,0.071050584,0.06277719,0.06917033,0.069608256,0.06922913,0.057802096,0.06812439
TCACTCGCACAAACGG-1,HDR_HDR,Insertion_MMEJ-Deletion,0.07109495,0.07040923,0.05887507,0.055459443,0.06768387,0.07226352,0.07091725,0.065534785,0.071050584,0.06277719,0.06917033,0.069608256,0.06922913,0.057802096,0.06812439
GATAGAAAGACGCAGT-1,NHEJ-Deletion_NHEJ-Deletion,Insertion_MMEJ-Deletion,0.07109495,0.07040923,0.05887507,0.055459443,0.06768387,0.07226352,0.07091725,0.065534785,0.071050584,0.06277719,0.06917033,0.069608256,0.06922913,0.057802096,0.06812439
GAGTTTGGTCTTCGAA-4,Insertion_NHEJ-Deletion,Insertion_MMEJ-Deletion,0.07109495,0.07040923,0.05887507,0.055459443,0.06768387,0.07226352,0.07091725,0.065534785,0.071050584,0.06277719,0.06917033,0.069608256,0.06922913,0.057802096,0.06812439
GTCAAGTGTATAGGAT-4,NHEJ-Deletion_NHEJ-Deletion,Insertion_MMEJ-Deletion,0.07109495,0.07040923,0.05887507,0.055459443,0.06768387,0.07226352,0.07091725,0.065534785,0.071050584,0.06277719,0.06917033,0.069608256,0.06922913,0.057802096,0.06812439
AGTACCATCAAGGACG-4,NHEJ-Deletion_NHEJ-Deletion,Insertion_MMEJ-Deletion,0.07109495,0.07040923,0.05887507,0.055459443,0.06768387,0.07226352,0.07091725,0.065534785,0.071050584,0.06277719,0.06917033,0.069608256,0.06922913,0.057802096,0.06812439
TCATTCATCCGTGACG-4,NHEJ-Deletion_NHEJ-Deletion,Insertion_MMEJ-Deletion,0.07109495,0.07040923,0.05887507,0.055459443,0.06768387,0.07226352,0.07091725,0.065534785,0.071050584,0.06277719,0.06917033,0.069608256,0.06922913,0.057802096,0.06812439
TTAGTCTCAGATTCGT-4,NHEJ-Deletion_WT,Insertion_MMEJ-Deletion,0.07109495,0.07040923,0.05887507,0.055459443,0.06768387,0.07226352,0.07091725,0.065534785,0.071050584,0.06277719,0.06917033,0.069608256,0.06922913,0.057802096,0.06812439
ATATCCTAGAGCCTGA-4,Insertion_WT,Insertion_MMEJ-Deletion,0.07109495,0.07040923,0.05887507,0.055459443,0.06768387,0.07226352,0.07091725,0.065534785,0.071050584,0.06277719,0.06917033,0.069608256,0.06922913,0.057802096,0.06812439
TGCAGATCATCCGAGC-1,Insertion_MMEJ-Deletion,Insertion_MMEJ-Deletion,0.07109495,0.07040923,0.05887507,0.055459443,0.06768387,0.07226352,0.07091725,0.065534785,0.071050584,0.06277719,0.06917033,0.069608256,0.06922913,0.057802096,0.06812439
GATGGAGTCCTGCTAC-1,Insertion_WT,Insertion_MMEJ-Deletion,0.07109495,0.07040923,0.05887507,0.055459443,0.06768387,0.07226352,0.07091725,0.065534785,0.071050584,0.06277719,0.06917033,0.069608256,0.06922913,0.057802096,0.06812439
CGGGACTAGGCATCTT-1,Insertion_NHEJ-Deletion,Insertion_MMEJ-Deletion,0.07109495,0.07040923,0.05887507,0.055459443,0.06768387,0.07226352,0.07091725,0.065534785,0.071050584,0.06277719,0.06917033,0.069608256,0.06922913,0.057802096,0.06812439
TTCCTCTAGGTGTGAC-1,NHEJ-Deletion_NHEJ-Deletion,Insertion_MMEJ-Deletion,0.07109495,0.07040923,0.05887507,0.055459443,0.06768387,0.07226352,0.07091725,0.065534785,0.071050584,0.06277719,0.06917033,0.069608256,0.06922913,0.057802096,0.06812439
AAGCGTTGTCGTGGTC-4,MMEJ-Deletion_WT,Insertion_MMEJ-Deletion,0.07109495,0.07040923,0.05887507,0.055459443,0.06768387,0.07226352,0.07091725,0.065534785,0.071050584,0.06277719,0.06917033,0.069608256,0.06922913,0.057802096,0.06812439
AGAGAATAGTAAAGCT-1,Insertion_Insertion,Insertion_MMEJ-Deletion,0.07109495,0.07040923,0.05887507,0.055459443,0.06768387,0.07226352,0.07091725,0.065534785,0.071050584,0.06277719,0.06917033,0.069608256,0.06922913,0.057802096,0.06812439
ATTCGTTTCGAGCTGC-4,Insertion_Insertion,Insertion_MMEJ-Deletion,0.07109495,0.07040923,0.05887507,0.055459443,0.06768387,0.07226352,0.07091725,0.065534785,0.071050584,0.06277719,0.06917033,0.069608256,0.06922913,0.057802096,0.06812439
TAGACCAGTGAGATTA-1,Insertion_Insertion,Insertion_MMEJ-Deletion,0.07109495,0.07040923,0.05887507,0.055459443,0.06768387,0.07226352,0.07091725,0.065534785,0.071050584,0.06277719,0.06917033,0.069608256,0.06922913,0.057802096,0.06812439
CCTAACCCAGGTAGTG-1,NHEJ-Deletion_NHEJ-Deletion,Insertion_MMEJ-Deletion,0.07109495,0.07040923,0.05887507,0.055459443,0.06768387,0.07226352,0.07091725,0.065534785,0.071050584,0.06277719,0.06917033,0.069608256,0.06922913,0.057802096,0.06812439
AAACGCTCAGCATGCC-1,Insertion_WT,Insertion_MMEJ-Deletion,0.07109495,0.07040923,0.05887507,0.055459443,0.06768387,0.07226352,0.07091725,0.065534785,0.071050584,0.06277719,0.06917033,0.069608256,0.06922913,0.057802096,0.06812439
GCGAGAAAGTGCCAGA-4,MMEJ-Deletion_NHEJ-Deletion,Insertion_MMEJ-Deletion,0.07109495,0.07040923,0.05887507,0.055459443,0.06768387,0.07226352,0.07091725,0.065534785,0.071050584,0.06277719,0.06917033,0.069608256,0.06922913,0.057802096,0.06812439
CACAGATCAGTTTCAG-1,Insertion_NHEJ-Deletion,Insertion_MMEJ-Deletion,0.07109495,0.07040923,0.05887507,0.055459443,0.06768387,0.07226352,0.07091725,0.065534785,0.071050584,0.06277719,0.06917033,0.069608256,0.06922913,0.057802096,0.06812439
ATCTCTAGTACAGTTC-1,Insertion_WT,Insertion_MMEJ-Deletion,0.07109495,0.07040923,0.05887507,0.055459443,0.06768387,0.07226352,0.07091725,0.065534785,0.071050584,0.06277719,0.06917033,0.069608256,0.06922913,0.057802096,0.06812439
ACCGTTCCATGACGGA-1,HDR_NHEJ-Deletion,Insertion_MMEJ-Deletion,0.07109495,0.07040923,0.05887507,0.055459443,0.06768387,0.07226352,0.07091725,0.065534785,0.071050584,0.06277719,0.06917033,0.069608256,0.06922913,0.057802096,0.06812439
TGGGATTGTGGCCTCA-1,HDR_Insertion,Insertion_MMEJ-Deletion,0.07109495,0.07040923,0.05887507,0.055459443,0.06768387,0.07226352,0.07091725,0.065534785,0.071050584,0.06277719,0.06917033,0.069608256,0.06922913,0.057802096,0.06812439
GTGTGATGTTAAGGGC-1,Insertion_Insertion,Insertion_MMEJ-Deletion,0.07109495,0.07040923,0.05887507,0.055459443,0.06768387,0.07226352,0.07091725,0.065534785,0.071050584,0.06277719,0.06917033,0.069608256,0.06922913,0.057802096,0.06812439
TGTGTGAAGGGCCCTT-4,NHEJ-Deletion_NHEJ-Deletion,Insertion_MMEJ-Deletion,0.07109495,0.07040923,0.05887507,0.055459443,0.06768387,0.07226352,0.07091725,0.065534785,0.071050584,0.06277719,0.06917033,0.069608256,0.06922913,0.057802096,0.06812439
GTGAGGAGTACCTAGT-1,NHEJ-Deletion_NHEJ-Deletion,Insertion_MMEJ-Deletion,0.07109495,0.07040923,0.05887507,0.055459443,0.06768387,0.07226352,0.07091725,0.065534785,0.071050584,0.06277719,0.06917033,0.069608256,0.06922913,0.057802096,0.06812439
ATCGTAGCACGGGCTT-1,Insertion_WT,Insertion_MMEJ-Deletion,0.07109495,0.07040923,0.05887507,0.055459443,0.06768387,0.07226352,0.07091725,0.065534785,0.071050584,0.06277719,0.06917033,0.069608256,0.06922913,0.057802096,0.06812439
GTAATCGAGAGCGACT-1,Insertion_NHEJ-Deletion,Insertion_MMEJ-Deletion,0.07109495,0.07040923,0.05887507,0.055459443,0.06768387,0.07226352,0.07091725,0.065534785,0.071050584,0.06277719,0.06917033,0.069608256,0.06922913,0.057802096,0.06812439
GGAATCTCAGTAGGAC-1,HDR_HDR,Insertion_MMEJ-Deletion,0.07109495,0.07040923,0.05887507,0.055459443,0.06768387,0.07226352,0.07091725,0.065534785,0.071050584,0.06277719,0.06917033,0.069608256,0.06922913,0.057802096,0.06812439
TCCCACAGTAGCGCTC-1,MMEJ-Deletion_NHEJ-Deletion,Insertion_MMEJ-Deletion,0.07109495,0.07040923,0.05887507,0.055459443,0.06768387,0.07226352,0.07091725,0.065534785,0.071050584,0.06277719,0.06917033,0.069608256,0.06922913,0.057802096,0.06812439
ATTCCATTCACCCATC-1,MMEJ-Deletion_WT,Insertion_MMEJ-Deletion,0.07109495,0.07040923,0.05887507,0.055459443,0.06768387,0.07226352,0.07091725,0.065534785,0.071050584,0.06277719,0.06917033,0.069608256,0.06922913,0.057802096,0.06812439
TCCCATGTCGGAGTAG-4,Insertion_Insertion,Insertion_MMEJ-Deletion,0.07109495,0.07040923,0.05887507,0.055459443,0.06768387,0.07226352,0.07091725,0.065534785,0.071050584,0.06277719,0.06917033,0.069608256,0.06922913,0.057802096,0.06812439
CTACAGATCCAGCAAT-4,Insertion_WT,Insertion_MMEJ-Deletion,0.07109495,0.07040923,0.05887507,0.055459443,0.06768387,0.07226352,0.07091725,0.065534785,0.071050584,0.06277719,0.06917033,0.069608256,0.06922913,0.057802096,0.06812439
TTGTGTTAGCCGTAAG-4,Insertion_Insertion,Insertion_MMEJ-Deletion,0.07109495,0.07040923,0.05887507,0.055459443,0.06768387,0.07226352,0.07091725,0.065534785,0.071050584,0.06277719,0.06917033,0.069608256,0.06922913,0.057802096,0.06812439
CGGACACTCGCTGTCT-4,Insertion_NHEJ-Deletion,Insertion_MMEJ-Deletion,0.07109495,0.07040923,0.05887507,0.055459443,0.06768387,0.07226352,0.07091725,0.065534785,0.071050584,0.06277719,0.06917033,0.069608256,0.06922913,0.057802096,0.06812439
GTCTTTAGTACTAACC-4,Insertion_WT,Insertion_MMEJ-Deletion,0.07109495,0.07040923,0.05887507,0.055459443,0.06768387,0.07226352,0.07091725,0.065534785,0.071050584,0.06277719,0.06917033,0.069608256,0.06922913,0.057802096,0.06812439
GGGCTACCATACTTTC-1,MMEJ-Deletion_NHEJ-Deletion,Insertion_MMEJ-Deletion,0.07109495,0.07040923,0.05887507,0.055459443,0.06768387,0.07226352,0.07091725,0.065534785,0.071050584,0.06277719,0.06917033,0.069608256,0.06922913,0.057802096,0.06812439
AGTACTGGTGGATGAC-1,Insertion_MMEJ-Deletion,Insertion_MMEJ-Deletion,0.07109495,0.07040923,0.05887507,0.055459443,0.06768387,0.07226352,0.07091725,0.065534785,0.071050584,0.06277719,0.06917033,0.069608256,0.06922913,0.057802096,0.06812439
GGATCTACATACGCAT-1,Insertion_WT,Insertion_MMEJ-Deletion,0.07109495,0.07040923,0.05887507,0.055459443,0.06768387,0.07226352,0.07091725,0.065534785,0.071050584,0.06277719,0.06917033,0.069608256,0.06922913,0.057802096,0.06812439
GCGATCGAGTGCAAAT-1,Insertion_Insertion,Insertion_MMEJ-Deletion,0.07109495,0.07040923,0.05887507,0.055459443,0.06768387,0.07226352,0.07091725,0.065534785,0.071050584,0.06277719,0.06917033,0.069608256,0.06922913,0.057802096,0.06812439
CATCGCTAGGAAAGTG-4,Insertion_WT,Insertion_MMEJ-Deletion,0.07109495,0.07040923,0.05887507,0.055459443,0.06768387,0.07226352,0.07091725,0.065534785,0.071050584,0.06277719,0.06917033,0.069608256,0.06922913,0.057802096,0.06812439
ACACAGTGTCCTGAAT-1,MMEJ-Deletion_WT,Insertion_MMEJ-Deletion,0.07109495,0.07040923,0.05887507,0.055459443,0.06768387,0.07226352,0.07091725,0.065534785,0.071050584,0.06277719,0.06917033,0.069608256,0.06922913,0.057802096,0.06812439
TGATTCTCAATGTTGC-1,Insertion_Insertion,Insertion_MMEJ-Deletion,0.07109495,0.07040923,0.05887507,0.055459443,0.06768387,0.07226352,0.07091725,0.065534785,0.071050584,0.06277719,0.06917033,0.069608256,0.06922913,0.057802096,0.06812439
GTCATGAGTTTAAGGA-1,Insertion_Insertion,Insertion_MMEJ-Deletion,0.07109495,0.07040923,0.05887507,0.055459443,0.06768387,0.07226352,0.07091725,0.065534785,0.071050584,0.06277719,0.06917033,0.069608256,0.06922913,0.057802096,0.06812439
TCATTCACAAACCATC-1,Insertion_Insertion,Insertion_MMEJ-Deletion,0.07109495,0.07040923,0.05887507,0.055459443,0.06768387,0.07226352,0.07091725,0.065534785,0.071050584,0.06277719,0.06917033,0.069608256,0.06922913,0.057802096,0.06812439
GTCATGAGTCGCATTA-1,Insertion_Insertion,Insertion_MMEJ-Deletion,0.07109495,0.07040923,0.05887507,0.055459443,0.06768387,0.07226352,0.07091725,0.065534785,0.071050584,0.06277719,0.06917033,0.069608256,0.06922913,0.057802096,0.06812439
TCGCTCAAGGAAGTGA-1,Insertion_NHEJ-Deletion,Insertion_MMEJ-Deletion,0.07109495,0.07040923,0.05887507,0.055459443,0.06768387,0.07226352,0.07091725,0.065534785,0.071050584,0.06277719,0.06917033,0.069608256,0.06922913,0.057802096,0.06812439
CTCCTCCTCTTAGTTC-1,Insertion_NHEJ-Deletion,Insertion_MMEJ-Deletion,0.07109495,0.07040923,0.05887507,0.055459443,0.06768387,0.07226352,0.07091725,0.065534785,0.071050584,0.06277719,0.06917033,0.069608256,0.06922913,0.057802096,0.06812439
TGGGATTTCAGCAGAG-1,HDR_HDR,Insertion_MMEJ-Deletion,0.07109495,0.07040923,0.05887507,0.055459443,0.06768387,0.07226352,0.07091725,0.065534785,0.071050584,0.06277719,0.06917033,0.069608256,0.06922913,0.057802096,0.06812439
CCTTGTGGTCACATTG-1,MMEJ-Deletion_WT,Insertion_MMEJ-Deletion,0.07109495,0.07040923,0.05887507,0.055459443,0.06768387,0.07226352,0.07091725,0.065534785,0.071050584,0.06277719,0.06917033,0.069608256,0.06922913,0.057802096,0.06812439
CTTCTAATCGACCTAA-4,Insertion_WT,Insertion_MMEJ-Deletion,0.07109495,0.07040923,0.05887507,0.055459443,0.06768387,0.07226352,0.07091725,0.065534785,0.071050584,0.06277719,0.06917033,0.069608256,0.06922913,0.057802096,0.06812439
AGGGCTCAGCCGATTT-1,Insertion_WT,Insertion_MMEJ-Deletion,0.07109495,0.07040923,0.05887507,0.055459443,0.06768387,0.07226352,0.07091725,0.065534785,0.071050584,0.06277719,0.06917033,0.069608256,0.06922913,0.057802096,0.06812439
TCCTTTCGTTCGGACC-1,Insertion_Insertion,Insertion_MMEJ-Deletion,0.07109495,0.07040923,0.05887507,0.055459443,0.06768387,0.07226352,0.07091725,0.065534785,0.071050584,0.06277719,0.06917033,0.069608256,0.06922913,0.057802096,0.06812439
ATTTCTGAGGACAAGA-1,Insertion_Insertion,Insertion_MMEJ-Deletion,0.07109495,0.07040923,0.05887507,0.055459443,0.06768387,0.07226352,0.07091725,0.065534785,0.071050584,0.06277719,0.06917033,0.069608256,0.06922913,0.057802096,0.06812439
ACTTATCTCGGAATGG-1,Insertion_WT,Insertion_MMEJ-Deletion,0.07109495,0.07040923,0.05887507,0.055459443,0.06768387,0.07226352,0.07091725,0.065534785,0.071050584,0.06277719,0.06917033,0.069608256,0.06922913,0.057802096,0.06812439
TTCTTGAGTAGATTGA-1,NHEJ-Deletion_SV,Insertion_MMEJ-Deletion,0.07109495,0.07040923,0.05887507,0.055459443,0.06768387,0.07226352,0.07091725,0.065534785,0.071050584,0.06277719,0.06917033,0.069608256,0.06922913,0.057802096,0.06812439
CAACAGTTCTAGGAAA-1,HDR_HDR,Insertion_MMEJ-Deletion,0.07109495,0.07040923,0.05887507,0.055459443,0.06768387,0.07226352,0.07091725,0.065534785,0.071050584,0.06277719,0.06917033,0.069608256,0.06922913,0.057802096,0.06812439
GATTCGAAGGGTGGGA-4,HDR_Insertion,Insertion_MMEJ-Deletion,0.07109495,0.07040923,0.05887507,0.055459443,0.06768387,0.07226352,0.07091725,0.065534785,0.071050584,0.06277719,0.06917033,0.069608256,0.06922913,0.057802096,0.06812439
GGAATGGTCTAAGCCA-4,NHEJ-Deletion_NHEJ-Deletion,Insertion_MMEJ-Deletion,0.07109495,0.07040923,0.05887507,0.055459443,0.06768387,0.07226352,0.07091725,0.065534785,0.071050584,0.06277719,0.06917033,0.069608256,0.06922913,0.057802096,0.06812439
CCCATTGAGTGCAGCA-4,Insertion_Insertion,Insertion_MMEJ-Deletion,0.07109495,0.07040923,0.05887507,0.055459443,0.06768387,0.07226352,0.07091725,0.065534785,0.071050584,0.06277719,0.06917033,0.069608256,0.06922913,0.057802096,0.06812439
CTCCTCCGTGACCTGC-1,MMEJ-Deletion_WT,Insertion_MMEJ-Deletion,0.07109495,0.07040923,0.05887507,0.055459443,0.06768387,0.07226352,0.07091725,0.065534785,0.071050584,0.06277719,0.06917033,0.069608256,0.06922913,0.057802096,0.06812439
ATGCATGCATTGAGGG-1,Insertion_Insertion,Insertion_MMEJ-Deletion,0.07109495,0.07040923,0.05887507,0.055459443,0.06768387,0.07226352,0.07091725,0.065534785,0.071050584,0.06277719,0.06917033,0.069608256,0.06922913,0.057802096,0.06812439
TTTCCTCGTAGACGTG-1,NHEJ-Deletion_NHEJ-Deletion,Insertion_MMEJ-Deletion,0.07109495,0.07040923,0.05887507,0.055459443,0.06768387,0.07226352,0.07091725,0.065534785,0.071050584,0.06277719,0.06917033,0.069608256,0.06922913,0.057802096,0.06812439
ACACGCGGTGAGCCAA-1,NHEJ-Deletion_WT,Insertion_MMEJ-Deletion,0.07109495,0.07040923,0.05887507,0.055459443,0.06768387,0.07226352,0.07091725,0.065534785,0.071050584,0.06277719,0.06917033,0.069608256,0.06922913,0.057802096,0.06812439
AGTTCGAAGACGCAGT-4,Insertion_NHEJ-Deletion,Insertion_MMEJ-Deletion,0.07109495,0.07040923,0.05887507,0.055459443,0.06768387,0.07226352,0.07091725,0.065534785,0.071050584,0.06277719,0.06917033,0.069608256,0.06922913,0.057802096,0.06812439
CCGTAGGTCTGAGCAT-1,Insertion_NHEJ-Deletion,Insertion_MMEJ-Deletion,0.07109495,0.07040923,0.05887507,0.055459443,0.06768387,0.07226352,0.07091725,0.065534785,0.071050584,0.06277719,0.06917033,0.069608256,0.06922913,0.057802096,0.06812439
TCTATACAGAACTTCC-4,HDR_Insertion,Insertion_MMEJ-Deletion,0.07109495,0.07040923,0.05887507,0.055459443,0.06768387,0.07226352,0.07091725,0.065534785,0.071050584,0.06277719,0.06917033,0.069608256,0.06922913,0.057802096,0.06812439
GATTGGTAGTTACTCG-1,HDR_WT,Insertion_MMEJ-Deletion,0.07109495,0.07040923,0.05887507,0.055459443,0.06768387,0.07226352,0.07091725,0.065534785,0.071050584,0.06277719,0.06917033,0.069608256,0.06922913,0.057802096,0.06812439
GAGATGGTCACTGCTC-1,Insertion_Insertion,Insertion_MMEJ-Deletion,0.07109495,0.07040923,0.05887507,0.055459443,0.06768387,0.07226352,0.07091725,0.065534785,0.071050584,0.06277719,0.06917033,0.069608256,0.06922913,0.057802096,0.06812439
GTTCCGTAGTGCAGGT-1,HDR_HDR,Insertion_MMEJ-Deletion,0.07109495,0.07040923,0.05887507,0.055459443,0.06768387,0.07226352,0.07091725,0.065534785,0.071050584,0.06277719,0.06917033,0.069608256,0.06922913,0.057802096,0.06812439
CTTCCTTCAAGTCGTT-1,Insertion_MMEJ-Deletion,Insertion_MMEJ-Deletion,0.07109495,0.07040923,0.05887507,0.055459443,0.06768387,0.07226352,0.07091725,0.065534785,0.071050584,0.06277719,0.06917033,0.069608256,0.06922913,0.057802096,0.06812439
ACTTTGTCAGCAGTAG-1,NHEJ-Deletion_WT,Insertion_MMEJ-Deletion,0.07109495,0.07040923,0.05887507,0.055459443,0.06768387,0.07226352,0.07091725,0.065534785,0.071050584,0.06277719,0.06917033,0.069608256,0.06922913,0.057802096,0.06812439
CCCGAAGTCGTCCATC-1,Insertion_Insertion,Insertion_MMEJ-Deletion,0.07109495,0.07040923,0.05887507,0.055459443,0.06768387,0.07226352,0.07091725,0.065534785,0.071050584,0.06277719,0.06917033,0.069608256,0.06922913,0.057802096,0.06812439
TAGGTTGAGAACTGAT-1,Insertion_SV,Insertion_MMEJ-Deletion,0.07109495,0.07040923,0.05887507,0.055459443,0.06768387,0.07226352,0.07091725,0.065534785,0.071050584,0.06277719,0.06917033,0.069608256,0.06922913,0.057802096,0.06812439
GAGTGTTTCCTACCGT-4,Insertion_WT,Insertion_MMEJ-Deletion,0.07109495,0.07040923,0.05887507,0.055459443,0.06768387,0.07226352,0.07091725,0.065534785,0.071050584,0.06277719,0.06917033,0.069608256,0.06922913,0.057802096,0.06812439
GTAACCATCGTAGCTA-1,Insertion_Insertion,Insertion_MMEJ-Deletion,0.07109495,0.07040923,0.05887507,0.055459443,0.06768387,0.07226352,0.07091725,0.065534785,0.071050584,0.06277719,0.06917033,0.069608256,0.06922913,0.057802096,0.06812439
GTGTCCTCAGGTTCCG-1,Insertion_Insertion,Insertion_MMEJ-Deletion,0.07109495,0.07040923,0.05887507,0.055459443,0.06768387,0.07226352,0.07091725,0.065534785,0.071050584,0.06277719,0.06917033,0.069608256,0.06922913,0.057802096,0.06812439
AGTAGCTGTATGTCAC-1,Insertion_Insertion,Insertion_MMEJ-Deletion,0.07109495,0.07040923,0.05887507,0.055459443,0.06768387,0.07226352,0.07091725,0.065534785,0.071050584,0.06277719,0.06917033,0.069608256,0.06922913,0.057802096,0.06812439
AACACACGTCGTGCCA-4,Insertion_NHEJ-Deletion,Insertion_MMEJ-Deletion,0.07109495,0.07040923,0.05887507,0.055459443,0.06768387,0.07226352,0.07091725,0.065534785,0.071050584,0.06277719,0.06917033,0.069608256,0.06922913,0.057802096,0.06812439
CCTCAGTGTCGCACAC-1,Insertion_NHEJ-Deletion,Insertion_MMEJ-Deletion,0.07109495,0.07040923,0.05887507,0.055459443,0.06768387,0.07226352,0.07091725,0.065534785,0.071050584,0.06277719,0.06917033,0.069608256,0.06922913,0.057802096,0.06812439
TGTTCTACAGTGTATC-1,Insertion_Insertion,Insertion_MMEJ-Deletion,0.07109495,0.07040923,0.05887507,0.055459443,0.06768387,0.07226352,0.07091725,0.065534785,0.071050584,0.06277719,0.06917033,0.069608256,0.06922913,0.057802096,0.06812439
ATCGGATCAGACTCTA-1,Insertion_Insertion,Insertion_MMEJ-Deletion,0.07109495,0.07040923,0.05887507,0.055459443,0.06768387,0.07226352,0.07091725,0.065534785,0.071050584,0.06277719,0.06917033,0.069608256,0.06922913,0.057802096,0.06812439
GAGCTGCTCCAACTGA-1,NHEJ-Deletion_WT,Insertion_MMEJ-Deletion,0.07109495,0.07040923,0.05887507,0.055459443,0.06768387,0.07226352,0.07091725,0.065534785,0.071050584,0.06277719,0.06917033,0.069608256,0.06922913,0.057802096,0.06812439
ACTATGGGTAGTTCCA-4,Insertion_NHEJ-Deletion,Insertion_MMEJ-Deletion,0.07109495,0.07040923,0.05887507,0.055459443,0.06768387,0.07226352,0.07091725,0.065534785,0.071050584,0.06277719,0.06917033,0.069608256,0.06922913,0.057802096,0.06812439
GCATCTCGTCCGGATC-1,NHEJ-Deletion_NHEJ-Deletion,Insertion_MMEJ-Deletion,0.07109495,0.07040923,0.05887507,0.055459443,0.06768387,0.07226352,0.07091725,0.065534785,0.071050584,0.06277719,0.06917033,0.069608256,0.06922913,0.057802096,0.06812439
GCGGATCAGCAACTCT-4,HDR_WT,Insertion_MMEJ-Deletion,0.07109495,0.07040923,0.05887507,0.055459443,0.06768387,0.07226352,0.07091725,0.065534785,0.071050584,0.06277719,0.06917033,0.069608256,0.06922913,0.057802096,0.06812439
ACTGATGGTAAGCGGT-4,NHEJ-Deletion_WT,Insertion_MMEJ-Deletion,0.07109495,0.07040923,0.05887507,0.055459443,0.06768387,0.07226352,0.07091725,0.065534785,0.071050584,0.06277719,0.06917033,0.069608256,0.06922913,0.057802096,0.06812439
ACTTTCAAGCGATCGA-4,HDR_WT,Insertion_MMEJ-Deletion,0.07109495,0.07040923,0.05887507,0.055459443,0.06768387,0.07226352,0.07091725,0.065534785,0.071050584,0.06277719,0.06917033,0.069608256,0.06922913,0.057802096,0.06812439
ATTCCATAGTCTACCA-1,NHEJ-Deletion_WT,Insertion_MMEJ-Deletion,0.07109495,0.07040923,0.05887507,0.055459443,0.06768387,0.07226352,0.07091725,0.065534785,0.071050584,0.06277719,0.06917033,0.069608256,0.06922913,0.057802096,0.06812439
GTGATGTGTATGTGTC-1,Insertion_Insertion,Insertion_MMEJ-Deletion,0.07109495,0.07040923,0.05887507,0.055459443,0.06768387,0.07226352,0.07091725,0.065534785,0.071050584,0.06277719,0.06917033,0.069608256,0.06922913,0.057802096,0.06812439
TAGGTTGAGTCTAGCT-1,Insertion_WT,Insertion_MMEJ-Deletion,0.07109495,0.07040923,0.05887507,0.055459443,0.06768387,0.07226352,0.07091725,0.065534785,0.071050584,0.06277719,0.06917033,0.069608256,0.06922913,0.057802096,0.06812439
ATTCGTTGTCGTGATT-1,Insertion_SV,Insertion_MMEJ-Deletion,0.07109495,0.07040923,0.05887507,0.055459443,0.06768387,0.07226352,0.07091725,0.065534785,0.071050584,0.06277719,0.06917033,0.069608256,0.06922913,0.057802096,0.06812439
GCACATAGTGAGCAGT-1,Insertion_SV,Insertion_MMEJ-Deletion,0.07109495,0.07040923,0.05887507,0.055459443,0.06768387,0.07226352,0.07091725,0.065534785,0.071050584,0.06277719,0.06917033,0.069608256,0.06922913,0.057802096,0.06812439
AATCGACCAAATGCGG-1,Insertion_WT,Insertion_MMEJ-Deletion,0.07109495,0.07040923,0.05887507,0.055459443,0.06768387,0.07226352,0.07091725,0.065534785,0.071050584,0.06277719,0.06917033,0.069608256,0.06922913,0.057802096,0.06812439
CTGCATCTCGGACTTA-1,Insertion_NHEJ-Deletion,Insertion_MMEJ-Deletion,0.07109495,0.07040923,0.05887507,0.055459443,0.06768387,0.07226352,0.07091725,0.065534785,0.071050584,0.06277719,0.06917033,0.069608256,0.06922913,0.057802096,0.06812439
GAGATGGAGACAAGCC-4,Insertion_Insertion,Insertion_MMEJ-Deletion,0.07109495,0.07040923,0.05887507,0.055459443,0.06768387,0.07226352,0.07091725,0.065534785,0.071050584,0.06277719,0.06917033,0.069608256,0.06922913,0.057802096,0.06812439
GACGCTGAGAATCTAG-1,Insertion_WT,Insertion_MMEJ-Deletion,0.07109495,0.07040923,0.05887507,0.055459443,0.06768387,0.07226352,0.07091725,0.065534785,0.071050584,0.06277719,0.06917033,0.069608256,0.06922913,0.057802096,0.06812439
ATCGATGCACGGCCAT-1,NHEJ-Deletion_NHEJ-Deletion,Insertion_MMEJ-Deletion,0.07109495,0.07040923,0.05887507,0.055459443,0.06768387,0.07226352,0.07091725,0.065534785,0.071050584,0.06277719,0.06917033,0.069608256,0.06922913,0.057802096,0.06812439
ATGATCGCATGACAGG-1,Insertion_NHEJ-Deletion,Insertion_MMEJ-Deletion,0.07109495,0.07040923,0.05887507,0.055459443,0.06768387,0.07226352,0.07091725,0.065534785,0.071050584,0.06277719,0.06917033,0.069608256,0.06922913,0.057802096,0.06812439
GCCATTCGTCTTTCTA-1,NHEJ-Deletion_WT,Insertion_MMEJ-Deletion,0.07109495,0.07040923,0.05887507,0.055459443,0.06768387,0.07226352,0.07091725,0.065534785,0.071050584,0.06277719,0.06917033,0.069608256,0.06922913,0.057802096,0.06812439
GAATCGTAGCTCGCAC-1,Insertion_Insertion,Insertion_MMEJ-Deletion,0.07109495,0.07040923,0.05887507,0.055459443,0.06768387,0.07226352,0.07091725,0.065534785,0.071050584,0.06277719,0.06917033,0.069608256,0.06922913,0.057802096,0.06812439
GTTCCGTTCACGAACT-4,NHEJ-Deletion_NHEJ-Deletion,Insertion_MMEJ-Deletion,0.07109495,0.07040923,0.05887507,0.055459443,0.06768387,0.07226352,0.07091725,0.065534785,0.071050584,0.06277719,0.06917033,0.069608256,0.06922913,0.057802096,0.06812439
CCGGTAGAGATTCGAA-1,Insertion_WT,Insertion_MMEJ-Deletion,0.07109495,0.07040923,0.05887507,0.055459443,0.06768387,0.07226352,0.07091725,0.065534785,0.071050584,0.06277719,0.06917033,0.069608256,0.06922913,0.057802096,0.06812439
TCTAACTAGTGTTGTC-1,HDR_HDR,Insertion_MMEJ-Deletion,0.07109495,0.07040923,0.05887507,0.055459443,0.06768387,0.07226352,0.07091725,0.065534785,0.071050584,0.06277719,0.06917033,0.069608256,0.06922913,0.057802096,0.06812439
TAAGCGTTCCGGACTG-4,Insertion_Insertion,Insertion_MMEJ-Deletion,0.07109495,0.07040923,0.05887507,0.055459443,0.06768387,0.07226352,0.07091725,0.065534785,0.071050584,0.06277719,0.06917033,0.069608256,0.06922913,0.057802096,0.06812439
ATCGTCCTCGAGAGCA-1,Insertion_WT,Insertion_MMEJ-Deletion,0.07109495,0.07040923,0.05887507,0.055459443,0.06768387,0.07226352,0.07091725,0.065534785,0.071050584,0.06277719,0.06917033,0.069608256,0.06922913,0.057802096,0.06812439
ATACCGATCGCAGTCG-1,Insertion_SV,Insertion_MMEJ-Deletion,0.07109495,0.07040923,0.05887507,0.055459443,0.06768387,0.07226352,0.07091725,0.065534785,0.071050584,0.06277719,0.06917033,0.069608256,0.06922913,0.057802096,0.06812439
GAAGGGTTCCGGACGT-4,Insertion_Insertion,Insertion_MMEJ-Deletion,0.07109495,0.07040923,0.05887507,0.055459443,0.06768387,0.07226352,0.07091725,0.065534785,0.071050584,0.06277719,0.06917033,0.069608256,0.06922913,0.057802096,0.06812439
TTAGGGTGTACTCGCG-4,HDR_HDR,Insertion_MMEJ-Deletion,0.07109495,0.07040923,0.05887507,0.055459443,0.06768387,0.07226352,0.07091725,0.065534785,0.071050584,0.06277719,0.06917033,0.069608256,0.06922913,0.057802096,0.06812439
CGAGGAAAGTTCGGTT-4,NHEJ-Deletion_WT,Insertion_MMEJ-Deletion,0.07109495,0.07040923,0.05887507,0.055459443,0.06768387,0.07226352,0.07091725,0.065534785,0.071050584,0.06277719,0.06917033,0.069608256,0.06922913,0.057802096,0.06812439
GATCAGTGTTCCGCAG-1,Insertion_NHEJ-Deletion,Insertion_MMEJ-Deletion,0.07109495,0.07040923,0.05887507,0.055459443,0.06768387,0.07226352,0.07091725,0.065534785,0.071050584,0.06277719,0.06917033,0.069608256,0.06922913,0.057802096,0.06812439
CACGTTCTCCTCACGT-1,Insertion_NHEJ-Deletion,Insertion_MMEJ-Deletion,0.07109495,0.07040923,0.05887507,0.055459443,0.06768387,0.07226352,0.07091725,0.065534785,0.071050584,0.06277719,0.06917033,0.069608256,0.06922913,0.057802096,0.06812439
ACTATTCGTCGGCTAC-1,NHEJ-Deletion_SV,Insertion_MMEJ-Deletion,0.07109495,0.07040923,0.05887507,0.055459443,0.06768387,0.07226352,0.07091725,0.065534785,0.071050584,0.06277719,0.06917033,0.069608256,0.06922913,0.057802096,0.06812439
CCGATCTTCTAACGCA-4,Insertion_Insertion,Insertion_MMEJ-Deletion,0.07109495,0.07040923,0.05887507,0.055459443,0.06768387,0.07226352,0.07091725,0.065534785,0.071050584,0.06277719,0.06917033,0.069608256,0.06922913,0.057802096,0.06812439
AGAGAGCTCTATCCAT-1,NHEJ-Deletion_NHEJ-Deletion,Insertion_MMEJ-Deletion,0.07109495,0.07040923,0.05887507,0.055459443,0.06768387,0.07226352,0.07091725,0.065534785,0.071050584,0.06277719,0.06917033,0.069608256,0.06922913,0.057802096,0.06812439
GTTGTGACACTTGTGA-1,NHEJ-Deletion_NHEJ-Deletion,Insertion_MMEJ-Deletion,0.07109495,0.07040923,0.05887507,0.055459443,0.06768387,0.07226352,0.07091725,0.065534785,0.071050584,0.06277719,0.06917033,0.069608256,0.06922913,0.057802096,0.06812439
ATCGTGACAACAGCCC-1,HDR_HDR,Insertion_MMEJ-Deletion,0.07109495,0.07040923,0.05887507,0.055459443,0.06768387,0.07226352,0.07091725,0.065534785,0.071050584,0.06277719,0.06917033,0.069608256,0.06922913,0.057802096,0.06812439
TGTGCGGCAAAGAGTT-1,Insertion_Insertion,Insertion_MMEJ-Deletion,0.07109495,0.07040923,0.05887507,0.055459443,0.06768387,0.07226352,0.07091725,0.065534785,0.071050584,0.06277719,0.06917033,0.069608256,0.06922913,0.057802096,0.06812439
TTCTAACAGGCATCTT-1,NHEJ-Deletion_WT,Insertion_MMEJ-Deletion,0.07109495,0.07040923,0.05887507,0.055459443,0.06768387,0.07226352,0.07091725,0.065534785,0.071050584,0.06277719,0.06917033,0.069608256,0.06922913,0.057802096,0.06812439
GATAGCTCAAACTCGT-1,Insertion_NHEJ-Deletion,Insertion_MMEJ-Deletion,0.07109495,0.07040923,0.05887507,0.055459443,0.06768387,0.07226352,0.07091725,0.065534785,0.071050584,0.06277719,0.06917033,0.069608256,0.06922913,0.057802096,0.06812439
CAGATTGCAAGTATCC-1,Insertion_Insertion,Insertion_MMEJ-Deletion,0.07109495,0.07040923,0.05887507,0.055459443,0.06768387,0.07226352,0.07091725,0.065534785,0.071050584,0.06277719,0.06917033,0.069608256,0.06922913,0.057802096,0.06812439
TGCTGAACAAGTTGGG-1,Insertion_NHEJ-Deletion,Insertion_MMEJ-Deletion,0.07109495,0.07040923,0.05887507,0.055459443,0.06768387,0.07226352,0.07091725,0.065534785,0.071050584,0.06277719,0.06917033,0.069608256,0.06922913,0.057802096,0.06812439
GTTGTGAAGGGTAGCT-4,Insertion_NHEJ-Deletion,Insertion_MMEJ-Deletion,0.07109495,0.07040923,0.05887507,0.055459443,0.06768387,0.07226352,0.07091725,0.065534785,0.071050584,0.06277719,0.06917033,0.069608256,0.06922913,0.057802096,0.06812439
CTAAGTGAGAGGCCAT-1,Insertion_NHEJ-Deletion,Insertion_MMEJ-Deletion,0.07109495,0.07040923,0.05887507,0.055459443,0.06768387,0.07226352,0.07091725,0.065534785,0.071050584,0.06277719,0.06917033,0.069608256,0.06922913,0.057802096,0.06812439
CTTCTCTTCCACTAGA-1,NHEJ-Deletion_NHEJ-Deletion,Insertion_MMEJ-Deletion,0.07109495,0.07040923,0.05887507,0.055459443,0.06768387,0.07226352,0.07091725,0.065534785,0.071050584,0.06277719,0.06917033,0.069608256,0.06922913,0.057802096,0.06812439
CATCCCAGTCCTCCAT-1,HDR_NHEJ-Deletion,Insertion_MMEJ-Deletion,0.07109495,0.07040923,0.05887507,0.055459443,0.06768387,0.07226352,0.07091725,0.065534785,0.071050584,0.06277719,0.06917033,0.069608256,0.06922913,0.057802096,0.06812439
GGGCTACGTATCTCGA-1,Insertion_Insertion,Insertion_MMEJ-Deletion,0.07109495,0.07040923,0.05887507,0.055459443,0.06768387,0.07226352,0.07091725,0.065534785,0.071050584,0.06277719,0.06917033,0.069608256,0.06922913,0.057802096,0.06812439
TTAATCCAGTGAGCCA-1,NHEJ-Deletion_NHEJ-Deletion,Insertion_MMEJ-Deletion,0.07109495,0.07040923,0.05887507,0.055459443,0.06768387,0.07226352,0.07091725,0.065534785,0.071050584,0.06277719,0.06917033,0.069608256,0.06922913,0.057802096,0.06812439
GAAGGGTAGTGCCCGT-4,HDR_WT,Insertion_MMEJ-Deletion,0.07109495,0.07040923,0.05887507,0.055459443,0.06768387,0.07226352,0.07091725,0.065534785,0.071050584,0.06277719,0.06917033,0.069608256,0.06922913,0.057802096,0.06812439
AAATGGATCGACATTG-1,Insertion_NHEJ-Deletion,Insertion_MMEJ-Deletion,0.07109495,0.07040923,0.05887507,0.055459443,0.06768387,0.07226352,0.07091725,0.065534785,0.071050584,0.06277719,0.06917033,0.069608256,0.06922913,0.057802096,0.06812439
ACAACCAAGCTGGCTC-1,Insertion_NHEJ-Deletion,Insertion_MMEJ-Deletion,0.07109495,0.07040923,0.05887507,0.055459443,0.06768387,0.07226352,0.07091725,0.065534785,0.071050584,0.06277719,0.06917033,0.069608256,0.06922913,0.057802096,0.06812439
TTTCAGTAGTACGAGC-1,NHEJ-Deletion_WT,Insertion_MMEJ-Deletion,0.07109495,0.07040923,0.05887507,0.055459443,0.06768387,0.07226352,0.07091725,0.065534785,0.071050584,0.06277719,0.06917033,0.069608256,0.06922913,0.057802096,0.06812439
CCATAAGAGCTTACGT-4,Insertion_WT,Insertion_MMEJ-Deletion,0.07109495,0.07040923,0.05887507,0.055459443,0.06768387,0.07226352,0.07091725,0.065534785,0.071050584,0.06277719,0.06917033,0.069608256,0.06922913,0.057802096,0.06812439
ACTACGACAACGACAG-1,HDR_Insertion,Insertion_MMEJ-Deletion,0.07109495,0.07040923,0.05887507,0.055459443,0.06768387,0.07226352,0.07091725,0.065534785,0.071050584,0.06277719,0.06917033,0.069608256,0.06922913,0.057802096,0.06812439
GTCGTAAAGGAAGAAC-4,Insertion_NHEJ-Deletion,Insertion_MMEJ-Deletion,0.07109495,0.07040923,0.05887507,0.055459443,0.06768387,0.07226352,0.07091725,0.065534785,0.071050584,0.06277719,0.06917033,0.069608256,0.06922913,0.057802096,0.06812439
GTCATCCTCCATTGGA-1,Insertion_WT,Insertion_MMEJ-Deletion,0.07109495,0.07040923,0.05887507,0.055459443,0.06768387,0.07226352,0.07091725,0.065534785,0.071050584,0.06277719,0.06917033,0.069608256,0.06922913,0.057802096,0.06812439
CGGCAGTTCTCCAATT-1,Insertion_Insertion,Insertion_MMEJ-Deletion,0.07109495,0.07040923,0.05887507,0.055459443,0.06768387,0.07226352,0.07091725,0.065534785,0.071050584,0.06277719,0.06917033,0.069608256,0.06922913,0.057802096,0.06812439
ATTTCTGCATTCGATG-1,NHEJ-Deletion_WT,Insertion_MMEJ-Deletion,0.07109495,0.07040923,0.05887507,0.055459443,0.06768387,0.07226352,0.07091725,0.065534785,0.071050584,0.06277719,0.06917033,0.069608256,0.06922913,0.057802096,0.06812439
AATGCCACATCCGCGA-4,Insertion_Insertion,Insertion_MMEJ-Deletion,0.07109495,0.07040923,0.05887507,0.055459443,0.06768387,0.07226352,0.07091725,0.065534785,0.071050584,0.06277719,0.06917033,0.069608256,0.06922913,0.057802096,0.06812439
GACACGCTCAAGCCGC-4,Insertion_NHEJ-Deletion,Insertion_MMEJ-Deletion,0.07109495,0.07040923,0.05887507,0.055459443,0.06768387,0.07226352,0.07091725,0.065534785,0.071050584,0.06277719,0.06917033,0.069608256,0.06922913,0.057802096,0.06812439
ACCAAACTCTCTAGGA-1,Insertion_NHEJ-Deletion,Insertion_MMEJ-Deletion,0.07109495,0.07040923,0.05887507,0.055459443,0.06768387,0.07226352,0.07091725,0.065534785,0.071050584,0.06277719,0.06917033,0.069608256,0.06922913,0.057802096,0.06812439
TTCGCTGAGAGCTTTC-1,HDR_Insertion,Insertion_MMEJ-Deletion,0.07109495,0.07040923,0.05887507,0.055459443,0.06768387,0.07226352,0.07091725,0.065534785,0.071050584,0.06277719,0.06917033,0.069608256,0.06922913,0.057802096,0.06812439
CATTTCATCGCACTCT-1,Insertion_Insertion,Insertion_MMEJ-Deletion,0.07109495,0.07040923,0.05887507,0.055459443,0.06768387,0.07226352,0.07091725,0.065534785,0.071050584,0.06277719,0.06917033,0.069608256,0.06922913,0.057802096,0.06812439
CGTTAGAGTGAGAACC-1,HDR_Insertion,Insertion_MMEJ-Deletion,0.07109495,0.07040923,0.05887507,0.055459443,0.06768387,0.07226352,0.07091725,0.065534785,0.071050584,0.06277719,0.06917033,0.069608256,0.06922913,0.057802096,0.06812439
TTGTTGTAGGACTAAT-1,Insertion_WT,Insertion_MMEJ-Deletion,0.07109495,0.07040923,0.05887507,0.055459443,0.06768387,0.07226352,0.07091725,0.065534785,0.071050584,0.06277719,0.06917033,0.069608256,0.06922913,0.057802096,0.06812439
CTTCTAACAGTTTGGT-1,Insertion_NHEJ-Deletion,Insertion_MMEJ-Deletion,0.07109495,0.07040923,0.05887507,0.055459443,0.06768387,0.07226352,0.07091725,0.065534785,0.071050584,0.06277719,0.06917033,0.069608256,0.06922913,0.057802096,0.06812439
GCACGGTCACTCCTTG-1,HDR_Insertion,Insertion_MMEJ-Deletion,0.07109495,0.07040923,0.05887507,0.055459443,0.06768387,0.07226352,0.07091725,0.065534785,0.071050584,0.06277719,0.06917033,0.069608256,0.06922913,0.057802096,0.06812439
TCAGTGAAGCACTCCG-1,Insertion_Insertion,Insertion_MMEJ-Deletion,0.07109495,0.07040923,0.05887507,0.055459443,0.06768387,0.07226352,0.07091725,0.065534785,0.071050584,0.06277719,0.06917033,0.069608256,0.06922913,0.057802096,0.06812439
TAGAGTCCAACACACT-1,Insertion_WT,Insertion_MMEJ-Deletion,0.07109495,0.07040923,0.05887507,0.055459443,0.06768387,0.07226352,0.07091725,0.065534785,0.071050584,0.06277719,0.06917033,0.069608256,0.06922913,0.057802096,0.06812439
TCGCACTGTCACCGAC-1,Insertion_Insertion,Insertion_MMEJ-Deletion,0.07109495,0.07040923,0.05887507,0.055459443,0.06768387,0.07226352,0.07091725,0.065534785,0.071050584,0.06277719,0.06917033,0.069608256,0.06922913,0.057802096,0.06812439
TGAGCGCAGCAAGTGC-1,Insertion_Insertion,Insertion_MMEJ-Deletion,0.07109495,0.07040923,0.05887507,0.055459443,0.06768387,0.07226352,0.07091725,0.065534785,0.071050584,0.06277719,0.06917033,0.069608256,0.06922913,0.057802096,0.06812439
CCCATTGGTTAAGGGC-4,MMEJ-Deletion_NHEJ-Deletion,Insertion_MMEJ-Deletion,0.07109495,0.07040923,0.05887507,0.055459443,0.06768387,0.07226352,0.07091725,0.065534785,0.071050584,0.06277719,0.06917033,0.069608256,0.06922913,0.057802096,0.06812439
CCCGGAAAGTGACCTT-1,Insertion_Insertion,Insertion_MMEJ-Deletion,0.07109495,0.07040923,0.05887507,0.055459443,0.06768387,0.07226352,0.07091725,0.065534785,0.071050584,0.06277719,0.06917033,0.069608256,0.06922913,0.057802096,0.06812439
GTGGAAGCACCTGATA-1,Insertion_MMEJ-Deletion,Insertion_MMEJ-Deletion,0.07109495,0.07040923,0.05887507,0.055459443,0.06768387,0.07226352,0.07091725,0.065534785,0.071050584,0.06277719,0.06917033,0.069608256,0.06922913,0.057802096,0.06812439
TGTAACGGTACTAGCT-4,NHEJ-Deletion_NHEJ-Deletion,Insertion_MMEJ-Deletion,0.07109495,0.07040923,0.05887507,0.055459443,0.06768387,0.07226352,0.07091725,0.065534785,0.071050584,0.06277719,0.06917033,0.069608256,0.06922913,0.057802096,0.06812439
AAGCGTTAGGTTCACT-1,HDR_Insertion,Insertion_MMEJ-Deletion,0.07109495,0.07040923,0.05887507,0.055459443,0.06768387,0.07226352,0.07091725,0.065534785,0.071050584,0.06277719,0.06917033,0.069608256,0.06922913,0.057802096,0.06812439
TACACCCGTTGCCAAT-1,Insertion_NHEJ-Deletion,Insertion_MMEJ-Deletion,0.07109495,0.07040923,0.05887507,0.055459443,0.06768387,0.07226352,0.07091725,0.065534785,0.071050584,0.06277719,0.06917033,0.069608256,0.06922913,0.057802096,0.06812439
AGGGCCTGTACTGCCG-1,Insertion_NHEJ-Deletion,Insertion_MMEJ-Deletion,0.07109495,0.07040923,0.05887507,0.055459443,0.06768387,0.07226352,0.07091725,0.065534785,0.071050584,0.06277719,0.06917033,0.069608256,0.06922913,0.057802096,0.06812439
GTGTGGCGTGCAATGG-1,Insertion_Insertion,Insertion_MMEJ-Deletion,0.07109495,0.07040923,0.05887507,0.055459443,0.06768387,0.07226352,0.07091725,0.065534785,0.071050584,0.06277719,0.06917033,0.069608256,0.06922913,0.057802096,0.06812439
AGGTCTAAGAAGTATC-4,Insertion_NHEJ-Deletion,Insertion_MMEJ-Deletion,0.07109495,0.07040923,0.05887507,0.055459443,0.06768387,0.07226352,0.07091725,0.065534785,0.071050584,0.06277719,0.06917033,0.069608256,0.06922913,0.057802096,0.06812439
CCGAACGTCGGCATCG-1,NHEJ-Deletion_WT,Insertion_MMEJ-Deletion,0.07109495,0.07040923,0.05887507,0.055459443,0.06768387,0.07226352,0.07091725,0.065534785,0.071050584,0.06277719,0.06917033,0.069608256,0.06922913,0.057802096,0.06812439
TCGCACTCACGTCGGT-4,NHEJ-Deletion_NHEJ-Deletion,Insertion_MMEJ-Deletion,0.07109495,0.07040923,0.05887507,0.055459443,0.06768387,0.07226352,0.07091725,0.065534785,0.071050584,0.06277719,0.06917033,0.069608256,0.06922913,0.057802096,0.06812439
ATTTACCCAAATACGA-1,Insertion_WT,Insertion_MMEJ-Deletion,0.07109495,0.07040923,0.05887507,0.055459443,0.06768387,0.07226352,0.07091725,0.065534785,0.071050584,0.06277719,0.06917033,0.069608256,0.06922913,0.057802096,0.06812439
CTGTATTCAGTGGCTC-4,Insertion_WT,Insertion_MMEJ-Deletion,0.07109495,0.07040923,0.05887507,0.055459443,0.06768387,0.07226352,0.07091725,0.065534785,0.071050584,0.06277719,0.06917033,0.069608256,0.06922913,0.057802096,0.06812439
CCTGTTGTCACTTGTT-1,HDR_Insertion,Insertion_MMEJ-Deletion,0.07109495,0.07040923,0.05887507,0.055459443,0.06768387,0.07226352,0.07091725,0.065534785,0.071050584,0.06277719,0.06917033,0.069608256,0.06922913,0.057802096,0.06812439
ATTCCCGCAAGTTTGC-1,NHEJ-Deletion_NHEJ-Deletion,Insertion_MMEJ-Deletion,0.07109495,0.07040923,0.05887507,0.055459443,0.06768387,0.07226352,0.07091725,0.065534785,0.071050584,0.06277719,0.06917033,0.069608256,0.06922913,0.057802096,0.06812439
TGGGAGACACTTGGGC-1,Insertion_WT,Insertion_MMEJ-Deletion,0.07109495,0.07040923,0.05887507,0.055459443,0.06768387,0.07226352,0.07091725,0.065534785,0.071050584,0.06277719,0.06917033,0.069608256,0.06922913,0.057802096,0.06812439
CTACCCATCACTTATC-1,HDR_Insertion,Insertion_MMEJ-Deletion,0.07109495,0.07040923,0.05887507,0.055459443,0.06768387,0.07226352,0.07091725,0.065534785,0.071050584,0.06277719,0.06917033,0.069608256,0.06922913,0.057802096,0.06812439
ATAGACCAGGTTCCAT-1,Insertion_Insertion,Insertion_MMEJ-Deletion,0.07109495,0.07040923,0.05887507,0.055459443,0.06768387,0.07226352,0.07091725,0.065534785,0.071050584,0.06277719,0.06917033,0.069608256,0.06922913,0.057802096,0.06812439
CAACCTCAGTGGTCAG-1,NHEJ-Deletion_NHEJ-Deletion,Insertion_MMEJ-Deletion,0.07109495,0.07040923,0.05887507,0.055459443,0.06768387,0.07226352,0.07091725,0.065534785,0.071050584,0.06277719,0.06917033,0.069608256,0.06922913,0.057802096,0.06812439
TTGCGTCTCCAAGGGA-4,Insertion_WT,Insertion_MMEJ-Deletion,0.07109495,0.07040923,0.05887507,0.055459443,0.06768387,0.07226352,0.07091725,0.065534785,0.071050584,0.06277719,0.06917033,0.069608256,0.06922913,0.057802096,0.06812439
CACACAACAAATACGA-1,NHEJ-Deletion_WT,Insertion_MMEJ-Deletion,0.07109495,0.07040923,0.05887507,0.055459443,0.06768387,0.07226352,0.07091725,0.065534785,0.071050584,0.06277719,0.06917033,0.069608256,0.06922913,0.057802096,0.06812439
TTGCATTGTAGTGGCA-1,Insertion_Insertion,Insertion_MMEJ-Deletion,0.07109495,0.07040923,0.05887507,0.055459443,0.06768387,0.07226352,0.07091725,0.065534785,0.071050584,0.06277719,0.06917033,0.069608256,0.06922913,0.057802096,0.06812439
TCCGGGAGTACAGTCT-1,NHEJ-Deletion_NHEJ-Deletion,Insertion_MMEJ-Deletion,0.07109495,0.07040923,0.05887507,0.055459443,0.06768387,0.07226352,0.07091725,0.065534785,0.071050584,0.06277719,0.06917033,0.069608256,0.06922913,0.057802096,0.06812439
GTGCTTCTCCATACAG-4,Insertion_NHEJ-Deletion,Insertion_MMEJ-Deletion,0.07109495,0.07040923,0.05887507,0.055459443,0.06768387,0.07226352,0.07091725,0.065534785,0.071050584,0.06277719,0.06917033,0.069608256,0.06922913,0.057802096,0.06812439
TATCAGGAGTTGCCCG-1,Insertion_MMEJ-Deletion,Insertion_MMEJ-Deletion,0.07109495,0.07040923,0.05887507,0.055459443,0.06768387,0.07226352,0.07091725,0.065534785,0.071050584,0.06277719,0.06917033,0.069608256,0.06922913,0.057802096,0.06812439
CACATGATCGAAGGAC-1,HDR_NHEJ-Deletion,Insertion_MMEJ-Deletion,0.07109495,0.07040923,0.05887507,0.055459443,0.06768387,0.07226352,0.07091725,0.065534785,0.071050584,0.06277719,0.06917033,0.069608256,0.06922913,0.057802096,0.06812439
TGCAGTATCGGTTAGT-1,Insertion_NHEJ-Deletion,Insertion_MMEJ-Deletion,0.07109495,0.07040923,0.05887507,0.055459443,0.06768387,0.07226352,0.07091725,0.065534785,0.071050584,0.06277719,0.06917033,0.069608256,0.06922913,0.057802096,0.06812439
ATTACTCCACCAGTTA-1,Insertion_WT,Insertion_MMEJ-Deletion,0.07109495,0.07040923,0.05887507,0.055459443,0.06768387,0.07226352,0.07091725,0.065534785,0.071050584,0.06277719,0.06917033,0.069608256,0.06922913,0.057802096,0.06812439
ACACGCGAGTATAGGT-4,Insertion_Insertion,Insertion_MMEJ-Deletion,0.07109495,0.07040923,0.05887507,0.055459443,0.06768387,0.07226352,0.07091725,0.065534785,0.071050584,0.06277719,0.06917033,0.069608256,0.06922913,0.057802096,0.06812439
CGAAGGAAGTGCCAGA-4,Insertion_NHEJ-Deletion,Insertion_MMEJ-Deletion,0.07109495,0.07040923,0.05887507,0.055459443,0.06768387,0.07226352,0.07091725,0.065534785,0.071050584,0.06277719,0.06917033,0.069608256,0.06922913,0.057802096,0.06812439
CTTCGGTCAGCTGTCG-1,Insertion_MMEJ-Deletion,Insertion_MMEJ-Deletion,0.07109495,0.07040923,0.05887507,0.055459443,0.06768387,0.07226352,0.07091725,0.065534785,0.071050584,0.06277719,0.06917033,0.069608256,0.06922913,0.057802096,0.06812439
ATTCCCGCACAATGTC-1,HDR_Insertion,Insertion_MMEJ-Deletion,0.07109495,0.07040923,0.05887507,0.055459443,0.06768387,0.07226352,0.07091725,0.065534785,0.071050584,0.06277719,0.06917033,0.069608256,0.06922913,0.057802096,0.06812439
ATGTCTTCATGTGACT-1,NHEJ-Deletion_NHEJ-Deletion,Insertion_MMEJ-Deletion,0.07109495,0.07040923,0.05887507,0.055459443,0.06768387,0.07226352,0.07091725,0.065534785,0.071050584,0.06277719,0.06917033,0.069608256,0.06922913,0.057802096,0.06812439
AGAGAATTCGTTGTTT-1,Insertion_MMEJ-Deletion,Insertion_MMEJ-Deletion,0.07109495,0.07040923,0.05887507,0.055459443,0.06768387,0.07226352,0.07091725,0.065534785,0.071050584,0.06277719,0.06917033,0.069608256,0.06922913,0.057802096,0.06812439
CACCGTTTCATTACCT-4,NHEJ-Deletion_NHEJ-Deletion,Insertion_MMEJ-Deletion,0.07109495,0.07040923,0.05887507,0.055459443,0.06768387,0.07226352,0.07091725,0.065534785,0.071050584,0.06277719,0.06917033,0.069608256,0.06922913,0.057802096,0.06812439
GGAGGTAGTACCCACG-1,Insertion_MMEJ-Deletion,Insertion_MMEJ-Deletion,0.07109495,0.07040923,0.05887507,0.055459443,0.06768387,0.07226352,0.07091725,0.065534785,0.071050584,0.06277719,0.06917033,0.069608256,0.06922913,0.057802096,0.06812439
ACTACGAGTTGTGGAG-1,Insertion_WT,Insertion_MMEJ-Deletion,0.07109495,0.07040923,0.05887507,0.055459443,0.06768387,0.07226352,0.07091725,0.065534785,0.071050584,0.06277719,0.06917033,0.069608256,0.06922913,0.057802096,0.06812439
CTGCAGGGTTCTCTCG-1,HDR_Insertion,Insertion_MMEJ-Deletion,0.07109495,0.07040923,0.05887507,0.055459443,0.06768387,0.07226352,0.07091725,0.065534785,0.071050584,0.06277719,0.06917033,0.069608256,0.06922913,0.057802096,0.06812439
CTATCCGTCAAATGCC-1,HDR_Insertion,Insertion_MMEJ-Deletion,0.07109495,0.07040923,0.05887507,0.055459443,0.06768387,0.07226352,0.07091725,0.065534785,0.071050584,0.06277719,0.06917033,0.069608256,0.06922913,0.057802096,0.06812439
CCCGGAAAGTGATAGT-4,NHEJ-Deletion_NHEJ-Deletion,Insertion_MMEJ-Deletion,0.07109495,0.07040923,0.05887507,0.055459443,0.06768387,0.07226352,0.07091725,0.065534785,0.071050584,0.06277719,0.06917033,0.069608256,0.06922913,0.057802096,0.06812439
GTCAGCGCAGAACTAA-1,Insertion_NHEJ-Deletion,Insertion_MMEJ-Deletion,0.07109495,0.07040923,0.05887507,0.055459443,0.06768387,0.07226352,0.07091725,0.065534785,0.071050584,0.06277719,0.06917033,0.069608256,0.06922913,0.057802096,0.06812439
GCGAGAACAGCAGTAG-4,Insertion_WT,Insertion_MMEJ-Deletion,0.07109495,0.07040923,0.05887507,0.055459443,0.06768387,0.07226352,0.07091725,0.065534785,0.071050584,0.06277719,0.06917033,0.069608256,0.06922913,0.057802096,0.06812439
ATTCCATCACGTACAT-1,Insertion_WT,Insertion_MMEJ-Deletion,0.07109495,0.07040923,0.05887507,0.055459443,0.06768387,0.07226352,0.07091725,0.065534785,0.071050584,0.06277719,0.06917033,0.069608256,0.06922913,0.057802096,0.06812439
TCTCCGACATCGAGCC-1,Insertion_Insertion,Insertion_MMEJ-Deletion,0.07109495,0.07040923,0.05887507,0.055459443,0.06768387,0.07226352,0.07091725,0.065534785,0.071050584,0.06277719,0.06917033,0.069608256,0.06922913,0.057802096,0.06812439
GTGGTTAGTGCACATT-1,Insertion_NHEJ-Deletion,Insertion_MMEJ-Deletion,0.07109495,0.07040923,0.05887507,0.055459443,0.06768387,0.07226352,0.07091725,0.065534785,0.071050584,0.06277719,0.06917033,0.069608256,0.06922913,0.057802096,0.06812439
CGGGACTTCTCACTCG-1,Insertion_NHEJ-Deletion,Insertion_MMEJ-Deletion,0.07109495,0.07040923,0.05887507,0.055459443,0.06768387,0.07226352,0.07091725,0.065534785,0.071050584,0.06277719,0.06917033,0.069608256,0.06922913,0.057802096,0.06812439
CCGGTAGGTATGGTAA-1,HDR_Insertion,Insertion_MMEJ-Deletion,0.07109495,0.07040923,0.05887507,0.055459443,0.06768387,0.07226352,0.07091725,0.065534785,0.071050584,0.06277719,0.06917033,0.069608256,0.06922913,0.057802096,0.06812439
ATGAGGGCATCTGCGG-1,Insertion_NHEJ-Deletion,Insertion_MMEJ-Deletion,0.07109495,0.07040923,0.05887507,0.055459443,0.06768387,0.07226352,0.07091725,0.065534785,0.071050584,0.06277719,0.06917033,0.069608256,0.06922913,0.057802096,0.06812439
TAAGCCAAGAGCCTGA-1,Insertion_MMEJ-Deletion,Insertion_MMEJ-Deletion,0.07109495,0.07040923,0.05887507,0.055459443,0.06768387,0.07226352,0.07091725,0.065534785,0.071050584,0.06277719,0.06917033,0.069608256,0.06922913,0.057802096,0.06812439
CCCAACTAGTTGTACC-1,Insertion_MMEJ-Deletion,Insertion_MMEJ-Deletion,0.07109495,0.07040923,0.05887507,0.055459443,0.06768387,0.07226352,0.07091725,0.065534785,0.071050584,0.06277719,0.06917033,0.069608256,0.06922913,0.057802096,0.06812439
AGTTCGATCCTCGCAT-1,Insertion_WT,Insertion_MMEJ-Deletion,0.07109495,0.07040923,0.05887507,0.055459443,0.06768387,0.07226352,0.07091725,0.065534785,0.071050584,0.06277719,0.06917033,0.069608256,0.06922913,0.057802096,0.06812439
GCCCGAAGTCCTGGTG-1,Insertion_Insertion,Insertion_MMEJ-Deletion,0.07109495,0.07040923,0.05887507,0.055459443,0.06768387,0.07226352,0.07091725,0.065534785,0.071050584,0.06277719,0.06917033,0.069608256,0.06922913,0.057802096,0.06812439
TGTCAGAGTCCTGTCT-1,Insertion_Insertion,Insertion_MMEJ-Deletion,0.07109495,0.07040923,0.05887507,0.055459443,0.06768387,0.07226352,0.07091725,0.065534785,0.071050584,0.06277719,0.06917033,0.069608256,0.06922913,0.057802096,0.06812439
ATGAGTCTCGGCTTCT-1,HDR_Insertion,Insertion_MMEJ-Deletion,0.07109495,0.07040923,0.05887507,0.055459443,0.06768387,0.07226352,0.07091725,0.065534785,0.071050584,0.06277719,0.06917033,0.069608256,0.06922913,0.057802096,0.06812439
CACAGATGTGAATGTA-1,Insertion_NHEJ-Deletion,Insertion_MMEJ-Deletion,0.07109495,0.07040923,0.05887507,0.055459443,0.06768387,0.07226352,0.07091725,0.065534785,0.071050584,0.06277719,0.06917033,0.069608256,0.06922913,0.057802096,0.06812439
GAGGCCTTCACTAGCA-4,MMEJ-Deletion_NHEJ-Deletion,Insertion_MMEJ-Deletion,0.07109495,0.07040923,0.05887507,0.055459443,0.06768387,0.07226352,0.07091725,0.065534785,0.071050584,0.06277719,0.06917033,0.069608256,0.06922913,0.057802096,0.06812439
GAACTGTAGGACAACC-1,Insertion_WT,Insertion_MMEJ-Deletion,0.07109495,0.07040923,0.05887507,0.055459443,0.06768387,0.07226352,0.07091725,0.065534785,0.071050584,0.06277719,0.06917033,0.069608256,0.06922913,0.057802096,0.06812439
GATGACTCAAGACAAT-1,HDR_Insertion,Insertion_MMEJ-Deletion,0.07109495,0.07040923,0.05887507,0.055459443,0.06768387,0.07226352,0.07091725,0.065534785,0.071050584,0.06277719,0.06917033,0.069608256,0.06922913,0.057802096,0.06812439
AGTACCACATAATGCC-1,Insertion_Insertion,Insertion_MMEJ-Deletion,0.07109495,0.07040923,0.05887507,0.055459443,0.06768387,0.07226352,0.07091725,0.065534785,0.071050584,0.06277719,0.06917033,0.069608256,0.06922913,0.057802096,0.06812439
GGGAGATAGTACCATC-1,Insertion_Insertion,Insertion_MMEJ-Deletion,0.07109495,0.07040923,0.05887507,0.055459443,0.06768387,0.07226352,0.07091725,0.065534785,0.071050584,0.06277719,0.06917033,0.069608256,0.06922913,0.057802096,0.06812439
TTCTCTCGTCGCATCG-1,Insertion_Insertion,Insertion_MMEJ-Deletion,0.07109495,0.07040923,0.05887507,0.055459443,0.06768387,0.07226352,0.07091725,0.065534785,0.071050584,0.06277719,0.06917033,0.069608256,0.06922913,0.057802096,0.06812439
TGGATCAGTGTCCAAT-1,NHEJ-Deletion_WT,Insertion_MMEJ-Deletion,0.07109495,0.07040923,0.05887507,0.055459443,0.06768387,0.07226352,0.07091725,0.065534785,0.071050584,0.06277719,0.06917033,0.069608256,0.06922913,0.057802096,0.06812439
AGCGCTGCACTACGGC-1,Insertion_Insertion,Insertion_MMEJ-Deletion,0.07109495,0.07040923,0.05887507,0.055459443,0.06768387,0.07226352,0.07091725,0.065534785,0.071050584,0.06277719,0.06917033,0.069608256,0.06922913,0.057802096,0.06812439
TTCCGGTCACCCTGTT-1,Insertion_NHEJ-Deletion,Insertion_MMEJ-Deletion,0.07109495,0.07040923,0.05887507,0.055459443,0.06768387,0.07226352,0.07091725,0.065534785,0.071050584,0.06277719,0.06917033,0.069608256,0.06922913,0.057802096,0.06812439
TTGCTGCGTCTAGGTT-1,Insertion_Insertion,Insertion_MMEJ-Deletion,0.07109495,0.07040923,0.05887507,0.055459443,0.06768387,0.07226352,0.07091725,0.065534785,0.071050584,0.06277719,0.06917033,0.069608256,0.06922913,0.057802096,0.06812439
GTGTGATGTACCATAC-1,Insertion_Insertion,Insertion_MMEJ-Deletion,0.07109495,0.07040923,0.05887507,0.055459443,0.06768387,0.07226352,0.07091725,0.065534785,0.071050584,0.06277719,0.06917033,0.069608256,0.06922913,0.057802096,0.06812439
GACTTCCGTGAGTTGG-4,Insertion_WT,Insertion_MMEJ-Deletion,0.07109495,0.07040923,0.05887507,0.055459443,0.06768387,0.07226352,0.07091725,0.065534785,0.071050584,0.06277719,0.06917033,0.069608256,0.06922913,0.057802096,0.06812439
TCAGGTACATAATCGC-1,NHEJ-Deletion_WT,Insertion_MMEJ-Deletion,0.07109495,0.07040923,0.05887507,0.055459443,0.06768387,0.07226352,0.07091725,0.065534785,0.071050584,0.06277719,0.06917033,0.069608256,0.06922913,0.057802096,0.06812439
ATCCTATCACTTCATT-1,Insertion_Insertion,Insertion_MMEJ-Deletion,0.07109495,0.07040923,0.05887507,0.055459443,0.06768387,0.07226352,0.07091725,0.065534785,0.071050584,0.06277719,0.06917033,0.069608256,0.06922913,0.057802096,0.06812439
ATTTACCGTTCTGACA-4,Insertion_WT,Insertion_MMEJ-Deletion,0.07109495,0.07040923,0.05887507,0.055459443,0.06768387,0.07226352,0.07091725,0.065534785,0.071050584,0.06277719,0.06917033,0.069608256,0.06922913,0.057802096,0.06812439
TTGGGTACACGACTAT-1,Insertion_NHEJ-Deletion,Insertion_MMEJ-Deletion,0.07109495,0.07040923,0.05887507,0.055459443,0.06768387,0.07226352,0.07091725,0.065534785,0.071050584,0.06277719,0.06917033,0.069608256,0.06922913,0.057802096,0.06812439
TCACACCCAACTCCCT-1,Insertion_Insertion,Insertion_MMEJ-Deletion,0.07109495,0.07040923,0.05887507,0.055459443,0.06768387,0.07226352,0.07091725,0.065534785,0.071050584,0.06277719,0.06917033,0.069608256,0.06922913,0.057802096,0.06812439
GTGATGTTCTCGCTTG-1,Insertion_NHEJ-Deletion,Insertion_MMEJ-Deletion,0.07109495,0.07040923,0.05887507,0.055459443,0.06768387,0.07226352,0.07091725,0.065534785,0.071050584,0.06277719,0.06917033,0.069608256,0.06922913,0.057802096,0.06812439
GTTACGACACAGAAGC-1,HDR_Insertion,Insertion_MMEJ-Deletion,0.07109495,0.07040923,0.05887507,0.055459443,0.06768387,0.07226352,0.07091725,0.065534785,0.071050584,0.06277719,0.06917033,0.069608256,0.06922913,0.057802096,0.06812439
TAGTGCAGTCGTACTA-1,HDR_Insertion,Insertion_MMEJ-Deletion,0.07109495,0.07040923,0.05887507,0.055459443,0.06768387,0.07226352,0.07091725,0.065534785,0.071050584,0.06277719,0.06917033,0.069608256,0.06922913,0.057802096,0.06812439
GTAATCGAGATAGGGA-4,Insertion_Insertion,Insertion_MMEJ-Deletion,0.07109495,0.07040923,0.05887507,0.055459443,0.06768387,0.07226352,0.07091725,0.065534785,0.071050584,0.06277719,0.06917033,0.069608256,0.06922913,0.057802096,0.06812439
CTTTCGGGTTAAACCC-1,Insertion_NHEJ-Deletion,Insertion_MMEJ-Deletion,0.07109495,0.07040923,0.05887507,0.055459443,0.06768387,0.07226352,0.07091725,0.065534785,0.071050584,0.06277719,0.06917033,0.069608256,0.06922913,0.057802096,0.06812439
AGGGTTTTCCTAGCTC-1,Insertion_Insertion,Insertion_MMEJ-Deletion,0.07109495,0.07040923,0.05887507,0.055459443,0.06768387,0.07226352,0.07091725,0.065534785,0.071050584,0.06277719,0.06917033,0.069608256,0.06922913,0.057802096,0.06812439
TTAGTCTTCTTGTTAC-1,Insertion_NHEJ-Deletion,Insertion_MMEJ-Deletion,0.07109495,0.07040923,0.05887507,0.055459443,0.06768387,0.07226352,0.07091725,0.065534785,0.071050584,0.06277719,0.06917033,0.069608256,0.06922913,0.057802096,0.06812439
TTACGTTCATTGCCTC-1,Insertion_Insertion,Insertion_MMEJ-Deletion,0.07109495,0.07040923,0.05887507,0.055459443,0.06768387,0.07226352,0.07091725,0.065534785,0.071050584,0.06277719,0.06917033,0.069608256,0.06922913,0.057802096,0.06812439
TAAGCACAGCCTGACC-1,Insertion_NHEJ-Deletion,Insertion_MMEJ-Deletion,0.07109495,0.07040923,0.05887507,0.055459443,0.06768387,0.07226352,0.07091725,0.065534785,0.071050584,0.06277719,0.06917033,0.069608256,0.06922913,0.057802096,0.06812439
ACATCGACACCGGAAA-1,HDR_WT,Insertion_MMEJ-Deletion,0.07109495,0.07040923,0.05887507,0.055459443,0.06768387,0.07226352,0.07091725,0.065534785,0.071050584,0.06277719,0.06917033,0.069608256,0.06922913,0.057802096,0.06812439
GACGCTGTCGAAGTGG-4,HDR_NHEJ-Deletion,Insertion_MMEJ-Deletion,0.07109495,0.07040923,0.05887507,0.055459443,0.06768387,0.07226352,0.07091725,0.065534785,0.071050584,0.06277719,0.06917033,0.069608256,0.06922913,0.057802096,0.06812439
ACGGTTAAGTCACGCC-4,Insertion_NHEJ-Deletion,Insertion_MMEJ-Deletion,0.07109495,0.07040923,0.05887507,0.055459443,0.06768387,0.07226352,0.07091725,0.065534785,0.071050584,0.06277719,0.06917033,0.069608256,0.06922913,0.057802096,0.06812439
AGGGCTCCAACAGCCC-1,Insertion_Insertion,Insertion_MMEJ-Deletion,0.07109495,0.07040923,0.05887507,0.055459443,0.06768387,0.07226352,0.07091725,0.065534785,0.071050584,0.06277719,0.06917033,0.069608256,0.06922913,0.057802096,0.06812439
TGGGCGTGTTATGACC-4,Insertion_Insertion,Insertion_MMEJ-Deletion,0.07109495,0.07040923,0.05887507,0.055459443,0.06768387,0.07226352,0.07091725,0.065534785,0.071050584,0.06277719,0.06917033,0.069608256,0.06922913,0.057802096,0.06812439
ATTCATCGTGCTCTTC-1,Insertion_SV,Insertion_MMEJ-Deletion,0.07109495,0.07040923,0.05887507,0.055459443,0.06768387,0.07226352,0.07091725,0.065534785,0.071050584,0.06277719,0.06917033,0.069608256,0.06922913,0.057802096,0.06812439
CGTGTCTAGGGTACAC-1,NHEJ-Deletion_NHEJ-Deletion,Insertion_MMEJ-Deletion,0.07109495,0.07040923,0.05887507,0.055459443,0.06768387,0.07226352,0.07091725,0.065534785,0.071050584,0.06277719,0.06917033,0.069608256,0.06922913,0.057802096,0.06812439
ATTCTACCATCCCGTT-1,Insertion_Insertion,Insertion_MMEJ-Deletion,0.07109495,0.07040923,0.05887507,0.055459443,0.06768387,0.07226352,0.07091725,0.065534785,0.071050584,0.06277719,0.06917033,0.069608256,0.06922913,0.057802096,0.06812439
TGCAGTAAGGCAGGGA-1,Insertion_WT,Insertion_MMEJ-Deletion,0.07109495,0.07040923,0.05887507,0.055459443,0.06768387,0.07226352,0.07091725,0.065534785,0.071050584,0.06277719,0.06917033,0.069608256,0.06922913,0.057802096,0.06812439
GAAACCTCACGTCGTG-1,Insertion_Insertion,Insertion_MMEJ-Deletion,0.07109495,0.07040923,0.05887507,0.055459443,0.06768387,0.07226352,0.07091725,0.065534785,0.071050584,0.06277719,0.06917033,0.069608256,0.06922913,0.057802096,0.06812439
TGCTCGTAGTAGAGTT-1,Insertion_Insertion,Insertion_MMEJ-Deletion,0.07109495,0.07040923,0.05887507,0.055459443,0.06768387,0.07226352,0.07091725,0.065534785,0.071050584,0.06277719,0.06917033,0.069608256,0.06922913,0.057802096,0.06812439
TTACCGCAGTCGAAAT-1,Insertion_NHEJ-Deletion,Insertion_MMEJ-Deletion,0.07109495,0.07040923,0.05887507,0.055459443,0.06768387,0.07226352,0.07091725,0.065534785,0.071050584,0.06277719,0.06917033,0.069608256,0.06922913,0.057802096,0.06812439
AGAACAAGTCACAGTT-1,HDR_HDR,Insertion_MMEJ-Deletion,0.07109495,0.07040923,0.05887507,0.055459443,0.06768387,0.07226352,0.07091725,0.065534785,0.071050584,0.06277719,0.06917033,0.069608256,0.06922913,0.057802096,0.06812439
TGCGATAGTACAGAAT-4,Insertion_Insertion,Insertion_MMEJ-Deletion,0.07109495,0.07040923,0.05887507,0.055459443,0.06768387,0.07226352,0.07091725,0.065534785,0.071050584,0.06277719,0.06917033,0.069608256,0.06922913,0.057802096,0.06812439
CGTGAATGTTGTGCCG-4,Insertion_Insertion,Insertion_MMEJ-Deletion,0.07109495,0.07040923,0.05887507,0.055459443,0.06768387,0.07226352,0.07091725,0.065534785,0.071050584,0.06277719,0.06917033,0.069608256,0.06922913,0.057802096,0.06812439
GATGTTGGTATGAGCG-4,HDR_WT,Insertion_MMEJ-Deletion,0.07109495,0.07040923,0.05887507,0.055459443,0.06768387,0.07226352,0.07091725,0.065534785,0.071050584,0.06277719,0.06917033,0.069608256,0.06922913,0.057802096,0.06812439
CTGTGAACACTACCCT-4,Insertion_NHEJ-Deletion,Insertion_MMEJ-Deletion,0.07109495,0.07040923,0.05887507,0.055459443,0.06768387,0.07226352,0.07091725,0.065534785,0.071050584,0.06277719,0.06917033,0.069608256,0.06922913,0.057802096,0.06812439
TTCCTTCAGGGTTTCT-1,NHEJ-Deletion_NHEJ-Deletion,Insertion_MMEJ-Deletion,0.07109495,0.07040923,0.05887507,0.055459443,0.06768387,0.07226352,0.07091725,0.065534785,0.071050584,0.06277719,0.06917033,0.069608256,0.06922913,0.057802096,0.06812439
ATTCCATAGCCGATTT-1,NHEJ-Deletion_NHEJ-Deletion,Insertion_MMEJ-Deletion,0.07109495,0.07040923,0.05887507,0.055459443,0.06768387,0.07226352,0.07091725,0.065534785,0.071050584,0.06277719,0.06917033,0.069608256,0.06922913,0.057802096,0.06812439
ACTGATGCAAGACGAC-1,HDR_NHEJ-Deletion,Insertion_MMEJ-Deletion,0.07109495,0.07040923,0.05887507,0.055459443,0.06768387,0.07226352,0.07091725,0.065534785,0.071050584,0.06277719,0.06917033,0.069608256,0.06922913,0.057802096,0.06812439
TCGCTCAGTACTCGAT-1,Insertion_WT,Insertion_MMEJ-Deletion,0.07109495,0.07040923,0.05887507,0.055459443,0.06768387,0.07226352,0.07091725,0.065534785,0.071050584,0.06277719,0.06917033,0.069608256,0.06922913,0.057802096,0.06812439
GGATCTACAATTCTTC-1,MMEJ-Deletion_MMEJ-Deletion,Insertion_MMEJ-Deletion,0.07109495,0.07040923,0.05887507,0.055459443,0.06768387,0.07226352,0.07091725,0.065534785,0.071050584,0.06277719,0.06917033,0.069608256,0.06922913,0.057802096,0.06812439
AAACGCTAGATTGTGA-4,NHEJ-Deletion_NHEJ-Deletion,Insertion_MMEJ-Deletion,0.07109495,0.07040923,0.05887507,0.055459443,0.06768387,0.07226352,0.07091725,0.065534785,0.071050584,0.06277719,0.06917033,0.069608256,0.06922913,0.057802096,0.06812439
CAACAGTAGGTTCCAT-1,Insertion_Insertion,Insertion_MMEJ-Deletion,0.07109495,0.07040923,0.05887507,0.055459443,0.06768387,0.07226352,0.07091725,0.065534785,0.071050584,0.06277719,0.06917033,0.069608256,0.06922913,0.057802096,0.06812439
ATCACGAGTTATTCTC-1,HDR_Insertion,Insertion_MMEJ-Deletion,0.07109495,0.07040923,0.05887507,0.055459443,0.06768387,0.07226352,0.07091725,0.065534785,0.071050584,0.06277719,0.06917033,0.069608256,0.06922913,0.057802096,0.06812439
GACGTTAAGAGAGCCT-1,Insertion_NHEJ-Deletion,Insertion_MMEJ-Deletion,0.07109495,0.07040923,0.05887507,0.055459443,0.06768387,0.07226352,0.07091725,0.065534785,0.071050584,0.06277719,0.06917033,0.069608256,0.06922913,0.057802096,0.06812439
AATAGAGTCGTTCCCA-1,Insertion_Insertion,Insertion_MMEJ-Deletion,0.07109495,0.07040923,0.05887507,0.055459443,0.06768387,0.07226352,0.07091725,0.065534785,0.071050584,0.06277719,0.06917033,0.069608256,0.06922913,0.057802096,0.06812439
AGCGCCATCGAATCCA-1,Insertion_Insertion,Insertion_MMEJ-Deletion,0.07109495,0.07040923,0.05887507,0.055459443,0.06768387,0.07226352,0.07091725,0.065534785,0.071050584,0.06277719,0.06917033,0.069608256,0.06922913,0.057802096,0.06812439
GTGCACGGTTTGGGAG-4,HDR_WT,Insertion_MMEJ-Deletion,0.07109495,0.07040923,0.05887507,0.055459443,0.06768387,0.07226352,0.07091725,0.065534785,0.071050584,0.06277719,0.06917033,0.069608256,0.06922913,0.057802096,0.06812439
CCTACGTAGGTTGCCC-1,MMEJ-Deletion_MMEJ-Deletion,Insertion_MMEJ-Deletion,0.07109495,0.07040923,0.05887507,0.055459443,0.06768387,0.07226352,0.07091725,0.065534785,0.071050584,0.06277719,0.06917033,0.069608256,0.06922913,0.057802096,0.06812439
AGTACTGAGCCATTCA-1,HDR_NHEJ-Deletion,Insertion_MMEJ-Deletion,0.07109495,0.07040923,0.05887507,0.055459443,0.06768387,0.07226352,0.07091725,0.065534785,0.071050584,0.06277719,0.06917033,0.069608256,0.06922913,0.057802096,0.06812439
GCCCGAAGTCGGATTT-1,Insertion_Insertion,Insertion_MMEJ-Deletion,0.07109495,0.07040923,0.05887507,0.055459443,0.06768387,0.07226352,0.07091725,0.065534785,0.071050584,0.06277719,0.06917033,0.069608256,0.06922913,0.057802096,0.06812439
GGGACAAGTTTGGGAG-1,Insertion_Insertion,Insertion_MMEJ-Deletion,0.07109495,0.07040923,0.05887507,0.055459443,0.06768387,0.07226352,0.07091725,0.065534785,0.071050584,0.06277719,0.06917033,0.069608256,0.06922913,0.057802096,0.06812439
CTGCCTATCTTCTAAC-4,HDR_NHEJ-Deletion,Insertion_MMEJ-Deletion,0.07109495,0.07040923,0.05887507,0.055459443,0.06768387,0.07226352,0.07091725,0.065534785,0.071050584,0.06277719,0.06917033,0.069608256,0.06922913,0.057802096,0.06812439
GATCAGTAGGTAAAGG-4,MMEJ-Deletion_NHEJ-Deletion,Insertion_MMEJ-Deletion,0.07109495,0.07040923,0.05887507,0.055459443,0.06768387,0.07226352,0.07091725,0.065534785,0.071050584,0.06277719,0.06917033,0.069608256,0.06922913,0.057802096,0.06812439
GATCACACAGGTTCCG-1,Insertion_Insertion,Insertion_MMEJ-Deletion,0.07109495,0.07040923,0.05887507,0.055459443,0.06768387,0.07226352,0.07091725,0.065534785,0.071050584,0.06277719,0.06917033,0.069608256,0.06922913,0.057802096,0.06812439
TCAGCAAGTACGTAGG-4,Insertion_WT,Insertion_MMEJ-Deletion,0.07109495,0.07040923,0.05887507,0.055459443,0.06768387,0.07226352,0.07091725,0.065534785,0.071050584,0.06277719,0.06917033,0.069608256,0.06922913,0.057802096,0.06812439
AGAAGTATCGAGAACG-1,NHEJ-Deletion_NHEJ-Deletion,Insertion_MMEJ-Deletion,0.07109495,0.07040923,0.05887507,0.055459443,0.06768387,0.07226352,0.07091725,0.065534785,0.071050584,0.06277719,0.06917033,0.069608256,0.06922913,0.057802096,0.06812439
TGGTAGTCAGAGATTA-1,Insertion_Insertion,Insertion_MMEJ-Deletion,0.07109495,0.07040923,0.05887507,0.055459443,0.06768387,0.07226352,0.07091725,0.065534785,0.071050584,0.06277719,0.06917033,0.069608256,0.06922913,0.057802096,0.06812439
GACCAATGTCATAAAG-1,Insertion_Insertion,Insertion_MMEJ-Deletion,0.07109495,0.07040923,0.05887507,0.055459443,0.06768387,0.07226352,0.07091725,0.065534785,0.071050584,0.06277719,0.06917033,0.069608256,0.06922913,0.057802096,0.06812439
TTTACTGGTGCATACT-4,NHEJ-Deletion_WT,Insertion_MMEJ-Deletion,0.07109495,0.07040923,0.05887507,0.055459443,0.06768387,0.07226352,0.07091725,0.065534785,0.071050584,0.06277719,0.06917033,0.069608256,0.06922913,0.057802096,0.06812439
GCCATGGCATTAAAGG-1,Insertion_NHEJ-Deletion,Insertion_MMEJ-Deletion,0.07109495,0.07040923,0.05887507,0.055459443,0.06768387,0.07226352,0.07091725,0.065534785,0.071050584,0.06277719,0.06917033,0.069608256,0.06922913,0.057802096,0.06812439
CCCGGAAGTCTGTCAA-4,HDR_Insertion,Insertion_MMEJ-Deletion,0.07109495,0.07040923,0.05887507,0.055459443,0.06768387,0.07226352,0.07091725,0.065534785,0.071050584,0.06277719,0.06917033,0.069608256,0.06922913,0.057802096,0.06812439
CCACAAATCTCTTAAC-1,Insertion_NHEJ-Deletion,Insertion_MMEJ-Deletion,0.07109495,0.07040923,0.05887507,0.055459443,0.06768387,0.07226352,0.07091725,0.065534785,0.071050584,0.06277719,0.06917033,0.069608256,0.06922913,0.057802096,0.06812439
GTAGAGGGTCAACGCC-4,HDR_HDR,Insertion_MMEJ-Deletion,0.07109495,0.07040923,0.05887507,0.055459443,0.06768387,0.07226352,0.07091725,0.065534785,0.071050584,0.06277719,0.06917033,0.069608256,0.06922913,0.057802096,0.06812439
TGTTCCGTCGCCATAA-4,Insertion_WT,Insertion_MMEJ-Deletion,0.07109495,0.07040923,0.05887507,0.055459443,0.06768387,0.07226352,0.07091725,0.065534785,0.071050584,0.06277719,0.06917033,0.069608256,0.06922913,0.057802096,0.06812439
ACTTTCACACTCGATA-1,Insertion_WT,Insertion_MMEJ-Deletion,0.07109495,0.07040923,0.05887507,0.055459443,0.06768387,0.07226352,0.07091725,0.065534785,0.071050584,0.06277719,0.06917033,0.069608256,0.06922913,0.057802096,0.06812439
TTAATCCCAGATGCGA-1,Insertion_Insertion,Insertion_MMEJ-Deletion,0.07109495,0.07040923,0.05887507,0.055459443,0.06768387,0.07226352,0.07091725,0.065534785,0.071050584,0.06277719,0.06917033,0.069608256,0.06922913,0.057802096,0.06812439
AGCCACGAGGGTACGT-1,MMEJ-Deletion_NHEJ-Deletion,Insertion_MMEJ-Deletion,0.07109495,0.07040923,0.05887507,0.055459443,0.06768387,0.07226352,0.07091725,0.065534785,0.071050584,0.06277719,0.06917033,0.069608256,0.06922913,0.057802096,0.06812439
TGGGATTAGTGTACAA-4,Insertion_Insertion,Insertion_MMEJ-Deletion,0.07109495,0.07040923,0.05887507,0.055459443,0.06768387,0.07226352,0.07091725,0.065534785,0.071050584,0.06277719,0.06917033,0.069608256,0.06922913,0.057802096,0.06812439
CTGCATCTCGAACCAT-1,HDR_Insertion,Insertion_MMEJ-Deletion,0.07109495,0.07040923,0.05887507,0.055459443,0.06768387,0.07226352,0.07091725,0.065534785,0.071050584,0.06277719,0.06917033,0.069608256,0.06922913,0.057802096,0.06812439
CATACAGTCCTGTAAG-1,Insertion_NHEJ-Deletion,Insertion_MMEJ-Deletion,0.07109495,0.07040923,0.05887507,0.055459443,0.06768387,0.07226352,0.07091725,0.065534785,0.071050584,0.06277719,0.06917033,0.069608256,0.06922913,0.057802096,0.06812439
GACTCAATCTCTATGT-1,Insertion_MMEJ-Deletion,Insertion_MMEJ-Deletion,0.07110433,0.07036788,0.058918975,0.055401746,0.067684874,0.07218496,0.070861034,0.06551187,0.07101312,0.0628155,0.06940636,0.06957625,0.06919,0.057902772,0.06806027
TTTCATGTCATGCCAA-1,Insertion_NHEJ-Deletion,Insertion_MMEJ-Deletion,0.07109495,0.07040923,0.05887507,0.055459443,0.06768387,0.07226352,0.07091725,0.065534785,0.071050584,0.06277719,0.06917033,0.069608256,0.06922913,0.057802096,0.06812439
CTCACTGGTATGCTAC-1,NHEJ-Deletion_WT,Insertion_MMEJ-Deletion,0.07109495,0.07040923,0.05887507,0.055459443,0.06768387,0.07226352,0.07091725,0.065534785,0.071050584,0.06277719,0.06917033,0.069608256,0.06922913,0.057802096,0.06812439
TATGTTCAGGTCCCGT-1,Insertion_WT,Insertion_MMEJ-Deletion,0.07109495,0.07040923,0.05887507,0.055459443,0.06768387,0.07226352,0.07091725,0.065534785,0.071050584,0.06277719,0.06917033,0.069608256,0.06922913,0.057802096,0.06812439
AGAAGTAAGTTCACTG-1,HDR_Insertion,Insertion_MMEJ-Deletion,0.07109495,0.07040923,0.05887507,0.055459443,0.06768387,0.07226352,0.07091725,0.065534785,0.071050584,0.06277719,0.06917033,0.069608256,0.06922913,0.057802096,0.06812439
AATGAAGTCGCCGAAC-1,HDR_Insertion,Insertion_MMEJ-Deletion,0.07109495,0.07040923,0.05887507,0.055459443,0.06768387,0.07226352,0.07091725,0.065534785,0.071050584,0.06277719,0.06917033,0.069608256,0.06922913,0.057802096,0.06812439
GATGACTGTTTCGTGA-1,Insertion_WT,Insertion_MMEJ-Deletion,0.07109495,0.07040923,0.05887507,0.055459443,0.06768387,0.07226352,0.07091725,0.065534785,0.071050584,0.06277719,0.06917033,0.069608256,0.06922913,0.057802096,0.06812439
ATCGATGAGACCAGAC-1,Insertion_WT,Insertion_MMEJ-Deletion,0.07109495,0.07040923,0.05887507,0.055459443,0.06768387,0.07226352,0.07091725,0.065534785,0.071050584,0.06277719,0.06917033,0.069608256,0.06922913,0.057802096,0.06812439
ATGGATCCATAGAAAC-1,NHEJ-Deletion_NHEJ-Deletion,Insertion_MMEJ-Deletion,0.07109495,0.07040923,0.05887507,0.055459443,0.06768387,0.07226352,0.07091725,0.065534785,0.071050584,0.06277719,0.06917033,0.069608256,0.06922913,0.057802096,0.06812439
AACGGGAAGGCGTTAG-1,Insertion_NHEJ-Deletion,Insertion_MMEJ-Deletion,0.07109495,0.07040923,0.05887507,0.055459443,0.06768387,0.07226352,0.07091725,0.065534785,0.071050584,0.06277719,0.06917033,0.069608256,0.06922913,0.057802096,0.06812439
CAATCGAAGTTGTCGT-1,Insertion_Insertion,Insertion_MMEJ-Deletion,0.07109495,0.07040923,0.05887507,0.055459443,0.06768387,0.07226352,0.07091725,0.065534785,0.071050584,0.06277719,0.06917033,0.069608256,0.06922913,0.057802096,0.06812439
AGAGCCCAGATTCGCT-4,Insertion_WT,Insertion_MMEJ-Deletion,0.07109495,0.07040923,0.05887507,0.055459443,0.06768387,0.07226352,0.07091725,0.065534785,0.071050584,0.06277719,0.06917033,0.069608256,0.06922913,0.057802096,0.06812439
AACAACCGTAGCACGA-1,Insertion_Insertion,Insertion_MMEJ-Deletion,0.07109495,0.07040923,0.05887507,0.055459443,0.06768387,0.07226352,0.07091725,0.065534785,0.071050584,0.06277719,0.06917033,0.069608256,0.06922913,0.057802096,0.06812439
CAGCAGCTCTGCTGAA-1,Insertion_Insertion,Insertion_MMEJ-Deletion,0.07109495,0.07040923,0.05887507,0.055459443,0.06768387,0.07226352,0.07091725,0.065534785,0.071050584,0.06277719,0.06917033,0.069608256,0.06922913,0.057802096,0.06812439
AAGACTCCAGCGAGTA-1,NHEJ-Deletion_NHEJ-Deletion,Insertion_MMEJ-Deletion,0.07109495,0.07040923,0.05887507,0.055459443,0.06768387,0.07226352,0.07091725,0.065534785,0.071050584,0.06277719,0.06917033,0.069608256,0.06922913,0.057802096,0.06812439
TTTGTTGTCGCTCCTA-1,Insertion_Insertion,Insertion_MMEJ-Deletion,0.07109495,0.07040923,0.05887507,0.055459443,0.06768387,0.07226352,0.07091725,0.065534785,0.071050584,0.06277719,0.06917033,0.069608256,0.06922913,0.057802096,0.06812439
TTCGATTGTGTTTACG-1,Insertion_WT,Insertion_MMEJ-Deletion,0.07109495,0.07040923,0.05887507,0.055459443,0.06768387,0.07226352,0.07091725,0.065534785,0.071050584,0.06277719,0.06917033,0.069608256,0.06922913,0.057802096,0.06812439
CTCTCGAAGACTTCCA-1,Insertion_WT,Insertion_MMEJ-Deletion,0.07109495,0.07040923,0.05887507,0.055459443,0.06768387,0.07226352,0.07091725,0.065534785,0.071050584,0.06277719,0.06917033,0.069608256,0.06922913,0.057802096,0.06812439
TGTCCACCATGACTCA-1,NHEJ-Deletion_WT,Insertion_MMEJ-Deletion,0.07109495,0.07040923,0.05887507,0.055459443,0.06768387,0.07226352,0.07091725,0.065534785,0.071050584,0.06277719,0.06917033,0.069608256,0.06922913,0.057802096,0.06812439
AGTCAACAGGGAGAAT-1,Insertion_NHEJ-Deletion,Insertion_MMEJ-Deletion,0.07109495,0.07040923,0.05887507,0.055459443,0.06768387,0.07226352,0.07091725,0.065534785,0.071050584,0.06277719,0.06917033,0.069608256,0.06922913,0.057802096,0.06812439
GTAGCTACAGCGGATA-1,Insertion_Insertion,Insertion_MMEJ-Deletion,0.07109495,0.07040923,0.05887507,0.055459443,0.06768387,0.07226352,0.07091725,0.065534785,0.071050584,0.06277719,0.06917033,0.069608256,0.06922913,0.057802096,0.06812439
AGTAGTCCAATCGCGC-1,Insertion_Insertion,Insertion_MMEJ-Deletion,0.07109495,0.07040923,0.05887507,0.055459443,0.06768387,0.07226352,0.07091725,0.065534785,0.071050584,0.06277719,0.06917033,0.069608256,0.06922913,0.057802096,0.06812439
CAGATTGTCCGTGCGA-1,Insertion_Insertion,Insertion_MMEJ-Deletion,0.07109495,0.07040923,0.05887507,0.055459443,0.06768387,0.07226352,0.07091725,0.065534785,0.071050584,0.06277719,0.06917033,0.069608256,0.06922913,0.057802096,0.06812439
GCCGTGAGTGGATTTC-1,Insertion_Insertion,Insertion_MMEJ-Deletion,0.07109495,0.07040923,0.05887507,0.055459443,0.06768387,0.07226352,0.07091725,0.065534785,0.071050584,0.06277719,0.06917033,0.069608256,0.06922913,0.057802096,0.06812439
TGTTCATTCGAAGAAT-4,Insertion_NHEJ-Deletion,Insertion_MMEJ-Deletion,0.07109495,0.07040923,0.05887507,0.055459443,0.06768387,0.07226352,0.07091725,0.065534785,0.071050584,0.06277719,0.06917033,0.069608256,0.06922913,0.057802096,0.06812439
GTGGAGAGTCCACATA-4,NHEJ-Deletion_WT,Insertion_MMEJ-Deletion,0.07109495,0.07040923,0.05887507,0.055459443,0.06768387,0.07226352,0.07091725,0.065534785,0.071050584,0.06277719,0.06917033,0.069608256,0.06922913,0.057802096,0.06812439
GCATTAGGTCAGGAGT-1,NHEJ-Deletion_NHEJ-Deletion,Insertion_MMEJ-Deletion,0.07109495,0.07040923,0.05887507,0.055459443,0.06768387,0.07226352,0.07091725,0.065534785,0.071050584,0.06277719,0.06917033,0.069608256,0.06922913,0.057802096,0.06812439
CTGAATGTCAACACGT-1,NHEJ-Deletion_NHEJ-Deletion,Insertion_MMEJ-Deletion,0.07109495,0.07040923,0.05887507,0.055459443,0.06768387,0.07226352,0.07091725,0.065534785,0.071050584,0.06277719,0.06917033,0.069608256,0.06922913,0.057802096,0.06812439
ATCGTAGTCCTTATAC-4,NHEJ-Deletion_WT,Insertion_MMEJ-Deletion,0.07109495,0.07040923,0.05887507,0.055459443,0.06768387,0.07226352,0.07091725,0.065534785,0.071050584,0.06277719,0.06917033,0.069608256,0.06922913,0.057802096,0.06812439
GTCTGTCTCTGGACTA-1,Insertion_MMEJ-Deletion,Insertion_MMEJ-Deletion,0.07109495,0.07040923,0.05887507,0.055459443,0.06768387,0.07226352,0.07091725,0.065534785,0.071050584,0.06277719,0.06917033,0.069608256,0.06922913,0.057802096,0.06812439
AAAGAACTCCATAGAC-4,NHEJ-Deletion_WT,Insertion_MMEJ-Deletion,0.07109495,0.07040923,0.05887507,0.055459443,0.06768387,0.07226352,0.07091725,0.065534785,0.071050584,0.06277719,0.06917033,0.069608256,0.06922913,0.057802096,0.06812439
ACGGAAGCACGCTATA-4,Insertion_NHEJ-Deletion,Insertion_MMEJ-Deletion,0.07109495,0.07040923,0.05887507,0.055459443,0.06768387,0.07226352,0.07091725,0.065534785,0.071050584,0.06277719,0.06917033,0.069608256,0.06922913,0.057802096,0.06812439
TCATGGACATAACTCG-1,HDR_HDR,Insertion_MMEJ-Deletion,0.07109495,0.07040923,0.05887507,0.055459443,0.06768387,0.07226352,0.07091725,0.065534785,0.071050584,0.06277719,0.06917033,0.069608256,0.06922913,0.057802096,0.06812439
ACCATTTAGAGCCGAT-4,NHEJ-Deletion_NHEJ-Deletion,Insertion_MMEJ-Deletion,0.07109495,0.07040923,0.05887507,0.055459443,0.06768387,0.07226352,0.07091725,0.065534785,0.071050584,0.06277719,0.06917033,0.069608256,0.06922913,0.057802096,0.06812439
GGGCTACTCCACTTTA-1,NHEJ-Deletion_WT,Insertion_MMEJ-Deletion,0.07109495,0.07040923,0.05887507,0.055459443,0.06768387,0.07226352,0.07091725,0.065534785,0.071050584,0.06277719,0.06917033,0.069608256,0.06922913,0.057802096,0.06812439
CGATCGGGTGTCCAAT-1,Insertion_WT,Insertion_MMEJ-Deletion,0.07109495,0.07040923,0.05887507,0.055459443,0.06768387,0.07226352,0.07091725,0.065534785,0.071050584,0.06277719,0.06917033,0.069608256,0.06922913,0.057802096,0.06812439
GCGTGCAAGACTACGG-1,HDR_Insertion,Insertion_MMEJ-Deletion,0.07109495,0.07040923,0.05887507,0.055459443,0.06768387,0.07226352,0.07091725,0.065534785,0.071050584,0.06277719,0.06917033,0.069608256,0.06922913,0.057802096,0.06812439
GATGACTCAAACTGCT-1,HDR_WT,Insertion_MMEJ-Deletion,0.07109495,0.07040923,0.05887507,0.055459443,0.06768387,0.07226352,0.07091725,0.065534785,0.071050584,0.06277719,0.06917033,0.069608256,0.06922913,0.057802096,0.06812439
TCAGGGCCAATGGCAG-1,NHEJ-Deletion_NHEJ-Deletion,Insertion_MMEJ-Deletion,0.07109495,0.07040923,0.05887507,0.055459443,0.06768387,0.07226352,0.07091725,0.065534785,0.071050584,0.06277719,0.06917033,0.069608256,0.06922913,0.057802096,0.06812439
CCTCATGCATTGACTG-4,Insertion_Insertion,Insertion_MMEJ-Deletion,0.07109495,0.07040923,0.05887507,0.055459443,0.06768387,0.07226352,0.07091725,0.065534785,0.071050584,0.06277719,0.06917033,0.069608256,0.06922913,0.057802096,0.06812439
CATAAGCCATATGAAG-1,Insertion_WT,Insertion_MMEJ-Deletion,0.07109495,0.07040923,0.05887507,0.055459443,0.06768387,0.07226352,0.07091725,0.065534785,0.071050584,0.06277719,0.06917033,0.069608256,0.06922913,0.057802096,0.06812439
CACAACATCAGCCTCT-4,NHEJ-Deletion_NHEJ-Deletion,Insertion_MMEJ-Deletion,0.07109495,0.07040923,0.05887507,0.055459443,0.06768387,0.07226352,0.07091725,0.065534785,0.071050584,0.06277719,0.06917033,0.069608256,0.06922913,0.057802096,0.06812439
CTACGGGTCCAACCAA-1,Insertion_WT,Insertion_MMEJ-Deletion,0.07109495,0.07040923,0.05887507,0.055459443,0.06768387,0.07226352,0.07091725,0.065534785,0.071050584,0.06277719,0.06917033,0.069608256,0.06922913,0.057802096,0.06812439
TTCACCGCACCGTGAC-1,HDR_Insertion,Insertion_MMEJ-Deletion,0.07109495,0.07040923,0.05887507,0.055459443,0.06768387,0.07226352,0.07091725,0.065534785,0.071050584,0.06277719,0.06917033,0.069608256,0.06922913,0.057802096,0.06812439
CCAATTTGTTGGGTAG-1,Insertion_Insertion,Insertion_MMEJ-Deletion,0.07109495,0.07040923,0.05887507,0.055459443,0.06768387,0.07226352,0.07091725,0.065534785,0.071050584,0.06277719,0.06917033,0.069608256,0.06922913,0.057802096,0.06812439
AATCGACGTCCAGAAG-4,Insertion_NHEJ-Deletion,Insertion_MMEJ-Deletion,0.07109495,0.07040923,0.05887507,0.055459443,0.06768387,0.07226352,0.07091725,0.065534785,0.071050584,0.06277719,0.06917033,0.069608256,0.06922913,0.057802096,0.06812439
CTCTGGTAGCAACTTC-1,Insertion_WT,Insertion_MMEJ-Deletion,0.07109495,0.07040923,0.05887507,0.055459443,0.06768387,0.07226352,0.07091725,0.065534785,0.071050584,0.06277719,0.06917033,0.069608256,0.06922913,0.057802096,0.06812439
GAGAAATGTAGTATAG-1,HDR_HDR,Insertion_MMEJ-Deletion,0.07109495,0.07040923,0.05887507,0.055459443,0.06768387,0.07226352,0.07091725,0.065534785,0.071050584,0.06277719,0.06917033,0.069608256,0.06922913,0.057802096,0.06812439
CGTGATAAGTCAATCC-4,NHEJ-Deletion_WT,Insertion_MMEJ-Deletion,0.07109495,0.07040923,0.05887507,0.055459443,0.06768387,0.07226352,0.07091725,0.065534785,0.071050584,0.06277719,0.06917033,0.069608256,0.06922913,0.057802096,0.06812439
AGTTCCCGTTAAGCAA-1,NHEJ-Deletion_NHEJ-Deletion,Insertion_MMEJ-Deletion,0.07109495,0.07040923,0.05887507,0.055459443,0.06768387,0.07226352,0.07091725,0.065534785,0.071050584,0.06277719,0.06917033,0.069608256,0.06922913,0.057802096,0.06812439
TTTCCTCTCCCTTGTG-4,Insertion_NHEJ-Deletion,Insertion_MMEJ-Deletion,0.07109495,0.07040923,0.05887507,0.055459443,0.06768387,0.07226352,0.07091725,0.065534785,0.071050584,0.06277719,0.06917033,0.069608256,0.06922913,0.057802096,0.06812439
TCAAGACAGAACGCGT-1,Insertion_Insertion,Insertion_MMEJ-Deletion,0.07109495,0.07040923,0.05887507,0.055459443,0.06768387,0.07226352,0.07091725,0.065534785,0.071050584,0.06277719,0.06917033,0.069608256,0.06922913,0.057802096,0.06812439
TGCACGGGTTGGACTT-4,Insertion_WT,Insertion_MMEJ-Deletion,0.07109495,0.07040923,0.05887507,0.055459443,0.06768387,0.07226352,0.07091725,0.065534785,0.071050584,0.06277719,0.06917033,0.069608256,0.06922913,0.057802096,0.06812439
AGAACAAAGAAGGGAT-1,HDR_Insertion,Insertion_MMEJ-Deletion,0.07109495,0.07040923,0.05887507,0.055459443,0.06768387,0.07226352,0.07091725,0.065534785,0.071050584,0.06277719,0.06917033,0.069608256,0.06922913,0.057802096,0.06812439
TACCCACCACTATGTG-1,NHEJ-Deletion_WT,Insertion_MMEJ-Deletion,0.07109495,0.07040923,0.05887507,0.055459443,0.06768387,0.07226352,0.07091725,0.065534785,0.071050584,0.06277719,0.06917033,0.069608256,0.06922913,0.057802096,0.06812439
GAGAGGTTCACGGGAA-1,Insertion_NHEJ-Deletion,Insertion_MMEJ-Deletion,0.07109495,0.07040923,0.05887507,0.055459443,0.06768387,0.07226352,0.07091725,0.065534785,0.071050584,0.06277719,0.06917033,0.069608256,0.06922913,0.057802096,0.06812439
GACTTCCGTACGGCAA-1,NHEJ-Deletion_WT,Insertion_MMEJ-Deletion,0.07109495,0.07040923,0.05887507,0.055459443,0.06768387,0.07226352,0.07091725,0.065534785,0.071050584,0.06277719,0.06917033,0.069608256,0.06922913,0.057802096,0.06812439
TCAGCCTTCATTTGTC-1,NHEJ-Deletion_NHEJ-Deletion,Insertion_MMEJ-Deletion,0.07109495,0.07040923,0.05887507,0.055459443,0.06768387,0.07226352,0.07091725,0.065534785,0.071050584,0.06277719,0.06917033,0.069608256,0.06922913,0.057802096,0.06812439
ACGGGTCAGGTTAAAC-4,NHEJ-Deletion_NHEJ-Deletion,Insertion_MMEJ-Deletion,0.07109495,0.07040923,0.05887507,0.055459443,0.06768387,0.07226352,0.07091725,0.065534785,0.071050584,0.06277719,0.06917033,0.069608256,0.06922913,0.057802096,0.06812439
GACGTTAGTTCTTGTT-1,Insertion_MMEJ-Deletion,Insertion_MMEJ-Deletion,0.07109495,0.07040923,0.05887507,0.055459443,0.06768387,0.07226352,0.07091725,0.065534785,0.071050584,0.06277719,0.06917033,0.069608256,0.06922913,0.057802096,0.06812439
AATGGAACAGCAGTAG-1,Insertion_Insertion,Insertion_MMEJ-Deletion,0.07109495,0.07040923,0.05887507,0.055459443,0.06768387,0.07226352,0.07091725,0.065534785,0.071050584,0.06277719,0.06917033,0.069608256,0.06922913,0.057802096,0.06812439
CACAACAGTAGTGATA-4,Insertion_NHEJ-Deletion,Insertion_MMEJ-Deletion,0.07109495,0.07040923,0.05887507,0.055459443,0.06768387,0.07226352,0.07091725,0.065534785,0.071050584,0.06277719,0.06917033,0.069608256,0.06922913,0.057802096,0.06812439
ATCGTGAGTGGTTCTA-1,NHEJ-Deletion_SV,Insertion_MMEJ-Deletion,0.07109495,0.07040923,0.05887507,0.055459443,0.06768387,0.07226352,0.07091725,0.065534785,0.071050584,0.06277719,0.06917033,0.069608256,0.06922913,0.057802096,0.06812439
GCACGGTGTTGCCAAT-1,Insertion_NHEJ-Deletion,Insertion_MMEJ-Deletion,0.07109495,0.07040923,0.05887507,0.055459443,0.06768387,0.07226352,0.07091725,0.065534785,0.071050584,0.06277719,0.06917033,0.069608256,0.06922913,0.057802096,0.06812439
TTGACCCCATCTGTTT-4,Insertion_WT,Insertion_MMEJ-Deletion,0.07109495,0.07040923,0.05887507,0.055459443,0.06768387,0.07226352,0.07091725,0.065534785,0.071050584,0.06277719,0.06917033,0.069608256,0.06922913,0.057802096,0.06812439
CGATGGCGTACAGAGC-1,NHEJ-Deletion_WT,Insertion_MMEJ-Deletion,0.07109495,0.07040923,0.05887507,0.055459443,0.06768387,0.07226352,0.07091725,0.065534785,0.071050584,0.06277719,0.06917033,0.069608256,0.06922913,0.057802096,0.06812439
CTCTGGTCATGACACT-1,HDR_Insertion,Insertion_MMEJ-Deletion,0.07109495,0.07040923,0.05887507,0.055459443,0.06768387,0.07226352,0.07091725,0.065534785,0.071050584,0.06277719,0.06917033,0.069608256,0.06922913,0.057802096,0.06812439
TTTACGTCATGGCCAC-1,Insertion_Insertion,Insertion_MMEJ-Deletion,0.07109495,0.07040923,0.05887507,0.055459443,0.06768387,0.07226352,0.07091725,0.065534785,0.071050584,0.06277719,0.06917033,0.069608256,0.06922913,0.057802096,0.06812439
GTAGAGGGTTGGTGTT-4,Insertion_Insertion,Insertion_MMEJ-Deletion,0.07109495,0.07040923,0.05887507,0.055459443,0.06768387,0.07226352,0.07091725,0.065534785,0.071050584,0.06277719,0.06917033,0.069608256,0.06922913,0.057802096,0.06812439
AGTCTCCTCATCACTT-1,Insertion_MMEJ-Deletion,Insertion_MMEJ-Deletion,0.07109495,0.07040923,0.05887507,0.055459443,0.06768387,0.07226352,0.07091725,0.065534785,0.071050584,0.06277719,0.06917033,0.069608256,0.06922913,0.057802096,0.06812439
TACCCGTAGGGTGGGA-1,HDR_Insertion,Insertion_MMEJ-Deletion,0.07109495,0.07040923,0.05887507,0.055459443,0.06768387,0.07226352,0.07091725,0.065534785,0.071050584,0.06277719,0.06917033,0.069608256,0.06922913,0.057802096,0.06812439
AAGACTCAGGAGGCAG-1,Insertion_MMEJ-Deletion,Insertion_MMEJ-Deletion,0.07109495,0.07040923,0.05887507,0.055459443,0.06768387,0.07226352,0.07091725,0.065534785,0.071050584,0.06277719,0.06917033,0.069608256,0.06922913,0.057802096,0.06812439
CGGGCATCACCTATCC-4,Insertion_NHEJ-Deletion,Insertion_MMEJ-Deletion,0.07109495,0.07040923,0.05887507,0.055459443,0.06768387,0.07226352,0.07091725,0.065534785,0.071050584,0.06277719,0.06917033,0.069608256,0.06922913,0.057802096,0.06812439
GACTCTCCAATACCTG-1,Insertion_NHEJ-Deletion,Insertion_MMEJ-Deletion,0.07109495,0.07040923,0.05887507,0.055459443,0.06768387,0.07226352,0.07091725,0.065534785,0.071050584,0.06277719,0.06917033,0.069608256,0.06922913,0.057802096,0.06812439
CGGAGAAAGCAGCAGT-1,Insertion_NHEJ-Deletion,Insertion_MMEJ-Deletion,0.07109495,0.07040923,0.05887507,0.055459443,0.06768387,0.07226352,0.07091725,0.065534785,0.071050584,0.06277719,0.06917033,0.069608256,0.06922913,0.057802096,0.06812439
GAACTGTTCACCATCC-4,NHEJ-Deletion_WT,Insertion_MMEJ-Deletion,0.07109495,0.07040923,0.05887507,0.055459443,0.06768387,0.07226352,0.07091725,0.065534785,0.071050584,0.06277719,0.06917033,0.069608256,0.06922913,0.057802096,0.06812439
GTATTGGTCGGCCAAC-1,NHEJ-Deletion_NHEJ-Deletion,Insertion_MMEJ-Deletion,0.07109495,0.07040923,0.05887507,0.055459443,0.06768387,0.07226352,0.07091725,0.065534785,0.071050584,0.06277719,0.06917033,0.069608256,0.06922913,0.057802096,0.06812439
TGTCCCAAGCCAGAGT-4,HDR_Insertion,Insertion_MMEJ-Deletion,0.07109495,0.07040923,0.05887507,0.055459443,0.06768387,0.07226352,0.07091725,0.065534785,0.071050584,0.06277719,0.06917033,0.069608256,0.06922913,0.057802096,0.06812439
CGCGTGAAGATCCCGC-1,HDR_Insertion,Insertion_MMEJ-Deletion,0.07109495,0.07040923,0.05887507,0.055459443,0.06768387,0.07226352,0.07091725,0.065534785,0.071050584,0.06277719,0.06917033,0.069608256,0.06922913,0.057802096,0.06812439
AGAACAAGTTTCGTTT-1,NHEJ-Deletion_NHEJ-Deletion,Insertion_MMEJ-Deletion,0.07109495,0.07040923,0.05887507,0.055459443,0.06768387,0.07226352,0.07091725,0.065534785,0.071050584,0.06277719,0.06917033,0.069608256,0.06922913,0.057802096,0.06812439
AGAGCAGTCAACTGAC-1,NHEJ-Deletion_NHEJ-Deletion,Insertion_MMEJ-Deletion,0.07109495,0.07040923,0.05887507,0.055459443,0.06768387,0.07226352,0.07091725,0.065534785,0.071050584,0.06277719,0.06917033,0.069608256,0.06922913,0.057802096,0.06812439
CTCGAGGGTGGCCACT-1,Insertion_Insertion,Insertion_MMEJ-Deletion,0.07109495,0.07040923,0.05887507,0.055459443,0.06768387,0.07226352,0.07091725,0.065534785,0.071050584,0.06277719,0.06917033,0.069608256,0.06922913,0.057802096,0.06812439
GATGTTGGTCTTACAG-4,NHEJ-Deletion_NHEJ-Deletion,Insertion_MMEJ-Deletion,0.07109495,0.07040923,0.05887507,0.055459443,0.06768387,0.07226352,0.07091725,0.065534785,0.071050584,0.06277719,0.06917033,0.069608256,0.06922913,0.057802096,0.06812439
CAATCGAGTCGATTTG-1,NHEJ-Deletion_NHEJ-Deletion,Insertion_MMEJ-Deletion,0.07109495,0.07040923,0.05887507,0.055459443,0.06768387,0.07226352,0.07091725,0.065534785,0.071050584,0.06277719,0.06917033,0.069608256,0.06922913,0.057802096,0.06812439
AAACCCAGTCCATAGT-1,Insertion_NHEJ-Deletion,Insertion_MMEJ-Deletion,0.07109495,0.07040923,0.05887507,0.055459443,0.06768387,0.07226352,0.07091725,0.065534785,0.071050584,0.06277719,0.06917033,0.069608256,0.06922913,0.057802096,0.06812439
TATCAGGGTGAGTAAT-1,HDR_Insertion,Insertion_MMEJ-Deletion,0.07109495,0.07040923,0.05887507,0.055459443,0.06768387,0.07226352,0.07091725,0.065534785,0.071050584,0.06277719,0.06917033,0.069608256,0.06922913,0.057802096,0.06812439
AAACGAACATGTGTCA-1,Insertion_Insertion,Insertion_MMEJ-Deletion,0.07109495,0.07040923,0.05887507,0.055459443,0.06768387,0.07226352,0.07091725,0.065534785,0.071050584,0.06277719,0.06917033,0.069608256,0.06922913,0.057802096,0.06812439
ATACCGAAGCCAACCC-1,Insertion_Insertion,Insertion_MMEJ-Deletion,0.07109495,0.07040923,0.05887507,0.055459443,0.06768387,0.07226352,0.07091725,0.065534785,0.071050584,0.06277719,0.06917033,0.069608256,0.06922913,0.057802096,0.06812439
CGTAGTATCAGTCCGG-1,NHEJ-Deletion_NHEJ-Deletion,Insertion_MMEJ-Deletion,0.07109495,0.07040923,0.05887507,0.055459443,0.06768387,0.07226352,0.07091725,0.065534785,0.071050584,0.06277719,0.06917033,0.069608256,0.06922913,0.057802096,0.06812439
CAGCAATCACTTCAGA-1,Insertion_NHEJ-Deletion,Insertion_MMEJ-Deletion,0.07109495,0.07040923,0.05887507,0.055459443,0.06768387,0.07226352,0.07091725,0.065534785,0.071050584,0.06277719,0.06917033,0.069608256,0.06922913,0.057802096,0.06812439
AGACTCACAAGCGAAC-1,HDR_HDR,Insertion_MMEJ-Deletion,0.07109495,0.07040923,0.05887507,0.055459443,0.06768387,0.07226352,0.07091725,0.065534785,0.071050584,0.06277719,0.06917033,0.069608256,0.06922913,0.057802096,0.06812439
AGGAAATGTGTCACAT-1,Insertion_Insertion,Insertion_MMEJ-Deletion,0.07109495,0.07040923,0.05887507,0.055459443,0.06768387,0.07226352,0.07091725,0.065534785,0.071050584,0.06277719,0.06917033,0.069608256,0.06922913,0.057802096,0.06812439
TATTCCACATCGAAGG-1,HDR_Insertion,Insertion_MMEJ-Deletion,0.07109495,0.07040923,0.05887507,0.055459443,0.06768387,0.07226352,0.07091725,0.065534785,0.071050584,0.06277719,0.06917033,0.069608256,0.06922913,0.057802096,0.06812439
CCCTCAAAGTATCCTG-1,NHEJ-Deletion_SV,Insertion_MMEJ-Deletion,0.07109495,0.07040923,0.05887507,0.055459443,0.06768387,0.07226352,0.07091725,0.065534785,0.071050584,0.06277719,0.06917033,0.069608256,0.06922913,0.057802096,0.06812439
TGCGATAAGTTCCGTA-1,NHEJ-Deletion_NHEJ-Deletion,Insertion_MMEJ-Deletion,0.07109495,0.07040923,0.05887507,0.055459443,0.06768387,0.07226352,0.07091725,0.065534785,0.071050584,0.06277719,0.06917033,0.069608256,0.06922913,0.057802096,0.06812439
TGAGACTAGCAGTACG-1,NHEJ-Deletion_SV,Insertion_MMEJ-Deletion,0.07109495,0.07040923,0.05887507,0.055459443,0.06768387,0.07226352,0.07091725,0.065534785,0.071050584,0.06277719,0.06917033,0.069608256,0.06922913,0.057802096,0.06812439
TTCACCGTCCACCTGT-1,MMEJ-Deletion_NHEJ-Deletion,Insertion_MMEJ-Deletion,0.07109495,0.07040923,0.05887507,0.055459443,0.06768387,0.07226352,0.07091725,0.065534785,0.071050584,0.06277719,0.06917033,0.069608256,0.06922913,0.057802096,0.06812439
GTAGAAATCCATGCAA-4,Insertion_Insertion,Insertion_MMEJ-Deletion,0.07109495,0.07040923,0.05887507,0.055459443,0.06768387,0.07226352,0.07091725,0.065534785,0.071050584,0.06277719,0.06917033,0.069608256,0.06922913,0.057802096,0.06812439
TCAGGTATCCAAGCAT-1,Insertion_NHEJ-Deletion,Insertion_MMEJ-Deletion,0.07109495,0.07040923,0.05887507,0.055459443,0.06768387,0.07226352,0.07091725,0.065534785,0.071050584,0.06277719,0.06917033,0.069608256,0.06922913,0.057802096,0.06812439
TTACCGCGTGGCGTAA-1,Insertion_Insertion,Insertion_MMEJ-Deletion,0.07109495,0.07040923,0.05887507,0.055459443,0.06768387,0.07226352,0.07091725,0.065534785,0.071050584,0.06277719,0.06917033,0.069608256,0.06922913,0.057802096,0.06812439
AAAGAACTCCATGCAA-1,HDR_NHEJ-Deletion,Insertion_MMEJ-Deletion,0.07109495,0.07040923,0.05887507,0.055459443,0.06768387,0.07226352,0.07091725,0.065534785,0.071050584,0.06277719,0.06917033,0.069608256,0.06922913,0.057802096,0.06812439
AGTCATGGTTAAGCAA-1,HDR_NHEJ-Deletion,Insertion_MMEJ-Deletion,0.07109495,0.07040923,0.05887507,0.055459443,0.06768387,0.07226352,0.07091725,0.065534785,0.071050584,0.06277719,0.06917033,0.069608256,0.06922913,0.057802096,0.06812439
TAACTTCAGATTGACA-1,MMEJ-Deletion_WT,Insertion_MMEJ-Deletion,0.07109495,0.07040923,0.05887507,0.055459443,0.06768387,0.07226352,0.07091725,0.065534785,0.071050584,0.06277719,0.06917033,0.069608256,0.06922913,0.057802096,0.06812439
CACAGATGTCGTGCCA-4,Insertion_Insertion,Insertion_MMEJ-Deletion,0.07109495,0.07040923,0.05887507,0.055459443,0.06768387,0.07226352,0.07091725,0.065534785,0.071050584,0.06277719,0.06917033,0.069608256,0.06922913,0.057802096,0.06812439
CGGAACCAGCAATTCC-1,Insertion_Insertion,Insertion_MMEJ-Deletion,0.07109495,0.07040923,0.05887507,0.055459443,0.06768387,0.07226352,0.07091725,0.065534785,0.071050584,0.06277719,0.06917033,0.069608256,0.06922913,0.057802096,0.06812439
TCAGGGCCACCCAACG-1,NHEJ-Deletion_WT,Insertion_MMEJ-Deletion,0.07109495,0.07040923,0.05887507,0.055459443,0.06768387,0.07226352,0.07091725,0.065534785,0.071050584,0.06277719,0.06917033,0.069608256,0.06922913,0.057802096,0.06812439
GTGTCCTAGGCAGCTA-1,Insertion_Insertion,Insertion_MMEJ-Deletion,0.07109495,0.07040923,0.05887507,0.055459443,0.06768387,0.07226352,0.07091725,0.065534785,0.071050584,0.06277719,0.06917033,0.069608256,0.06922913,0.057802096,0.06812439
ACATTTCTCATGCCGG-1,NHEJ-Deletion_WT,HDR_WT,0.06622762,0.06104315,0.056508053,0.099926285,0.058119427,0.06610619,0.05976116,0.059782572,0.061876364,0.07707569,0.069494165,0.074117735,0.060958188,0.07050028,0.058503196
CACGAATCACGTAGTT-4,Insertion_WT,Insertion_MMEJ-Deletion,0.07109495,0.07040923,0.05887507,0.055459443,0.06768387,0.07226352,0.07091725,0.065534785,0.071050584,0.06277719,0.06917033,0.069608256,0.06922913,0.057802096,0.06812439
GACGTTAGTATTGAGA-4,HDR_WT,Insertion_MMEJ-Deletion,0.07109495,0.07040923,0.05887507,0.055459443,0.06768387,0.07226352,0.07091725,0.065534785,0.071050584,0.06277719,0.06917033,0.069608256,0.06922913,0.057802096,0.06812439
TCTATCAAGAAGAGCA-1,Insertion_MMEJ-Deletion,Insertion_MMEJ-Deletion,0.07109495,0.07040923,0.05887507,0.055459443,0.06768387,0.07226352,0.07091725,0.065534785,0.071050584,0.06277719,0.06917033,0.069608256,0.06922913,0.057802096,0.06812439
GTAGGAGGTGTCGCTG-1,HDR_HDR,Insertion_MMEJ-Deletion,0.07109495,0.07040923,0.05887507,0.055459443,0.06768387,0.07226352,0.07091725,0.065534785,0.071050584,0.06277719,0.06917033,0.069608256,0.06922913,0.057802096,0.06812439
GACACGCGTGTTATCG-1,HDR_HDR,Insertion_MMEJ-Deletion,0.07109495,0.07040923,0.05887507,0.055459443,0.06768387,0.07226352,0.07091725,0.065534785,0.071050584,0.06277719,0.06917033,0.069608256,0.06922913,0.057802096,0.06812439
GAGCCTGAGTCCGCCA-1,NHEJ-Deletion_NHEJ-Deletion,Insertion_MMEJ-Deletion,0.07109495,0.07040923,0.05887507,0.055459443,0.06768387,0.07226352,0.07091725,0.065534785,0.071050584,0.06277719,0.06917033,0.069608256,0.06922913,0.057802096,0.06812439
TTGCCTGCACTAGAGG-1,HDR_Insertion,Insertion_MMEJ-Deletion,0.07109495,0.07040923,0.05887507,0.055459443,0.06768387,0.07226352,0.07091725,0.065534785,0.071050584,0.06277719,0.06917033,0.069608256,0.06922913,0.057802096,0.06812439
TGCGGCATCATGCGGC-4,HDR_WT,Insertion_MMEJ-Deletion,0.07109495,0.07040923,0.05887507,0.055459443,0.06768387,0.07226352,0.07091725,0.065534785,0.071050584,0.06277719,0.06917033,0.069608256,0.06922913,0.057802096,0.06812439
ACACAGTCAACAGCTT-1,Insertion_Insertion,Insertion_MMEJ-Deletion,0.07109495,0.07040923,0.05887507,0.055459443,0.06768387,0.07226352,0.07091725,0.065534785,0.071050584,0.06277719,0.06917033,0.069608256,0.06922913,0.057802096,0.06812439
GCCGATGAGAACGCGT-1,Insertion_WT,Insertion_MMEJ-Deletion,0.07109495,0.07040923,0.05887507,0.055459443,0.06768387,0.07226352,0.07091725,0.065534785,0.071050584,0.06277719,0.06917033,0.069608256,0.06922913,0.057802096,0.06812439
GGTAATCAGTCTCGTA-1,HDR_Insertion,Insertion_MMEJ-Deletion,0.07109495,0.07040923,0.05887507,0.055459443,0.06768387,0.07226352,0.07091725,0.065534785,0.071050584,0.06277719,0.06917033,0.069608256,0.06922913,0.057802096,0.06812439
CAGAGCCTCGACATTG-1,HDR_HDR,Insertion_MMEJ-Deletion,0.07109495,0.07040923,0.05887507,0.055459443,0.06768387,0.07226352,0.07091725,0.065534785,0.071050584,0.06277719,0.06917033,0.069608256,0.06922913,0.057802096,0.06812439
CTGGCAGTCGACGCGT-4,NHEJ-Deletion_NHEJ-Deletion,Insertion_MMEJ-Deletion,0.07109495,0.07040923,0.05887507,0.055459443,0.06768387,0.07226352,0.07091725,0.065534785,0.071050584,0.06277719,0.06917033,0.069608256,0.06922913,0.057802096,0.06812439
CGGACACAGGTGATCG-1,Insertion_WT,Insertion_MMEJ-Deletion,0.07109495,0.07040923,0.05887507,0.055459443,0.06768387,0.07226352,0.07091725,0.065534785,0.071050584,0.06277719,0.06917033,0.069608256,0.06922913,0.057802096,0.06812439
ACCTGAAGTAGCTTAC-1,HDR_HDR,Insertion_MMEJ-Deletion,0.07109495,0.07040923,0.05887507,0.055459443,0.06768387,0.07226352,0.07091725,0.065534785,0.071050584,0.06277719,0.06917033,0.069608256,0.06922913,0.057802096,0.06812439
TCTACATCATGCACTA-4,HDR_WT,Insertion_MMEJ-Deletion,0.07109495,0.07040923,0.05887507,0.055459443,0.06768387,0.07226352,0.07091725,0.065534785,0.071050584,0.06277719,0.06917033,0.069608256,0.06922913,0.057802096,0.06812439
GTGGCGTTCTTTGGAG-1,Insertion_SV,Insertion_MMEJ-Deletion,0.07109495,0.07040923,0.05887507,0.055459443,0.06768387,0.07226352,0.07091725,0.065534785,0.071050584,0.06277719,0.06917033,0.069608256,0.06922913,0.057802096,0.06812439
CTTAGGAAGGGACTGT-1,Insertion_WT,Insertion_MMEJ-Deletion,0.07109495,0.07040923,0.05887507,0.055459443,0.06768387,0.07226352,0.07091725,0.065534785,0.071050584,0.06277719,0.06917033,0.069608256,0.06922913,0.057802096,0.06812439
GTAGGAGGTTACAGCT-1,HDR_HDR,Insertion_MMEJ-Deletion,0.07109495,0.07040923,0.05887507,0.055459443,0.06768387,0.07226352,0.07091725,0.065534785,0.071050584,0.06277719,0.06917033,0.069608256,0.06922913,0.057802096,0.06812439
CATGAGTAGGGTACGT-4,Insertion_NHEJ-Deletion,Insertion_MMEJ-Deletion,0.07109495,0.07040923,0.05887507,0.055459443,0.06768387,0.07226352,0.07091725,0.065534785,0.071050584,0.06277719,0.06917033,0.069608256,0.06922913,0.057802096,0.06812439
CGAGTTAGTAGATTAG-1,Insertion_Insertion,Insertion_MMEJ-Deletion,0.07109495,0.07040923,0.05887507,0.055459443,0.06768387,0.07226352,0.07091725,0.065534785,0.071050584,0.06277719,0.06917033,0.069608256,0.06922913,0.057802096,0.06812439
TACAGGTCATCGTGGC-1,MMEJ-Deletion_MMEJ-Deletion,Insertion_MMEJ-Deletion,0.07109495,0.07040923,0.05887507,0.055459443,0.06768387,0.07226352,0.07091725,0.065534785,0.071050584,0.06277719,0.06917033,0.069608256,0.06922913,0.057802096,0.06812439
GGTGAAGTCTCGACCT-1,MMEJ-Deletion_WT,Insertion_MMEJ-Deletion,0.07109495,0.07040923,0.05887507,0.055459443,0.06768387,0.07226352,0.07091725,0.065534785,0.071050584,0.06277719,0.06917033,0.069608256,0.06922913,0.057802096,0.06812439
AGACCCGAGCGTGAAC-1,Insertion_WT,Insertion_MMEJ-Deletion,0.07109495,0.07040923,0.05887507,0.055459443,0.06768387,0.07226352,0.07091725,0.065534785,0.071050584,0.06277719,0.06917033,0.069608256,0.06922913,0.057802096,0.06812439
CCACACTCATGGAATA-1,Insertion_WT,Insertion_MMEJ-Deletion,0.07109495,0.07040923,0.05887507,0.055459443,0.06768387,0.07226352,0.07091725,0.065534785,0.071050584,0.06277719,0.06917033,0.069608256,0.06922913,0.057802096,0.06812439
TCGTGGGTCATGCCAA-4,Insertion_MMEJ-Deletion,Insertion_MMEJ-Deletion,0.07109495,0.07040923,0.05887507,0.055459443,0.06768387,0.07226352,0.07091725,0.065534785,0.071050584,0.06277719,0.06917033,0.069608256,0.06922913,0.057802096,0.06812439
GACCCTTGTTGTGCAT-1,HDR_HDR,Insertion_MMEJ-Deletion,0.07109495,0.07040923,0.05887507,0.055459443,0.06768387,0.07226352,0.07091725,0.065534785,0.071050584,0.06277719,0.06917033,0.069608256,0.06922913,0.057802096,0.06812439
GCCTGTTTCATGCCGG-4,Insertion_SV,Insertion_MMEJ-Deletion,0.07109495,0.07040923,0.05887507,0.055459443,0.06768387,0.07226352,0.07091725,0.065534785,0.071050584,0.06277719,0.06917033,0.069608256,0.06922913,0.057802096,0.06812439
AATTTCCCAGTCAACT-1,HDR_HDR,Insertion_MMEJ-Deletion,0.07109495,0.07040923,0.05887507,0.055459443,0.06768387,0.07226352,0.07091725,0.065534785,0.071050584,0.06277719,0.06917033,0.069608256,0.06922913,0.057802096,0.06812439
ACTATCTCAACCAATC-4,Insertion_WT,Insertion_MMEJ-Deletion,0.07109495,0.07040923,0.05887507,0.055459443,0.06768387,0.07226352,0.07091725,0.065534785,0.071050584,0.06277719,0.06917033,0.069608256,0.06922913,0.057802096,0.06812439
TGGGCGTGTGATGTAA-1,Insertion_NHEJ-Deletion,Insertion_MMEJ-Deletion,0.07109495,0.07040923,0.05887507,0.055459443,0.06768387,0.07226352,0.07091725,0.065534785,0.071050584,0.06277719,0.06917033,0.069608256,0.06922913,0.057802096,0.06812439
TGGCGTGGTAAGTCAA-1,Insertion_SV,Insertion_MMEJ-Deletion,0.07109495,0.07040923,0.05887507,0.055459443,0.06768387,0.07226352,0.07091725,0.065534785,0.071050584,0.06277719,0.06917033,0.069608256,0.06922913,0.057802096,0.06812439
TGCTTCGCACTATGTG-1,Insertion_Insertion,Insertion_MMEJ-Deletion,0.07109495,0.07040923,0.05887507,0.055459443,0.06768387,0.07226352,0.07091725,0.065534785,0.071050584,0.06277719,0.06917033,0.069608256,0.06922913,0.057802096,0.06812439
TGCTTCGTCCGATAAC-1,NHEJ-Deletion_NHEJ-Deletion,Insertion_MMEJ-Deletion,0.07109495,0.07040923,0.05887507,0.055459443,0.06768387,0.07226352,0.07091725,0.065534785,0.071050584,0.06277719,0.06917033,0.069608256,0.06922913,0.057802096,0.06812439
TGAACGTCACTCGATA-1,Insertion_NHEJ-Deletion,Insertion_MMEJ-Deletion,0.07109495,0.07040923,0.05887507,0.055459443,0.06768387,0.07226352,0.07091725,0.065534785,0.071050584,0.06277719,0.06917033,0.069608256,0.06922913,0.057802096,0.06812439
GGAGCAAGTTCCAAAC-1,HDR_Insertion,Insertion_MMEJ-Deletion,0.07109495,0.07040923,0.05887507,0.055459443,0.06768387,0.07226352,0.07091725,0.065534785,0.071050584,0.06277719,0.06917033,0.069608256,0.06922913,0.057802096,0.06812439
GAGTGTTCATCGAAGG-4,NHEJ-Deletion_WT,Insertion_MMEJ-Deletion,0.07109495,0.07040923,0.05887507,0.055459443,0.06768387,0.07226352,0.07091725,0.065534785,0.071050584,0.06277719,0.06917033,0.069608256,0.06922913,0.057802096,0.06812439
AAGTACCGTTTGAACC-1,Insertion_Insertion,Insertion_MMEJ-Deletion,0.07109495,0.07040923,0.05887507,0.055459443,0.06768387,0.07226352,0.07091725,0.065534785,0.071050584,0.06277719,0.06917033,0.069608256,0.06922913,0.057802096,0.06812439
AAGCATCTCTGGGAGA-1,Insertion_Insertion,Insertion_MMEJ-Deletion,0.07109495,0.07040923,0.05887507,0.055459443,0.06768387,0.07226352,0.07091725,0.065534785,0.071050584,0.06277719,0.06917033,0.069608256,0.06922913,0.057802096,0.06812439
CACTTCGCAACCCTCT-1,HDR_Insertion,Insertion_MMEJ-Deletion,0.07109495,0.07040923,0.05887507,0.055459443,0.06768387,0.07226352,0.07091725,0.065534785,0.071050584,0.06277719,0.06917033,0.069608256,0.06922913,0.057802096,0.06812439
GCTGAATTCTCGTGAA-4,Insertion_NHEJ-Deletion,Insertion_MMEJ-Deletion,0.07109495,0.07040923,0.05887507,0.055459443,0.06768387,0.07226352,0.07091725,0.065534785,0.071050584,0.06277719,0.06917033,0.069608256,0.06922913,0.057802096,0.06812439
AGCATCACAAGGGCAT-4,HDR_WT,Insertion_MMEJ-Deletion,0.07109495,0.07040923,0.05887507,0.055459443,0.06768387,0.07226352,0.07091725,0.065534785,0.071050584,0.06277719,0.06917033,0.069608256,0.06922913,0.057802096,0.06812439
CAATACGCATGCCGCA-4,Insertion_WT,Insertion_MMEJ-Deletion,0.07109495,0.07040923,0.05887507,0.055459443,0.06768387,0.07226352,0.07091725,0.065534785,0.071050584,0.06277719,0.06917033,0.069608256,0.06922913,0.057802096,0.06812439
TCCACGTCAAATCGGG-1,Insertion_Insertion,Insertion_MMEJ-Deletion,0.07109495,0.07040923,0.05887507,0.055459443,0.06768387,0.07226352,0.07091725,0.065534785,0.071050584,0.06277719,0.06917033,0.069608256,0.06922913,0.057802096,0.06812439
TCATGTTCAAGAGTGC-1,Insertion_Insertion,Insertion_MMEJ-Deletion,0.07109495,0.07040923,0.05887507,0.055459443,0.06768387,0.07226352,0.07091725,0.065534785,0.071050584,0.06277719,0.06917033,0.069608256,0.06922913,0.057802096,0.06812439
CAGCACGAGAAGTCTA-1,Insertion_Insertion,Insertion_MMEJ-Deletion,0.07109495,0.07040923,0.05887507,0.055459443,0.06768387,0.07226352,0.07091725,0.065534785,0.071050584,0.06277719,0.06917033,0.069608256,0.06922913,0.057802096,0.06812439
CTCATTAAGCTCGTGC-1,Insertion_WT,Insertion_MMEJ-Deletion,0.07109495,0.07040923,0.05887507,0.055459443,0.06768387,0.07226352,0.07091725,0.065534785,0.071050584,0.06277719,0.06917033,0.069608256,0.06922913,0.057802096,0.06812439
TCACGGGCAGATACCT-1,Insertion_WT,Insertion_MMEJ-Deletion,0.07109495,0.07040923,0.05887507,0.055459443,0.06768387,0.07226352,0.07091725,0.065534785,0.071050584,0.06277719,0.06917033,0.069608256,0.06922913,0.057802096,0.06812439
TTCCGTGGTTGGTAGG-4,Insertion_Insertion,Insertion_MMEJ-Deletion,0.07109495,0.07040923,0.05887507,0.055459443,0.06768387,0.07226352,0.07091725,0.065534785,0.071050584,0.06277719,0.06917033,0.069608256,0.06922913,0.057802096,0.06812439
TCATTCATCCTTCTGG-1,Insertion_WT,Insertion_MMEJ-Deletion,0.07109495,0.07040923,0.05887507,0.055459443,0.06768387,0.07226352,0.07091725,0.065534785,0.071050584,0.06277719,0.06917033,0.069608256,0.06922913,0.057802096,0.06812439
TCCATGCCAAAGGGTC-1,Insertion_NHEJ-Deletion,Insertion_MMEJ-Deletion,0.07109495,0.07040923,0.05887507,0.055459443,0.06768387,0.07226352,0.07091725,0.065534785,0.071050584,0.06277719,0.06917033,0.069608256,0.06922913,0.057802096,0.06812439
CAATCGACAATTAGGA-1,Insertion_Insertion,Insertion_MMEJ-Deletion,0.07109495,0.07040923,0.05887507,0.055459443,0.06768387,0.07226352,0.07091725,0.065534785,0.071050584,0.06277719,0.06917033,0.069608256,0.06922913,0.057802096,0.06812439
GGGACAATCGACACCG-1,Insertion_NHEJ-Deletion,Insertion_MMEJ-Deletion,0.07109495,0.07040923,0.05887507,0.055459443,0.06768387,0.07226352,0.07091725,0.065534785,0.071050584,0.06277719,0.06917033,0.069608256,0.06922913,0.057802096,0.06812439
TATATCCGTCAACCAT-4,HDR_WT,Insertion_MMEJ-Deletion,0.07109495,0.07040923,0.05887507,0.055459443,0.06768387,0.07226352,0.07091725,0.065534785,0.071050584,0.06277719,0.06917033,0.069608256,0.06922913,0.057802096,0.06812439
GATTGGTCAATCGCCG-1,Insertion_WT,Insertion_MMEJ-Deletion,0.07109495,0.07040923,0.05887507,0.055459443,0.06768387,0.07226352,0.07091725,0.065534785,0.071050584,0.06277719,0.06917033,0.069608256,0.06922913,0.057802096,0.06812439
TGCTCGTGTTTGGAGG-1,NHEJ-Deletion_NHEJ-Deletion,Insertion_MMEJ-Deletion,0.07109495,0.07040923,0.05887507,0.055459443,0.06768387,0.07226352,0.07091725,0.065534785,0.071050584,0.06277719,0.06917033,0.069608256,0.06922913,0.057802096,0.06812439
GCGTGCAGTTGCCATA-1,NHEJ-Deletion_WT,Insertion_MMEJ-Deletion,0.07109495,0.07040923,0.05887507,0.055459443,0.06768387,0.07226352,0.07091725,0.065534785,0.071050584,0.06277719,0.06917033,0.069608256,0.06922913,0.057802096,0.06812439
GTCATTTAGGTTGAGC-4,Insertion_WT,Insertion_MMEJ-Deletion,0.07109495,0.07040923,0.05887507,0.055459443,0.06768387,0.07226352,0.07091725,0.065534785,0.071050584,0.06277719,0.06917033,0.069608256,0.06922913,0.057802096,0.06812439
TCTGGCTTCGCCAGTG-1,Insertion_WT,Insertion_MMEJ-Deletion,0.07109495,0.07040923,0.05887507,0.055459443,0.06768387,0.07226352,0.07091725,0.065534785,0.071050584,0.06277719,0.06917033,0.069608256,0.06922913,0.057802096,0.06812439
TTGAACGGTCGTGCCA-1,NHEJ-Deletion_WT,Insertion_MMEJ-Deletion,0.07109495,0.07040923,0.05887507,0.055459443,0.06768387,0.07226352,0.07091725,0.065534785,0.071050584,0.06277719,0.06917033,0.069608256,0.06922913,0.057802096,0.06812439
AAAGAACTCCAATCTT-1,NHEJ-Deletion_NHEJ-Deletion,Insertion_MMEJ-Deletion,0.07109495,0.07040923,0.05887507,0.055459443,0.06768387,0.07226352,0.07091725,0.065534785,0.071050584,0.06277719,0.06917033,0.069608256,0.06922913,0.057802096,0.06812439
TGTCCTGAGGAGAGTA-4,MMEJ-Deletion_WT,Insertion_MMEJ-Deletion,0.07109495,0.07040923,0.05887507,0.055459443,0.06768387,0.07226352,0.07091725,0.065534785,0.071050584,0.06277719,0.06917033,0.069608256,0.06922913,0.057802096,0.06812439
TTTACTGAGGCATGGT-4,Insertion_NHEJ-Deletion,Insertion_MMEJ-Deletion,0.07109495,0.07040923,0.05887507,0.055459443,0.06768387,0.07226352,0.07091725,0.065534785,0.071050584,0.06277719,0.06917033,0.069608256,0.06922913,0.057802096,0.06812439
CGCCATTTCTCGTGGG-1,Insertion_NHEJ-Deletion,Insertion_MMEJ-Deletion,0.07109495,0.07040923,0.05887507,0.055459443,0.06768387,0.07226352,0.07091725,0.065534785,0.071050584,0.06277719,0.06917033,0.069608256,0.06922913,0.057802096,0.06812439
CAATTTCCATATCGGT-1,NHEJ-Deletion_NHEJ-Deletion,Insertion_MMEJ-Deletion,0.07109495,0.07040923,0.05887507,0.055459443,0.06768387,0.07226352,0.07091725,0.065534785,0.071050584,0.06277719,0.06917033,0.069608256,0.06922913,0.057802096,0.06812439
AGGGTGAAGAGATCGC-1,Insertion_NHEJ-Deletion,Insertion_MMEJ-Deletion,0.07109495,0.07040923,0.05887507,0.055459443,0.06768387,0.07226352,0.07091725,0.065534785,0.071050584,0.06277719,0.06917033,0.069608256,0.06922913,0.057802096,0.06812439
GTGGAGACAGGTTCGC-1,NHEJ-Deletion_NHEJ-Deletion,Insertion_MMEJ-Deletion,0.07109495,0.07040923,0.05887507,0.055459443,0.06768387,0.07226352,0.07091725,0.065534785,0.071050584,0.06277719,0.06917033,0.069608256,0.06922913,0.057802096,0.06812439
AACGAAATCTCCGAAA-1,NHEJ-Deletion_SV,Insertion_MMEJ-Deletion,0.07109495,0.07040923,0.05887507,0.055459443,0.06768387,0.07226352,0.07091725,0.065534785,0.071050584,0.06277719,0.06917033,0.069608256,0.06922913,0.057802096,0.06812439
AAACGCTCAAGTGACG-1,HDR_Insertion,Insertion_MMEJ-Deletion,0.07109495,0.07040923,0.05887507,0.055459443,0.06768387,0.07226352,0.07091725,0.065534785,0.071050584,0.06277719,0.06917033,0.069608256,0.06922913,0.057802096,0.06812439
TTCAATCCACTGGAAG-4,Insertion_NHEJ-Deletion,Insertion_MMEJ-Deletion,0.07109495,0.07040923,0.05887507,0.055459443,0.06768387,0.07226352,0.07091725,0.065534785,0.071050584,0.06277719,0.06917033,0.069608256,0.06922913,0.057802096,0.06812439
TGTTGGAAGTTGCCCG-1,Insertion_NHEJ-Deletion,Insertion_MMEJ-Deletion,0.07109495,0.07040923,0.05887507,0.055459443,0.06768387,0.07226352,0.07091725,0.065534785,0.071050584,0.06277719,0.06917033,0.069608256,0.06922913,0.057802096,0.06812439
AACCTGACAAGCGAGT-1,Insertion_NHEJ-Deletion,Insertion_MMEJ-Deletion,0.07109495,0.07040923,0.05887507,0.055459443,0.06768387,0.07226352,0.07091725,0.065534785,0.071050584,0.06277719,0.06917033,0.069608256,0.06922913,0.057802096,0.06812439
ACTGATGCATTAGGAA-1,HDR_HDR,Insertion_MMEJ-Deletion,0.07109495,0.07040923,0.05887507,0.055459443,0.06768387,0.07226352,0.07091725,0.065534785,0.071050584,0.06277719,0.06917033,0.069608256,0.06922913,0.057802096,0.06812439
TGAGCATAGTAACAGT-1,NHEJ-Deletion_NHEJ-Deletion,Insertion_MMEJ-Deletion,0.07109495,0.07040923,0.05887507,0.055459443,0.06768387,0.07226352,0.07091725,0.065534785,0.071050584,0.06277719,0.06917033,0.069608256,0.06922913,0.057802096,0.06812439
CCCTGATCATACGCAT-1,MMEJ-Deletion_MMEJ-Deletion,Insertion_MMEJ-Deletion,0.07109495,0.07040923,0.05887507,0.055459443,0.06768387,0.07226352,0.07091725,0.065534785,0.071050584,0.06277719,0.06917033,0.069608256,0.06922913,0.057802096,0.06812439
ACCACAAAGACGATAT-1,Insertion_Insertion,Insertion_MMEJ-Deletion,0.07109495,0.07040923,0.05887507,0.055459443,0.06768387,0.07226352,0.07091725,0.065534785,0.071050584,0.06277719,0.06917033,0.069608256,0.06922913,0.057802096,0.06812439
CACGAATGTAGTGCGA-1,Insertion_NHEJ-Deletion,Insertion_MMEJ-Deletion,0.07109495,0.07040923,0.05887507,0.055459443,0.06768387,0.07226352,0.07091725,0.065534785,0.071050584,0.06277719,0.06917033,0.069608256,0.06922913,0.057802096,0.06812439
ACGATGTAGTTGGAGC-1,HDR_HDR,Insertion_MMEJ-Deletion,0.07109495,0.07040923,0.05887507,0.055459443,0.06768387,0.07226352,0.07091725,0.065534785,0.071050584,0.06277719,0.06917033,0.069608256,0.06922913,0.057802096,0.06812439
TCCTCGAGTATGTCTG-4,Insertion_Insertion,Insertion_MMEJ-Deletion,0.07109495,0.07040923,0.05887507,0.055459443,0.06768387,0.07226352,0.07091725,0.065534785,0.071050584,0.06277719,0.06917033,0.069608256,0.06922913,0.057802096,0.06812439
GATTCGACATTGAAAG-4,Insertion_Insertion,Insertion_MMEJ-Deletion,0.07109495,0.07040923,0.05887507,0.055459443,0.06768387,0.07226352,0.07091725,0.065534785,0.071050584,0.06277719,0.06917033,0.069608256,0.06922913,0.057802096,0.06812439
CACCAAACACCCTATC-1,NHEJ-Deletion_WT,Insertion_MMEJ-Deletion,0.07109495,0.07040923,0.05887507,0.055459443,0.06768387,0.07226352,0.07091725,0.065534785,0.071050584,0.06277719,0.06917033,0.069608256,0.06922913,0.057802096,0.06812439
TGCGGGTTCGAGCACC-1,Insertion_MMEJ-Deletion,Insertion_MMEJ-Deletion,0.07109495,0.07040923,0.05887507,0.055459443,0.06768387,0.07226352,0.07091725,0.065534785,0.071050584,0.06277719,0.06917033,0.069608256,0.06922913,0.057802096,0.06812439
AGTGCCGAGGTCCGAA-1,NHEJ-Deletion_WT,Insertion_MMEJ-Deletion,0.07109495,0.07040923,0.05887507,0.055459443,0.06768387,0.07226352,0.07091725,0.065534785,0.071050584,0.06277719,0.06917033,0.069608256,0.06922913,0.057802096,0.06812439
TCATCCGTCATTACGG-1,HDR_HDR,Insertion_MMEJ-Deletion,0.07109495,0.07040923,0.05887507,0.055459443,0.06768387,0.07226352,0.07091725,0.065534785,0.071050584,0.06277719,0.06917033,0.069608256,0.06922913,0.057802096,0.06812439
GAGTCATAGGAGTATT-1,HDR_NHEJ-Deletion,Insertion_MMEJ-Deletion,0.07109495,0.07040923,0.05887507,0.055459443,0.06768387,0.07226352,0.07091725,0.065534785,0.071050584,0.06277719,0.06917033,0.069608256,0.06922913,0.057802096,0.06812439
TAACACGTCAATGCAC-1,MMEJ-Deletion_NHEJ-Deletion,Insertion_MMEJ-Deletion,0.07109495,0.07040923,0.05887507,0.055459443,0.06768387,0.07226352,0.07091725,0.065534785,0.071050584,0.06277719,0.06917033,0.069608256,0.06922913,0.057802096,0.06812439
TGATTCTCATAGAGGC-4,Insertion_NHEJ-Deletion,Insertion_MMEJ-Deletion,0.07109495,0.07040923,0.05887507,0.055459443,0.06768387,0.07226352,0.07091725,0.065534785,0.071050584,0.06277719,0.06917033,0.069608256,0.06922913,0.057802096,0.06812439
ATGGTTGAGCAGCACA-1,MMEJ-Deletion_NHEJ-Deletion,Insertion_MMEJ-Deletion,0.07109495,0.07040923,0.05887507,0.055459443,0.06768387,0.07226352,0.07091725,0.065534785,0.071050584,0.06277719,0.06917033,0.069608256,0.06922913,0.057802096,0.06812439
TCGCACTTCCAGCACG-1,Insertion_Insertion,Insertion_MMEJ-Deletion,0.07109495,0.07040923,0.05887507,0.055459443,0.06768387,0.07226352,0.07091725,0.065534785,0.071050584,0.06277719,0.06917033,0.069608256,0.06922913,0.057802096,0.06812439
ATGGATCGTGACAACG-1,Insertion_Insertion,Insertion_MMEJ-Deletion,0.07109495,0.07040923,0.05887507,0.055459443,0.06768387,0.07226352,0.07091725,0.065534785,0.071050584,0.06277719,0.06917033,0.069608256,0.06922913,0.057802096,0.06812439
AGGATAATCGGCTGAC-1,Insertion_Insertion,Insertion_MMEJ-Deletion,0.07109495,0.07040923,0.05887507,0.055459443,0.06768387,0.07226352,0.07091725,0.065534785,0.071050584,0.06277719,0.06917033,0.069608256,0.06922913,0.057802096,0.06812439
AGATGAATCGTCGCTT-1,HDR_Insertion,Insertion_MMEJ-Deletion,0.07109495,0.07040923,0.05887507,0.055459443,0.06768387,0.07226352,0.07091725,0.065534785,0.071050584,0.06277719,0.06917033,0.069608256,0.06922913,0.057802096,0.06812439
AGGAGGTTCGGAGTGA-1,MMEJ-Deletion_NHEJ-Deletion,Insertion_MMEJ-Deletion,0.07109495,0.07040923,0.05887507,0.055459443,0.06768387,0.07226352,0.07091725,0.065534785,0.071050584,0.06277719,0.06917033,0.069608256,0.06922913,0.057802096,0.06812439
CAAGCTAAGACAGCGT-1,Insertion_Insertion,Insertion_MMEJ-Deletion,0.07109495,0.07040923,0.05887507,0.055459443,0.06768387,0.07226352,0.07091725,0.065534785,0.071050584,0.06277719,0.06917033,0.069608256,0.06922913,0.057802096,0.06812439
CTATAGGGTAATCAGA-1,Insertion_WT,Insertion_MMEJ-Deletion,0.07109495,0.07040923,0.05887507,0.055459443,0.06768387,0.07226352,0.07091725,0.065534785,0.071050584,0.06277719,0.06917033,0.069608256,0.06922913,0.057802096,0.06812439
GATGACTGTTGCATGT-1,Insertion_NHEJ-Deletion,Insertion_MMEJ-Deletion,0.07109495,0.07040923,0.05887507,0.055459443,0.06768387,0.07226352,0.07091725,0.065534785,0.071050584,0.06277719,0.06917033,0.069608256,0.06922913,0.057802096,0.06812439
TTAGGGTGTTGCATGT-1,NHEJ-Deletion_SV,Insertion_MMEJ-Deletion,0.07109495,0.07040923,0.05887507,0.055459443,0.06768387,0.07226352,0.07091725,0.065534785,0.071050584,0.06277719,0.06917033,0.069608256,0.06922913,0.057802096,0.06812439
AACCCAAGTCAATGGG-1,Insertion_Insertion,Insertion_MMEJ-Deletion,0.07109495,0.07040923,0.05887507,0.055459443,0.06768387,0.07226352,0.07091725,0.065534785,0.071050584,0.06277719,0.06917033,0.069608256,0.06922913,0.057802096,0.06812439
ATCACTTAGCATGGGT-1,HDR_NHEJ-Deletion,Insertion_MMEJ-Deletion,0.07109495,0.07040923,0.05887507,0.055459443,0.06768387,0.07226352,0.07091725,0.065534785,0.071050584,0.06277719,0.06917033,0.069608256,0.06922913,0.057802096,0.06812439
GTGCACGAGGTTACCT-1,HDR_NHEJ-Deletion,Insertion_MMEJ-Deletion,0.07109495,0.07040923,0.05887507,0.055459443,0.06768387,0.07226352,0.07091725,0.065534785,0.071050584,0.06277719,0.06917033,0.069608256,0.06922913,0.057802096,0.06812439
ACAAGCTAGTGCCCGT-1,Insertion_WT,Insertion_MMEJ-Deletion,0.07109495,0.07040923,0.05887507,0.055459443,0.06768387,0.07226352,0.07091725,0.065534785,0.071050584,0.06277719,0.06917033,0.069608256,0.06922913,0.057802096,0.06812439
AAGTGAACATAACCCA-1,MMEJ-Deletion_WT,Insertion_MMEJ-Deletion,0.07109495,0.07040923,0.05887507,0.055459443,0.06768387,0.07226352,0.07091725,0.065534785,0.071050584,0.06277719,0.06917033,0.069608256,0.06922913,0.057802096,0.06812439
CAACGGCAGCCTTTCC-1,Insertion_NHEJ-Deletion,Insertion_MMEJ-Deletion,0.07109495,0.07040923,0.05887507,0.055459443,0.06768387,0.07226352,0.07091725,0.065534785,0.071050584,0.06277719,0.06917033,0.069608256,0.06922913,0.057802096,0.06812439
TACCTGCTCAAGTCTG-1,HDR_NHEJ-Deletion,Insertion_MMEJ-Deletion,0.07109495,0.07040923,0.05887507,0.055459443,0.06768387,0.07226352,0.07091725,0.065534785,0.071050584,0.06277719,0.06917033,0.069608256,0.06922913,0.057802096,0.06812439
TCTATCAAGTTGGAGC-1,Insertion_NHEJ-Deletion,Insertion_MMEJ-Deletion,0.07109495,0.07040923,0.05887507,0.055459443,0.06768387,0.07226352,0.07091725,0.065534785,0.071050584,0.06277719,0.06917033,0.069608256,0.06922913,0.057802096,0.06812439
TCAGTTTAGCCAACCC-1,NHEJ-Deletion_WT,Insertion_MMEJ-Deletion,0.07109495,0.07040923,0.05887507,0.055459443,0.06768387,0.07226352,0.07091725,0.065534785,0.071050584,0.06277719,0.06917033,0.069608256,0.06922913,0.057802096,0.06812439
TGTTGGAGTGCGAACA-1,Insertion_Insertion,Insertion_MMEJ-Deletion,0.07109495,0.07040923,0.05887507,0.055459443,0.06768387,0.07226352,0.07091725,0.065534785,0.071050584,0.06277719,0.06917033,0.069608256,0.06922913,0.057802096,0.06812439
CACTTCGGTACGGATG-1,Insertion_NHEJ-Deletion,Insertion_MMEJ-Deletion,0.07109495,0.07040923,0.05887507,0.055459443,0.06768387,0.07226352,0.07091725,0.065534785,0.071050584,0.06277719,0.06917033,0.069608256,0.06922913,0.057802096,0.06812439
GTCTGTCAGCAGCCCT-4,Insertion_WT,Insertion_MMEJ-Deletion,0.07109495,0.07040923,0.05887507,0.055459443,0.06768387,0.07226352,0.07091725,0.065534785,0.071050584,0.06277719,0.06917033,0.069608256,0.06922913,0.057802096,0.06812439
TCTCAGCAGGTACTGG-4,Insertion_WT,Insertion_MMEJ-Deletion,0.07109495,0.07040923,0.05887507,0.055459443,0.06768387,0.07226352,0.07091725,0.065534785,0.071050584,0.06277719,0.06917033,0.069608256,0.06922913,0.057802096,0.06812439
CGCCAGATCATGTCTT-4,Insertion_WT,Insertion_MMEJ-Deletion,0.07109495,0.07040923,0.05887507,0.055459443,0.06768387,0.07226352,0.07091725,0.065534785,0.071050584,0.06277719,0.06917033,0.069608256,0.06922913,0.057802096,0.06812439
ACGTCCTGTATGGAGC-1,Insertion_NHEJ-Deletion,Insertion_MMEJ-Deletion,0.07109495,0.07040923,0.05887507,0.055459443,0.06768387,0.07226352,0.07091725,0.065534785,0.071050584,0.06277719,0.06917033,0.069608256,0.06922913,0.057802096,0.06812439
TTTACTGCAAGTGGTG-1,Insertion_WT,Insertion_MMEJ-Deletion,0.07109495,0.07040923,0.05887507,0.055459443,0.06768387,0.07226352,0.07091725,0.065534785,0.071050584,0.06277719,0.06917033,0.069608256,0.06922913,0.057802096,0.06812439
GTTACGAGTTAGTCGT-1,Insertion_WT,Insertion_MMEJ-Deletion,0.07109495,0.07040923,0.05887507,0.055459443,0.06768387,0.07226352,0.07091725,0.065534785,0.071050584,0.06277719,0.06917033,0.069608256,0.06922913,0.057802096,0.06812439
GGGTGTCAGCCTAACT-1,NHEJ-Deletion_NHEJ-Deletion,Insertion_MMEJ-Deletion,0.07109495,0.07040923,0.05887507,0.055459443,0.06768387,0.07226352,0.07091725,0.065534785,0.071050584,0.06277719,0.06917033,0.069608256,0.06922913,0.057802096,0.06812439
GAGGGTAAGCCTCAGC-4,HDR_Insertion,Insertion_MMEJ-Deletion,0.07109495,0.07040923,0.05887507,0.055459443,0.06768387,0.07226352,0.07091725,0.065534785,0.071050584,0.06277719,0.06917033,0.069608256,0.06922913,0.057802096,0.06812439
CCATCACAGACAACAT-1,Insertion_WT,Insertion_MMEJ-Deletion,0.07109495,0.07040923,0.05887507,0.055459443,0.06768387,0.07226352,0.07091725,0.065534785,0.071050584,0.06277719,0.06917033,0.069608256,0.06922913,0.057802096,0.06812439
GTGTTAGAGATTAGCA-4,HDR_Insertion,Insertion_MMEJ-Deletion,0.07109495,0.07040923,0.05887507,0.055459443,0.06768387,0.07226352,0.07091725,0.065534785,0.071050584,0.06277719,0.06917033,0.069608256,0.06922913,0.057802096,0.06812439
TGAGGAGAGAAATTCG-4,HDR_Insertion,Insertion_MMEJ-Deletion,0.07109495,0.07040923,0.05887507,0.055459443,0.06768387,0.07226352,0.07091725,0.065534785,0.071050584,0.06277719,0.06917033,0.069608256,0.06922913,0.057802096,0.06812439
TGTAACGGTGGTCTCG-1,HDR_WT,Insertion_MMEJ-Deletion,0.07109495,0.07040923,0.05887507,0.055459443,0.06768387,0.07226352,0.07091725,0.065534785,0.071050584,0.06277719,0.06917033,0.069608256,0.06922913,0.057802096,0.06812439
ATCTTCATCGGCCAAC-1,Insertion_Insertion,Insertion_MMEJ-Deletion,0.07109495,0.07040923,0.05887507,0.055459443,0.06768387,0.07226352,0.07091725,0.065534785,0.071050584,0.06277719,0.06917033,0.069608256,0.06922913,0.057802096,0.06812439
GCAGCTGGTGAATTAG-1,Insertion_Insertion,Insertion_MMEJ-Deletion,0.07109495,0.07040923,0.05887507,0.055459443,0.06768387,0.07226352,0.07091725,0.065534785,0.071050584,0.06277719,0.06917033,0.069608256,0.06922913,0.057802096,0.06812439
TAACGACAGAGGGTCT-1,Insertion_WT,Insertion_MMEJ-Deletion,0.07109495,0.07040923,0.05887507,0.055459443,0.06768387,0.07226352,0.07091725,0.065534785,0.071050584,0.06277719,0.06917033,0.069608256,0.06922913,0.057802096,0.06812439
AAACGCTGTCACTCTC-4,Insertion_MMEJ-Deletion,Insertion_MMEJ-Deletion,0.07109495,0.07040923,0.05887507,0.055459443,0.06768387,0.07226352,0.07091725,0.065534785,0.071050584,0.06277719,0.06917033,0.069608256,0.06922913,0.057802096,0.06812439
CCTCTCCCAAGACTGG-1,Insertion_WT,Insertion_MMEJ-Deletion,0.07109495,0.07040923,0.05887507,0.055459443,0.06768387,0.07226352,0.07091725,0.065534785,0.071050584,0.06277719,0.06917033,0.069608256,0.06922913,0.057802096,0.06812439
TACTTACCATCTAACG-4,Insertion_Insertion,Insertion_MMEJ-Deletion,0.07109495,0.07040923,0.05887507,0.055459443,0.06768387,0.07226352,0.07091725,0.065534785,0.071050584,0.06277719,0.06917033,0.069608256,0.06922913,0.057802096,0.06812439
GATTCGATCGCCACTT-4,MMEJ-Deletion_WT,Insertion_MMEJ-Deletion,0.07109495,0.07040923,0.05887507,0.055459443,0.06768387,0.07226352,0.07091725,0.065534785,0.071050584,0.06277719,0.06917033,0.069608256,0.06922913,0.057802096,0.06812439
TACCGGGGTGGGTCAA-1,Insertion_MMEJ-Deletion,Insertion_MMEJ-Deletion,0.07109495,0.07040923,0.05887507,0.055459443,0.06768387,0.07226352,0.07091725,0.065534785,0.071050584,0.06277719,0.06917033,0.069608256,0.06922913,0.057802096,0.06812439
TTCTTGATCATTCGGA-1,Insertion_Insertion,Insertion_MMEJ-Deletion,0.07109495,0.07040923,0.05887507,0.055459443,0.06768387,0.07226352,0.07091725,0.065534785,0.071050584,0.06277719,0.06917033,0.069608256,0.06922913,0.057802096,0.06812439
TGCAGGCCACGGGTAA-1,Insertion_Insertion,Insertion_MMEJ-Deletion,0.07109495,0.07040923,0.05887507,0.055459443,0.06768387,0.07226352,0.07091725,0.065534785,0.071050584,0.06277719,0.06917033,0.069608256,0.06922913,0.057802096,0.06812439
AGGAGGTGTAGAATAC-4,Insertion_Insertion,Insertion_MMEJ-Deletion,0.07109495,0.07040923,0.05887507,0.055459443,0.06768387,0.07226352,0.07091725,0.065534785,0.071050584,0.06277719,0.06917033,0.069608256,0.06922913,0.057802096,0.06812439
GGCAGTCTCAGGACAG-4,HDR_Insertion,Insertion_MMEJ-Deletion,0.07109495,0.07040923,0.05887507,0.055459443,0.06768387,0.07226352,0.07091725,0.065534785,0.071050584,0.06277719,0.06917033,0.069608256,0.06922913,0.057802096,0.06812439
AGAGCAGGTAAGACCG-4,Insertion_Insertion,Insertion_MMEJ-Deletion,0.07109495,0.07040923,0.05887507,0.055459443,0.06768387,0.07226352,0.07091725,0.065534785,0.071050584,0.06277719,0.06917033,0.069608256,0.06922913,0.057802096,0.06812439
GCCTGTTCAGGCCCTA-1,MMEJ-Deletion_WT,Insertion_MMEJ-Deletion,0.07109495,0.07040923,0.05887507,0.055459443,0.06768387,0.07226352,0.07091725,0.065534785,0.071050584,0.06277719,0.06917033,0.069608256,0.06922913,0.057802096,0.06812439
TCCACGTTCCCGAGGT-1,NHEJ-Deletion_NHEJ-Deletion,Insertion_MMEJ-Deletion,0.07109495,0.07040923,0.05887507,0.055459443,0.06768387,0.07226352,0.07091725,0.065534785,0.071050584,0.06277719,0.06917033,0.069608256,0.06922913,0.057802096,0.06812439
CATCGCTAGCCATCCG-1,HDR_NHEJ-Deletion,Insertion_MMEJ-Deletion,0.07109495,0.07040923,0.05887507,0.055459443,0.06768387,0.07226352,0.07091725,0.065534785,0.071050584,0.06277719,0.06917033,0.069608256,0.06922913,0.057802096,0.06812439
GATGTTGGTGGCTACC-4,NHEJ-Deletion_NHEJ-Deletion,Insertion_MMEJ-Deletion,0.07109495,0.07040923,0.05887507,0.055459443,0.06768387,0.07226352,0.07091725,0.065534785,0.071050584,0.06277719,0.06917033,0.069608256,0.06922913,0.057802096,0.06812439
TACGGGCCATAGTCAC-1,Insertion_WT,Insertion_MMEJ-Deletion,0.07109495,0.07040923,0.05887507,0.055459443,0.06768387,0.07226352,0.07091725,0.065534785,0.071050584,0.06277719,0.06917033,0.069608256,0.06922913,0.057802096,0.06812439
TGGGAGAAGACTCTTG-1,Insertion_Insertion,Insertion_MMEJ-Deletion,0.07109495,0.07040923,0.05887507,0.055459443,0.06768387,0.07226352,0.07091725,0.065534785,0.071050584,0.06277719,0.06917033,0.069608256,0.06922913,0.057802096,0.06812439
CACGGGTTCCGAACGC-1,Insertion_NHEJ-Deletion,Insertion_MMEJ-Deletion,0.07109495,0.07040923,0.05887507,0.055459443,0.06768387,0.07226352,0.07091725,0.065534785,0.071050584,0.06277719,0.06917033,0.069608256,0.06922913,0.057802096,0.06812439
GTCCACTCAGCAGTCC-1,Insertion_Insertion,Insertion_MMEJ-Deletion,0.07109495,0.07040923,0.05887507,0.055459443,0.06768387,0.07226352,0.07091725,0.065534785,0.071050584,0.06277719,0.06917033,0.069608256,0.06922913,0.057802096,0.06812439
TCGGATAAGGAGGCAG-4,NHEJ-Deletion_NHEJ-Deletion,Insertion_MMEJ-Deletion,0.07109495,0.07040923,0.05887507,0.055459443,0.06768387,0.07226352,0.07091725,0.065534785,0.071050584,0.06277719,0.06917033,0.069608256,0.06922913,0.057802096,0.06812439
TCTATCAAGCGTCAGA-1,Insertion_Insertion,Insertion_MMEJ-Deletion,0.07109495,0.07040923,0.05887507,0.055459443,0.06768387,0.07226352,0.07091725,0.065534785,0.071050584,0.06277719,0.06917033,0.069608256,0.06922913,0.057802096,0.06812439
AGCTCAAGTAGTTAGA-1,Insertion_NHEJ-Deletion,Insertion_MMEJ-Deletion,0.07109495,0.07040923,0.05887507,0.055459443,0.06768387,0.07226352,0.07091725,0.065534785,0.071050584,0.06277719,0.06917033,0.069608256,0.06922913,0.057802096,0.06812439
TCAGGGCTCGGTTCAA-1,MMEJ-Deletion_WT,Insertion_MMEJ-Deletion,0.07109495,0.07040923,0.05887507,0.055459443,0.06768387,0.07226352,0.07091725,0.065534785,0.071050584,0.06277719,0.06917033,0.069608256,0.06922913,0.057802096,0.06812439
TAATTCCCAACCCTCT-1,Insertion_NHEJ-Deletion,Insertion_MMEJ-Deletion,0.07109495,0.07040923,0.05887507,0.055459443,0.06768387,0.07226352,0.07091725,0.065534785,0.071050584,0.06277719,0.06917033,0.069608256,0.06922913,0.057802096,0.06812439
ATTCCATGTTCTTGCC-4,Insertion_WT,Insertion_MMEJ-Deletion,0.07109495,0.07040923,0.05887507,0.055459443,0.06768387,0.07226352,0.07091725,0.065534785,0.071050584,0.06277719,0.06917033,0.069608256,0.06922913,0.057802096,0.06812439
TGATCAGCATCCTGTC-1,NHEJ-Deletion_NHEJ-Deletion,Insertion_MMEJ-Deletion,0.07109495,0.07040923,0.05887507,0.055459443,0.06768387,0.07226352,0.07091725,0.065534785,0.071050584,0.06277719,0.06917033,0.069608256,0.06922913,0.057802096,0.06812439
AGGACTTCAACCCGCA-4,Insertion_NHEJ-Deletion,Insertion_MMEJ-Deletion,0.07109495,0.07040923,0.05887507,0.055459443,0.06768387,0.07226352,0.07091725,0.065534785,0.071050584,0.06277719,0.06917033,0.069608256,0.06922913,0.057802096,0.06812439
TCATTGTCATTCTCTA-1,HDR_Insertion,Insertion_MMEJ-Deletion,0.07109495,0.07040923,0.05887507,0.055459443,0.06768387,0.07226352,0.07091725,0.065534785,0.071050584,0.06277719,0.06917033,0.069608256,0.06922913,0.057802096,0.06812439
TACGTCCTCGTTAGAC-1,HDR_Insertion,Insertion_MMEJ-Deletion,0.07109495,0.07040923,0.05887507,0.055459443,0.06768387,0.07226352,0.07091725,0.065534785,0.071050584,0.06277719,0.06917033,0.069608256,0.06922913,0.057802096,0.06812439
CGTGATACAGAGCCCT-1,Insertion_Insertion,Insertion_MMEJ-Deletion,0.07109495,0.07040923,0.05887507,0.055459443,0.06768387,0.07226352,0.07091725,0.065534785,0.071050584,0.06277719,0.06917033,0.069608256,0.06922913,0.057802096,0.06812439
TTCGGTCTCCGATGTA-1,NHEJ-Deletion_NHEJ-Deletion,Insertion_MMEJ-Deletion,0.07109495,0.07040923,0.05887507,0.055459443,0.06768387,0.07226352,0.07091725,0.065534785,0.071050584,0.06277719,0.06917033,0.069608256,0.06922913,0.057802096,0.06812439
TCAAGCATCGATACTG-4,Insertion_WT,Insertion_MMEJ-Deletion,0.07109495,0.07040923,0.05887507,0.055459443,0.06768387,0.07226352,0.07091725,0.065534785,0.071050584,0.06277719,0.06917033,0.069608256,0.06922913,0.057802096,0.06812439
GTAACACGTCGTTGGC-4,MMEJ-Deletion_WT,Insertion_MMEJ-Deletion,0.07109495,0.07040923,0.05887507,0.055459443,0.06768387,0.07226352,0.07091725,0.065534785,0.071050584,0.06277719,0.06917033,0.069608256,0.06922913,0.057802096,0.06812439
TGTTCCGCATTAGGAA-4,MMEJ-Deletion_WT,Insertion_MMEJ-Deletion,0.07109495,0.07040923,0.05887507,0.055459443,0.06768387,0.07226352,0.07091725,0.065534785,0.071050584,0.06277719,0.06917033,0.069608256,0.06922913,0.057802096,0.06812439
TCGACCTTCGCAGTGC-1,HDR_NHEJ-Deletion,Insertion_MMEJ-Deletion,0.07109495,0.07040923,0.05887507,0.055459443,0.06768387,0.07226352,0.07091725,0.065534785,0.071050584,0.06277719,0.06917033,0.069608256,0.06922913,0.057802096,0.06812439
TCGCTCAAGACACACG-4,Insertion_WT,Insertion_MMEJ-Deletion,0.07109495,0.07040923,0.05887507,0.055459443,0.06768387,0.07226352,0.07091725,0.065534785,0.071050584,0.06277719,0.06917033,0.069608256,0.06922913,0.057802096,0.06812439
TCTTTGACACGCTGTG-1,MMEJ-Deletion_MMEJ-Deletion,Insertion_MMEJ-Deletion,0.07109495,0.07040923,0.05887507,0.055459443,0.06768387,0.07226352,0.07091725,0.065534785,0.071050584,0.06277719,0.06917033,0.069608256,0.06922913,0.057802096,0.06812439
ATCGGATAGCTATCCA-1,Insertion_NHEJ-Deletion,Insertion_MMEJ-Deletion,0.07109495,0.07040923,0.05887507,0.055459443,0.06768387,0.07226352,0.07091725,0.065534785,0.071050584,0.06277719,0.06917033,0.069608256,0.06922913,0.057802096,0.06812439
AGTCATGCACTGCGTG-1,Insertion_NHEJ-Deletion,Insertion_MMEJ-Deletion,0.07109495,0.07040923,0.05887507,0.055459443,0.06768387,0.07226352,0.07091725,0.065534785,0.071050584,0.06277719,0.06917033,0.069608256,0.06922913,0.057802096,0.06812439
TTCTTCCGTGCTGATT-1,HDR_Insertion,Insertion_MMEJ-Deletion,0.07109495,0.07040923,0.05887507,0.055459443,0.06768387,0.07226352,0.07091725,0.065534785,0.071050584,0.06277719,0.06917033,0.069608256,0.06922913,0.057802096,0.06812439
GGCACGTCATCCGCGA-1,Insertion_MMEJ-Deletion,Insertion_MMEJ-Deletion,0.07109495,0.07040923,0.05887507,0.055459443,0.06768387,0.07226352,0.07091725,0.065534785,0.071050584,0.06277719,0.06917033,0.069608256,0.06922913,0.057802096,0.06812439
AGCCAATTCCGGCAGT-1,Insertion_NHEJ-Deletion,Insertion_MMEJ-Deletion,0.07109495,0.07040923,0.05887507,0.055459443,0.06768387,0.07226352,0.07091725,0.065534785,0.071050584,0.06277719,0.06917033,0.069608256,0.06922913,0.057802096,0.06812439
CTCAATTTCGAAGTGG-1,HDR_Insertion,Insertion_MMEJ-Deletion,0.07109495,0.07040923,0.05887507,0.055459443,0.06768387,0.07226352,0.07091725,0.065534785,0.071050584,0.06277719,0.06917033,0.069608256,0.06922913,0.057802096,0.06812439
TCATTACGTAAGTAGT-1,Insertion_WT,Insertion_MMEJ-Deletion,0.07109495,0.07040923,0.05887507,0.055459443,0.06768387,0.07226352,0.07091725,0.065534785,0.071050584,0.06277719,0.06917033,0.069608256,0.06922913,0.057802096,0.06812439
GTTACGAAGCCTCTCT-1,HDR_Insertion,Insertion_MMEJ-Deletion,0.07109495,0.07040923,0.05887507,0.055459443,0.06768387,0.07226352,0.07091725,0.065534785,0.071050584,0.06277719,0.06917033,0.069608256,0.06922913,0.057802096,0.06812439
TACTTCATCGAGAAGC-1,Insertion_Insertion,Insertion_MMEJ-Deletion,0.07109495,0.07040923,0.05887507,0.055459443,0.06768387,0.07226352,0.07091725,0.065534785,0.071050584,0.06277719,0.06917033,0.069608256,0.06922913,0.057802096,0.06812439
GATGCTATCAAGCCGC-1,Insertion_Insertion,Insertion_MMEJ-Deletion,0.07109495,0.07040923,0.05887507,0.055459443,0.06768387,0.07226352,0.07091725,0.065534785,0.071050584,0.06277719,0.06917033,0.069608256,0.06922913,0.057802096,0.06812439
CTGATCCCATGGCTAT-1,HDR_Insertion,Insertion_MMEJ-Deletion,0.07109495,0.07040923,0.05887507,0.055459443,0.06768387,0.07226352,0.07091725,0.065534785,0.071050584,0.06277719,0.06917033,0.069608256,0.06922913,0.057802096,0.06812439
CATCCGTAGCCGATAG-4,HDR_HDR,Insertion_MMEJ-Deletion,0.07109495,0.07040923,0.05887507,0.055459443,0.06768387,0.07226352,0.07091725,0.065534785,0.071050584,0.06277719,0.06917033,0.069608256,0.06922913,0.057802096,0.06812439
CTCCGATAGTTCTACG-1,Insertion_WT,Insertion_MMEJ-Deletion,0.07109495,0.07040923,0.05887507,0.055459443,0.06768387,0.07226352,0.07091725,0.065534785,0.071050584,0.06277719,0.06917033,0.069608256,0.06922913,0.057802096,0.06812439
TCTCCGAGTACCGGCT-4,Insertion_NHEJ-Deletion,Insertion_MMEJ-Deletion,0.07109495,0.07040923,0.05887507,0.055459443,0.06768387,0.07226352,0.07091725,0.065534785,0.071050584,0.06277719,0.06917033,0.069608256,0.06922913,0.057802096,0.06812439
CAGTGCGGTACACGTT-4,HDR_WT,Insertion_MMEJ-Deletion,0.07109495,0.07040923,0.05887507,0.055459443,0.06768387,0.07226352,0.07091725,0.065534785,0.071050584,0.06277719,0.06917033,0.069608256,0.06922913,0.057802096,0.06812439
TCGACCTGTATGCGGA-1,Insertion_NHEJ-Deletion,Insertion_MMEJ-Deletion,0.07109495,0.07040923,0.05887507,0.055459443,0.06768387,0.07226352,0.07091725,0.065534785,0.071050584,0.06277719,0.06917033,0.069608256,0.06922913,0.057802096,0.06812439
CTTCAATAGGACACTG-1,NHEJ-Deletion_NHEJ-Deletion,Insertion_MMEJ-Deletion,0.07109495,0.07040923,0.05887507,0.055459443,0.06768387,0.07226352,0.07091725,0.065534785,0.071050584,0.06277719,0.06917033,0.069608256,0.06922913,0.057802096,0.06812439
TCCCACATCAGACCGC-1,HDR_WT,Insertion_MMEJ-Deletion,0.07109495,0.07040923,0.05887507,0.055459443,0.06768387,0.07226352,0.07091725,0.065534785,0.071050584,0.06277719,0.06917033,0.069608256,0.06922913,0.057802096,0.06812439
ACTATTCTCTTACCAT-1,MMEJ-Deletion_WT,Insertion_MMEJ-Deletion,0.07109495,0.07040923,0.05887507,0.055459443,0.06768387,0.07226352,0.07091725,0.065534785,0.071050584,0.06277719,0.06917033,0.069608256,0.06922913,0.057802096,0.06812439
TCTGGCTGTCGGCTAC-1,Insertion_SV,Insertion_MMEJ-Deletion,0.07109495,0.07040923,0.05887507,0.055459443,0.06768387,0.07226352,0.07091725,0.065534785,0.071050584,0.06277719,0.06917033,0.069608256,0.06922913,0.057802096,0.06812439
ATATCCTAGCAACTTC-1,Insertion_Insertion,Insertion_MMEJ-Deletion,0.07109495,0.07040923,0.05887507,0.055459443,0.06768387,0.07226352,0.07091725,0.065534785,0.071050584,0.06277719,0.06917033,0.069608256,0.06922913,0.057802096,0.06812439
TGGATGTAGCCTGCCA-1,HDR_Insertion,Insertion_MMEJ-Deletion,0.07109495,0.07040923,0.05887507,0.055459443,0.06768387,0.07226352,0.07091725,0.065534785,0.071050584,0.06277719,0.06917033,0.069608256,0.06922913,0.057802096,0.06812439
TCAGTCCGTTGCTCGG-1,Insertion_WT,Insertion_MMEJ-Deletion,0.07109495,0.07040923,0.05887507,0.055459443,0.06768387,0.07226352,0.07091725,0.065534785,0.071050584,0.06277719,0.06917033,0.069608256,0.06922913,0.057802096,0.06812439
TGCTCGTGTTCTCTAT-1,NHEJ-Deletion_WT,Insertion_MMEJ-Deletion,0.07109495,0.07040923,0.05887507,0.055459443,0.06768387,0.07226352,0.07091725,0.065534785,0.071050584,0.06277719,0.06917033,0.069608256,0.06922913,0.057802096,0.06812439
AACCATGGTTCGAAGG-1,Insertion_NHEJ-Deletion,Insertion_MMEJ-Deletion,0.07109495,0.07040923,0.05887507,0.055459443,0.06768387,0.07226352,0.07091725,0.065534785,0.071050584,0.06277719,0.06917033,0.069608256,0.06922913,0.057802096,0.06812439
GTCACTCAGCATCCCG-1,HDR_Insertion,Insertion_MMEJ-Deletion,0.07109495,0.07040923,0.05887507,0.055459443,0.06768387,0.07226352,0.07091725,0.065534785,0.071050584,0.06277719,0.06917033,0.069608256,0.06922913,0.057802096,0.06812439
AAGTACCGTTCCATTT-4,Insertion_WT,Insertion_MMEJ-Deletion,0.07109495,0.07040923,0.05887507,0.055459443,0.06768387,0.07226352,0.07091725,0.065534785,0.071050584,0.06277719,0.06917033,0.069608256,0.06922913,0.057802096,0.06812439
TAACTTCAGTCGTCTA-1,Insertion_WT,Insertion_MMEJ-Deletion,0.07109495,0.07040923,0.05887507,0.055459443,0.06768387,0.07226352,0.07091725,0.065534785,0.071050584,0.06277719,0.06917033,0.069608256,0.06922913,0.057802096,0.06812439
ACGTCCTGTAAGATAC-1,NHEJ-Deletion_WT,Insertion_MMEJ-Deletion,0.07109495,0.07040923,0.05887507,0.055459443,0.06768387,0.07226352,0.07091725,0.065534785,0.071050584,0.06277719,0.06917033,0.069608256,0.06922913,0.057802096,0.06812439
TTCTAGTTCTTAGTTC-1,Insertion_WT,Insertion_MMEJ-Deletion,0.07109495,0.07040923,0.05887507,0.055459443,0.06768387,0.07226352,0.07091725,0.065534785,0.071050584,0.06277719,0.06917033,0.069608256,0.06922913,0.057802096,0.06812439
ATCCCTGGTGACTCTA-1,HDR_HDR,Insertion_MMEJ-Deletion,0.07109495,0.07040923,0.05887507,0.055459443,0.06768387,0.07226352,0.07091725,0.065534785,0.071050584,0.06277719,0.06917033,0.069608256,0.06922913,0.057802096,0.06812439
TTGCATTAGTCACTCA-4,Insertion_MMEJ-Deletion,Insertion_MMEJ-Deletion,0.07109495,0.07040923,0.05887507,0.055459443,0.06768387,0.07226352,0.07091725,0.065534785,0.071050584,0.06277719,0.06917033,0.069608256,0.06922913,0.057802096,0.06812439
GCGGAAACACGCTGCA-4,Insertion_Insertion,Insertion_MMEJ-Deletion,0.07109495,0.07040923,0.05887507,0.055459443,0.06768387,0.07226352,0.07091725,0.065534785,0.071050584,0.06277719,0.06917033,0.069608256,0.06922913,0.057802096,0.06812439
AATAGAGTCATCACTT-1,MMEJ-Deletion_WT,Insertion_MMEJ-Deletion,0.07109495,0.07040923,0.05887507,0.055459443,0.06768387,0.07226352,0.07091725,0.065534785,0.071050584,0.06277719,0.06917033,0.069608256,0.06922913,0.057802096,0.06812439
TGCGACGTCATGAGGG-1,Insertion_Insertion,Insertion_MMEJ-Deletion,0.07109495,0.07040923,0.05887507,0.055459443,0.06768387,0.07226352,0.07091725,0.065534785,0.071050584,0.06277719,0.06917033,0.069608256,0.06922913,0.057802096,0.06812439
TCACTATGTACTAACC-4,Insertion_WT,Insertion_MMEJ-Deletion,0.07109495,0.07040923,0.05887507,0.055459443,0.06768387,0.07226352,0.07091725,0.065534785,0.071050584,0.06277719,0.06917033,0.069608256,0.06922913,0.057802096,0.06812439
GGAAGTGGTCTGTGCG-1,NHEJ-Deletion_WT,Insertion_MMEJ-Deletion,0.07109495,0.07040923,0.05887507,0.055459443,0.06768387,0.07226352,0.07091725,0.065534785,0.071050584,0.06277719,0.06917033,0.069608256,0.06922913,0.057802096,0.06812439
TTCATTGGTGCAACGA-1,Insertion_WT,Insertion_MMEJ-Deletion,0.07109495,0.07040923,0.05887507,0.055459443,0.06768387,0.07226352,0.07091725,0.065534785,0.071050584,0.06277719,0.06917033,0.069608256,0.06922913,0.057802096,0.06812439
GATCCCTGTCTCTCAC-4,NHEJ-Deletion_WT,Insertion_MMEJ-Deletion,0.07109495,0.07040923,0.05887507,0.055459443,0.06768387,0.07226352,0.07091725,0.065534785,0.071050584,0.06277719,0.06917033,0.069608256,0.06922913,0.057802096,0.06812439
CAACCTCGTTTCGATG-4,Insertion_WT,Insertion_MMEJ-Deletion,0.07109495,0.07040923,0.05887507,0.055459443,0.06768387,0.07226352,0.07091725,0.065534785,0.071050584,0.06277719,0.06917033,0.069608256,0.06922913,0.057802096,0.06812439
AGGTTACTCCGTTTCG-1,NHEJ-Deletion_WT,Insertion_MMEJ-Deletion,0.07109495,0.07040923,0.05887507,0.055459443,0.06768387,0.07226352,0.07091725,0.065534785,0.071050584,0.06277719,0.06917033,0.069608256,0.06922913,0.057802096,0.06812439
TACGTCCAGTAAACTG-1,Insertion_Insertion,Insertion_MMEJ-Deletion,0.07109495,0.07040923,0.05887507,0.055459443,0.06768387,0.07226352,0.07091725,0.065534785,0.071050584,0.06277719,0.06917033,0.069608256,0.06922913,0.057802096,0.06812439
AACCTTTAGAGCCTGA-1,Insertion_NHEJ-Deletion,Insertion_MMEJ-Deletion,0.07109495,0.07040923,0.05887507,0.055459443,0.06768387,0.07226352,0.07091725,0.065534785,0.071050584,0.06277719,0.06917033,0.069608256,0.06922913,0.057802096,0.06812439
GTAATGCTCGACCTAA-1,Insertion_Insertion,Insertion_MMEJ-Deletion,0.07109495,0.07040923,0.05887507,0.055459443,0.06768387,0.07226352,0.07091725,0.065534785,0.071050584,0.06277719,0.06917033,0.069608256,0.06922913,0.057802096,0.06812439
TGATGCACATGACTCA-1,NHEJ-Deletion_NHEJ-Deletion,Insertion_MMEJ-Deletion,0.07109495,0.07040923,0.05887507,0.055459443,0.06768387,0.07226352,0.07091725,0.065534785,0.071050584,0.06277719,0.06917033,0.069608256,0.06922913,0.057802096,0.06812439
TTCCACGTCTACCAGA-1,Insertion_NHEJ-Deletion,Insertion_MMEJ-Deletion,0.07109495,0.07040923,0.05887507,0.055459443,0.06768387,0.07226352,0.07091725,0.065534785,0.071050584,0.06277719,0.06917033,0.069608256,0.06922913,0.057802096,0.06812439
CTTTCGGAGTCCCGAC-1,HDR_Insertion,Insertion_MMEJ-Deletion,0.07109495,0.07040923,0.05887507,0.055459443,0.06768387,0.07226352,0.07091725,0.065534785,0.071050584,0.06277719,0.06917033,0.069608256,0.06922913,0.057802096,0.06812439
GAGATGGTCGCCGATG-1,Insertion_Insertion,Insertion_MMEJ-Deletion,0.07109495,0.07040923,0.05887507,0.055459443,0.06768387,0.07226352,0.07091725,0.065534785,0.071050584,0.06277719,0.06917033,0.069608256,0.06922913,0.057802096,0.06812439
CATGCGGTCCAATCTT-1,Insertion_WT,Insertion_MMEJ-Deletion,0.07109495,0.07040923,0.05887507,0.055459443,0.06768387,0.07226352,0.07091725,0.065534785,0.071050584,0.06277719,0.06917033,0.069608256,0.06922913,0.057802096,0.06812439
CATGCGGAGAGTTGCG-1,Insertion_Insertion,Insertion_MMEJ-Deletion,0.07109495,0.07040923,0.05887507,0.055459443,0.06768387,0.07226352,0.07091725,0.065534785,0.071050584,0.06277719,0.06917033,0.069608256,0.06922913,0.057802096,0.06812439
CATACAGTCTCGTGGG-1,NHEJ-Deletion_NHEJ-Deletion,Insertion_MMEJ-Deletion,0.07109495,0.07040923,0.05887507,0.055459443,0.06768387,0.07226352,0.07091725,0.065534785,0.071050584,0.06277719,0.06917033,0.069608256,0.06922913,0.057802096,0.06812439
CTACAGAGTCTACAGT-4,Insertion_WT,Insertion_MMEJ-Deletion,0.07109495,0.07040923,0.05887507,0.055459443,0.06768387,0.07226352,0.07091725,0.065534785,0.071050584,0.06277719,0.06917033,0.069608256,0.06922913,0.057802096,0.06812439
CTATCTAAGCTGGCTC-1,Insertion_NHEJ-Deletion,Insertion_MMEJ-Deletion,0.07109495,0.07040923,0.05887507,0.055459443,0.06768387,0.07226352,0.07091725,0.065534785,0.071050584,0.06277719,0.06917033,0.069608256,0.06922913,0.057802096,0.06812439
GAAACCTCAATAGGAT-1,Insertion_Insertion,Insertion_MMEJ-Deletion,0.07109495,0.07040923,0.05887507,0.055459443,0.06768387,0.07226352,0.07091725,0.065534785,0.071050584,0.06277719,0.06917033,0.069608256,0.06922913,0.057802096,0.06812439
TCAGGTACAAAGAGTT-1,NHEJ-Deletion_NHEJ-Deletion,Insertion_MMEJ-Deletion,0.07109495,0.07040923,0.05887507,0.055459443,0.06768387,0.07226352,0.07091725,0.065534785,0.071050584,0.06277719,0.06917033,0.069608256,0.06922913,0.057802096,0.06812439
AGTAGTCCATGGAAGC-1,HDR_Insertion,Insertion_MMEJ-Deletion,0.07109495,0.07040923,0.05887507,0.055459443,0.06768387,0.07226352,0.07091725,0.065534785,0.071050584,0.06277719,0.06917033,0.069608256,0.06922913,0.057802096,0.06812439
GTCTGTCGTATCGATC-4,HDR_WT,Insertion_MMEJ-Deletion,0.07109495,0.07040923,0.05887507,0.055459443,0.06768387,0.07226352,0.07091725,0.065534785,0.071050584,0.06277719,0.06917033,0.069608256,0.06922913,0.057802096,0.06812439
TGACTCCTCTTGTGCC-1,Insertion_Insertion,Insertion_MMEJ-Deletion,0.07109495,0.07040923,0.05887507,0.055459443,0.06768387,0.07226352,0.07091725,0.065534785,0.071050584,0.06277719,0.06917033,0.069608256,0.06922913,0.057802096,0.06812439
GCAACATGTTGGCTAT-1,MMEJ-Deletion_MMEJ-Deletion,Insertion_MMEJ-Deletion,0.07109495,0.07040923,0.05887507,0.055459443,0.06768387,0.07226352,0.07091725,0.065534785,0.071050584,0.06277719,0.06917033,0.069608256,0.06922913,0.057802096,0.06812439
TGAGGTTGTGCTGATT-1,Insertion_Insertion,Insertion_MMEJ-Deletion,0.07109495,0.07040923,0.05887507,0.055459443,0.06768387,0.07226352,0.07091725,0.065534785,0.071050584,0.06277719,0.06917033,0.069608256,0.06922913,0.057802096,0.06812439
ACTTCCGTCCTTCGAC-1,Insertion_MMEJ-Deletion,Insertion_MMEJ-Deletion,0.07109495,0.07040923,0.05887507,0.055459443,0.06768387,0.07226352,0.07091725,0.065534785,0.071050584,0.06277719,0.06917033,0.069608256,0.06922913,0.057802096,0.06812439
GAACACTAGGCGAAGG-1,Insertion_Insertion,Insertion_MMEJ-Deletion,0.07109495,0.07040923,0.05887507,0.055459443,0.06768387,0.07226352,0.07091725,0.065534785,0.071050584,0.06277719,0.06917033,0.069608256,0.06922913,0.057802096,0.06812439
AGAAATGTCATAGAGA-1,Insertion_Insertion,Insertion_MMEJ-Deletion,0.07109495,0.07040923,0.05887507,0.055459443,0.06768387,0.07226352,0.07091725,0.065534785,0.071050584,0.06277719,0.06917033,0.069608256,0.06922913,0.057802096,0.06812439
ATTCCCGTCGAACCTA-1,HDR_Insertion,Insertion_MMEJ-Deletion,0.07109495,0.07040923,0.05887507,0.055459443,0.06768387,0.07226352,0.07091725,0.065534785,0.071050584,0.06277719,0.06917033,0.069608256,0.06922913,0.057802096,0.06812439
TACTTCACACTATCGA-1,Insertion_Insertion,Insertion_MMEJ-Deletion,0.07109495,0.07040923,0.05887507,0.055459443,0.06768387,0.07226352,0.07091725,0.065534785,0.071050584,0.06277719,0.06917033,0.069608256,0.06922913,0.057802096,0.06812439
ATGTCTTGTAGTCTTG-1,HDR_Insertion,Insertion_MMEJ-Deletion,0.07109495,0.07040923,0.05887507,0.055459443,0.06768387,0.07226352,0.07091725,0.065534785,0.071050584,0.06277719,0.06917033,0.069608256,0.06922913,0.057802096,0.06812439
GAATAGAAGTGCTCGC-4,NHEJ-Deletion_SV,Insertion_MMEJ-Deletion,0.07109495,0.07040923,0.05887507,0.055459443,0.06768387,0.07226352,0.07091725,0.065534785,0.071050584,0.06277719,0.06917033,0.069608256,0.06922913,0.057802096,0.06812439
ATAGGCTAGCCTATCA-4,HDR_NHEJ-Deletion,Insertion_MMEJ-Deletion,0.07109495,0.07040923,0.05887507,0.055459443,0.06768387,0.07226352,0.07091725,0.065534785,0.071050584,0.06277719,0.06917033,0.069608256,0.06922913,0.057802096,0.06812439
GCGATCGCAGAGAGGG-1,Insertion_WT,Insertion_MMEJ-Deletion,0.07109495,0.07040923,0.05887507,0.055459443,0.06768387,0.07226352,0.07091725,0.065534785,0.071050584,0.06277719,0.06917033,0.069608256,0.06922913,0.057802096,0.06812439
AGCGCCACAGGGATAC-1,Insertion_NHEJ-Deletion,Insertion_MMEJ-Deletion,0.07109495,0.07040923,0.05887507,0.055459443,0.06768387,0.07226352,0.07091725,0.065534785,0.071050584,0.06277719,0.06917033,0.069608256,0.06922913,0.057802096,0.06812439
TCTGTCGTCCTGATAG-4,NHEJ-Deletion_WT,Insertion_MMEJ-Deletion,0.07109495,0.07040923,0.05887507,0.055459443,0.06768387,0.07226352,0.07091725,0.065534785,0.071050584,0.06277719,0.06917033,0.069608256,0.06922913,0.057802096,0.06812439
ATGAAAGCAGGTGAGT-1,Insertion_WT,Insertion_MMEJ-Deletion,0.07109495,0.07040923,0.05887507,0.055459443,0.06768387,0.07226352,0.07091725,0.065534785,0.071050584,0.06277719,0.06917033,0.069608256,0.06922913,0.057802096,0.06812439
CTTCTCTTCGGCCAAC-4,Insertion_Insertion,Insertion_MMEJ-Deletion,0.07109495,0.07040923,0.05887507,0.055459443,0.06768387,0.07226352,0.07091725,0.065534785,0.071050584,0.06277719,0.06917033,0.069608256,0.06922913,0.057802096,0.06812439
CTAGACAAGCGATTCT-4,MMEJ-Deletion_NHEJ-Deletion,Insertion_MMEJ-Deletion,0.07109495,0.07040923,0.05887507,0.055459443,0.06768387,0.07226352,0.07091725,0.065534785,0.071050584,0.06277719,0.06917033,0.069608256,0.06922913,0.057802096,0.06812439
AGGACTTGTATTAAGG-1,Insertion_Insertion,Insertion_MMEJ-Deletion,0.07109495,0.07040923,0.05887507,0.055459443,0.06768387,0.07226352,0.07091725,0.065534785,0.071050584,0.06277719,0.06917033,0.069608256,0.06922913,0.057802096,0.06812439
CCGGTAGTCTTACTGT-1,NHEJ-Deletion_WT,Insertion_MMEJ-Deletion,0.07109495,0.07040923,0.05887507,0.055459443,0.06768387,0.07226352,0.07091725,0.065534785,0.071050584,0.06277719,0.06917033,0.069608256,0.06922913,0.057802096,0.06812439
GAGGCCTTCGTGGTAT-1,Insertion_MMEJ-Deletion,Insertion_MMEJ-Deletion,0.07109495,0.07040923,0.05887507,0.055459443,0.06768387,0.07226352,0.07091725,0.065534785,0.071050584,0.06277719,0.06917033,0.069608256,0.06922913,0.057802096,0.06812439
GTCACGGCACGACAGA-1,Insertion_WT,Insertion_MMEJ-Deletion,0.07109495,0.07040923,0.05887507,0.055459443,0.06768387,0.07226352,0.07091725,0.065534785,0.071050584,0.06277719,0.06917033,0.069608256,0.06922913,0.057802096,0.06812439
TCGAAGTGTTGCTGAT-1,NHEJ-Deletion_NHEJ-Deletion,Insertion_MMEJ-Deletion,0.07109495,0.07040923,0.05887507,0.055459443,0.06768387,0.07226352,0.07091725,0.065534785,0.071050584,0.06277719,0.06917033,0.069608256,0.06922913,0.057802096,0.06812439
CCTTTGGTCCCGATCT-1,NHEJ-Deletion_WT,Insertion_MMEJ-Deletion,0.07109495,0.07040923,0.05887507,0.055459443,0.06768387,0.07226352,0.07091725,0.065534785,0.071050584,0.06277719,0.06917033,0.069608256,0.06922913,0.057802096,0.06812439
GTGCACGTCTCGCGTT-1,Insertion_NHEJ-Deletion,Insertion_MMEJ-Deletion,0.07109495,0.07040923,0.05887507,0.055459443,0.06768387,0.07226352,0.07091725,0.065534785,0.071050584,0.06277719,0.06917033,0.069608256,0.06922913,0.057802096,0.06812439
GGTTGTAAGCCTATTG-4,Insertion_WT,Insertion_MMEJ-Deletion,0.07109495,0.07040923,0.05887507,0.055459443,0.06768387,0.07226352,0.07091725,0.065534785,0.071050584,0.06277719,0.06917033,0.069608256,0.06922913,0.057802096,0.06812439
AAGATAGTCACGGGCT-1,Insertion_SV,Insertion_MMEJ-Deletion,0.07109495,0.07040923,0.05887507,0.055459443,0.06768387,0.07226352,0.07091725,0.065534785,0.071050584,0.06277719,0.06917033,0.069608256,0.06922913,0.057802096,0.06812439
CATCGCTTCGTAGGAG-1,Insertion_WT,Insertion_MMEJ-Deletion,0.07109495,0.07040923,0.05887507,0.055459443,0.06768387,0.07226352,0.07091725,0.065534785,0.071050584,0.06277719,0.06917033,0.069608256,0.06922913,0.057802096,0.06812439
TGAACGTGTCACCACG-4,Insertion_NHEJ-Deletion,Insertion_MMEJ-Deletion,0.07109495,0.07040923,0.05887507,0.055459443,0.06768387,0.07226352,0.07091725,0.065534785,0.071050584,0.06277719,0.06917033,0.069608256,0.06922913,0.057802096,0.06812439
GATTCTTGTGCCCTTT-4,Insertion_WT,Insertion_MMEJ-Deletion,0.07109495,0.07040923,0.05887507,0.055459443,0.06768387,0.07226352,0.07091725,0.065534785,0.071050584,0.06277719,0.06917033,0.069608256,0.06922913,0.057802096,0.06812439
GCCAGCAAGCGATTCT-1,Insertion_WT,Insertion_MMEJ-Deletion,0.07109495,0.07040923,0.05887507,0.055459443,0.06768387,0.07226352,0.07091725,0.065534785,0.071050584,0.06277719,0.06917033,0.069608256,0.06922913,0.057802096,0.06812439
TTCTGTAAGACTCGAG-4,MMEJ-Deletion_NHEJ-Deletion,Insertion_MMEJ-Deletion,0.07109495,0.07040923,0.05887507,0.055459443,0.06768387,0.07226352,0.07091725,0.065534785,0.071050584,0.06277719,0.06917033,0.069608256,0.06922913,0.057802096,0.06812439
AGTGTTGTCCTTATCA-1,NHEJ-Deletion_WT,Insertion_MMEJ-Deletion,0.07109495,0.07040923,0.05887507,0.055459443,0.06768387,0.07226352,0.07091725,0.065534785,0.071050584,0.06277719,0.06917033,0.069608256,0.06922913,0.057802096,0.06812439
TATCTTGGTATTCCGA-1,HDR_WT,Insertion_MMEJ-Deletion,0.07109495,0.07040923,0.05887507,0.055459443,0.06768387,0.07226352,0.07091725,0.065534785,0.071050584,0.06277719,0.06917033,0.069608256,0.06922913,0.057802096,0.06812439
CCCAACTCATCTAACG-1,Insertion_Insertion,Insertion_MMEJ-Deletion,0.07109495,0.07040923,0.05887507,0.055459443,0.06768387,0.07226352,0.07091725,0.065534785,0.071050584,0.06277719,0.06917033,0.069608256,0.06922913,0.057802096,0.06812439
CTGCCATTCGTTCGCT-1,Insertion_MMEJ-Deletion,Insertion_MMEJ-Deletion,0.07109495,0.07040923,0.05887507,0.055459443,0.06768387,0.07226352,0.07091725,0.065534785,0.071050584,0.06277719,0.06917033,0.069608256,0.06922913,0.057802096,0.06812439
CAGCGTGCACAAGCCC-1,Insertion_Insertion,Insertion_MMEJ-Deletion,0.07109495,0.07040923,0.05887507,0.055459443,0.06768387,0.07226352,0.07091725,0.065534785,0.071050584,0.06277719,0.06917033,0.069608256,0.06922913,0.057802096,0.06812439
TTCATTGTCACGAACT-1,Insertion_Insertion,Insertion_MMEJ-Deletion,0.07109495,0.07040923,0.05887507,0.055459443,0.06768387,0.07226352,0.07091725,0.065534785,0.071050584,0.06277719,0.06917033,0.069608256,0.06922913,0.057802096,0.06812439
TCGACCTAGACGGATC-1,Insertion_Insertion,Insertion_MMEJ-Deletion,0.07109495,0.07040923,0.05887507,0.055459443,0.06768387,0.07226352,0.07091725,0.065534785,0.071050584,0.06277719,0.06917033,0.069608256,0.06922913,0.057802096,0.06812439
GTCATGAAGATGCGAC-1,Insertion_NHEJ-Deletion,Insertion_MMEJ-Deletion,0.07109495,0.07040923,0.05887507,0.055459443,0.06768387,0.07226352,0.07091725,0.065534785,0.071050584,0.06277719,0.06917033,0.069608256,0.06922913,0.057802096,0.06812439
TTCTCTCTCAGACTGT-4,Insertion_Insertion,Insertion_MMEJ-Deletion,0.07109495,0.07040923,0.05887507,0.055459443,0.06768387,0.07226352,0.07091725,0.065534785,0.071050584,0.06277719,0.06917033,0.069608256,0.06922913,0.057802096,0.06812439
GGTTAACCATGAAGCG-1,Insertion_WT,Insertion_MMEJ-Deletion,0.07109495,0.07040923,0.05887507,0.055459443,0.06768387,0.07226352,0.07091725,0.065534785,0.071050584,0.06277719,0.06917033,0.069608256,0.06922913,0.057802096,0.06812439
ACCCAAAAGGCAGCTA-1,Insertion_WT,Insertion_MMEJ-Deletion,0.07109495,0.07040923,0.05887507,0.055459443,0.06768387,0.07226352,0.07091725,0.065534785,0.071050584,0.06277719,0.06917033,0.069608256,0.06922913,0.057802096,0.06812439
CATGCAACATGACACT-1,Insertion_Insertion,Insertion_MMEJ-Deletion,0.07109495,0.07040923,0.05887507,0.055459443,0.06768387,0.07226352,0.07091725,0.065534785,0.071050584,0.06277719,0.06917033,0.069608256,0.06922913,0.057802096,0.06812439
AGAGCAGTCTCTCCGA-1,Insertion_Insertion,Insertion_MMEJ-Deletion,0.07109495,0.07040923,0.05887507,0.055459443,0.06768387,0.07226352,0.07091725,0.065534785,0.071050584,0.06277719,0.06917033,0.069608256,0.06922913,0.057802096,0.06812439
GCATGATTCCCTCATG-4,Insertion_NHEJ-Deletion,Insertion_MMEJ-Deletion,0.07109495,0.07040923,0.05887507,0.055459443,0.06768387,0.07226352,0.07091725,0.065534785,0.071050584,0.06277719,0.06917033,0.069608256,0.06922913,0.057802096,0.06812439
ACTGCAAGTTCCGCTT-1,Insertion_Insertion,Insertion_MMEJ-Deletion,0.07109495,0.07040923,0.05887507,0.055459443,0.06768387,0.07226352,0.07091725,0.065534785,0.071050584,0.06277719,0.06917033,0.069608256,0.06922913,0.057802096,0.06812439
CTTGAGACATCCGGCA-1,HDR_NHEJ-Deletion,Insertion_MMEJ-Deletion,0.07109495,0.07040923,0.05887507,0.055459443,0.06768387,0.07226352,0.07091725,0.065534785,0.071050584,0.06277719,0.06917033,0.069608256,0.06922913,0.057802096,0.06812439
TCCTAATCAAGTGGTG-4,NHEJ-Deletion_NHEJ-Deletion,Insertion_MMEJ-Deletion,0.07109495,0.07040923,0.05887507,0.055459443,0.06768387,0.07226352,0.07091725,0.065534785,0.071050584,0.06277719,0.06917033,0.069608256,0.06922913,0.057802096,0.06812439
CTGTAGAGTATGATCC-1,Insertion_Insertion,Insertion_MMEJ-Deletion,0.07109495,0.07040923,0.05887507,0.055459443,0.06768387,0.07226352,0.07091725,0.065534785,0.071050584,0.06277719,0.06917033,0.069608256,0.06922913,0.057802096,0.06812439
TTCCTTCAGTGAACAT-1,Insertion_Insertion,Insertion_MMEJ-Deletion,0.07109495,0.07040923,0.05887507,0.055459443,0.06768387,0.07226352,0.07091725,0.065534785,0.071050584,0.06277719,0.06917033,0.069608256,0.06922913,0.057802096,0.06812439
AGGGTCCCATCTTCGC-1,NHEJ-Deletion_WT,Insertion_MMEJ-Deletion,0.07109495,0.07040923,0.05887507,0.055459443,0.06768387,0.07226352,0.07091725,0.065534785,0.071050584,0.06277719,0.06917033,0.069608256,0.06922913,0.057802096,0.06812439
CAACCAAGTGTTAGCT-4,Insertion_WT,Insertion_MMEJ-Deletion,0.07109495,0.07040923,0.05887507,0.055459443,0.06768387,0.07226352,0.07091725,0.065534785,0.071050584,0.06277719,0.06917033,0.069608256,0.06922913,0.057802096,0.06812439
GGTGGCTGTAGGTAGC-1,HDR_Insertion,Insertion_MMEJ-Deletion,0.07109495,0.07040923,0.05887507,0.055459443,0.06768387,0.07226352,0.07091725,0.065534785,0.071050584,0.06277719,0.06917033,0.069608256,0.06922913,0.057802096,0.06812439
TCATGGACAGGTAGTG-1,NHEJ-Deletion_NHEJ-Deletion,Insertion_MMEJ-Deletion,0.07109495,0.07040923,0.05887507,0.055459443,0.06768387,0.07226352,0.07091725,0.065534785,0.071050584,0.06277719,0.06917033,0.069608256,0.06922913,0.057802096,0.06812439
CCCTAACGTGCTCTCT-1,HDR_HDR,Insertion_MMEJ-Deletion,0.07109495,0.07040923,0.05887507,0.055459443,0.06768387,0.07226352,0.07091725,0.065534785,0.071050584,0.06277719,0.06917033,0.069608256,0.06922913,0.057802096,0.06812439
CTGAATGTCCCGGTAG-4,NHEJ-Deletion_WT,Insertion_MMEJ-Deletion,0.07109495,0.07040923,0.05887507,0.055459443,0.06768387,0.07226352,0.07091725,0.065534785,0.071050584,0.06277719,0.06917033,0.069608256,0.06922913,0.057802096,0.06812439
CGGCAGTAGCTGAAGC-1,Insertion_WT,Insertion_MMEJ-Deletion,0.07109495,0.07040923,0.05887507,0.055459443,0.06768387,0.07226352,0.07091725,0.065534785,0.071050584,0.06277719,0.06917033,0.069608256,0.06922913,0.057802096,0.06812439
GTCACGGTCGTTATCT-4,Insertion_WT,Insertion_MMEJ-Deletion,0.07109495,0.07040923,0.05887507,0.055459443,0.06768387,0.07226352,0.07091725,0.065534785,0.071050584,0.06277719,0.06917033,0.069608256,0.06922913,0.057802096,0.06812439
AGGTTACAGGAATTAC-1,Insertion_WT,Insertion_MMEJ-Deletion,0.07109495,0.07040923,0.05887507,0.055459443,0.06768387,0.07226352,0.07091725,0.065534785,0.071050584,0.06277719,0.06917033,0.069608256,0.06922913,0.057802096,0.06812439
CGTCCATCAGTCTGGC-4,Insertion_NHEJ-Deletion,Insertion_MMEJ-Deletion,0.07109495,0.07040923,0.05887507,0.055459443,0.06768387,0.07226352,0.07091725,0.065534785,0.071050584,0.06277719,0.06917033,0.069608256,0.06922913,0.057802096,0.06812439
AACTTCTGTAGGTACG-1,MMEJ-Deletion_WT,Insertion_MMEJ-Deletion,0.07109495,0.07040923,0.05887507,0.055459443,0.06768387,0.07226352,0.07091725,0.065534785,0.071050584,0.06277719,0.06917033,0.069608256,0.06922913,0.057802096,0.06812439
TCAATCTCAATAGTAG-1,HDR_HDR,Insertion_MMEJ-Deletion,0.07109495,0.07040923,0.05887507,0.055459443,0.06768387,0.07226352,0.07091725,0.065534785,0.071050584,0.06277719,0.06917033,0.069608256,0.06922913,0.057802096,0.06812439
CCTATCGTCCCAGTGG-1,Insertion_MMEJ-Deletion,Insertion_MMEJ-Deletion,0.07109495,0.07040923,0.05887507,0.055459443,0.06768387,0.07226352,0.07091725,0.065534785,0.071050584,0.06277719,0.06917033,0.069608256,0.06922913,0.057802096,0.06812439
TCAAGACGTCGAATTC-1,Insertion_WT,Insertion_MMEJ-Deletion,0.07109495,0.07040923,0.05887507,0.055459443,0.06768387,0.07226352,0.07091725,0.065534785,0.071050584,0.06277719,0.06917033,0.069608256,0.06922913,0.057802096,0.06812439
CTGTACCGTTGACGGA-1,HDR_Insertion,Insertion_MMEJ-Deletion,0.07109495,0.07040923,0.05887507,0.055459443,0.06768387,0.07226352,0.07091725,0.065534785,0.071050584,0.06277719,0.06917033,0.069608256,0.06922913,0.057802096,0.06812439
TGATCTTTCCATCTAT-1,Insertion_MMEJ-Deletion,Insertion_MMEJ-Deletion,0.07109495,0.07040923,0.05887507,0.055459443,0.06768387,0.07226352,0.07091725,0.065534785,0.071050584,0.06277719,0.06917033,0.069608256,0.06922913,0.057802096,0.06812439
ACGATGTTCGGTCTGG-1,MMEJ-Deletion_NHEJ-Deletion,Insertion_MMEJ-Deletion,0.07109495,0.07040923,0.05887507,0.055459443,0.06768387,0.07226352,0.07091725,0.065534785,0.071050584,0.06277719,0.06917033,0.069608256,0.06922913,0.057802096,0.06812439
ATCACGATCCGAGTGC-4,Insertion_WT,Insertion_MMEJ-Deletion,0.07109495,0.07040923,0.05887507,0.055459443,0.06768387,0.07226352,0.07091725,0.065534785,0.071050584,0.06277719,0.06917033,0.069608256,0.06922913,0.057802096,0.06812439
TCCTAATAGATCCCAT-1,Insertion_Insertion,Insertion_MMEJ-Deletion,0.07109495,0.07040923,0.05887507,0.055459443,0.06768387,0.07226352,0.07091725,0.065534785,0.071050584,0.06277719,0.06917033,0.069608256,0.06922913,0.057802096,0.06812439
CCGCAAGCAGCGTTGC-4,NHEJ-Deletion_WT,Insertion_MMEJ-Deletion,0.07109495,0.07040923,0.05887507,0.055459443,0.06768387,0.07226352,0.07091725,0.065534785,0.071050584,0.06277719,0.06917033,0.069608256,0.06922913,0.057802096,0.06812439
CACAACAAGAGTTGTA-1,NHEJ-Deletion_WT,Insertion_MMEJ-Deletion,0.07109495,0.07040923,0.05887507,0.055459443,0.06768387,0.07226352,0.07091725,0.065534785,0.071050584,0.06277719,0.06917033,0.069608256,0.06922913,0.057802096,0.06812439
AGAAGCGGTGAGCTCC-1,HDR_Insertion,Insertion_MMEJ-Deletion,0.07109495,0.07040923,0.05887507,0.055459443,0.06768387,0.07226352,0.07091725,0.065534785,0.071050584,0.06277719,0.06917033,0.069608256,0.06922913,0.057802096,0.06812439
AGTACCAGTTGGAGAC-1,NHEJ-Deletion_NHEJ-Deletion,Insertion_MMEJ-Deletion,0.07109495,0.07040923,0.05887507,0.055459443,0.06768387,0.07226352,0.07091725,0.065534785,0.071050584,0.06277719,0.06917033,0.069608256,0.06922913,0.057802096,0.06812439
TGTTCTATCCACCCTA-1,Insertion_MMEJ-Deletion,Insertion_MMEJ-Deletion,0.07109495,0.07040923,0.05887507,0.055459443,0.06768387,0.07226352,0.07091725,0.065534785,0.071050584,0.06277719,0.06917033,0.069608256,0.06922913,0.057802096,0.06812439
TATCTTGGTTTAGACC-1,Insertion_NHEJ-Deletion,Insertion_MMEJ-Deletion,0.07109495,0.07040923,0.05887507,0.055459443,0.06768387,0.07226352,0.07091725,0.065534785,0.071050584,0.06277719,0.06917033,0.069608256,0.06922913,0.057802096,0.06812439
TTGAGTGGTCTAGATC-1,Insertion_NHEJ-Deletion,Insertion_MMEJ-Deletion,0.07109495,0.07040923,0.05887507,0.055459443,0.06768387,0.07226352,0.07091725,0.065534785,0.071050584,0.06277719,0.06917033,0.069608256,0.06922913,0.057802096,0.06812439
GTTAGTGTCTTAGCTT-1,MMEJ-Deletion_MMEJ-Deletion,Insertion_MMEJ-Deletion,0.07109495,0.07040923,0.05887507,0.055459443,0.06768387,0.07226352,0.07091725,0.065534785,0.071050584,0.06277719,0.06917033,0.069608256,0.06922913,0.057802096,0.06812439
AACCAACCACATTACG-1,Insertion_WT,Insertion_MMEJ-Deletion,0.07109495,0.07040923,0.05887507,0.055459443,0.06768387,0.07226352,0.07091725,0.065534785,0.071050584,0.06277719,0.06917033,0.069608256,0.06922913,0.057802096,0.06812439
ACTTTGTTCCCTCTAG-4,Insertion_NHEJ-Deletion,Insertion_MMEJ-Deletion,0.07109495,0.07040923,0.05887507,0.055459443,0.06768387,0.07226352,0.07091725,0.065534785,0.071050584,0.06277719,0.06917033,0.069608256,0.06922913,0.057802096,0.06812439
CCCATTGAGGGATCAC-1,Insertion_NHEJ-Deletion,Insertion_MMEJ-Deletion,0.07109495,0.07040923,0.05887507,0.055459443,0.06768387,0.07226352,0.07091725,0.065534785,0.071050584,0.06277719,0.06917033,0.069608256,0.06922913,0.057802096,0.06812439
TGCTTGCGTGCGAGTA-4,Insertion_Insertion,Insertion_MMEJ-Deletion,0.07109495,0.07040923,0.05887507,0.055459443,0.06768387,0.07226352,0.07091725,0.065534785,0.071050584,0.06277719,0.06917033,0.069608256,0.06922913,0.057802096,0.06812439
TCCTCGAAGGATTTCC-1,NHEJ-Deletion_NHEJ-Deletion,Insertion_MMEJ-Deletion,0.07109495,0.07040923,0.05887507,0.055459443,0.06768387,0.07226352,0.07091725,0.065534785,0.071050584,0.06277719,0.06917033,0.069608256,0.06922913,0.057802096,0.06812439
TATTGGGCACGATAGG-1,Insertion_Insertion,Insertion_MMEJ-Deletion,0.07109495,0.07040923,0.05887507,0.055459443,0.06768387,0.07226352,0.07091725,0.065534785,0.071050584,0.06277719,0.06917033,0.069608256,0.06922913,0.057802096,0.06812439
TGACTCCGTGGCTCTG-4,NHEJ-Deletion_WT,Insertion_MMEJ-Deletion,0.07109495,0.07040923,0.05887507,0.055459443,0.06768387,0.07226352,0.07091725,0.065534785,0.071050584,0.06277719,0.06917033,0.069608256,0.06922913,0.057802096,0.06812439
GAGGGATTCGAGTCTA-1,Insertion_Insertion,Insertion_MMEJ-Deletion,0.07109495,0.07040923,0.05887507,0.055459443,0.06768387,0.07226352,0.07091725,0.065534785,0.071050584,0.06277719,0.06917033,0.069608256,0.06922913,0.057802096,0.06812439
CCTACGTGTTGCCGAC-1,Insertion_Insertion,Insertion_MMEJ-Deletion,0.07109495,0.07040923,0.05887507,0.055459443,0.06768387,0.07226352,0.07091725,0.065534785,0.071050584,0.06277719,0.06917033,0.069608256,0.06922913,0.057802096,0.06812439
CATCAAGTCCCAATAG-1,HDR_Insertion,Insertion_MMEJ-Deletion,0.07109495,0.07040923,0.05887507,0.055459443,0.06768387,0.07226352,0.07091725,0.065534785,0.071050584,0.06277719,0.06917033,0.069608256,0.06922913,0.057802096,0.06812439
AGTGACTCAATTCTCT-1,Insertion_WT,Insertion_MMEJ-Deletion,0.07109495,0.07040923,0.05887507,0.055459443,0.06768387,0.07226352,0.07091725,0.065534785,0.071050584,0.06277719,0.06917033,0.069608256,0.06922913,0.057802096,0.06812439
GAATAGACACGTGAGA-4,MMEJ-Deletion_NHEJ-Deletion,Insertion_MMEJ-Deletion,0.07109495,0.07040923,0.05887507,0.055459443,0.06768387,0.07226352,0.07091725,0.065534785,0.071050584,0.06277719,0.06917033,0.069608256,0.06922913,0.057802096,0.06812439
CTGTGGGGTACGGGAT-4,Insertion_Insertion,Insertion_MMEJ-Deletion,0.07109495,0.07040923,0.05887507,0.055459443,0.06768387,0.07226352,0.07091725,0.065534785,0.071050584,0.06277719,0.06917033,0.069608256,0.06922913,0.057802096,0.06812439
GCATGATCAACTGGTT-4,Insertion_NHEJ-Deletion,Insertion_MMEJ-Deletion,0.07109495,0.07040923,0.05887507,0.055459443,0.06768387,0.07226352,0.07091725,0.065534785,0.071050584,0.06277719,0.06917033,0.069608256,0.06922913,0.057802096,0.06812439
TATCTGTTCACCGACG-1,Insertion_Insertion,Insertion_MMEJ-Deletion,0.07109495,0.07040923,0.05887507,0.055459443,0.06768387,0.07226352,0.07091725,0.065534785,0.071050584,0.06277719,0.06917033,0.069608256,0.06922913,0.057802096,0.06812439
AAGGAATAGCGGTATG-1,NHEJ-Deletion_NHEJ-Deletion,Insertion_MMEJ-Deletion,0.07109495,0.07040923,0.05887507,0.055459443,0.06768387,0.07226352,0.07091725,0.065534785,0.071050584,0.06277719,0.06917033,0.069608256,0.06922913,0.057802096,0.06812439
TATGTTCCAAATGATG-4,Insertion_Insertion,Insertion_MMEJ-Deletion,0.07109495,0.07040923,0.05887507,0.055459443,0.06768387,0.07226352,0.07091725,0.065534785,0.071050584,0.06277719,0.06917033,0.069608256,0.06922913,0.057802096,0.06812439
TTTATGCTCTTGATTC-1,Insertion_Insertion,Insertion_MMEJ-Deletion,0.07109495,0.07040923,0.05887507,0.055459443,0.06768387,0.07226352,0.07091725,0.065534785,0.071050584,0.06277719,0.06917033,0.069608256,0.06922913,0.057802096,0.06812439
TTCGATTGTGGAAATT-4,Insertion_Insertion,Insertion_MMEJ-Deletion,0.07109495,0.07040923,0.05887507,0.055459443,0.06768387,0.07226352,0.07091725,0.065534785,0.071050584,0.06277719,0.06917033,0.069608256,0.06922913,0.057802096,0.06812439
TGTTCCGCAAGAGGTC-1,Insertion_Insertion,Insertion_MMEJ-Deletion,0.07109495,0.07040923,0.05887507,0.055459443,0.06768387,0.07226352,0.07091725,0.065534785,0.071050584,0.06277719,0.06917033,0.069608256,0.06922913,0.057802096,0.06812439
CACAGGCGTTAACCTG-1,Insertion_Insertion,Insertion_MMEJ-Deletion,0.07109495,0.07040923,0.05887507,0.055459443,0.06768387,0.07226352,0.07091725,0.065534785,0.071050584,0.06277719,0.06917033,0.069608256,0.06922913,0.057802096,0.06812439
ACGTCCTTCGGCATAT-1,NHEJ-Deletion_NHEJ-Deletion,Insertion_MMEJ-Deletion,0.07109495,0.07040923,0.05887507,0.055459443,0.06768387,0.07226352,0.07091725,0.065534785,0.071050584,0.06277719,0.06917033,0.069608256,0.06922913,0.057802096,0.06812439
TTGTGTTTCGCTTGAA-1,NHEJ-Deletion_NHEJ-Deletion,Insertion_MMEJ-Deletion,0.07109495,0.07040923,0.05887507,0.055459443,0.06768387,0.07226352,0.07091725,0.065534785,0.071050584,0.06277719,0.06917033,0.069608256,0.06922913,0.057802096,0.06812439
CTCGAGGTCAGCAATC-1,Insertion_MMEJ-Deletion,Insertion_MMEJ-Deletion,0.07109495,0.07040923,0.05887507,0.055459443,0.06768387,0.07226352,0.07091725,0.065534785,0.071050584,0.06277719,0.06917033,0.069608256,0.06922913,0.057802096,0.06812439
CATTGAGAGGATGCGT-1,NHEJ-Deletion_NHEJ-Deletion,Insertion_MMEJ-Deletion,0.07109495,0.07040923,0.05887507,0.055459443,0.06768387,0.07226352,0.07091725,0.065534785,0.071050584,0.06277719,0.06917033,0.069608256,0.06922913,0.057802096,0.06812439
GACCCTTCACCTGCGA-1,Insertion_Insertion,Insertion_MMEJ-Deletion,0.07109495,0.07040923,0.05887507,0.055459443,0.06768387,0.07226352,0.07091725,0.065534785,0.071050584,0.06277719,0.06917033,0.069608256,0.06922913,0.057802096,0.06812439
GTAATCGAGGTGGCTA-1,Insertion_NHEJ-Deletion,Insertion_MMEJ-Deletion,0.07109495,0.07040923,0.05887507,0.055459443,0.06768387,0.07226352,0.07091725,0.065534785,0.071050584,0.06277719,0.06917033,0.069608256,0.06922913,0.057802096,0.06812439
GAGTGAGGTGACCTGC-1,Insertion_MMEJ-Deletion,Insertion_MMEJ-Deletion,0.07109495,0.07040923,0.05887507,0.055459443,0.06768387,0.07226352,0.07091725,0.065534785,0.071050584,0.06277719,0.06917033,0.069608256,0.06922913,0.057802096,0.06812439
CCCTAACAGCCACTCG-1,Insertion_Insertion,Insertion_MMEJ-Deletion,0.07109495,0.07040923,0.05887507,0.055459443,0.06768387,0.07226352,0.07091725,0.065534785,0.071050584,0.06277719,0.06917033,0.069608256,0.06922913,0.057802096,0.06812439
TTCATGTTCCAGTTCC-1,MMEJ-Deletion_WT,Insertion_MMEJ-Deletion,0.07109495,0.07040923,0.05887507,0.055459443,0.06768387,0.07226352,0.07091725,0.065534785,0.071050584,0.06277719,0.06917033,0.069608256,0.06922913,0.057802096,0.06812439
CACATGAGTAGTATAG-1,Insertion_Insertion,Insertion_MMEJ-Deletion,0.07109495,0.07040923,0.05887507,0.055459443,0.06768387,0.07226352,0.07091725,0.065534785,0.071050584,0.06277719,0.06917033,0.069608256,0.06922913,0.057802096,0.06812439
AATGAAGAGTCTGGTT-1,Insertion_SV,Insertion_MMEJ-Deletion,0.07109495,0.07040923,0.05887507,0.055459443,0.06768387,0.07226352,0.07091725,0.065534785,0.071050584,0.06277719,0.06917033,0.069608256,0.06922913,0.057802096,0.06812439
GTGTAACAGTGGATTA-4,Insertion_WT,Insertion_MMEJ-Deletion,0.07109495,0.07040923,0.05887507,0.055459443,0.06768387,0.07226352,0.07091725,0.065534785,0.071050584,0.06277719,0.06917033,0.069608256,0.06922913,0.057802096,0.06812439
CTCCGATCACTGGAAG-1,Insertion_MMEJ-Deletion,Insertion_MMEJ-Deletion,0.07109495,0.07040923,0.05887507,0.055459443,0.06768387,0.07226352,0.07091725,0.065534785,0.071050584,0.06277719,0.06917033,0.069608256,0.06922913,0.057802096,0.06812439
ACCCTTGGTGCAACGA-4,Insertion_NHEJ-Deletion,Insertion_MMEJ-Deletion,0.07109495,0.07040923,0.05887507,0.055459443,0.06768387,0.07226352,0.07091725,0.065534785,0.071050584,0.06277719,0.06917033,0.069608256,0.06922913,0.057802096,0.06812439
TCTGCCAGTCGACTTA-1,Insertion_NHEJ-Deletion,Insertion_MMEJ-Deletion,0.07109495,0.07040923,0.05887507,0.055459443,0.06768387,0.07226352,0.07091725,0.065534785,0.071050584,0.06277719,0.06917033,0.069608256,0.06922913,0.057802096,0.06812439
CGAGGCTAGCGAGTCA-1,NHEJ-Deletion_NHEJ-Deletion,Insertion_MMEJ-Deletion,0.07109495,0.07040923,0.05887507,0.055459443,0.06768387,0.07226352,0.07091725,0.065534785,0.071050584,0.06277719,0.06917033,0.069608256,0.06922913,0.057802096,0.06812439
GGTCTGGAGAGCATAT-1,HDR_WT,Insertion_MMEJ-Deletion,0.07109495,0.07040923,0.05887507,0.055459443,0.06768387,0.07226352,0.07091725,0.065534785,0.071050584,0.06277719,0.06917033,0.069608256,0.06922913,0.057802096,0.06812439
GTACAGTAGTATAGAC-4,MMEJ-Deletion_MMEJ-Deletion,Insertion_MMEJ-Deletion,0.07109495,0.07040923,0.05887507,0.055459443,0.06768387,0.07226352,0.07091725,0.065534785,0.071050584,0.06277719,0.06917033,0.069608256,0.06922913,0.057802096,0.06812439
TCAGCAATCGGCTGTG-1,HDR_NHEJ-Deletion,Insertion_MMEJ-Deletion,0.07109495,0.07040923,0.05887507,0.055459443,0.06768387,0.07226352,0.07091725,0.065534785,0.071050584,0.06277719,0.06917033,0.069608256,0.06922913,0.057802096,0.06812439
TGGGTTAAGTGCCGAA-4,Insertion_WT,Insertion_MMEJ-Deletion,0.07109495,0.07040923,0.05887507,0.055459443,0.06768387,0.07226352,0.07091725,0.065534785,0.071050584,0.06277719,0.06917033,0.069608256,0.06922913,0.057802096,0.06812439
GGTCTGGCAATTGCGT-1,Insertion_Insertion,Insertion_MMEJ-Deletion,0.07109495,0.07040923,0.05887507,0.055459443,0.06768387,0.07226352,0.07091725,0.065534785,0.071050584,0.06277719,0.06917033,0.069608256,0.06922913,0.057802096,0.06812439
CGTGCTTAGCAAACAT-1,NHEJ-Deletion_WT,Insertion_MMEJ-Deletion,0.07109495,0.07040923,0.05887507,0.055459443,0.06768387,0.07226352,0.07091725,0.065534785,0.071050584,0.06277719,0.06917033,0.069608256,0.06922913,0.057802096,0.06812439
TTCCTAAGTGAGATCG-1,HDR_NHEJ-Deletion,Insertion_MMEJ-Deletion,0.07109495,0.07040923,0.05887507,0.055459443,0.06768387,0.07226352,0.07091725,0.065534785,0.071050584,0.06277719,0.06917033,0.069608256,0.06922913,0.057802096,0.06812439
GACATCATCTGGGAGA-1,Insertion_WT,Insertion_MMEJ-Deletion,0.07109495,0.07040923,0.05887507,0.055459443,0.06768387,0.07226352,0.07091725,0.065534785,0.071050584,0.06277719,0.06917033,0.069608256,0.06922913,0.057802096,0.06812439
GTAGATCCAGGTTACT-1,Insertion_NHEJ-Deletion,Insertion_MMEJ-Deletion,0.07109495,0.07040923,0.05887507,0.055459443,0.06768387,0.07226352,0.07091725,0.065534785,0.071050584,0.06277719,0.06917033,0.069608256,0.06922913,0.057802096,0.06812439
CGCAGGTCACAGCGCT-1,MMEJ-Deletion_WT,Insertion_MMEJ-Deletion,0.07109495,0.07040923,0.05887507,0.055459443,0.06768387,0.07226352,0.07091725,0.065534785,0.071050584,0.06277719,0.06917033,0.069608256,0.06922913,0.057802096,0.06812439
CTACTATCAATTGCCA-1,NHEJ-Deletion_NHEJ-Deletion,Insertion_MMEJ-Deletion,0.07109495,0.07040923,0.05887507,0.055459443,0.06768387,0.07226352,0.07091725,0.065534785,0.071050584,0.06277719,0.06917033,0.069608256,0.06922913,0.057802096,0.06812439
GCGGAAAGTTGGCCGT-1,MMEJ-Deletion_MMEJ-Deletion,Insertion_MMEJ-Deletion,0.07109495,0.07040923,0.05887507,0.055459443,0.06768387,0.07226352,0.07091725,0.065534785,0.071050584,0.06277719,0.06917033,0.069608256,0.06922913,0.057802096,0.06812439
AGTCACATCTCTGACC-1,Insertion_NHEJ-Deletion,Insertion_MMEJ-Deletion,0.07109495,0.07040923,0.05887507,0.055459443,0.06768387,0.07226352,0.07091725,0.065534785,0.071050584,0.06277719,0.06917033,0.069608256,0.06922913,0.057802096,0.06812439
CTACATTAGGGTCAAC-1,Insertion_WT,Insertion_MMEJ-Deletion,0.07109495,0.07040923,0.05887507,0.055459443,0.06768387,0.07226352,0.07091725,0.065534785,0.071050584,0.06277719,0.06917033,0.069608256,0.06922913,0.057802096,0.06812439
GGTGTTAGTTGAGGAC-1,Insertion_NHEJ-Deletion,Insertion_MMEJ-Deletion,0.07109495,0.07040923,0.05887507,0.055459443,0.06768387,0.07226352,0.07091725,0.065534785,0.071050584,0.06277719,0.06917033,0.069608256,0.06922913,0.057802096,0.06812439
TGGGATTCATGAATCC-1,Insertion_Insertion,Insertion_MMEJ-Deletion,0.07109495,0.07040923,0.05887507,0.055459443,0.06768387,0.07226352,0.07091725,0.065534785,0.071050584,0.06277719,0.06917033,0.069608256,0.06922913,0.057802096,0.06812439
GAAGAATAGTTTCTTC-1,MMEJ-Deletion_NHEJ-Deletion,Insertion_MMEJ-Deletion,0.07109495,0.07040923,0.05887507,0.055459443,0.06768387,0.07226352,0.07091725,0.065534785,0.071050584,0.06277719,0.06917033,0.069608256,0.06922913,0.057802096,0.06812439
ACAAAGACAGTTGTCA-4,Insertion_NHEJ-Deletion,Insertion_MMEJ-Deletion,0.07109495,0.07040923,0.05887507,0.055459443,0.06768387,0.07226352,0.07091725,0.065534785,0.071050584,0.06277719,0.06917033,0.069608256,0.06922913,0.057802096,0.06812439
TGTAGACAGCCTCAGC-4,Insertion_NHEJ-Deletion,Insertion_MMEJ-Deletion,0.07109495,0.07040923,0.05887507,0.055459443,0.06768387,0.07226352,0.07091725,0.065534785,0.071050584,0.06277719,0.06917033,0.069608256,0.06922913,0.057802096,0.06812439
CAAGACTTCTGATGGT-1,NHEJ-Deletion_NHEJ-Deletion,Insertion_MMEJ-Deletion,0.07109495,0.07040923,0.05887507,0.055459443,0.06768387,0.07226352,0.07091725,0.065534785,0.071050584,0.06277719,0.06917033,0.069608256,0.06922913,0.057802096,0.06812439
GTCGCGAAGCCACCGT-1,HDR_Insertion,Insertion_MMEJ-Deletion,0.07109495,0.07040923,0.05887507,0.055459443,0.06768387,0.07226352,0.07091725,0.065534785,0.071050584,0.06277719,0.06917033,0.069608256,0.06922913,0.057802096,0.06812439
ACGGGTCAGATACATG-1,HDR_Insertion,Insertion_MMEJ-Deletion,0.07109495,0.07040923,0.05887507,0.055459443,0.06768387,0.07226352,0.07091725,0.065534785,0.071050584,0.06277719,0.06917033,0.069608256,0.06922913,0.057802096,0.06812439
TCCCATGAGATGACCG-1,MMEJ-Deletion_NHEJ-Deletion,Insertion_MMEJ-Deletion,0.07109495,0.07040923,0.05887507,0.055459443,0.06768387,0.07226352,0.07091725,0.065534785,0.071050584,0.06277719,0.06917033,0.069608256,0.06922913,0.057802096,0.06812439
GGGTTATAGTGATAAC-1,Insertion_Insertion,Insertion_MMEJ-Deletion,0.07109495,0.07040923,0.05887507,0.055459443,0.06768387,0.07226352,0.07091725,0.065534785,0.071050584,0.06277719,0.06917033,0.069608256,0.06922913,0.057802096,0.06812439
TTCTAGTCAAGAAATC-1,Insertion_Insertion,Insertion_MMEJ-Deletion,0.07109495,0.07040923,0.05887507,0.055459443,0.06768387,0.07226352,0.07091725,0.065534785,0.071050584,0.06277719,0.06917033,0.069608256,0.06922913,0.057802096,0.06812439
GTGTCCTTCTTCACAT-1,Insertion_WT,Insertion_MMEJ-Deletion,0.07109495,0.07040923,0.05887507,0.055459443,0.06768387,0.07226352,0.07091725,0.065534785,0.071050584,0.06277719,0.06917033,0.069608256,0.06922913,0.057802096,0.06812439
AGAGAATCATACCATG-4,Insertion_NHEJ-Deletion,Insertion_MMEJ-Deletion,0.07109495,0.07040923,0.05887507,0.055459443,0.06768387,0.07226352,0.07091725,0.065534785,0.071050584,0.06277719,0.06917033,0.069608256,0.06922913,0.057802096,0.06812439
ATCCATTGTATCGTAC-1,Insertion_Insertion,Insertion_MMEJ-Deletion,0.07109495,0.07040923,0.05887507,0.055459443,0.06768387,0.07226352,0.07091725,0.065534785,0.071050584,0.06277719,0.06917033,0.069608256,0.06922913,0.057802096,0.06812439
TAACCAGGTATTTCTC-1,NHEJ-Deletion_SV,Insertion_MMEJ-Deletion,0.07109495,0.07040923,0.05887507,0.055459443,0.06768387,0.07226352,0.07091725,0.065534785,0.071050584,0.06277719,0.06917033,0.069608256,0.06922913,0.057802096,0.06812439
AGCTACAAGCGTGCTC-1,Insertion_NHEJ-Deletion,Insertion_MMEJ-Deletion,0.07109495,0.07040923,0.05887507,0.055459443,0.06768387,0.07226352,0.07091725,0.065534785,0.071050584,0.06277719,0.06917033,0.069608256,0.06922913,0.057802096,0.06812439
CGGGACTAGTACTCGT-4,Insertion_NHEJ-Deletion,Insertion_MMEJ-Deletion,0.07109495,0.07040923,0.05887507,0.055459443,0.06768387,0.07226352,0.07091725,0.065534785,0.071050584,0.06277719,0.06917033,0.069608256,0.06922913,0.057802096,0.06812439
TTCCTTCAGCAGTAAT-1,HDR_HDR,Insertion_MMEJ-Deletion,0.07109495,0.07040923,0.05887507,0.055459443,0.06768387,0.07226352,0.07091725,0.065534785,0.071050584,0.06277719,0.06917033,0.069608256,0.06922913,0.057802096,0.06812439
TTACTGTAGTACAGCG-1,Insertion_Insertion,Insertion_MMEJ-Deletion,0.07109495,0.07040923,0.05887507,0.055459443,0.06768387,0.07226352,0.07091725,0.065534785,0.071050584,0.06277719,0.06917033,0.069608256,0.06922913,0.057802096,0.06812439
TGTGAGTCAGCACACC-1,NHEJ-Deletion_SV,Insertion_MMEJ-Deletion,0.07109495,0.07040923,0.05887507,0.055459443,0.06768387,0.07226352,0.07091725,0.065534785,0.071050584,0.06277719,0.06917033,0.069608256,0.06922913,0.057802096,0.06812439
AAGTCGTCATGTTTGG-4,MMEJ-Deletion_MMEJ-Deletion,Insertion_MMEJ-Deletion,0.07109495,0.07040923,0.05887507,0.055459443,0.06768387,0.07226352,0.07091725,0.065534785,0.071050584,0.06277719,0.06917033,0.069608256,0.06922913,0.057802096,0.06812439
ACCTGTCTCAGGTAAA-1,Insertion_Insertion,Insertion_MMEJ-Deletion,0.07109495,0.07040923,0.05887507,0.055459443,0.06768387,0.07226352,0.07091725,0.065534785,0.071050584,0.06277719,0.06917033,0.069608256,0.06922913,0.057802096,0.06812439
GTGAGTTAGTCGGCAA-1,Insertion_Insertion,Insertion_MMEJ-Deletion,0.07109495,0.07040923,0.05887507,0.055459443,0.06768387,0.07226352,0.07091725,0.065534785,0.071050584,0.06277719,0.06917033,0.069608256,0.06922913,0.057802096,0.06812439
CTCCAACGTGATATAG-1,Insertion_NHEJ-Deletion,Insertion_MMEJ-Deletion,0.07109495,0.07040923,0.05887507,0.055459443,0.06768387,0.07226352,0.07091725,0.065534785,0.071050584,0.06277719,0.06917033,0.069608256,0.06922913,0.057802096,0.06812439
CTCTCGATCCTAGCCT-1,HDR_HDR,Insertion_MMEJ-Deletion,0.07109495,0.07040923,0.05887507,0.055459443,0.06768387,0.07226352,0.07091725,0.065534785,0.071050584,0.06277719,0.06917033,0.069608256,0.06922913,0.057802096,0.06812439
GTGTGGCGTTAGTTCG-1,HDR_Insertion,Insertion_MMEJ-Deletion,0.07109495,0.07040923,0.05887507,0.055459443,0.06768387,0.07226352,0.07091725,0.065534785,0.071050584,0.06277719,0.06917033,0.069608256,0.06922913,0.057802096,0.06812439
CATACAGTCGTAGGAG-1,Insertion_NHEJ-Deletion,Insertion_MMEJ-Deletion,0.07109495,0.07040923,0.05887507,0.055459443,0.06768387,0.07226352,0.07091725,0.065534785,0.071050584,0.06277719,0.06917033,0.069608256,0.06922913,0.057802096,0.06812439
TGAGTCACATTGAAAG-1,Insertion_MMEJ-Deletion,Insertion_MMEJ-Deletion,0.07109495,0.07040923,0.05887507,0.055459443,0.06768387,0.07226352,0.07091725,0.065534785,0.071050584,0.06277719,0.06917033,0.069608256,0.06922913,0.057802096,0.06812439
CCTAACCTCACCATGA-1,NHEJ-Deletion_WT,Insertion_MMEJ-Deletion,0.07109495,0.07040923,0.05887507,0.055459443,0.06768387,0.07226352,0.07091725,0.065534785,0.071050584,0.06277719,0.06917033,0.069608256,0.06922913,0.057802096,0.06812439
CAGAGCCGTATACAGA-1,Insertion_Insertion,Insertion_MMEJ-Deletion,0.07109495,0.07040923,0.05887507,0.055459443,0.06768387,0.07226352,0.07091725,0.065534785,0.071050584,0.06277719,0.06917033,0.069608256,0.06922913,0.057802096,0.06812439
TCACTATTCCTGATAG-1,Insertion_NHEJ-Deletion,Insertion_MMEJ-Deletion,0.07109495,0.07040923,0.05887507,0.055459443,0.06768387,0.07226352,0.07091725,0.065534785,0.071050584,0.06277719,0.06917033,0.069608256,0.06922913,0.057802096,0.06812439
TTACGCCGTGTTAGCT-4,Insertion_WT,Insertion_MMEJ-Deletion,0.07109495,0.07040923,0.05887507,0.055459443,0.06768387,0.07226352,0.07091725,0.065534785,0.071050584,0.06277719,0.06917033,0.069608256,0.06922913,0.057802096,0.06812439
CTAACTTAGAATCCCT-1,NHEJ-Deletion_NHEJ-Deletion,Insertion_MMEJ-Deletion,0.07109495,0.07040923,0.05887507,0.055459443,0.06768387,0.07226352,0.07091725,0.065534785,0.071050584,0.06277719,0.06917033,0.069608256,0.06922913,0.057802096,0.06812439
CCGTTCAGTCTTGCGG-1,Insertion_WT,Insertion_MMEJ-Deletion,0.07109495,0.07040923,0.05887507,0.055459443,0.06768387,0.07226352,0.07091725,0.065534785,0.071050584,0.06277719,0.06917033,0.069608256,0.06922913,0.057802096,0.06812439
CTTTCGGAGCGACTAG-1,NHEJ-Deletion_WT,Insertion_MMEJ-Deletion,0.07109495,0.07040923,0.05887507,0.055459443,0.06768387,0.07226352,0.07091725,0.065534785,0.071050584,0.06277719,0.06917033,0.069608256,0.06922913,0.057802096,0.06812439
CGAAGTTGTCGGTGTC-1,Insertion_WT,Insertion_MMEJ-Deletion,0.07109495,0.07040923,0.05887507,0.055459443,0.06768387,0.07226352,0.07091725,0.065534785,0.071050584,0.06277719,0.06917033,0.069608256,0.06922913,0.057802096,0.06812439
GCCATTCAGAGCAACC-1,Insertion_NHEJ-Deletion,Insertion_MMEJ-Deletion,0.07109495,0.07040923,0.05887507,0.055459443,0.06768387,0.07226352,0.07091725,0.065534785,0.071050584,0.06277719,0.06917033,0.069608256,0.06922913,0.057802096,0.06812439
CTATCTAAGTTCGCAT-1,Insertion_WT,Insertion_MMEJ-Deletion,0.07109495,0.07040923,0.05887507,0.055459443,0.06768387,0.07226352,0.07091725,0.065534785,0.071050584,0.06277719,0.06917033,0.069608256,0.06922913,0.057802096,0.06812439
CTGAATGCAGGAACCA-1,Insertion_WT,Insertion_MMEJ-Deletion,0.07109495,0.07040923,0.05887507,0.055459443,0.06768387,0.07226352,0.07091725,0.065534785,0.071050584,0.06277719,0.06917033,0.069608256,0.06922913,0.057802096,0.06812439
CGTAAGTCAGTTGCGC-1,Insertion_NHEJ-Deletion,Insertion_MMEJ-Deletion,0.07109495,0.07040923,0.05887507,0.055459443,0.06768387,0.07226352,0.07091725,0.065534785,0.071050584,0.06277719,0.06917033,0.069608256,0.06922913,0.057802096,0.06812439
AAACGAAGTAGGTAGC-1,Insertion_Insertion,Insertion_MMEJ-Deletion,0.07109495,0.07040923,0.05887507,0.055459443,0.06768387,0.07226352,0.07091725,0.065534785,0.071050584,0.06277719,0.06917033,0.069608256,0.06922913,0.057802096,0.06812439
CAAGGGATCCGCAACG-1,Insertion_WT,Insertion_MMEJ-Deletion,0.07109495,0.07040923,0.05887507,0.055459443,0.06768387,0.07226352,0.07091725,0.065534785,0.071050584,0.06277719,0.06917033,0.069608256,0.06922913,0.057802096,0.06812439
TGGTGATTCCCGTAAA-1,Insertion_Insertion,Insertion_MMEJ-Deletion,0.07109495,0.07040923,0.05887507,0.055459443,0.06768387,0.07226352,0.07091725,0.065534785,0.071050584,0.06277719,0.06917033,0.069608256,0.06922913,0.057802096,0.06812439
TCGTGGGAGATGCCGA-1,Insertion_SV,Insertion_MMEJ-Deletion,0.07109495,0.07040923,0.05887507,0.055459443,0.06768387,0.07226352,0.07091725,0.065534785,0.071050584,0.06277719,0.06917033,0.069608256,0.06922913,0.057802096,0.06812439
CTCCGATGTACAACGG-1,Insertion_Insertion,Insertion_MMEJ-Deletion,0.07109495,0.07040923,0.05887507,0.055459443,0.06768387,0.07226352,0.07091725,0.065534785,0.071050584,0.06277719,0.06917033,0.069608256,0.06922913,0.057802096,0.06812439
GTCTTTAAGACCCGCT-1,Insertion_Insertion,Insertion_MMEJ-Deletion,0.07109495,0.07040923,0.05887507,0.055459443,0.06768387,0.07226352,0.07091725,0.065534785,0.071050584,0.06277719,0.06917033,0.069608256,0.06922913,0.057802096,0.06812439
GAAGTAATCGATACAC-1,Insertion_Insertion,Insertion_MMEJ-Deletion,0.07109495,0.07040923,0.05887507,0.055459443,0.06768387,0.07226352,0.07091725,0.065534785,0.071050584,0.06277719,0.06917033,0.069608256,0.06922913,0.057802096,0.06812439
GGATCTAAGCATCGAG-1,Insertion_Insertion,Insertion_MMEJ-Deletion,0.07109495,0.07040923,0.05887507,0.055459443,0.06768387,0.07226352,0.07091725,0.065534785,0.071050584,0.06277719,0.06917033,0.069608256,0.06922913,0.057802096,0.06812439
CTGAATGTCCTGGCTT-1,Insertion_NHEJ-Deletion,Insertion_MMEJ-Deletion,0.07109495,0.07040923,0.05887507,0.055459443,0.06768387,0.07226352,0.07091725,0.065534785,0.071050584,0.06277719,0.06917033,0.069608256,0.06922913,0.057802096,0.06812439
TCATCATCAGCGATTT-1,Insertion_WT,Insertion_MMEJ-Deletion,0.07109495,0.07040923,0.05887507,0.055459443,0.06768387,0.07226352,0.07091725,0.065534785,0.071050584,0.06277719,0.06917033,0.069608256,0.06922913,0.057802096,0.06812439
GATGACTTCAGACTGT-1,HDR_Insertion,Insertion_MMEJ-Deletion,0.07109495,0.07040923,0.05887507,0.055459443,0.06768387,0.07226352,0.07091725,0.065534785,0.071050584,0.06277719,0.06917033,0.069608256,0.06922913,0.057802096,0.06812439
AGGGTTTAGTACCATC-1,Insertion_NHEJ-Deletion,Insertion_MMEJ-Deletion,0.07109495,0.07040923,0.05887507,0.055459443,0.06768387,0.07226352,0.07091725,0.065534785,0.071050584,0.06277719,0.06917033,0.069608256,0.06922913,0.057802096,0.06812439
CTGTACCAGACGAAGA-1,Insertion_Insertion,Insertion_MMEJ-Deletion,0.07109495,0.07040923,0.05887507,0.055459443,0.06768387,0.07226352,0.07091725,0.065534785,0.071050584,0.06277719,0.06917033,0.069608256,0.06922913,0.057802096,0.06812439
TGTCCACCATGGACAG-1,Insertion_Insertion,Insertion_MMEJ-Deletion,0.07109495,0.07040923,0.05887507,0.055459443,0.06768387,0.07226352,0.07091725,0.065534785,0.071050584,0.06277719,0.06917033,0.069608256,0.06922913,0.057802096,0.06812439
TCATTACAGTCTCCTC-4,NHEJ-Deletion_WT,Insertion_MMEJ-Deletion,0.07109495,0.07040923,0.05887507,0.055459443,0.06768387,0.07226352,0.07091725,0.065534785,0.071050584,0.06277719,0.06917033,0.069608256,0.06922913,0.057802096,0.06812439
GTAATCGTCCAACCGG-4,Insertion_WT,Insertion_MMEJ-Deletion,0.07109495,0.07040923,0.05887507,0.055459443,0.06768387,0.07226352,0.07091725,0.065534785,0.071050584,0.06277719,0.06917033,0.069608256,0.06922913,0.057802096,0.06812439
ATCATTCTCACCATCC-1,HDR_WT,Insertion_MMEJ-Deletion,0.07109495,0.07040923,0.05887507,0.055459443,0.06768387,0.07226352,0.07091725,0.065534785,0.071050584,0.06277719,0.06917033,0.069608256,0.06922913,0.057802096,0.06812439
GGGCCATTCGCTCCTA-1,Insertion_MMEJ-Deletion,Insertion_MMEJ-Deletion,0.07109495,0.07040923,0.05887507,0.055459443,0.06768387,0.07226352,0.07091725,0.065534785,0.071050584,0.06277719,0.06917033,0.069608256,0.06922913,0.057802096,0.06812439
CTTTCAAGTGGTCTTA-1,Insertion_WT,Insertion_MMEJ-Deletion,0.07109495,0.07040923,0.05887507,0.055459443,0.06768387,0.07226352,0.07091725,0.065534785,0.071050584,0.06277719,0.06917033,0.069608256,0.06922913,0.057802096,0.06812439
TTGATGGGTGCCTAAT-1,Insertion_Insertion,Insertion_MMEJ-Deletion,0.07109495,0.07040923,0.05887507,0.055459443,0.06768387,0.07226352,0.07091725,0.065534785,0.071050584,0.06277719,0.06917033,0.069608256,0.06922913,0.057802096,0.06812439
GTTAGACGTCGTTCAA-1,Insertion_WT,Insertion_MMEJ-Deletion,0.07109495,0.07040923,0.05887507,0.055459443,0.06768387,0.07226352,0.07091725,0.065534785,0.071050584,0.06277719,0.06917033,0.069608256,0.06922913,0.057802096,0.06812439
TGGATGTAGATAACAC-1,Insertion_NHEJ-Deletion,Insertion_MMEJ-Deletion,0.07109495,0.07040923,0.05887507,0.055459443,0.06768387,0.07226352,0.07091725,0.065534785,0.071050584,0.06277719,0.06917033,0.069608256,0.06922913,0.057802096,0.06812439
CGGACACGTTCTCCAC-1,Insertion_NHEJ-Deletion,Insertion_MMEJ-Deletion,0.07109495,0.07040923,0.05887507,0.055459443,0.06768387,0.07226352,0.07091725,0.065534785,0.071050584,0.06277719,0.06917033,0.069608256,0.06922913,0.057802096,0.06812439
TACAGGTAGCGTGTTT-1,Insertion_WT,Insertion_MMEJ-Deletion,0.07109495,0.07040923,0.05887507,0.055459443,0.06768387,0.07226352,0.07091725,0.065534785,0.071050584,0.06277719,0.06917033,0.069608256,0.06922913,0.057802096,0.06812439
GTGCGTGCAGCAAGAC-4,Insertion_NHEJ-Deletion,Insertion_MMEJ-Deletion,0.07109495,0.07040923,0.05887507,0.055459443,0.06768387,0.07226352,0.07091725,0.065534785,0.071050584,0.06277719,0.06917033,0.069608256,0.06922913,0.057802096,0.06812439
TGAACGTTCTTTCCAA-1,NHEJ-Deletion_NHEJ-Deletion,Insertion_MMEJ-Deletion,0.07109495,0.07040923,0.05887507,0.055459443,0.06768387,0.07226352,0.07091725,0.065534785,0.071050584,0.06277719,0.06917033,0.069608256,0.06922913,0.057802096,0.06812439
TGCGGGTTCATAGAGA-4,Insertion_NHEJ-Deletion,Insertion_MMEJ-Deletion,0.07109495,0.07040923,0.05887507,0.055459443,0.06768387,0.07226352,0.07091725,0.065534785,0.071050584,0.06277719,0.06917033,0.069608256,0.06922913,0.057802096,0.06812439
TTCTTCCTCTCCTACG-4,Insertion_NHEJ-Deletion,Insertion_MMEJ-Deletion,0.07109495,0.07040923,0.05887507,0.055459443,0.06768387,0.07226352,0.07091725,0.065534785,0.071050584,0.06277719,0.06917033,0.069608256,0.06922913,0.057802096,0.06812439
ATTCCTACACCCTAAA-4,NHEJ-Deletion_NHEJ-Deletion,Insertion_MMEJ-Deletion,0.07109495,0.07040923,0.05887507,0.055459443,0.06768387,0.07226352,0.07091725,0.065534785,0.071050584,0.06277719,0.06917033,0.069608256,0.06922913,0.057802096,0.06812439
ACAAGCTTCCGGCAAC-1,Insertion_MMEJ-Deletion,Insertion_MMEJ-Deletion,0.07109495,0.07040923,0.05887507,0.055459443,0.06768387,0.07226352,0.07091725,0.065534785,0.071050584,0.06277719,0.06917033,0.069608256,0.06922913,0.057802096,0.06812439
CACAGATGTTACACAC-1,Insertion_Insertion,Insertion_MMEJ-Deletion,0.07109495,0.07040923,0.05887507,0.055459443,0.06768387,0.07226352,0.07091725,0.065534785,0.071050584,0.06277719,0.06917033,0.069608256,0.06922913,0.057802096,0.06812439
ATTTCACAGAAATTGC-1,MMEJ-Deletion_WT,Insertion_MMEJ-Deletion,0.07109495,0.07040923,0.05887507,0.055459443,0.06768387,0.07226352,0.07091725,0.065534785,0.071050584,0.06277719,0.06917033,0.069608256,0.06922913,0.057802096,0.06812439
GCTGGGTAGTCGCTAT-1,HDR_HDR,Insertion_MMEJ-Deletion,0.07109495,0.07040923,0.05887507,0.055459443,0.06768387,0.07226352,0.07091725,0.065534785,0.071050584,0.06277719,0.06917033,0.069608256,0.06922913,0.057802096,0.06812439
CTGTCGTAGACAGCGT-1,MMEJ-Deletion_NHEJ-Deletion,Insertion_MMEJ-Deletion,0.07109495,0.07040923,0.05887507,0.055459443,0.06768387,0.07226352,0.07091725,0.065534785,0.071050584,0.06277719,0.06917033,0.069608256,0.06922913,0.057802096,0.06812439
AGGACGAGTTGCTCCT-1,Insertion_WT,Insertion_MMEJ-Deletion,0.07109495,0.07040923,0.05887507,0.055459443,0.06768387,0.07226352,0.07091725,0.065534785,0.071050584,0.06277719,0.06917033,0.069608256,0.06922913,0.057802096,0.06812439
CACGGGTAGATGATTG-1,Insertion_Insertion,Insertion_MMEJ-Deletion,0.07109495,0.07040923,0.05887507,0.055459443,0.06768387,0.07226352,0.07091725,0.065534785,0.071050584,0.06277719,0.06917033,0.069608256,0.06922913,0.057802096,0.06812439
TAACACGTCCTCATAT-1,NHEJ-Deletion_NHEJ-Deletion,Insertion_MMEJ-Deletion,0.07109495,0.07040923,0.05887507,0.055459443,0.06768387,0.07226352,0.07091725,0.065534785,0.071050584,0.06277719,0.06917033,0.069608256,0.06922913,0.057802096,0.06812439
GATAGAAGTGTCGATT-1,Insertion_NHEJ-Deletion,Insertion_MMEJ-Deletion,0.07109495,0.07040923,0.05887507,0.055459443,0.06768387,0.07226352,0.07091725,0.065534785,0.071050584,0.06277719,0.06917033,0.069608256,0.06922913,0.057802096,0.06812439
TCCTCTTCAATAGTAG-1,NHEJ-Deletion_SV,Insertion_MMEJ-Deletion,0.07109495,0.07040923,0.05887507,0.055459443,0.06768387,0.07226352,0.07091725,0.065534785,0.071050584,0.06277719,0.06917033,0.069608256,0.06922913,0.057802096,0.06812439
TCATTGTCATGGCACC-1,Insertion_Insertion,Insertion_MMEJ-Deletion,0.07109495,0.07040923,0.05887507,0.055459443,0.06768387,0.07226352,0.07091725,0.065534785,0.071050584,0.06277719,0.06917033,0.069608256,0.06922913,0.057802096,0.06812439
CCGGACAAGCTGTTCA-1,Insertion_Insertion,Insertion_MMEJ-Deletion,0.07109495,0.07040923,0.05887507,0.055459443,0.06768387,0.07226352,0.07091725,0.065534785,0.071050584,0.06277719,0.06917033,0.069608256,0.06922913,0.057802096,0.06812439
GTTAGTGAGCACTCCG-1,Insertion_NHEJ-Deletion,Insertion_MMEJ-Deletion,0.07109495,0.07040923,0.05887507,0.055459443,0.06768387,0.07226352,0.07091725,0.065534785,0.071050584,0.06277719,0.06917033,0.069608256,0.06922913,0.057802096,0.06812439
TTGTGGATCATTTCCA-1,Insertion_MMEJ-Deletion,Insertion_MMEJ-Deletion,0.07109495,0.07040923,0.05887507,0.055459443,0.06768387,0.07226352,0.07091725,0.065534785,0.071050584,0.06277719,0.06917033,0.069608256,0.06922913,0.057802096,0.06812439
CATGCCTCATCGGATT-4,NHEJ-Deletion_NHEJ-Deletion,Insertion_MMEJ-Deletion,0.07109495,0.07040923,0.05887507,0.055459443,0.06768387,0.07226352,0.07091725,0.065534785,0.071050584,0.06277719,0.06917033,0.069608256,0.06922913,0.057802096,0.06812439
TTGTTCAGTAGGACCA-1,Insertion_Insertion,Insertion_MMEJ-Deletion,0.07109495,0.07040923,0.05887507,0.055459443,0.06768387,0.07226352,0.07091725,0.065534785,0.071050584,0.06277719,0.06917033,0.069608256,0.06922913,0.057802096,0.06812439
GTTACCCGTTAATGAG-1,NHEJ-Deletion_SV,Insertion_MMEJ-Deletion,0.07109495,0.07040923,0.05887507,0.055459443,0.06768387,0.07226352,0.07091725,0.065534785,0.071050584,0.06277719,0.06917033,0.069608256,0.06922913,0.057802096,0.06812439
CGGCAGTGTCGAGCAA-1,Insertion_Insertion,Insertion_MMEJ-Deletion,0.07109495,0.07040923,0.05887507,0.055459443,0.06768387,0.07226352,0.07091725,0.065534785,0.071050584,0.06277719,0.06917033,0.069608256,0.06922913,0.057802096,0.06812439
GATAGCTGTGTCCATA-4,Insertion_WT,Insertion_MMEJ-Deletion,0.07109495,0.07040923,0.05887507,0.055459443,0.06768387,0.07226352,0.07091725,0.065534785,0.071050584,0.06277719,0.06917033,0.069608256,0.06922913,0.057802096,0.06812439
TCTACCGGTCCACAGC-4,Insertion_NHEJ-Deletion,Insertion_MMEJ-Deletion,0.07109495,0.07040923,0.05887507,0.055459443,0.06768387,0.07226352,0.07091725,0.065534785,0.071050584,0.06277719,0.06917033,0.069608256,0.06922913,0.057802096,0.06812439
GATTTCTCATGACTTG-1,Insertion_NHEJ-Deletion,Insertion_MMEJ-Deletion,0.07109495,0.07040923,0.05887507,0.055459443,0.06768387,0.07226352,0.07091725,0.065534785,0.071050584,0.06277719,0.06917033,0.069608256,0.06922913,0.057802096,0.06812439
AAAGGGCTCTACCACC-1,HDR_Insertion,Insertion_MMEJ-Deletion,0.07109495,0.07040923,0.05887507,0.055459443,0.06768387,0.07226352,0.07091725,0.065534785,0.071050584,0.06277719,0.06917033,0.069608256,0.06922913,0.057802096,0.06812439
CATTGAGTCCATTCGC-1,Insertion_Insertion,Insertion_MMEJ-Deletion,0.07109495,0.07040923,0.05887507,0.055459443,0.06768387,0.07226352,0.07091725,0.065534785,0.071050584,0.06277719,0.06917033,0.069608256,0.06922913,0.057802096,0.06812439
CAATGACAGAACAAGG-1,HDR_NHEJ-Deletion,Insertion_MMEJ-Deletion,0.07109495,0.07040923,0.05887507,0.055459443,0.06768387,0.07226352,0.07091725,0.065534785,0.071050584,0.06277719,0.06917033,0.069608256,0.06922913,0.057802096,0.06812439
CTCTCAGCATAACGGG-1,NHEJ-Deletion_NHEJ-Deletion,Insertion_MMEJ-Deletion,0.07109495,0.07040923,0.05887507,0.055459443,0.06768387,0.07226352,0.07091725,0.065534785,0.071050584,0.06277719,0.06917033,0.069608256,0.06922913,0.057802096,0.06812439
CACGGGTCACGTCGGT-1,HDR_Insertion,Insertion_MMEJ-Deletion,0.07109495,0.07040923,0.05887507,0.055459443,0.06768387,0.07226352,0.07091725,0.065534785,0.071050584,0.06277719,0.06917033,0.069608256,0.06922913,0.057802096,0.06812439
TACTTGTCAAGTTCCA-4,Insertion_NHEJ-Deletion,Insertion_MMEJ-Deletion,0.07109495,0.07040923,0.05887507,0.055459443,0.06768387,0.07226352,0.07091725,0.065534785,0.071050584,0.06277719,0.06917033,0.069608256,0.06922913,0.057802096,0.06812439
AGCTCAAAGAGGGTCT-4,NHEJ-Deletion_NHEJ-Deletion,Insertion_MMEJ-Deletion,0.07109495,0.07040923,0.05887507,0.055459443,0.06768387,0.07226352,0.07091725,0.065534785,0.071050584,0.06277719,0.06917033,0.069608256,0.06922913,0.057802096,0.06812439
TCAGCAATCGTCTAAG-4,Insertion_MMEJ-Deletion,Insertion_MMEJ-Deletion,0.07109495,0.07040923,0.05887507,0.055459443,0.06768387,0.07226352,0.07091725,0.065534785,0.071050584,0.06277719,0.06917033,0.069608256,0.06922913,0.057802096,0.06812439
GTCGAATAGTTTCGAC-1,HDR_WT,Insertion_MMEJ-Deletion,0.07109495,0.07040923,0.05887507,0.055459443,0.06768387,0.07226352,0.07091725,0.065534785,0.071050584,0.06277719,0.06917033,0.069608256,0.06922913,0.057802096,0.06812439
TCTGGCTCATTGTCGA-1,NHEJ-Deletion_NHEJ-Deletion,Insertion_MMEJ-Deletion,0.07109495,0.07040923,0.05887507,0.055459443,0.06768387,0.07226352,0.07091725,0.065534785,0.071050584,0.06277719,0.06917033,0.069608256,0.06922913,0.057802096,0.06812439
GTTAGTGCAATCCTTT-1,NHEJ-Deletion_WT,Insertion_MMEJ-Deletion,0.07109495,0.07040923,0.05887507,0.055459443,0.06768387,0.07226352,0.07091725,0.065534785,0.071050584,0.06277719,0.06917033,0.069608256,0.06922913,0.057802096,0.06812439
ATAGACCAGGTGGTTG-1,HDR_WT,Insertion_MMEJ-Deletion,0.07109495,0.07040923,0.05887507,0.055459443,0.06768387,0.07226352,0.07091725,0.065534785,0.071050584,0.06277719,0.06917033,0.069608256,0.06922913,0.057802096,0.06812439
TCATGCCTCTCTGGTC-1,Insertion_MMEJ-Deletion,Insertion_MMEJ-Deletion,0.07109495,0.07040923,0.05887507,0.055459443,0.06768387,0.07226352,0.07091725,0.065534785,0.071050584,0.06277719,0.06917033,0.069608256,0.06922913,0.057802096,0.06812439
GTAGGTTTCAGCTTGA-1,Insertion_WT,Insertion_MMEJ-Deletion,0.07109495,0.07040923,0.05887507,0.055459443,0.06768387,0.07226352,0.07091725,0.065534785,0.071050584,0.06277719,0.06917033,0.069608256,0.06922913,0.057802096,0.06812439
GTTACCCGTACCCAGC-1,MMEJ-Deletion_MMEJ-Deletion,Insertion_MMEJ-Deletion,0.07109495,0.07040923,0.05887507,0.055459443,0.06768387,0.07226352,0.07091725,0.065534785,0.071050584,0.06277719,0.06917033,0.069608256,0.06922913,0.057802096,0.06812439
ATGCGATCACCTGTCT-1,Insertion_NHEJ-Deletion,Insertion_MMEJ-Deletion,0.07109495,0.07040923,0.05887507,0.055459443,0.06768387,0.07226352,0.07091725,0.065534785,0.071050584,0.06277719,0.06917033,0.069608256,0.06922913,0.057802096,0.06812439
TCTCACGAGCACTAAA-4,Insertion_WT,Insertion_MMEJ-Deletion,0.07109495,0.07040923,0.05887507,0.055459443,0.06768387,0.07226352,0.07091725,0.065534785,0.071050584,0.06277719,0.06917033,0.069608256,0.06922913,0.057802096,0.06812439
CTCAACCGTTTGGAGG-1,HDR_HDR,Insertion_MMEJ-Deletion,0.07109495,0.07040923,0.05887507,0.055459443,0.06768387,0.07226352,0.07091725,0.065534785,0.071050584,0.06277719,0.06917033,0.069608256,0.06922913,0.057802096,0.06812439
GGTGATTTCCTTACCG-4,NHEJ-Deletion_WT,Insertion_MMEJ-Deletion,0.07109495,0.07040923,0.05887507,0.055459443,0.06768387,0.07226352,0.07091725,0.065534785,0.071050584,0.06277719,0.06917033,0.069608256,0.06922913,0.057802096,0.06812439
TACACCCCATTAAGCC-1,HDR_HDR,Insertion_MMEJ-Deletion,0.07109495,0.07040923,0.05887507,0.055459443,0.06768387,0.07226352,0.07091725,0.065534785,0.071050584,0.06277719,0.06917033,0.069608256,0.06922913,0.057802096,0.06812439
TCTAACTCAGTTGCGC-1,Insertion_NHEJ-Deletion,Insertion_MMEJ-Deletion,0.07109495,0.07040923,0.05887507,0.055459443,0.06768387,0.07226352,0.07091725,0.065534785,0.071050584,0.06277719,0.06917033,0.069608256,0.06922913,0.057802096,0.06812439
AGGGTTTAGCACACCC-1,Insertion_MMEJ-Deletion,Insertion_MMEJ-Deletion,0.07109495,0.07040923,0.05887507,0.055459443,0.06768387,0.07226352,0.07091725,0.065534785,0.071050584,0.06277719,0.06917033,0.069608256,0.06922913,0.057802096,0.06812439
AATTTCCCAAGACCTT-1,HDR_WT,Insertion_MMEJ-Deletion,0.07109495,0.07040923,0.05887507,0.055459443,0.06768387,0.07226352,0.07091725,0.065534785,0.071050584,0.06277719,0.06917033,0.069608256,0.06922913,0.057802096,0.06812439
TCGGGTGCAATTGCAC-1,HDR_HDR,Insertion_MMEJ-Deletion,0.07109495,0.07040923,0.05887507,0.055459443,0.06768387,0.07226352,0.07091725,0.065534785,0.071050584,0.06277719,0.06917033,0.069608256,0.06922913,0.057802096,0.06812439
ATCACTTAGGTGCGAT-1,Insertion_Insertion,Insertion_MMEJ-Deletion,0.07109495,0.07040923,0.05887507,0.055459443,0.06768387,0.07226352,0.07091725,0.065534785,0.071050584,0.06277719,0.06917033,0.069608256,0.06922913,0.057802096,0.06812439
GCCGTGATCCAGGACC-1,NHEJ-Deletion_WT,Insertion_MMEJ-Deletion,0.07109495,0.07040923,0.05887507,0.055459443,0.06768387,0.07226352,0.07091725,0.065534785,0.071050584,0.06277719,0.06917033,0.069608256,0.06922913,0.057802096,0.06812439
AGATCGTCATTCGGGC-1,Insertion_Insertion,Insertion_MMEJ-Deletion,0.07109495,0.07040923,0.05887507,0.055459443,0.06768387,0.07226352,0.07091725,0.065534785,0.071050584,0.06277719,0.06917033,0.069608256,0.06922913,0.057802096,0.06812439
AATTTCCAGTCACACT-1,Insertion_SV,Insertion_MMEJ-Deletion,0.07109495,0.07040923,0.05887507,0.055459443,0.06768387,0.07226352,0.07091725,0.065534785,0.071050584,0.06277719,0.06917033,0.069608256,0.06922913,0.057802096,0.06812439
CACTGTCCAAGACGAC-4,Insertion_MMEJ-Deletion,Insertion_MMEJ-Deletion,0.07109495,0.07040923,0.05887507,0.055459443,0.06768387,0.07226352,0.07091725,0.065534785,0.071050584,0.06277719,0.06917033,0.069608256,0.06922913,0.057802096,0.06812439
ACAAGCTAGTTGGCGA-4,Insertion_NHEJ-Deletion,Insertion_MMEJ-Deletion,0.07109495,0.07040923,0.05887507,0.055459443,0.06768387,0.07226352,0.07091725,0.065534785,0.071050584,0.06277719,0.06917033,0.069608256,0.06922913,0.057802096,0.06812439
ACGTAGTGTAGTCACT-4,Insertion_NHEJ-Deletion,Insertion_MMEJ-Deletion,0.07109495,0.07040923,0.05887507,0.055459443,0.06768387,0.07226352,0.07091725,0.065534785,0.071050584,0.06277719,0.06917033,0.069608256,0.06922913,0.057802096,0.06812439
CCGTAGGCATCGATAC-1,Insertion_NHEJ-Deletion,Insertion_MMEJ-Deletion,0.07109495,0.07040923,0.05887507,0.055459443,0.06768387,0.07226352,0.07091725,0.065534785,0.071050584,0.06277719,0.06917033,0.069608256,0.06922913,0.057802096,0.06812439
ACTTTGTTCATTTGGG-4,NHEJ-Deletion_NHEJ-Deletion,Insertion_MMEJ-Deletion,0.07109495,0.07040923,0.05887507,0.055459443,0.06768387,0.07226352,0.07091725,0.065534785,0.071050584,0.06277719,0.06917033,0.069608256,0.06922913,0.057802096,0.06812439
TGACCCTGTGCGGCTT-4,Insertion_NHEJ-Deletion,Insertion_MMEJ-Deletion,0.07109495,0.07040923,0.05887507,0.055459443,0.06768387,0.07226352,0.07091725,0.065534785,0.071050584,0.06277719,0.06917033,0.069608256,0.06922913,0.057802096,0.06812439
GCATTAGTCATTCTTG-1,Insertion_WT,Insertion_MMEJ-Deletion,0.07109495,0.07040923,0.05887507,0.055459443,0.06768387,0.07226352,0.07091725,0.065534785,0.071050584,0.06277719,0.06917033,0.069608256,0.06922913,0.057802096,0.06812439
TTGCTGCTCGCGTTTC-1,HDR_HDR,Insertion_MMEJ-Deletion,0.07109495,0.07040923,0.05887507,0.055459443,0.06768387,0.07226352,0.07091725,0.065534785,0.071050584,0.06277719,0.06917033,0.069608256,0.06922913,0.057802096,0.06812439
TCAAGACAGACTACGG-1,Insertion_NHEJ-Deletion,Insertion_MMEJ-Deletion,0.07109495,0.07040923,0.05887507,0.055459443,0.06768387,0.07226352,0.07091725,0.065534785,0.071050584,0.06277719,0.06917033,0.069608256,0.06922913,0.057802096,0.06812439
TTCTTGAAGTAGATCA-1,MMEJ-Deletion_WT,Insertion_MMEJ-Deletion,0.07109495,0.07040923,0.05887507,0.055459443,0.06768387,0.07226352,0.07091725,0.065534785,0.071050584,0.06277719,0.06917033,0.069608256,0.06922913,0.057802096,0.06812439
TCGCACTCAATTTCCT-1,Insertion_NHEJ-Deletion,Insertion_MMEJ-Deletion,0.07109495,0.07040923,0.05887507,0.055459443,0.06768387,0.07226352,0.07091725,0.065534785,0.071050584,0.06277719,0.06917033,0.069608256,0.06922913,0.057802096,0.06812439
CCACGTTTCCTTTAGT-4,HDR_WT,Insertion_MMEJ-Deletion,0.07109495,0.07040923,0.05887507,0.055459443,0.06768387,0.07226352,0.07091725,0.065534785,0.071050584,0.06277719,0.06917033,0.069608256,0.06922913,0.057802096,0.06812439
CCAATTTCACTTTAGG-1,Insertion_Insertion,Insertion_MMEJ-Deletion,0.07109495,0.07040923,0.05887507,0.055459443,0.06768387,0.07226352,0.07091725,0.065534785,0.071050584,0.06277719,0.06917033,0.069608256,0.06922913,0.057802096,0.06812439
GTTGCTCGTAGGTGCA-1,Insertion_MMEJ-Deletion,Insertion_MMEJ-Deletion,0.07109495,0.07040923,0.05887507,0.055459443,0.06768387,0.07226352,0.07091725,0.065534785,0.071050584,0.06277719,0.06917033,0.069608256,0.06922913,0.057802096,0.06812439
TCTCTGGGTCCTTAAG-1,Insertion_NHEJ-Deletion,Insertion_MMEJ-Deletion,0.07109495,0.07040923,0.05887507,0.055459443,0.06768387,0.07226352,0.07091725,0.065534785,0.071050584,0.06277719,0.06917033,0.069608256,0.06922913,0.057802096,0.06812439
CATCAAGCACGATAGG-1,Insertion_Insertion,Insertion_MMEJ-Deletion,0.07109495,0.07040923,0.05887507,0.055459443,0.06768387,0.07226352,0.07091725,0.065534785,0.071050584,0.06277719,0.06917033,0.069608256,0.06922913,0.057802096,0.06812439
CCTCTCCTCACACGAT-1,Insertion_Insertion,Insertion_MMEJ-Deletion,0.07109495,0.07040923,0.05887507,0.055459443,0.06768387,0.07226352,0.07091725,0.065534785,0.071050584,0.06277719,0.06917033,0.069608256,0.06922913,0.057802096,0.06812439
AGCATCATCGGACGTC-1,NHEJ-Deletion_WT,Insertion_MMEJ-Deletion,0.07109495,0.07040923,0.05887507,0.055459443,0.06768387,0.07226352,0.07091725,0.065534785,0.071050584,0.06277719,0.06917033,0.069608256,0.06922913,0.057802096,0.06812439
TGAGGAGCAGGATTCT-4,Insertion_NHEJ-Deletion,Insertion_MMEJ-Deletion,0.07109495,0.07040923,0.05887507,0.055459443,0.06768387,0.07226352,0.07091725,0.065534785,0.071050584,0.06277719,0.06917033,0.069608256,0.06922913,0.057802096,0.06812439
GAATAGAGTGTCGATT-1,Insertion_WT,Insertion_MMEJ-Deletion,0.07109495,0.07040923,0.05887507,0.055459443,0.06768387,0.07226352,0.07091725,0.065534785,0.071050584,0.06277719,0.06917033,0.069608256,0.06922913,0.057802096,0.06812439
CACGTTCGTACCTAGT-1,Insertion_WT,Insertion_MMEJ-Deletion,0.07109495,0.07040923,0.05887507,0.055459443,0.06768387,0.07226352,0.07091725,0.065534785,0.071050584,0.06277719,0.06917033,0.069608256,0.06922913,0.057802096,0.06812439
TGGGCTGAGGGCAATC-1,MMEJ-Deletion_NHEJ-Deletion,Insertion_MMEJ-Deletion,0.07109495,0.07040923,0.05887507,0.055459443,0.06768387,0.07226352,0.07091725,0.065534785,0.071050584,0.06277719,0.06917033,0.069608256,0.06922913,0.057802096,0.06812439
GAGGGTACAGGTGTTT-1,Insertion_Insertion,Insertion_MMEJ-Deletion,0.07109495,0.07040923,0.05887507,0.055459443,0.06768387,0.07226352,0.07091725,0.065534785,0.071050584,0.06277719,0.06917033,0.069608256,0.06922913,0.057802096,0.06812439
TGAGCGCGTAAGGAGA-1,Insertion_NHEJ-Deletion,Insertion_MMEJ-Deletion,0.07109495,0.07040923,0.05887507,0.055459443,0.06768387,0.07226352,0.07091725,0.065534785,0.071050584,0.06277719,0.06917033,0.069608256,0.06922913,0.057802096,0.06812439
AGCCAGCCAGCTGTCG-1,Insertion_NHEJ-Deletion,Insertion_MMEJ-Deletion,0.07109495,0.07040923,0.05887507,0.055459443,0.06768387,0.07226352,0.07091725,0.065534785,0.071050584,0.06277719,0.06917033,0.069608256,0.06922913,0.057802096,0.06812439
TCGACCTAGAATTCAG-4,Insertion_NHEJ-Deletion,Insertion_MMEJ-Deletion,0.07109495,0.07040923,0.05887507,0.055459443,0.06768387,0.07226352,0.07091725,0.065534785,0.071050584,0.06277719,0.06917033,0.069608256,0.06922913,0.057802096,0.06812439
GGATCTAGTGATGAAT-1,NHEJ-Deletion_WT,Insertion_MMEJ-Deletion,0.07109495,0.07040923,0.05887507,0.055459443,0.06768387,0.07226352,0.07091725,0.065534785,0.071050584,0.06277719,0.06917033,0.069608256,0.06922913,0.057802096,0.06812439
AACCATGAGAGAGGTA-1,Insertion_Insertion,Insertion_MMEJ-Deletion,0.07109495,0.07040923,0.05887507,0.055459443,0.06768387,0.07226352,0.07091725,0.065534785,0.071050584,0.06277719,0.06917033,0.069608256,0.06922913,0.057802096,0.06812439
TCCTCGAGTCGCTGCA-1,Insertion_NHEJ-Deletion,Insertion_MMEJ-Deletion,0.07109495,0.07040923,0.05887507,0.055459443,0.06768387,0.07226352,0.07091725,0.065534785,0.071050584,0.06277719,0.06917033,0.069608256,0.06922913,0.057802096,0.06812439
AATGAAGTCTCACTCG-1,Insertion_WT,Insertion_MMEJ-Deletion,0.07109495,0.07040923,0.05887507,0.055459443,0.06768387,0.07226352,0.07091725,0.065534785,0.071050584,0.06277719,0.06917033,0.069608256,0.06922913,0.057802096,0.06812439
GTCATGAGTTGCAACT-4,Insertion_WT,Insertion_MMEJ-Deletion,0.07109495,0.07040923,0.05887507,0.055459443,0.06768387,0.07226352,0.07091725,0.065534785,0.071050584,0.06277719,0.06917033,0.069608256,0.06922913,0.057802096,0.06812439
TATCCTACAGAGAAAG-1,Insertion_MMEJ-Deletion,Insertion_MMEJ-Deletion,0.07109495,0.07040923,0.05887507,0.055459443,0.06768387,0.07226352,0.07091725,0.065534785,0.071050584,0.06277719,0.06917033,0.069608256,0.06922913,0.057802096,0.06812439
TTACGTTCATCAGTGT-1,MMEJ-Deletion_WT,Insertion_MMEJ-Deletion,0.07109495,0.07040923,0.05887507,0.055459443,0.06768387,0.07226352,0.07091725,0.065534785,0.071050584,0.06277719,0.06917033,0.069608256,0.06922913,0.057802096,0.06812439
GTCTACCCATTGCCGG-4,Insertion_WT,Insertion_MMEJ-Deletion,0.07109495,0.07040923,0.05887507,0.055459443,0.06768387,0.07226352,0.07091725,0.065534785,0.071050584,0.06277719,0.06917033,0.069608256,0.06922913,0.057802096,0.06812439
TTACGTTTCCTAGCCT-1,NHEJ-Deletion_NHEJ-Deletion,Insertion_MMEJ-Deletion,0.07109495,0.07040923,0.05887507,0.055459443,0.06768387,0.07226352,0.07091725,0.065534785,0.071050584,0.06277719,0.06917033,0.069608256,0.06922913,0.057802096,0.06812439
AGAAGTACAGAAATTG-4,Insertion_WT,Insertion_MMEJ-Deletion,0.07109495,0.07040923,0.05887507,0.055459443,0.06768387,0.07226352,0.07091725,0.065534785,0.071050584,0.06277719,0.06917033,0.069608256,0.06922913,0.057802096,0.06812439
GCGGAAATCATTCACT-1,Insertion_Insertion,Insertion_MMEJ-Deletion,0.07109495,0.07040923,0.05887507,0.055459443,0.06768387,0.07226352,0.07091725,0.065534785,0.071050584,0.06277719,0.06917033,0.069608256,0.06922913,0.057802096,0.06812439
ACTGTGAAGTGATAAC-1,HDR_NHEJ-Deletion,Insertion_MMEJ-Deletion,0.07109495,0.07040923,0.05887507,0.055459443,0.06768387,0.07226352,0.07091725,0.065534785,0.071050584,0.06277719,0.06917033,0.069608256,0.06922913,0.057802096,0.06812439
TTGCCTGCATTAGGAA-1,Insertion_NHEJ-Deletion,Insertion_MMEJ-Deletion,0.07109495,0.07040923,0.05887507,0.055459443,0.06768387,0.07226352,0.07091725,0.065534785,0.071050584,0.06277719,0.06917033,0.069608256,0.06922913,0.057802096,0.06812439
TTCCTTCAGAGCATCG-1,Insertion_WT,Insertion_MMEJ-Deletion,0.07109495,0.07040923,0.05887507,0.055459443,0.06768387,0.07226352,0.07091725,0.065534785,0.071050584,0.06277719,0.06917033,0.069608256,0.06922913,0.057802096,0.06812439
GTCGCGATCATTTGGG-4,Insertion_Insertion,Insertion_MMEJ-Deletion,0.07109495,0.07040923,0.05887507,0.055459443,0.06768387,0.07226352,0.07091725,0.065534785,0.071050584,0.06277719,0.06917033,0.069608256,0.06922913,0.057802096,0.06812439
GTTTACTGTAACCAGG-1,Insertion_Insertion,Insertion_MMEJ-Deletion,0.07109495,0.07040923,0.05887507,0.055459443,0.06768387,0.07226352,0.07091725,0.065534785,0.071050584,0.06277719,0.06917033,0.069608256,0.06922913,0.057802096,0.06812439
ATAGAGAAGTGCTAGG-1,Insertion_NHEJ-Deletion,Insertion_MMEJ-Deletion,0.07109495,0.07040923,0.05887507,0.055459443,0.06768387,0.07226352,0.07091725,0.065534785,0.071050584,0.06277719,0.06917033,0.069608256,0.06922913,0.057802096,0.06812439
ATTCTTGGTGGATCGA-1,Insertion_Insertion,Insertion_MMEJ-Deletion,0.07109495,0.07040923,0.05887507,0.055459443,0.06768387,0.07226352,0.07091725,0.065534785,0.071050584,0.06277719,0.06917033,0.069608256,0.06922913,0.057802096,0.06812439
TCGGATAGTCGCGTCA-4,Insertion_WT,Insertion_MMEJ-Deletion,0.07109495,0.07040923,0.05887507,0.055459443,0.06768387,0.07226352,0.07091725,0.065534785,0.071050584,0.06277719,0.06917033,0.069608256,0.06922913,0.057802096,0.06812439
AGCCACGAGCCATTGT-1,NHEJ-Deletion_NHEJ-Deletion,Insertion_MMEJ-Deletion,0.07109495,0.07040923,0.05887507,0.055459443,0.06768387,0.07226352,0.07091725,0.065534785,0.071050584,0.06277719,0.06917033,0.069608256,0.06922913,0.057802096,0.06812439
GTTACGATCCATTCGC-1,Insertion_MMEJ-Deletion,Insertion_MMEJ-Deletion,0.07109495,0.07040923,0.05887507,0.055459443,0.06768387,0.07226352,0.07091725,0.065534785,0.071050584,0.06277719,0.06917033,0.069608256,0.06922913,0.057802096,0.06812439
CGGAATTGTGAGTAAT-1,Insertion_SV,Insertion_MMEJ-Deletion,0.07109495,0.07040923,0.05887507,0.055459443,0.06768387,0.07226352,0.07091725,0.065534785,0.071050584,0.06277719,0.06917033,0.069608256,0.06922913,0.057802096,0.06812439
GGGATGAGTGTAAACA-1,HDR_HDR,Insertion_MMEJ-Deletion,0.07109495,0.07040923,0.05887507,0.055459443,0.06768387,0.07226352,0.07091725,0.065534785,0.071050584,0.06277719,0.06917033,0.069608256,0.06922913,0.057802096,0.06812439
ATCGATGGTAAGACCG-1,Insertion_WT,Insertion_MMEJ-Deletion,0.07109495,0.07040923,0.05887507,0.055459443,0.06768387,0.07226352,0.07091725,0.065534785,0.071050584,0.06277719,0.06917033,0.069608256,0.06922913,0.057802096,0.06812439
GGGTATTAGCCTTTCC-1,Insertion_WT,Insertion_MMEJ-Deletion,0.07109495,0.07040923,0.05887507,0.055459443,0.06768387,0.07226352,0.07091725,0.065534785,0.071050584,0.06277719,0.06917033,0.069608256,0.06922913,0.057802096,0.06812439
AAGCATCTCGTAACAC-1,NHEJ-Deletion_WT,Insertion_MMEJ-Deletion,0.07109495,0.07040923,0.05887507,0.055459443,0.06768387,0.07226352,0.07091725,0.065534785,0.071050584,0.06277719,0.06917033,0.069608256,0.06922913,0.057802096,0.06812439
TACGCTCCAAGGGCAT-1,NHEJ-Deletion_NHEJ-Deletion,Insertion_MMEJ-Deletion,0.07109495,0.07040923,0.05887507,0.055459443,0.06768387,0.07226352,0.07091725,0.065534785,0.071050584,0.06277719,0.06917033,0.069608256,0.06922913,0.057802096,0.06812439
ATTGTTCTCGCTTACC-4,Insertion_Insertion,Insertion_MMEJ-Deletion,0.07109495,0.07040923,0.05887507,0.055459443,0.06768387,0.07226352,0.07091725,0.065534785,0.071050584,0.06277719,0.06917033,0.069608256,0.06922913,0.057802096,0.06812439
TACGTCCAGCCTGCCA-1,HDR_HDR,Insertion_MMEJ-Deletion,0.07109495,0.07040923,0.05887507,0.055459443,0.06768387,0.07226352,0.07091725,0.065534785,0.071050584,0.06277719,0.06917033,0.069608256,0.06922913,0.057802096,0.06812439
CATCGGGTCCTGCCAT-1,Insertion_SV,Insertion_MMEJ-Deletion,0.07109495,0.07040923,0.05887507,0.055459443,0.06768387,0.07226352,0.07091725,0.065534785,0.071050584,0.06277719,0.06917033,0.069608256,0.06922913,0.057802096,0.06812439
CCCTAACCACTCACTC-1,Insertion_WT,Insertion_MMEJ-Deletion,0.07109495,0.07040923,0.05887507,0.055459443,0.06768387,0.07226352,0.07091725,0.065534785,0.071050584,0.06277719,0.06917033,0.069608256,0.06922913,0.057802096,0.06812439
AAGACTCTCCAGTGCG-1,Insertion_Insertion,Insertion_MMEJ-Deletion,0.07109495,0.07040923,0.05887507,0.055459443,0.06768387,0.07226352,0.07091725,0.065534785,0.071050584,0.06277719,0.06917033,0.069608256,0.06922913,0.057802096,0.06812439
GAGGCAATCTGCGAGC-4,Insertion_WT,Insertion_MMEJ-Deletion,0.07109495,0.07040923,0.05887507,0.055459443,0.06768387,0.07226352,0.07091725,0.065534785,0.071050584,0.06277719,0.06917033,0.069608256,0.06922913,0.057802096,0.06812439
GACACGCAGCGTGTTT-4,Insertion_WT,Insertion_MMEJ-Deletion,0.07109495,0.07040923,0.05887507,0.055459443,0.06768387,0.07226352,0.07091725,0.065534785,0.071050584,0.06277719,0.06917033,0.069608256,0.06922913,0.057802096,0.06812439
GTCAAACTCGTGGCTG-1,HDR_HDR,Insertion_MMEJ-Deletion,0.07109495,0.07040923,0.05887507,0.055459443,0.06768387,0.07226352,0.07091725,0.065534785,0.071050584,0.06277719,0.06917033,0.069608256,0.06922913,0.057802096,0.06812439
CCTGTTGGTCGTTTCC-4,MMEJ-Deletion_WT,Insertion_MMEJ-Deletion,0.07109495,0.07040923,0.05887507,0.055459443,0.06768387,0.07226352,0.07091725,0.065534785,0.071050584,0.06277719,0.06917033,0.069608256,0.06922913,0.057802096,0.06812439
TCGCAGGAGTAGGGTC-1,Insertion_WT,Insertion_MMEJ-Deletion,0.07109495,0.07040923,0.05887507,0.055459443,0.06768387,0.07226352,0.07091725,0.065534785,0.071050584,0.06277719,0.06917033,0.069608256,0.06922913,0.057802096,0.06812439
CGTAGTACAACTGGTT-1,NHEJ-Deletion_NHEJ-Deletion,Insertion_MMEJ-Deletion,0.07109495,0.07040923,0.05887507,0.055459443,0.06768387,0.07226352,0.07091725,0.065534785,0.071050584,0.06277719,0.06917033,0.069608256,0.06922913,0.057802096,0.06812439
GGGTATTCATAGCACT-4,NHEJ-Deletion_NHEJ-Deletion,Insertion_MMEJ-Deletion,0.07109495,0.07040923,0.05887507,0.055459443,0.06768387,0.07226352,0.07091725,0.065534785,0.071050584,0.06277719,0.06917033,0.069608256,0.06922913,0.057802096,0.06812439
ATCCTATCACCATATG-4,Insertion_WT,Insertion_MMEJ-Deletion,0.07109495,0.07040923,0.05887507,0.055459443,0.06768387,0.07226352,0.07091725,0.065534785,0.071050584,0.06277719,0.06917033,0.069608256,0.06922913,0.057802096,0.06812439
AAGATAGCAGCGTATT-1,Insertion_Insertion,Insertion_MMEJ-Deletion,0.07109495,0.07040923,0.05887507,0.055459443,0.06768387,0.07226352,0.07091725,0.065534785,0.071050584,0.06277719,0.06917033,0.069608256,0.06922913,0.057802096,0.06812439
TCCTTTCGTGCCGTAC-4,MMEJ-Deletion_NHEJ-Deletion,Insertion_MMEJ-Deletion,0.07109495,0.07040923,0.05887507,0.055459443,0.06768387,0.07226352,0.07091725,0.065534785,0.071050584,0.06277719,0.06917033,0.069608256,0.06922913,0.057802096,0.06812439
CTCCTTTTCACTGTTT-1,Insertion_Insertion,Insertion_MMEJ-Deletion,0.07109495,0.07040923,0.05887507,0.055459443,0.06768387,0.07226352,0.07091725,0.065534785,0.071050584,0.06277719,0.06917033,0.069608256,0.06922913,0.057802096,0.06812439
TCGATTTCAGCGTAGA-1,Insertion_WT,Insertion_MMEJ-Deletion,0.07109495,0.07040923,0.05887507,0.055459443,0.06768387,0.07226352,0.07091725,0.065534785,0.071050584,0.06277719,0.06917033,0.069608256,0.06922913,0.057802096,0.06812439
TGAGCGCCAGCATCTA-4,Insertion_WT,Insertion_MMEJ-Deletion,0.07109495,0.07040923,0.05887507,0.055459443,0.06768387,0.07226352,0.07091725,0.065534785,0.071050584,0.06277719,0.06917033,0.069608256,0.06922913,0.057802096,0.06812439
CTTGAGAAGGTTGCCC-1,Insertion_NHEJ-Deletion,Insertion_MMEJ-Deletion,0.07109495,0.07040923,0.05887507,0.055459443,0.06768387,0.07226352,0.07091725,0.065534785,0.071050584,0.06277719,0.06917033,0.069608256,0.06922913,0.057802096,0.06812439
GATCGTAGTTAAGGAT-1,HDR_NHEJ-Deletion,Insertion_MMEJ-Deletion,0.07109495,0.07040923,0.05887507,0.055459443,0.06768387,0.07226352,0.07091725,0.065534785,0.071050584,0.06277719,0.06917033,0.069608256,0.06922913,0.057802096,0.06812439
TTACAGGCAGTTTGGT-1,HDR_NHEJ-Deletion,Insertion_MMEJ-Deletion,0.07109495,0.07040923,0.05887507,0.055459443,0.06768387,0.07226352,0.07091725,0.065534785,0.071050584,0.06277719,0.06917033,0.069608256,0.06922913,0.057802096,0.06812439
TCGATTTTCCCATTTA-1,Insertion_NHEJ-Deletion,Insertion_MMEJ-Deletion,0.07109495,0.07040923,0.05887507,0.055459443,0.06768387,0.07226352,0.07091725,0.065534785,0.071050584,0.06277719,0.06917033,0.069608256,0.06922913,0.057802096,0.06812439
TGAGTCAAGACCTTTG-1,NHEJ-Deletion_NHEJ-Deletion,Insertion_MMEJ-Deletion,0.07109495,0.07040923,0.05887507,0.055459443,0.06768387,0.07226352,0.07091725,0.065534785,0.071050584,0.06277719,0.06917033,0.069608256,0.06922913,0.057802096,0.06812439
TCTACCGAGTGGATAT-4,Insertion_Insertion,Insertion_MMEJ-Deletion,0.07109495,0.07040923,0.05887507,0.055459443,0.06768387,0.07226352,0.07091725,0.065534785,0.071050584,0.06277719,0.06917033,0.069608256,0.06922913,0.057802096,0.06812439
CTCAGAACAGCCTATA-4,Insertion_Insertion,Insertion_MMEJ-Deletion,0.07109495,0.07040923,0.05887507,0.055459443,0.06768387,0.07226352,0.07091725,0.065534785,0.071050584,0.06277719,0.06917033,0.069608256,0.06922913,0.057802096,0.06812439
ATGAGGGAGGACTTCT-1,Insertion_WT,Insertion_MMEJ-Deletion,0.07109495,0.07040923,0.05887507,0.055459443,0.06768387,0.07226352,0.07091725,0.065534785,0.071050584,0.06277719,0.06917033,0.069608256,0.06922913,0.057802096,0.06812439
CTAAGTGGTCTCACGG-1,Insertion_NHEJ-Deletion,Insertion_MMEJ-Deletion,0.07109495,0.07040923,0.05887507,0.055459443,0.06768387,0.07226352,0.07091725,0.065534785,0.071050584,0.06277719,0.06917033,0.069608256,0.06922913,0.057802096,0.06812439
GTCTGTCAGGTCCTGC-4,Insertion_WT,Insertion_MMEJ-Deletion,0.07109495,0.07040923,0.05887507,0.055459443,0.06768387,0.07226352,0.07091725,0.065534785,0.071050584,0.06277719,0.06917033,0.069608256,0.06922913,0.057802096,0.06812439
ATCTCTAAGTAGCAAT-4,Insertion_MMEJ-Deletion,Insertion_MMEJ-Deletion,0.07109495,0.07040923,0.05887507,0.055459443,0.06768387,0.07226352,0.07091725,0.065534785,0.071050584,0.06277719,0.06917033,0.069608256,0.06922913,0.057802096,0.06812439
GCCGTGACAGGTCCCA-1,Insertion_WT,Insertion_MMEJ-Deletion,0.07109495,0.07040923,0.05887507,0.055459443,0.06768387,0.07226352,0.07091725,0.065534785,0.071050584,0.06277719,0.06917033,0.069608256,0.06922913,0.057802096,0.06812439
TAAGCCACAGCACAGA-1,Insertion_Insertion,Insertion_MMEJ-Deletion,0.07109495,0.07040923,0.05887507,0.055459443,0.06768387,0.07226352,0.07091725,0.065534785,0.071050584,0.06277719,0.06917033,0.069608256,0.06922913,0.057802096,0.06812439
GTTGCGGTCAGTGTTG-1,NHEJ-Deletion_WT,Insertion_MMEJ-Deletion,0.07109495,0.07040923,0.05887507,0.055459443,0.06768387,0.07226352,0.07091725,0.065534785,0.071050584,0.06277719,0.06917033,0.069608256,0.06922913,0.057802096,0.06812439
GGTAACTCAACTGAAA-1,Insertion_Insertion,Insertion_MMEJ-Deletion,0.07109495,0.07040923,0.05887507,0.055459443,0.06768387,0.07226352,0.07091725,0.065534785,0.071050584,0.06277719,0.06917033,0.069608256,0.06922913,0.057802096,0.06812439
TGCAGGCCACTCGATA-1,Insertion_Insertion,Insertion_MMEJ-Deletion,0.07109495,0.07040923,0.05887507,0.055459443,0.06768387,0.07226352,0.07091725,0.065534785,0.071050584,0.06277719,0.06917033,0.069608256,0.06922913,0.057802096,0.06812439
CTCCTTTAGAATCGCG-1,MMEJ-Deletion_NHEJ-Deletion,Insertion_MMEJ-Deletion,0.07109495,0.07040923,0.05887507,0.055459443,0.06768387,0.07226352,0.07091725,0.065534785,0.071050584,0.06277719,0.06917033,0.069608256,0.06922913,0.057802096,0.06812439
GTATTTCCATGCGTGC-1,Insertion_NHEJ-Deletion,Insertion_MMEJ-Deletion,0.07109495,0.07040923,0.05887507,0.055459443,0.06768387,0.07226352,0.07091725,0.065534785,0.071050584,0.06277719,0.06917033,0.069608256,0.06922913,0.057802096,0.06812439
AAGTTCGAGTTACGTC-1,NHEJ-Deletion_NHEJ-Deletion,Insertion_MMEJ-Deletion,0.07109495,0.07040923,0.05887507,0.055459443,0.06768387,0.07226352,0.07091725,0.065534785,0.071050584,0.06277719,0.06917033,0.069608256,0.06922913,0.057802096,0.06812439
GAGACCCGTGCAATAA-1,Insertion_Insertion,Insertion_MMEJ-Deletion,0.07109495,0.07040923,0.05887507,0.055459443,0.06768387,0.07226352,0.07091725,0.065534785,0.071050584,0.06277719,0.06917033,0.069608256,0.06922913,0.057802096,0.06812439
CTGAGCGTCCGCGATG-1,Insertion_Insertion,Insertion_MMEJ-Deletion,0.07109495,0.07040923,0.05887507,0.055459443,0.06768387,0.07226352,0.07091725,0.065534785,0.071050584,0.06277719,0.06917033,0.069608256,0.06922913,0.057802096,0.06812439
TAGGTACAGCCTCACG-1,MMEJ-Deletion_MMEJ-Deletion,Insertion_MMEJ-Deletion,0.07109495,0.07040923,0.05887507,0.055459443,0.06768387,0.07226352,0.07091725,0.065534785,0.071050584,0.06277719,0.06917033,0.069608256,0.06922913,0.057802096,0.06812439
TCTTGCGCATGGGTCC-1,Insertion_NHEJ-Deletion,Insertion_MMEJ-Deletion,0.07109495,0.07040923,0.05887507,0.055459443,0.06768387,0.07226352,0.07091725,0.065534785,0.071050584,0.06277719,0.06917033,0.069608256,0.06922913,0.057802096,0.06812439
GCCAACGTCTTGGAAC-1,Insertion_NHEJ-Deletion,Insertion_MMEJ-Deletion,0.07109495,0.07040923,0.05887507,0.055459443,0.06768387,0.07226352,0.07091725,0.065534785,0.071050584,0.06277719,0.06917033,0.069608256,0.06922913,0.057802096,0.06812439
CTACGGGTCCCTCATG-1,Insertion_MMEJ-Deletion,Insertion_MMEJ-Deletion,0.07109495,0.07040923,0.05887507,0.055459443,0.06768387,0.07226352,0.07091725,0.065534785,0.071050584,0.06277719,0.06917033,0.069608256,0.06922913,0.057802096,0.06812439
TCACTCGCACGTGTGC-4,HDR_WT,Insertion_MMEJ-Deletion,0.07109495,0.07040923,0.05887507,0.055459443,0.06768387,0.07226352,0.07091725,0.065534785,0.071050584,0.06277719,0.06917033,0.069608256,0.06922913,0.057802096,0.06812439
TCATGTTCACTGGCCA-1,Insertion_Insertion,Insertion_MMEJ-Deletion,0.07109495,0.07040923,0.05887507,0.055459443,0.06768387,0.07226352,0.07091725,0.065534785,0.071050584,0.06277719,0.06917033,0.069608256,0.06922913,0.057802096,0.06812439
TGTGAGTTCATTTGTC-1,HDR_WT,Insertion_MMEJ-Deletion,0.07109495,0.07040923,0.05887507,0.055459443,0.06768387,0.07226352,0.07091725,0.065534785,0.071050584,0.06277719,0.06917033,0.069608256,0.06922913,0.057802096,0.06812439
GGGCCATGTCTTACTT-1,MMEJ-Deletion_WT,Insertion_MMEJ-Deletion,0.07109495,0.07040923,0.05887507,0.055459443,0.06768387,0.07226352,0.07091725,0.065534785,0.071050584,0.06277719,0.06917033,0.069608256,0.06922913,0.057802096,0.06812439
CATGGATTCACACCCT-4,Insertion_WT,Insertion_MMEJ-Deletion,0.07109495,0.07040923,0.05887507,0.055459443,0.06768387,0.07226352,0.07091725,0.065534785,0.071050584,0.06277719,0.06917033,0.069608256,0.06922913,0.057802096,0.06812439
ACAGCCGCAAGAATAC-1,Insertion_MMEJ-Deletion,Insertion_MMEJ-Deletion,0.07109495,0.07040923,0.05887507,0.055459443,0.06768387,0.07226352,0.07091725,0.065534785,0.071050584,0.06277719,0.06917033,0.069608256,0.06922913,0.057802096,0.06812439
AGGACGATCTCTCTAA-1,Insertion_Insertion,Insertion_MMEJ-Deletion,0.07109495,0.07040923,0.05887507,0.055459443,0.06768387,0.07226352,0.07091725,0.065534785,0.071050584,0.06277719,0.06917033,0.069608256,0.06922913,0.057802096,0.06812439
AACGAAATCCCGTGTT-4,MMEJ-Deletion_NHEJ-Deletion,Insertion_MMEJ-Deletion,0.07109495,0.07040923,0.05887507,0.055459443,0.06768387,0.07226352,0.07091725,0.065534785,0.071050584,0.06277719,0.06917033,0.069608256,0.06922913,0.057802096,0.06812439
TACCTGCAGCTCCATA-1,Insertion_Insertion,Insertion_MMEJ-Deletion,0.07109495,0.07040923,0.05887507,0.055459443,0.06768387,0.07226352,0.07091725,0.065534785,0.071050584,0.06277719,0.06917033,0.069608256,0.06922913,0.057802096,0.06812439
ATTTACCTCCACTGAA-1,Insertion_Insertion,Insertion_MMEJ-Deletion,0.07109495,0.07040923,0.05887507,0.055459443,0.06768387,0.07226352,0.07091725,0.065534785,0.071050584,0.06277719,0.06917033,0.069608256,0.06922913,0.057802096,0.06812439
ATGAAAGGTTTCCCAC-1,Insertion_WT,Insertion_MMEJ-Deletion,0.07109495,0.07040923,0.05887507,0.055459443,0.06768387,0.07226352,0.07091725,0.065534785,0.071050584,0.06277719,0.06917033,0.069608256,0.06922913,0.057802096,0.06812439
CGGCAGTAGCTAGCCC-1,Insertion_Insertion,Insertion_MMEJ-Deletion,0.07109495,0.07040923,0.05887507,0.055459443,0.06768387,0.07226352,0.07091725,0.065534785,0.071050584,0.06277719,0.06917033,0.069608256,0.06922913,0.057802096,0.06812439
ATCCATTAGCCACTCG-1,NHEJ-Deletion_NHEJ-Deletion,Insertion_MMEJ-Deletion,0.07109495,0.07040923,0.05887507,0.055459443,0.06768387,0.07226352,0.07091725,0.065534785,0.071050584,0.06277719,0.06917033,0.069608256,0.06922913,0.057802096,0.06812439
TCGCTCAAGTCTAACC-1,Insertion_WT,Insertion_MMEJ-Deletion,0.07109495,0.07040923,0.05887507,0.055459443,0.06768387,0.07226352,0.07091725,0.065534785,0.071050584,0.06277719,0.06917033,0.069608256,0.06922913,0.057802096,0.06812439
AGCATCACATAGAGGC-1,Insertion_NHEJ-Deletion,Insertion_MMEJ-Deletion,0.07109495,0.07040923,0.05887507,0.055459443,0.06768387,0.07226352,0.07091725,0.065534785,0.071050584,0.06277719,0.06917033,0.069608256,0.06922913,0.057802096,0.06812439
GCGAGAAAGAATACAC-1,Insertion_Insertion,Insertion_MMEJ-Deletion,0.07109495,0.07040923,0.05887507,0.055459443,0.06768387,0.07226352,0.07091725,0.065534785,0.071050584,0.06277719,0.06917033,0.069608256,0.06922913,0.057802096,0.06812439
GGAACCCAGTGATCGG-4,Insertion_SV,Insertion_MMEJ-Deletion,0.07109495,0.07040923,0.05887507,0.055459443,0.06768387,0.07226352,0.07091725,0.065534785,0.071050584,0.06277719,0.06917033,0.069608256,0.06922913,0.057802096,0.06812439
AAACCCAGTGGTCCCA-1,Insertion_MMEJ-Deletion,Insertion_MMEJ-Deletion,0.07109495,0.07040923,0.05887507,0.055459443,0.06768387,0.07226352,0.07091725,0.065534785,0.071050584,0.06277719,0.06917033,0.069608256,0.06922913,0.057802096,0.06812439
CCGGACAAGTAGATCA-4,Insertion_Insertion,Insertion_MMEJ-Deletion,0.07109495,0.07040923,0.05887507,0.055459443,0.06768387,0.07226352,0.07091725,0.065534785,0.071050584,0.06277719,0.06917033,0.069608256,0.06922913,0.057802096,0.06812439
GTATTGGGTGACAACG-1,Insertion_WT,Insertion_MMEJ-Deletion,0.07109495,0.07040923,0.05887507,0.055459443,0.06768387,0.07226352,0.07091725,0.065534785,0.071050584,0.06277719,0.06917033,0.069608256,0.06922913,0.057802096,0.06812439
CCCTCAATCATCGCCT-4,Insertion_NHEJ-Deletion,Insertion_MMEJ-Deletion,0.07109495,0.07040923,0.05887507,0.055459443,0.06768387,0.07226352,0.07091725,0.065534785,0.071050584,0.06277719,0.06917033,0.069608256,0.06922913,0.057802096,0.06812439
CGACAGCAGGGTGGGA-1,Insertion_NHEJ-Deletion,Insertion_MMEJ-Deletion,0.07109495,0.07040923,0.05887507,0.055459443,0.06768387,0.07226352,0.07091725,0.065534785,0.071050584,0.06277719,0.06917033,0.069608256,0.06922913,0.057802096,0.06812439
GTAGGTTTCCTGATAG-1,HDR_HDR,Insertion_MMEJ-Deletion,0.07109495,0.07040923,0.05887507,0.055459443,0.06768387,0.07226352,0.07091725,0.065534785,0.071050584,0.06277719,0.06917033,0.069608256,0.06922913,0.057802096,0.06812439
AGCTCAAAGTGGATAT-4,Insertion_WT,Insertion_MMEJ-Deletion,0.07109495,0.07040923,0.05887507,0.055459443,0.06768387,0.07226352,0.07091725,0.065534785,0.071050584,0.06277719,0.06917033,0.069608256,0.06922913,0.057802096,0.06812439
CTCAATTAGCATCCCG-1,MMEJ-Deletion_NHEJ-Deletion,Insertion_MMEJ-Deletion,0.07109495,0.07040923,0.05887507,0.055459443,0.06768387,0.07226352,0.07091725,0.065534785,0.071050584,0.06277719,0.06917033,0.069608256,0.06922913,0.057802096,0.06812439
GACTATGCAATAACGA-1,HDR_HDR,Insertion_MMEJ-Deletion,0.07109495,0.07040923,0.05887507,0.055459443,0.06768387,0.07226352,0.07091725,0.065534785,0.071050584,0.06277719,0.06917033,0.069608256,0.06922913,0.057802096,0.06812439
AGATCCATCCAGTGTA-1,Insertion_NHEJ-Deletion,Insertion_MMEJ-Deletion,0.07109495,0.07040923,0.05887507,0.055459443,0.06768387,0.07226352,0.07091725,0.065534785,0.071050584,0.06277719,0.06917033,0.069608256,0.06922913,0.057802096,0.06812439
GAGGGATAGTGCGCTC-4,NHEJ-Deletion_WT,Insertion_MMEJ-Deletion,0.07109495,0.07040923,0.05887507,0.055459443,0.06768387,0.07226352,0.07091725,0.065534785,0.071050584,0.06277719,0.06917033,0.069608256,0.06922913,0.057802096,0.06812439
TTTCGATTCTGCGGAC-1,Insertion_Insertion,Insertion_MMEJ-Deletion,0.07109495,0.07040923,0.05887507,0.055459443,0.06768387,0.07226352,0.07091725,0.065534785,0.071050584,0.06277719,0.06917033,0.069608256,0.06922913,0.057802096,0.06812439
ATTTCTGCATCGGCCA-4,MMEJ-Deletion_NHEJ-Deletion,Insertion_MMEJ-Deletion,0.07109495,0.07040923,0.05887507,0.055459443,0.06768387,0.07226352,0.07091725,0.065534785,0.071050584,0.06277719,0.06917033,0.069608256,0.06922913,0.057802096,0.06812439
GTTGTAGGTAGAATGT-4,Insertion_WT,Insertion_MMEJ-Deletion,0.07109495,0.07040923,0.05887507,0.055459443,0.06768387,0.07226352,0.07091725,0.065534785,0.071050584,0.06277719,0.06917033,0.069608256,0.06922913,0.057802096,0.06812439
GACTCTCTCGGACAAG-1,Insertion_Insertion,Insertion_MMEJ-Deletion,0.07109495,0.07040923,0.05887507,0.055459443,0.06768387,0.07226352,0.07091725,0.065534785,0.071050584,0.06277719,0.06917033,0.069608256,0.06922913,0.057802096,0.06812439
TTCAATCCAGCAGTCC-1,Insertion_MMEJ-Deletion,Insertion_MMEJ-Deletion,0.07109495,0.07040923,0.05887507,0.055459443,0.06768387,0.07226352,0.07091725,0.065534785,0.071050584,0.06277719,0.06917033,0.069608256,0.06922913,0.057802096,0.06812439
CCTCAGTCAGATCCTA-4,Insertion_Insertion,Insertion_MMEJ-Deletion,0.07109495,0.07040923,0.05887507,0.055459443,0.06768387,0.07226352,0.07091725,0.065534785,0.071050584,0.06277719,0.06917033,0.069608256,0.06922913,0.057802096,0.06812439
TCTCTGGAGAGGCTGT-1,HDR_Insertion,Insertion_MMEJ-Deletion,0.07109495,0.07040923,0.05887507,0.055459443,0.06768387,0.07226352,0.07091725,0.065534785,0.071050584,0.06277719,0.06917033,0.069608256,0.06922913,0.057802096,0.06812439
GTCACGGCAGTGTGGA-1,Insertion_NHEJ-Deletion,Insertion_MMEJ-Deletion,0.07109495,0.07040923,0.05887507,0.055459443,0.06768387,0.07226352,0.07091725,0.065534785,0.071050584,0.06277719,0.06917033,0.069608256,0.06922913,0.057802096,0.06812439
GCAACATGTAAGATTG-1,Insertion_NHEJ-Deletion,Insertion_MMEJ-Deletion,0.07109495,0.07040923,0.05887507,0.055459443,0.06768387,0.07226352,0.07091725,0.065534785,0.071050584,0.06277719,0.06917033,0.069608256,0.06922913,0.057802096,0.06812439
TTCCGTGGTGTCTTCC-1,HDR_Insertion,Insertion_MMEJ-Deletion,0.07109495,0.07040923,0.05887507,0.055459443,0.06768387,0.07226352,0.07091725,0.065534785,0.071050584,0.06277719,0.06917033,0.069608256,0.06922913,0.057802096,0.06812439
TGTGTGATCCTCGCAT-1,HDR_NHEJ-Deletion,Insertion_MMEJ-Deletion,0.07109495,0.07040923,0.05887507,0.055459443,0.06768387,0.07226352,0.07091725,0.065534785,0.071050584,0.06277719,0.06917033,0.069608256,0.06922913,0.057802096,0.06812439
ATCGTAGGTTCCTAGA-1,Insertion_WT,Insertion_MMEJ-Deletion,0.07109495,0.07040923,0.05887507,0.055459443,0.06768387,0.07226352,0.07091725,0.065534785,0.071050584,0.06277719,0.06917033,0.069608256,0.06922913,0.057802096,0.06812439
GGGTCACAGCTCTGTA-4,HDR_Insertion,Insertion_MMEJ-Deletion,0.07109495,0.07040923,0.05887507,0.055459443,0.06768387,0.07226352,0.07091725,0.065534785,0.071050584,0.06277719,0.06917033,0.069608256,0.06922913,0.057802096,0.06812439
AGAAGTAAGTAGGTTA-1,Insertion_NHEJ-Deletion,Insertion_MMEJ-Deletion,0.07109495,0.07040923,0.05887507,0.055459443,0.06768387,0.07226352,0.07091725,0.065534785,0.071050584,0.06277719,0.06917033,0.069608256,0.06922913,0.057802096,0.06812439
GTGAGCCAGTTTGCTG-1,Insertion_Insertion,Insertion_MMEJ-Deletion,0.07109495,0.07040923,0.05887507,0.055459443,0.06768387,0.07226352,0.07091725,0.065534785,0.071050584,0.06277719,0.06917033,0.069608256,0.06922913,0.057802096,0.06812439
AGTACCAGTTAGAGAT-1,Insertion_NHEJ-Deletion,Insertion_MMEJ-Deletion,0.07109495,0.07040923,0.05887507,0.055459443,0.06768387,0.07226352,0.07091725,0.065534785,0.071050584,0.06277719,0.06917033,0.069608256,0.06922913,0.057802096,0.06812439
TCCTTCTCAAGGCAAC-1,Insertion_WT,Insertion_MMEJ-Deletion,0.07109495,0.07040923,0.05887507,0.055459443,0.06768387,0.07226352,0.07091725,0.065534785,0.071050584,0.06277719,0.06917033,0.069608256,0.06922913,0.057802096,0.06812439
GATTGGTAGGAACTAT-1,NHEJ-Deletion_SV,Insertion_MMEJ-Deletion,0.07109495,0.07040923,0.05887507,0.055459443,0.06768387,0.07226352,0.07091725,0.065534785,0.071050584,0.06277719,0.06917033,0.069608256,0.06922913,0.057802096,0.06812439
CAACCTCGTATGGTAA-1,NHEJ-Deletion_SV,Insertion_MMEJ-Deletion,0.07109495,0.07040923,0.05887507,0.055459443,0.06768387,0.07226352,0.07091725,0.065534785,0.071050584,0.06277719,0.06917033,0.069608256,0.06922913,0.057802096,0.06812439
TAGCACATCCCGTTCA-1,HDR_WT,Insertion_MMEJ-Deletion,0.07109495,0.07040923,0.05887507,0.055459443,0.06768387,0.07226352,0.07091725,0.065534785,0.071050584,0.06277719,0.06917033,0.069608256,0.06922913,0.057802096,0.06812439
CTAGGTACAGCAGTGA-4,Insertion_WT,Insertion_MMEJ-Deletion,0.07109495,0.07040923,0.05887507,0.055459443,0.06768387,0.07226352,0.07091725,0.065534785,0.071050584,0.06277719,0.06917033,0.069608256,0.06922913,0.057802096,0.06812439
CAAGCTACAGCGGATA-1,Insertion_WT,Insertion_MMEJ-Deletion,0.07109495,0.07040923,0.05887507,0.055459443,0.06768387,0.07226352,0.07091725,0.065534785,0.071050584,0.06277719,0.06917033,0.069608256,0.06922913,0.057802096,0.06812439
TCCGTGTCAGCGGTCT-1,HDR_Insertion,Insertion_MMEJ-Deletion,0.07109495,0.07040923,0.05887507,0.055459443,0.06768387,0.07226352,0.07091725,0.065534785,0.071050584,0.06277719,0.06917033,0.069608256,0.06922913,0.057802096,0.06812439
GCTGAATAGACCACGA-4,Insertion_Insertion,Insertion_MMEJ-Deletion,0.07109495,0.07040923,0.05887507,0.055459443,0.06768387,0.07226352,0.07091725,0.065534785,0.071050584,0.06277719,0.06917033,0.069608256,0.06922913,0.057802096,0.06812439
CGTGTCTGTCGGTACC-1,Insertion_NHEJ-Deletion,Insertion_MMEJ-Deletion,0.07109495,0.07040923,0.05887507,0.055459443,0.06768387,0.07226352,0.07091725,0.065534785,0.071050584,0.06277719,0.06917033,0.069608256,0.06922913,0.057802096,0.06812439
ACTGCAATCCATCACC-1,HDR_NHEJ-Deletion,Insertion_MMEJ-Deletion,0.07109495,0.07040923,0.05887507,0.055459443,0.06768387,0.07226352,0.07091725,0.065534785,0.071050584,0.06277719,0.06917033,0.069608256,0.06922913,0.057802096,0.06812439
TCACTCGAGCTAAATG-1,HDR_NHEJ-Deletion,Insertion_MMEJ-Deletion,0.07109495,0.07040923,0.05887507,0.055459443,0.06768387,0.07226352,0.07091725,0.065534785,0.071050584,0.06277719,0.06917033,0.069608256,0.06922913,0.057802096,0.06812439
CATACAGTCTCTGCTG-4,NHEJ-Deletion_WT,Insertion_MMEJ-Deletion,0.07109495,0.07040923,0.05887507,0.055459443,0.06768387,0.07226352,0.07091725,0.065534785,0.071050584,0.06277719,0.06917033,0.069608256,0.06922913,0.057802096,0.06812439
TCTGTCGCATTGAGGG-1,NHEJ-Deletion_WT,Insertion_MMEJ-Deletion,0.07109495,0.07040923,0.05887507,0.055459443,0.06768387,0.07226352,0.07091725,0.065534785,0.071050584,0.06277719,0.06917033,0.069608256,0.06922913,0.057802096,0.06812439
TTCATTGGTGCTTATG-1,HDR_WT,Insertion_MMEJ-Deletion,0.07109495,0.07040923,0.05887507,0.055459443,0.06768387,0.07226352,0.07091725,0.065534785,0.071050584,0.06277719,0.06917033,0.069608256,0.06922913,0.057802096,0.06812439
GCAGCTGCAGAATCGG-4,MMEJ-Deletion_NHEJ-Deletion,Insertion_MMEJ-Deletion,0.07109495,0.07040923,0.05887507,0.055459443,0.06768387,0.07226352,0.07091725,0.065534785,0.071050584,0.06277719,0.06917033,0.069608256,0.06922913,0.057802096,0.06812439
TGGAGAGAGCCACCGT-4,Insertion_SV,Insertion_MMEJ-Deletion,0.07109495,0.07040923,0.05887507,0.055459443,0.06768387,0.07226352,0.07091725,0.065534785,0.071050584,0.06277719,0.06917033,0.069608256,0.06922913,0.057802096,0.06812439
CTCATGCTCTGTGTGA-1,Insertion_NHEJ-Deletion,Insertion_MMEJ-Deletion,0.07109495,0.07040923,0.05887507,0.055459443,0.06768387,0.07226352,0.07091725,0.065534785,0.071050584,0.06277719,0.06917033,0.069608256,0.06922913,0.057802096,0.06812439
CCGTAGGAGACTTCCA-1,HDR_HDR,Insertion_MMEJ-Deletion,0.07109495,0.07040923,0.05887507,0.055459443,0.06768387,0.07226352,0.07091725,0.065534785,0.071050584,0.06277719,0.06917033,0.069608256,0.06922913,0.057802096,0.06812439
TCACAAGCACAGTGTT-1,NHEJ-Deletion_NHEJ-Deletion,Insertion_MMEJ-Deletion,0.07109495,0.07040923,0.05887507,0.055459443,0.06768387,0.07226352,0.07091725,0.065534785,0.071050584,0.06277719,0.06917033,0.069608256,0.06922913,0.057802096,0.06812439
TGGGCGTGTCAAGCCC-4,NHEJ-Deletion_WT,Insertion_MMEJ-Deletion,0.07109495,0.07040923,0.05887507,0.055459443,0.06768387,0.07226352,0.07091725,0.065534785,0.071050584,0.06277719,0.06917033,0.069608256,0.06922913,0.057802096,0.06812439
TGTCCTGGTGTCTTCC-1,Insertion_Insertion,Insertion_MMEJ-Deletion,0.07109495,0.07040923,0.05887507,0.055459443,0.06768387,0.07226352,0.07091725,0.065534785,0.071050584,0.06277719,0.06917033,0.069608256,0.06922913,0.057802096,0.06812439
TGCAGTAAGCAGTAAT-1,HDR_Insertion,Insertion_MMEJ-Deletion,0.07109495,0.07040923,0.05887507,0.055459443,0.06768387,0.07226352,0.07091725,0.065534785,0.071050584,0.06277719,0.06917033,0.069608256,0.06922913,0.057802096,0.06812439
TGCGATAGTAACATAG-1,Insertion_Insertion,Insertion_MMEJ-Deletion,0.07109495,0.07040923,0.05887507,0.055459443,0.06768387,0.07226352,0.07091725,0.065534785,0.071050584,0.06277719,0.06917033,0.069608256,0.06922913,0.057802096,0.06812439
CCTCATGGTGAGTAAT-1,Insertion_MMEJ-Deletion,Insertion_MMEJ-Deletion,0.07109495,0.07040923,0.05887507,0.055459443,0.06768387,0.07226352,0.07091725,0.065534785,0.071050584,0.06277719,0.06917033,0.069608256,0.06922913,0.057802096,0.06812439
GTACAGTGTGTAGCAG-1,HDR_Insertion,Insertion_MMEJ-Deletion,0.07109495,0.07040923,0.05887507,0.055459443,0.06768387,0.07226352,0.07091725,0.065534785,0.071050584,0.06277719,0.06917033,0.069608256,0.06922913,0.057802096,0.06812439
TGTTGGAGTCTGATAC-1,Insertion_Insertion,Insertion_MMEJ-Deletion,0.07109495,0.07040923,0.05887507,0.055459443,0.06768387,0.07226352,0.07091725,0.065534785,0.071050584,0.06277719,0.06917033,0.069608256,0.06922913,0.057802096,0.06812439
TTCATTGCAGTCGCAC-1,HDR_HDR,Insertion_MMEJ-Deletion,0.07109495,0.07040923,0.05887507,0.055459443,0.06768387,0.07226352,0.07091725,0.065534785,0.071050584,0.06277719,0.06917033,0.069608256,0.06922913,0.057802096,0.06812439
GACCTTCAGCAATAAC-1,Insertion_Insertion,Insertion_MMEJ-Deletion,0.07109495,0.07040923,0.05887507,0.055459443,0.06768387,0.07226352,0.07091725,0.065534785,0.071050584,0.06277719,0.06917033,0.069608256,0.06922913,0.057802096,0.06812439
TGCGGGTTCCGTACGG-1,Insertion_Insertion,Insertion_MMEJ-Deletion,0.07109495,0.07040923,0.05887507,0.055459443,0.06768387,0.07226352,0.07091725,0.065534785,0.071050584,0.06277719,0.06917033,0.069608256,0.06922913,0.057802096,0.06812439
ATCGCCTAGGCTAGCA-1,Insertion_WT,Insertion_MMEJ-Deletion,0.07109495,0.07040923,0.05887507,0.055459443,0.06768387,0.07226352,0.07091725,0.065534785,0.071050584,0.06277719,0.06917033,0.069608256,0.06922913,0.057802096,0.06812439
AACTTCTTCATTCGGA-1,Insertion_NHEJ-Deletion,Insertion_MMEJ-Deletion,0.07109495,0.07040923,0.05887507,0.055459443,0.06768387,0.07226352,0.07091725,0.065534785,0.071050584,0.06277719,0.06917033,0.069608256,0.06922913,0.057802096,0.06812439
GTCTAGACACGCACCA-1,Insertion_Insertion,Insertion_MMEJ-Deletion,0.07109495,0.07040923,0.05887507,0.055459443,0.06768387,0.07226352,0.07091725,0.065534785,0.071050584,0.06277719,0.06917033,0.069608256,0.06922913,0.057802096,0.06812439
TACCCGTGTTAGGCCC-1,NHEJ-Deletion_WT,Insertion_MMEJ-Deletion,0.07109495,0.07040923,0.05887507,0.055459443,0.06768387,0.07226352,0.07091725,0.065534785,0.071050584,0.06277719,0.06917033,0.069608256,0.06922913,0.057802096,0.06812439
TCTCAGCTCTGCCTGT-4,Insertion_WT,Insertion_MMEJ-Deletion,0.07109495,0.07040923,0.05887507,0.055459443,0.06768387,0.07226352,0.07091725,0.065534785,0.071050584,0.06277719,0.06917033,0.069608256,0.06922913,0.057802096,0.06812439
TCGCTTGGTATGCGGA-1,HDR_Insertion,Insertion_MMEJ-Deletion,0.07109495,0.07040923,0.05887507,0.055459443,0.06768387,0.07226352,0.07091725,0.065534785,0.071050584,0.06277719,0.06917033,0.069608256,0.06922913,0.057802096,0.06812439
AGCGCCAAGTGTACCT-4,Insertion_WT,Insertion_MMEJ-Deletion,0.07109495,0.07040923,0.05887507,0.055459443,0.06768387,0.07226352,0.07091725,0.065534785,0.071050584,0.06277719,0.06917033,0.069608256,0.06922913,0.057802096,0.06812439
AAGCGAGGTGAAGCTG-1,NHEJ-Deletion_NHEJ-Deletion,Insertion_MMEJ-Deletion,0.07109495,0.07040923,0.05887507,0.055459443,0.06768387,0.07226352,0.07091725,0.065534785,0.071050584,0.06277719,0.06917033,0.069608256,0.06922913,0.057802096,0.06812439
ATTGTTCTCCGTACGG-1,Insertion_Insertion,Insertion_MMEJ-Deletion,0.07109495,0.07040923,0.05887507,0.055459443,0.06768387,0.07226352,0.07091725,0.065534785,0.071050584,0.06277719,0.06917033,0.069608256,0.06922913,0.057802096,0.06812439
CTGTCGTAGGTTCATC-1,MMEJ-Deletion_WT,Insertion_MMEJ-Deletion,0.07109495,0.07040923,0.05887507,0.055459443,0.06768387,0.07226352,0.07091725,0.065534785,0.071050584,0.06277719,0.06917033,0.069608256,0.06922913,0.057802096,0.06812439
GTACAGTAGTATGAAC-1,Insertion_WT,Insertion_MMEJ-Deletion,0.07109495,0.07040923,0.05887507,0.055459443,0.06768387,0.07226352,0.07091725,0.065534785,0.071050584,0.06277719,0.06917033,0.069608256,0.06922913,0.057802096,0.06812439
ACAGCCGGTAGACAGC-1,Insertion_WT,Insertion_MMEJ-Deletion,0.07109495,0.07040923,0.05887507,0.055459443,0.06768387,0.07226352,0.07091725,0.065534785,0.071050584,0.06277719,0.06917033,0.069608256,0.06922913,0.057802096,0.06812439
ACTTTGTCAGGCTCTG-4,Insertion_Insertion,Insertion_MMEJ-Deletion,0.07109495,0.07040923,0.05887507,0.055459443,0.06768387,0.07226352,0.07091725,0.065534785,0.071050584,0.06277719,0.06917033,0.069608256,0.06922913,0.057802096,0.06812439
AGATAGACAATTCACG-4,Insertion_NHEJ-Deletion,Insertion_MMEJ-Deletion,0.07109495,0.07040923,0.05887507,0.055459443,0.06768387,0.07226352,0.07091725,0.065534785,0.071050584,0.06277719,0.06917033,0.069608256,0.06922913,0.057802096,0.06812439
ATTCGTTGTCAGGTAG-4,Insertion_WT,Insertion_MMEJ-Deletion,0.07109495,0.07040923,0.05887507,0.055459443,0.06768387,0.07226352,0.07091725,0.065534785,0.071050584,0.06277719,0.06917033,0.069608256,0.06922913,0.057802096,0.06812439
TGGTTAGCACAATGCT-1,Insertion_SV,Insertion_MMEJ-Deletion,0.07109495,0.07040923,0.05887507,0.055459443,0.06768387,0.07226352,0.07091725,0.065534785,0.071050584,0.06277719,0.06917033,0.069608256,0.06922913,0.057802096,0.06812439
ACGTAGTGTTGACGGA-1,Insertion_WT,Insertion_MMEJ-Deletion,0.07109495,0.07040923,0.05887507,0.055459443,0.06768387,0.07226352,0.07091725,0.065534785,0.071050584,0.06277719,0.06917033,0.069608256,0.06922913,0.057802096,0.06812439
TCGGGTGTCAGCAGAG-1,Insertion_Insertion,Insertion_MMEJ-Deletion,0.07109495,0.07040923,0.05887507,0.055459443,0.06768387,0.07226352,0.07091725,0.065534785,0.071050584,0.06277719,0.06917033,0.069608256,0.06922913,0.057802096,0.06812439
CTCCATGCACGACAGA-4,Insertion_Insertion,Insertion_MMEJ-Deletion,0.07109495,0.07040923,0.05887507,0.055459443,0.06768387,0.07226352,0.07091725,0.065534785,0.071050584,0.06277719,0.06917033,0.069608256,0.06922913,0.057802096,0.06812439
GGGACCTAGGTCGTGA-4,MMEJ-Deletion_NHEJ-Deletion,Insertion_MMEJ-Deletion,0.07109495,0.07040923,0.05887507,0.055459443,0.06768387,0.07226352,0.07091725,0.065534785,0.071050584,0.06277719,0.06917033,0.069608256,0.06922913,0.057802096,0.06812439
ATGATCGCATAGGTTC-4,Insertion_WT,Insertion_MMEJ-Deletion,0.07109495,0.07040923,0.05887507,0.055459443,0.06768387,0.07226352,0.07091725,0.065534785,0.071050584,0.06277719,0.06917033,0.069608256,0.06922913,0.057802096,0.06812439
CATCAAGTCATTCGGA-1,HDR_Insertion,Insertion_MMEJ-Deletion,0.07109495,0.07040923,0.05887507,0.055459443,0.06768387,0.07226352,0.07091725,0.065534785,0.071050584,0.06277719,0.06917033,0.069608256,0.06922913,0.057802096,0.06812439
GACTATGAGTTCCGTA-1,Insertion_Insertion,Insertion_MMEJ-Deletion,0.07109495,0.07040923,0.05887507,0.055459443,0.06768387,0.07226352,0.07091725,0.065534785,0.071050584,0.06277719,0.06917033,0.069608256,0.06922913,0.057802096,0.06812439
CTATAGGTCCAGCTCT-1,NHEJ-Deletion_WT,Insertion_MMEJ-Deletion,0.07109495,0.07040923,0.05887507,0.055459443,0.06768387,0.07226352,0.07091725,0.065534785,0.071050584,0.06277719,0.06917033,0.069608256,0.06922913,0.057802096,0.06812439
CAAGGGACAGCTGTTA-1,Insertion_WT,Insertion_MMEJ-Deletion,0.07109495,0.07040923,0.05887507,0.055459443,0.06768387,0.07226352,0.07091725,0.065534785,0.071050584,0.06277719,0.06917033,0.069608256,0.06922913,0.057802096,0.06812439
ACTTTCACACCAGCGT-1,Insertion_MMEJ-Deletion,Insertion_MMEJ-Deletion,0.07109495,0.07040923,0.05887507,0.055459443,0.06768387,0.07226352,0.07091725,0.065534785,0.071050584,0.06277719,0.06917033,0.069608256,0.06922913,0.057802096,0.06812439
CGTCAAACACAAGTTC-1,HDR_Insertion,Insertion_MMEJ-Deletion,0.07109495,0.07040923,0.05887507,0.055459443,0.06768387,0.07226352,0.07091725,0.065534785,0.071050584,0.06277719,0.06917033,0.069608256,0.06922913,0.057802096,0.06812439
AGGCTGCCAAACTAAG-4,Insertion_Insertion,Insertion_MMEJ-Deletion,0.07109495,0.07040923,0.05887507,0.055459443,0.06768387,0.07226352,0.07091725,0.065534785,0.071050584,0.06277719,0.06917033,0.069608256,0.06922913,0.057802096,0.06812439
TCACGCTCAGCGAGTA-1,Insertion_NHEJ-Deletion,Insertion_MMEJ-Deletion,0.07109495,0.07040923,0.05887507,0.055459443,0.06768387,0.07226352,0.07091725,0.065534785,0.071050584,0.06277719,0.06917033,0.069608256,0.06922913,0.057802096,0.06812439
GGCACGTAGCGACTGA-1,Insertion_MMEJ-Deletion,Insertion_MMEJ-Deletion,0.07109495,0.07040923,0.05887507,0.055459443,0.06768387,0.07226352,0.07091725,0.065534785,0.071050584,0.06277719,0.06917033,0.069608256,0.06922913,0.057802096,0.06812439
CTCAACCGTCGTTTCC-1,Insertion_Insertion,Insertion_MMEJ-Deletion,0.07109495,0.07040923,0.05887507,0.055459443,0.06768387,0.07226352,0.07091725,0.065534785,0.071050584,0.06277719,0.06917033,0.069608256,0.06922913,0.057802096,0.06812439
TCAAGCAGTACGAGCA-1,MMEJ-Deletion_WT,Insertion_MMEJ-Deletion,0.07109495,0.07040923,0.05887507,0.055459443,0.06768387,0.07226352,0.07091725,0.065534785,0.071050584,0.06277719,0.06917033,0.069608256,0.06922913,0.057802096,0.06812439
ACCTACCAGGTTGGTG-1,HDR_Insertion,Insertion_MMEJ-Deletion,0.07109495,0.07040923,0.05887507,0.055459443,0.06768387,0.07226352,0.07091725,0.065534785,0.071050584,0.06277719,0.06917033,0.069608256,0.06922913,0.057802096,0.06812439
GGAAGTGCACAGAAGC-1,HDR_HDR,Insertion_MMEJ-Deletion,0.07109495,0.07040923,0.05887507,0.055459443,0.06768387,0.07226352,0.07091725,0.065534785,0.071050584,0.06277719,0.06917033,0.069608256,0.06922913,0.057802096,0.06812439
GTGGCGTCATCCGTTC-1,Insertion_Insertion,Insertion_MMEJ-Deletion,0.07109495,0.07040923,0.05887507,0.055459443,0.06768387,0.07226352,0.07091725,0.065534785,0.071050584,0.06277719,0.06917033,0.069608256,0.06922913,0.057802096,0.06812439
GAGACCCTCGCTCATC-1,Insertion_WT,Insertion_MMEJ-Deletion,0.07109495,0.07040923,0.05887507,0.055459443,0.06768387,0.07226352,0.07091725,0.065534785,0.071050584,0.06277719,0.06917033,0.069608256,0.06922913,0.057802096,0.06812439
CCAATGAGTCATAACC-1,Insertion_Insertion,Insertion_MMEJ-Deletion,0.07109495,0.07040923,0.05887507,0.055459443,0.06768387,0.07226352,0.07091725,0.065534785,0.071050584,0.06277719,0.06917033,0.069608256,0.06922913,0.057802096,0.06812439
CAATACGAGAATAGTC-4,MMEJ-Deletion_NHEJ-Deletion,Insertion_MMEJ-Deletion,0.07109495,0.07040923,0.05887507,0.055459443,0.06768387,0.07226352,0.07091725,0.065534785,0.071050584,0.06277719,0.06917033,0.069608256,0.06922913,0.057802096,0.06812439
TTCATGTGTTCCCACT-1,Insertion_WT,Insertion_MMEJ-Deletion,0.07109495,0.07040923,0.05887507,0.055459443,0.06768387,0.07226352,0.07091725,0.065534785,0.071050584,0.06277719,0.06917033,0.069608256,0.06922913,0.057802096,0.06812439
TAGGGTTCAGTATGAA-4,Insertion_MMEJ-Deletion,Insertion_MMEJ-Deletion,0.07109495,0.07040923,0.05887507,0.055459443,0.06768387,0.07226352,0.07091725,0.065534785,0.071050584,0.06277719,0.06917033,0.069608256,0.06922913,0.057802096,0.06812439
TACACCCCACGAGAAC-1,MMEJ-Deletion_NHEJ-Deletion,Insertion_MMEJ-Deletion,0.07109495,0.07040923,0.05887507,0.055459443,0.06768387,0.07226352,0.07091725,0.065534785,0.071050584,0.06277719,0.06917033,0.069608256,0.06922913,0.057802096,0.06812439
ACCCTTGTCCCGAACG-4,HDR_HDR,Insertion_MMEJ-Deletion,0.07109495,0.07040923,0.05887507,0.055459443,0.06768387,0.07226352,0.07091725,0.065534785,0.071050584,0.06277719,0.06917033,0.069608256,0.06922913,0.057802096,0.06812439
GGTGTTAGTCGTTTCC-1,Insertion_NHEJ-Deletion,Insertion_MMEJ-Deletion,0.07109495,0.07040923,0.05887507,0.055459443,0.06768387,0.07226352,0.07091725,0.065534785,0.071050584,0.06277719,0.06917033,0.069608256,0.06922913,0.057802096,0.06812439
GGGTGTCTCCAGTGCG-1,NHEJ-Deletion_NHEJ-Deletion,Insertion_MMEJ-Deletion,0.07109495,0.07040923,0.05887507,0.055459443,0.06768387,0.07226352,0.07091725,0.065534785,0.071050584,0.06277719,0.06917033,0.069608256,0.06922913,0.057802096,0.06812439
AACCTGAAGGGTCACA-1,Insertion_Insertion,Insertion_MMEJ-Deletion,0.07109495,0.07040923,0.05887507,0.055459443,0.06768387,0.07226352,0.07091725,0.065534785,0.071050584,0.06277719,0.06917033,0.069608256,0.06922913,0.057802096,0.06812439
TGAATGCAGGGACACT-1,MMEJ-Deletion_MMEJ-Deletion,Insertion_MMEJ-Deletion,0.07109495,0.07040923,0.05887507,0.055459443,0.06768387,0.07226352,0.07091725,0.065534785,0.071050584,0.06277719,0.06917033,0.069608256,0.06922913,0.057802096,0.06812439
GTCTACCTCACAATGC-1,Insertion_Insertion,Insertion_MMEJ-Deletion,0.07109495,0.07040923,0.05887507,0.055459443,0.06768387,0.07226352,0.07091725,0.065534785,0.071050584,0.06277719,0.06917033,0.069608256,0.06922913,0.057802096,0.06812439
GCAGCTGAGGCATCTT-1,Insertion_Insertion,Insertion_MMEJ-Deletion,0.07109495,0.07040923,0.05887507,0.055459443,0.06768387,0.07226352,0.07091725,0.065534785,0.071050584,0.06277719,0.06917033,0.069608256,0.06922913,0.057802096,0.06812439
ACCAACACACTGTCCT-4,Insertion_NHEJ-Deletion,Insertion_MMEJ-Deletion,0.07109495,0.07040923,0.05887507,0.055459443,0.06768387,0.07226352,0.07091725,0.065534785,0.071050584,0.06277719,0.06917033,0.069608256,0.06922913,0.057802096,0.06812439
CCTAAGACAACGTTAC-1,Insertion_NHEJ-Deletion,Insertion_MMEJ-Deletion,0.07109495,0.07040923,0.05887507,0.055459443,0.06768387,0.07226352,0.07091725,0.065534785,0.071050584,0.06277719,0.06917033,0.069608256,0.06922913,0.057802096,0.06812439
TTTACGTGTTTCGTGA-1,Insertion_SV,Insertion_MMEJ-Deletion,0.07109495,0.07040923,0.05887507,0.055459443,0.06768387,0.07226352,0.07091725,0.065534785,0.071050584,0.06277719,0.06917033,0.069608256,0.06922913,0.057802096,0.06812439
CCTTTGGTCGTACCTC-4,NHEJ-Deletion_NHEJ-Deletion,Insertion_MMEJ-Deletion,0.07109495,0.07040923,0.05887507,0.055459443,0.06768387,0.07226352,0.07091725,0.065534785,0.071050584,0.06277719,0.06917033,0.069608256,0.06922913,0.057802096,0.06812439
CCTAACCGTAGAGATT-1,NHEJ-Deletion_NHEJ-Deletion,Insertion_MMEJ-Deletion,0.07109495,0.07040923,0.05887507,0.055459443,0.06768387,0.07226352,0.07091725,0.065534785,0.071050584,0.06277719,0.06917033,0.069608256,0.06922913,0.057802096,0.06812439
ATCAGGTGTTGCATAC-1,MMEJ-Deletion_NHEJ-Deletion,Insertion_MMEJ-Deletion,0.07109495,0.07040923,0.05887507,0.055459443,0.06768387,0.07226352,0.07091725,0.065534785,0.071050584,0.06277719,0.06917033,0.069608256,0.06922913,0.057802096,0.06812439
GGATGTTCAGCACAGA-1,MMEJ-Deletion_MMEJ-Deletion,Insertion_MMEJ-Deletion,0.07109495,0.07040923,0.05887507,0.055459443,0.06768387,0.07226352,0.07091725,0.065534785,0.071050584,0.06277719,0.06917033,0.069608256,0.06922913,0.057802096,0.06812439
CAACGATGTTTCACAG-1,Insertion_Insertion,Insertion_MMEJ-Deletion,0.07109495,0.07040923,0.05887507,0.055459443,0.06768387,0.07226352,0.07091725,0.065534785,0.071050584,0.06277719,0.06917033,0.069608256,0.06922913,0.057802096,0.06812439
GACTCAACAAGTTCGT-1,NHEJ-Deletion_WT,Insertion_MMEJ-Deletion,0.07109495,0.07040923,0.05887507,0.055459443,0.06768387,0.07226352,0.07091725,0.065534785,0.071050584,0.06277719,0.06917033,0.069608256,0.06922913,0.057802096,0.06812439
AGTCACACAGTCGCTG-1,Insertion_NHEJ-Deletion,Insertion_MMEJ-Deletion,0.07109495,0.07040923,0.05887507,0.055459443,0.06768387,0.07226352,0.07091725,0.065534785,0.071050584,0.06277719,0.06917033,0.069608256,0.06922913,0.057802096,0.06812439
TGTCAGAGTGCAACGA-1,Insertion_MMEJ-Deletion,Insertion_MMEJ-Deletion,0.07109495,0.07040923,0.05887507,0.055459443,0.06768387,0.07226352,0.07091725,0.065534785,0.071050584,0.06277719,0.06917033,0.069608256,0.06922913,0.057802096,0.06812439
GTGTGGCCATAGCACT-1,Insertion_Insertion,Insertion_MMEJ-Deletion,0.07109495,0.07040923,0.05887507,0.055459443,0.06768387,0.07226352,0.07091725,0.065534785,0.071050584,0.06277719,0.06917033,0.069608256,0.06922913,0.057802096,0.06812439
TAGGGTTTCAGACTGT-1,Insertion_Insertion,Insertion_MMEJ-Deletion,0.07109495,0.07040923,0.05887507,0.055459443,0.06768387,0.07226352,0.07091725,0.065534785,0.071050584,0.06277719,0.06917033,0.069608256,0.06922913,0.057802096,0.06812439
GAAGTAATCAAGCTGT-1,HDR_HDR,Insertion_MMEJ-Deletion,0.07109495,0.07040923,0.05887507,0.055459443,0.06768387,0.07226352,0.07091725,0.065534785,0.071050584,0.06277719,0.06917033,0.069608256,0.06922913,0.057802096,0.06812439
ATGTCTTGTGAGAACC-1,Insertion_MMEJ-Deletion,Insertion_MMEJ-Deletion,0.07109495,0.07040923,0.05887507,0.055459443,0.06768387,0.07226352,0.07091725,0.065534785,0.071050584,0.06277719,0.06917033,0.069608256,0.06922913,0.057802096,0.06812439
AACCAACAGACTCATC-1,Insertion_WT,Insertion_MMEJ-Deletion,0.07109495,0.07040923,0.05887507,0.055459443,0.06768387,0.07226352,0.07091725,0.065534785,0.071050584,0.06277719,0.06917033,0.069608256,0.06922913,0.057802096,0.06812439
CCCTAACGTTCTCCTG-1,Insertion_NHEJ-Deletion,Insertion_MMEJ-Deletion,0.07109495,0.07040923,0.05887507,0.055459443,0.06768387,0.07226352,0.07091725,0.065534785,0.071050584,0.06277719,0.06917033,0.069608256,0.06922913,0.057802096,0.06812439
AGCCAATTCCGGTTCT-4,Insertion_NHEJ-Deletion,Insertion_MMEJ-Deletion,0.07109495,0.07040923,0.05887507,0.055459443,0.06768387,0.07226352,0.07091725,0.065534785,0.071050584,0.06277719,0.06917033,0.069608256,0.06922913,0.057802096,0.06812439
CCTCAGTCATGACTTG-1,Insertion_MMEJ-Deletion,Insertion_MMEJ-Deletion,0.07109495,0.07040923,0.05887507,0.055459443,0.06768387,0.07226352,0.07091725,0.065534785,0.071050584,0.06277719,0.06917033,0.069608256,0.06922913,0.057802096,0.06812439
CGAGGAAGTACCATAC-1,MMEJ-Deletion_NHEJ-Deletion,Insertion_MMEJ-Deletion,0.07109495,0.07040923,0.05887507,0.055459443,0.06768387,0.07226352,0.07091725,0.065534785,0.071050584,0.06277719,0.06917033,0.069608256,0.06922913,0.057802096,0.06812439
CCGGACATCAAACGAA-4,Insertion_NHEJ-Deletion,Insertion_MMEJ-Deletion,0.07109495,0.07040923,0.05887507,0.055459443,0.06768387,0.07226352,0.07091725,0.065534785,0.071050584,0.06277719,0.06917033,0.069608256,0.06922913,0.057802096,0.06812439
CTATAGGCACACTGGC-4,NHEJ-Deletion_WT,Insertion_MMEJ-Deletion,0.07109495,0.07040923,0.05887507,0.055459443,0.06768387,0.07226352,0.07091725,0.065534785,0.071050584,0.06277719,0.06917033,0.069608256,0.06922913,0.057802096,0.06812439
CCTCAACAGCCTGAGA-1,Insertion_Insertion,Insertion_MMEJ-Deletion,0.07109495,0.07040923,0.05887507,0.055459443,0.06768387,0.07226352,0.07091725,0.065534785,0.071050584,0.06277719,0.06917033,0.069608256,0.06922913,0.057802096,0.06812439
TATTGGGTCTGGCCGA-4,NHEJ-Deletion_NHEJ-Deletion,Insertion_MMEJ-Deletion,0.07109495,0.07040923,0.05887507,0.055459443,0.06768387,0.07226352,0.07091725,0.065534785,0.071050584,0.06277719,0.06917033,0.069608256,0.06922913,0.057802096,0.06812439
CGTGTCTCAGCAGATG-4,MMEJ-Deletion_WT,Insertion_MMEJ-Deletion,0.07109495,0.07040923,0.05887507,0.055459443,0.06768387,0.07226352,0.07091725,0.065534785,0.071050584,0.06277719,0.06917033,0.069608256,0.06922913,0.057802096,0.06812439
ACTTTGTGTCGTCATA-1,Insertion_MMEJ-Deletion,Insertion_MMEJ-Deletion,0.07109495,0.07040923,0.05887507,0.055459443,0.06768387,0.07226352,0.07091725,0.065534785,0.071050584,0.06277719,0.06917033,0.069608256,0.06922913,0.057802096,0.06812439
CCACAAAAGGCGCTCT-4,Insertion_SV,Insertion_MMEJ-Deletion,0.07109495,0.07040923,0.05887507,0.055459443,0.06768387,0.07226352,0.07091725,0.065534785,0.071050584,0.06277719,0.06917033,0.069608256,0.06922913,0.057802096,0.06812439
CAATCGACACCATTCC-4,HDR_NHEJ-Deletion,Insertion_MMEJ-Deletion,0.07109495,0.07040923,0.05887507,0.055459443,0.06768387,0.07226352,0.07091725,0.065534785,0.071050584,0.06277719,0.06917033,0.069608256,0.06922913,0.057802096,0.06812439
TTGCCTGGTGATCGTT-1,HDR_HDR,Insertion_MMEJ-Deletion,0.07109495,0.07040923,0.05887507,0.055459443,0.06768387,0.07226352,0.07091725,0.065534785,0.071050584,0.06277719,0.06917033,0.069608256,0.06922913,0.057802096,0.06812439
CTAGGTAGTAGCTAAA-4,NHEJ-Deletion_WT,Insertion_MMEJ-Deletion,0.07109495,0.07040923,0.05887507,0.055459443,0.06768387,0.07226352,0.07091725,0.065534785,0.071050584,0.06277719,0.06917033,0.069608256,0.06922913,0.057802096,0.06812439
GACGCTGGTCATCCCT-4,Insertion_NHEJ-Deletion,Insertion_MMEJ-Deletion,0.07109495,0.07040923,0.05887507,0.055459443,0.06768387,0.07226352,0.07091725,0.065534785,0.071050584,0.06277719,0.06917033,0.069608256,0.06922913,0.057802096,0.06812439
CTCCATGTCGTCCATC-4,Insertion_Insertion,Insertion_MMEJ-Deletion,0.07109495,0.07040923,0.05887507,0.055459443,0.06768387,0.07226352,0.07091725,0.065534785,0.071050584,0.06277719,0.06917033,0.069608256,0.06922913,0.057802096,0.06812439
GGAGGATCAAAGGGCT-4,NHEJ-Deletion_SV,Insertion_MMEJ-Deletion,0.07109495,0.07040923,0.05887507,0.055459443,0.06768387,0.07226352,0.07091725,0.065534785,0.071050584,0.06277719,0.06917033,0.069608256,0.06922913,0.057802096,0.06812439
AGAGCCCGTGACTATC-1,Insertion_NHEJ-Deletion,Insertion_MMEJ-Deletion,0.07109495,0.07040923,0.05887507,0.055459443,0.06768387,0.07226352,0.07091725,0.065534785,0.071050584,0.06277719,0.06917033,0.069608256,0.06922913,0.057802096,0.06812439
AATAGAGCACTACACA-1,Insertion_Insertion,Insertion_MMEJ-Deletion,0.07109495,0.07040923,0.05887507,0.055459443,0.06768387,0.07226352,0.07091725,0.065534785,0.071050584,0.06277719,0.06917033,0.069608256,0.06922913,0.057802096,0.06812439
AAGTGAACACCCAACG-1,Insertion_WT,Insertion_MMEJ-Deletion,0.07109495,0.07040923,0.05887507,0.055459443,0.06768387,0.07226352,0.07091725,0.065534785,0.071050584,0.06277719,0.06917033,0.069608256,0.06922913,0.057802096,0.06812439
TCATCATGTAGAATGT-4,Insertion_NHEJ-Deletion,Insertion_MMEJ-Deletion,0.07109495,0.07040923,0.05887507,0.055459443,0.06768387,0.07226352,0.07091725,0.065534785,0.071050584,0.06277719,0.06917033,0.069608256,0.06922913,0.057802096,0.06812439
CACGAATGTGCCTGAC-4,NHEJ-Deletion_NHEJ-Deletion,Insertion_MMEJ-Deletion,0.07109495,0.07040923,0.05887507,0.055459443,0.06768387,0.07226352,0.07091725,0.065534785,0.071050584,0.06277719,0.06917033,0.069608256,0.06922913,0.057802096,0.06812439
CAGGTATAGCAGGGAG-1,NHEJ-Deletion_WT,Insertion_MMEJ-Deletion,0.07109495,0.07040923,0.05887507,0.055459443,0.06768387,0.07226352,0.07091725,0.065534785,0.071050584,0.06277719,0.06917033,0.069608256,0.06922913,0.057802096,0.06812439
TTGGGTAGTTATTCTC-1,Insertion_Insertion,Insertion_MMEJ-Deletion,0.07109495,0.07040923,0.05887507,0.055459443,0.06768387,0.07226352,0.07091725,0.065534785,0.071050584,0.06277719,0.06917033,0.069608256,0.06922913,0.057802096,0.06812439
CGAGAAGGTATCGCTA-1,HDR_Insertion,Insertion_MMEJ-Deletion,0.07109495,0.07040923,0.05887507,0.055459443,0.06768387,0.07226352,0.07091725,0.065534785,0.071050584,0.06277719,0.06917033,0.069608256,0.06922913,0.057802096,0.06812439
AGTTCCCAGTCTAGCT-1,Insertion_NHEJ-Deletion,Insertion_MMEJ-Deletion,0.07109495,0.07040923,0.05887507,0.055459443,0.06768387,0.07226352,0.07091725,0.065534785,0.071050584,0.06277719,0.06917033,0.069608256,0.06922913,0.057802096,0.06812439
ATCACAGGTCCTCAGG-1,NHEJ-Deletion_WT,Insertion_MMEJ-Deletion,0.07109495,0.07040923,0.05887507,0.055459443,0.06768387,0.07226352,0.07091725,0.065534785,0.071050584,0.06277719,0.06917033,0.069608256,0.06922913,0.057802096,0.06812439
AGAGAGCTCGAGCCAC-1,NHEJ-Deletion_SV,Insertion_MMEJ-Deletion,0.07109495,0.07040923,0.05887507,0.055459443,0.06768387,0.07226352,0.07091725,0.065534785,0.071050584,0.06277719,0.06917033,0.069608256,0.06922913,0.057802096,0.06812439
TACGGGCGTATGACAA-1,Insertion_WT,Insertion_MMEJ-Deletion,0.07109495,0.07040923,0.05887507,0.055459443,0.06768387,0.07226352,0.07091725,0.065534785,0.071050584,0.06277719,0.06917033,0.069608256,0.06922913,0.057802096,0.06812439
CAGTGCGCACATTGTG-1,Insertion_Insertion,Insertion_MMEJ-Deletion,0.07109495,0.07040923,0.05887507,0.055459443,0.06768387,0.07226352,0.07091725,0.065534785,0.071050584,0.06277719,0.06917033,0.069608256,0.06922913,0.057802096,0.06812439
ATGGATCAGGGCTTCC-1,HDR_Insertion,Insertion_MMEJ-Deletion,0.07109495,0.07040923,0.05887507,0.055459443,0.06768387,0.07226352,0.07091725,0.065534785,0.071050584,0.06277719,0.06917033,0.069608256,0.06922913,0.057802096,0.06812439
GGGTTTACAGCTGAAG-1,Insertion_Insertion,Insertion_MMEJ-Deletion,0.07109495,0.07040923,0.05887507,0.055459443,0.06768387,0.07226352,0.07091725,0.065534785,0.071050584,0.06277719,0.06917033,0.069608256,0.06922913,0.057802096,0.06812439
CCGTTCAGTCTCTCAC-4,Insertion_NHEJ-Deletion,Insertion_MMEJ-Deletion,0.07109495,0.07040923,0.05887507,0.055459443,0.06768387,0.07226352,0.07091725,0.065534785,0.071050584,0.06277719,0.06917033,0.069608256,0.06922913,0.057802096,0.06812439
TCAAGCACATTCGGGC-1,Insertion_NHEJ-Deletion,Insertion_MMEJ-Deletion,0.07109495,0.07040923,0.05887507,0.055459443,0.06768387,0.07226352,0.07091725,0.065534785,0.071050584,0.06277719,0.06917033,0.069608256,0.06922913,0.057802096,0.06812439
CCATCACTCCTGGGAC-4,Insertion_WT,Insertion_MMEJ-Deletion,0.07109495,0.07040923,0.05887507,0.055459443,0.06768387,0.07226352,0.07091725,0.065534785,0.071050584,0.06277719,0.06917033,0.069608256,0.06922913,0.057802096,0.06812439
TGTGTGACACGTCGGT-1,HDR_HDR,Insertion_MMEJ-Deletion,0.07109495,0.07040923,0.05887507,0.055459443,0.06768387,0.07226352,0.07091725,0.065534785,0.071050584,0.06277719,0.06917033,0.069608256,0.06922913,0.057802096,0.06812439
TTAATCCCAGAGGACT-1,Insertion_Insertion,Insertion_MMEJ-Deletion,0.07109495,0.07040923,0.05887507,0.055459443,0.06768387,0.07226352,0.07091725,0.065534785,0.071050584,0.06277719,0.06917033,0.069608256,0.06922913,0.057802096,0.06812439
TTTCCTCGTCCCGCAA-1,NHEJ-Deletion_WT,Insertion_MMEJ-Deletion,0.07109495,0.07040923,0.05887507,0.055459443,0.06768387,0.07226352,0.07091725,0.065534785,0.071050584,0.06277719,0.06917033,0.069608256,0.06922913,0.057802096,0.06812439
TAATTCCAGATACATG-1,Insertion_WT,Insertion_MMEJ-Deletion,0.07109495,0.07040923,0.05887507,0.055459443,0.06768387,0.07226352,0.07091725,0.065534785,0.071050584,0.06277719,0.06917033,0.069608256,0.06922913,0.057802096,0.06812439
CTTCAATCATCGTGCG-1,Insertion_WT,Insertion_MMEJ-Deletion,0.07109495,0.07040923,0.05887507,0.055459443,0.06768387,0.07226352,0.07091725,0.065534785,0.071050584,0.06277719,0.06917033,0.069608256,0.06922913,0.057802096,0.06812439
CCGATGGCAAAGCGTG-4,MMEJ-Deletion_NHEJ-Deletion,Insertion_MMEJ-Deletion,0.07109495,0.07040923,0.05887507,0.055459443,0.06768387,0.07226352,0.07091725,0.065534785,0.071050584,0.06277719,0.06917033,0.069608256,0.06922913,0.057802096,0.06812439
CGTTCTGCACACTGGC-1,Insertion_Insertion,Insertion_MMEJ-Deletion,0.07109495,0.07040923,0.05887507,0.055459443,0.06768387,0.07226352,0.07091725,0.065534785,0.071050584,0.06277719,0.06917033,0.069608256,0.06922913,0.057802096,0.06812439
CAACGGCTCGGTGCAC-4,Insertion_Insertion,Insertion_MMEJ-Deletion,0.07109495,0.07040923,0.05887507,0.055459443,0.06768387,0.07226352,0.07091725,0.065534785,0.071050584,0.06277719,0.06917033,0.069608256,0.06922913,0.057802096,0.06812439
GTAGTACAGTTCCGTA-1,Insertion_NHEJ-Deletion,Insertion_MMEJ-Deletion,0.07109495,0.07040923,0.05887507,0.055459443,0.06768387,0.07226352,0.07091725,0.065534785,0.071050584,0.06277719,0.06917033,0.069608256,0.06922913,0.057802096,0.06812439
CGAAGGAAGGACGCAT-1,NHEJ-Deletion_NHEJ-Deletion,Insertion_MMEJ-Deletion,0.07109495,0.07040923,0.05887507,0.055459443,0.06768387,0.07226352,0.07091725,0.065534785,0.071050584,0.06277719,0.06917033,0.069608256,0.06922913,0.057802096,0.06812439
GCATTAGGTCCATCTC-1,Insertion_Insertion,Insertion_MMEJ-Deletion,0.07109495,0.07040923,0.05887507,0.055459443,0.06768387,0.07226352,0.07091725,0.065534785,0.071050584,0.06277719,0.06917033,0.069608256,0.06922913,0.057802096,0.06812439
GCACGGTAGACTGGGT-1,Insertion_NHEJ-Deletion,Insertion_MMEJ-Deletion,0.07109495,0.07040923,0.05887507,0.055459443,0.06768387,0.07226352,0.07091725,0.065534785,0.071050584,0.06277719,0.06917033,0.069608256,0.06922913,0.057802096,0.06812439
TTGTTGTAGGAGAGGC-1,NHEJ-Deletion_WT,Insertion_MMEJ-Deletion,0.07109495,0.07040923,0.05887507,0.055459443,0.06768387,0.07226352,0.07091725,0.065534785,0.071050584,0.06277719,0.06917033,0.069608256,0.06922913,0.057802096,0.06812439
GTCGCGATCGCGTTTC-1,Insertion_WT,Insertion_MMEJ-Deletion,0.07109495,0.07040923,0.05887507,0.055459443,0.06768387,0.07226352,0.07091725,0.065534785,0.071050584,0.06277719,0.06917033,0.069608256,0.06922913,0.057802096,0.06812439
CAGTGCGAGAGTGACC-1,NHEJ-Deletion_NHEJ-Deletion,Insertion_MMEJ-Deletion,0.07109495,0.07040923,0.05887507,0.055459443,0.06768387,0.07226352,0.07091725,0.065534785,0.071050584,0.06277719,0.06917033,0.069608256,0.06922913,0.057802096,0.06812439
TTGCGTCTCACATTGG-1,Insertion_Insertion,Insertion_MMEJ-Deletion,0.07109495,0.07040923,0.05887507,0.055459443,0.06768387,0.07226352,0.07091725,0.065534785,0.071050584,0.06277719,0.06917033,0.069608256,0.06922913,0.057802096,0.06812439
TTGGTTTAGACTCCGC-4,HDR_HDR,Insertion_MMEJ-Deletion,0.07109495,0.07040923,0.05887507,0.055459443,0.06768387,0.07226352,0.07091725,0.065534785,0.071050584,0.06277719,0.06917033,0.069608256,0.06922913,0.057802096,0.06812439
TCCATCGAGCACCGAA-1,Insertion_Insertion,Insertion_MMEJ-Deletion,0.07109495,0.07040923,0.05887507,0.055459443,0.06768387,0.07226352,0.07091725,0.065534785,0.071050584,0.06277719,0.06917033,0.069608256,0.06922913,0.057802096,0.06812439
TACAGGTCAGACAATA-1,Insertion_Insertion,Insertion_MMEJ-Deletion,0.07109495,0.07040923,0.05887507,0.055459443,0.06768387,0.07226352,0.07091725,0.065534785,0.071050584,0.06277719,0.06917033,0.069608256,0.06922913,0.057802096,0.06812439
GAGAAATCATTACTCT-4,NHEJ-Deletion_NHEJ-Deletion,Insertion_MMEJ-Deletion,0.07109495,0.07040923,0.05887507,0.055459443,0.06768387,0.07226352,0.07091725,0.065534785,0.071050584,0.06277719,0.06917033,0.069608256,0.06922913,0.057802096,0.06812439
CTTTCAATCGTTAGTG-1,MMEJ-Deletion_MMEJ-Deletion,Insertion_MMEJ-Deletion,0.07109495,0.07040923,0.05887507,0.055459443,0.06768387,0.07226352,0.07091725,0.065534785,0.071050584,0.06277719,0.06917033,0.069608256,0.06922913,0.057802096,0.06812439
GTGTTAGAGCTCTGTA-1,Insertion_Insertion,Insertion_MMEJ-Deletion,0.07109495,0.07040923,0.05887507,0.055459443,0.06768387,0.07226352,0.07091725,0.065534785,0.071050584,0.06277719,0.06917033,0.069608256,0.06922913,0.057802096,0.06812439
GTCATTTCATCCCGTT-1,HDR_HDR,Insertion_MMEJ-Deletion,0.07109495,0.07040923,0.05887507,0.055459443,0.06768387,0.07226352,0.07091725,0.065534785,0.071050584,0.06277719,0.06917033,0.069608256,0.06922913,0.057802096,0.06812439
TGTTGGAAGATTTGCC-1,Insertion_WT,Insertion_MMEJ-Deletion,0.07109495,0.07040923,0.05887507,0.055459443,0.06768387,0.07226352,0.07091725,0.065534785,0.071050584,0.06277719,0.06917033,0.069608256,0.06922913,0.057802096,0.06812439
CAACCTCTCGTGCACG-1,Insertion_NHEJ-Deletion,Insertion_MMEJ-Deletion,0.07109495,0.07040923,0.05887507,0.055459443,0.06768387,0.07226352,0.07091725,0.065534785,0.071050584,0.06277719,0.06917033,0.069608256,0.06922913,0.057802096,0.06812439
GTACAACAGATAGCTA-1,Insertion_MMEJ-Deletion,Insertion_MMEJ-Deletion,0.07109495,0.07040923,0.05887507,0.055459443,0.06768387,0.07226352,0.07091725,0.065534785,0.071050584,0.06277719,0.06917033,0.069608256,0.06922913,0.057802096,0.06812439
AGGCATTGTGTCGATT-1,NHEJ-Deletion_NHEJ-Deletion,Insertion_MMEJ-Deletion,0.07109495,0.07040923,0.05887507,0.055459443,0.06768387,0.07226352,0.07091725,0.065534785,0.071050584,0.06277719,0.06917033,0.069608256,0.06922913,0.057802096,0.06812439
AGCGATTCAGCGTGCT-1,NHEJ-Deletion_SV,Insertion_MMEJ-Deletion,0.07109495,0.07040923,0.05887507,0.055459443,0.06768387,0.07226352,0.07091725,0.065534785,0.071050584,0.06277719,0.06917033,0.069608256,0.06922913,0.057802096,0.06812439
CGCAGGTCAGAGGAAA-1,NHEJ-Deletion_SV,Insertion_MMEJ-Deletion,0.07109495,0.07040923,0.05887507,0.055459443,0.06768387,0.07226352,0.07091725,0.065534785,0.071050584,0.06277719,0.06917033,0.069608256,0.06922913,0.057802096,0.06812439
AAGATAGGTCGGAAAC-1,Insertion_NHEJ-Deletion,Insertion_MMEJ-Deletion,0.07109495,0.07040923,0.05887507,0.055459443,0.06768387,0.07226352,0.07091725,0.065534785,0.071050584,0.06277719,0.06917033,0.069608256,0.06922913,0.057802096,0.06812439
GGCTGTGTCACCGGTG-1,Insertion_WT,Insertion_MMEJ-Deletion,0.07109495,0.07040923,0.05887507,0.055459443,0.06768387,0.07226352,0.07091725,0.065534785,0.071050584,0.06277719,0.06917033,0.069608256,0.06922913,0.057802096,0.06812439
TGAACGTTCTCGACGG-4,MMEJ-Deletion_NHEJ-Deletion,Insertion_MMEJ-Deletion,0.07109495,0.07040923,0.05887507,0.055459443,0.06768387,0.07226352,0.07091725,0.065534785,0.071050584,0.06277719,0.06917033,0.069608256,0.06922913,0.057802096,0.06812439
CTTCAATCAGCAGAAC-1,Insertion_Insertion,Insertion_MMEJ-Deletion,0.07109495,0.07040923,0.05887507,0.055459443,0.06768387,0.07226352,0.07091725,0.065534785,0.071050584,0.06277719,0.06917033,0.069608256,0.06922913,0.057802096,0.06812439
AAAGAACCAAGTGGCA-1,HDR_Insertion,Insertion_MMEJ-Deletion,0.07109495,0.07040923,0.05887507,0.055459443,0.06768387,0.07226352,0.07091725,0.065534785,0.071050584,0.06277719,0.06917033,0.069608256,0.06922913,0.057802096,0.06812439
ACAGGGACATATGGCT-4,Insertion_WT,Insertion_MMEJ-Deletion,0.07109495,0.07040923,0.05887507,0.055459443,0.06768387,0.07226352,0.07091725,0.065534785,0.071050584,0.06277719,0.06917033,0.069608256,0.06922913,0.057802096,0.06812439
GAGTCATAGAGGCTGT-1,Insertion_WT,Insertion_MMEJ-Deletion,0.07109495,0.07040923,0.05887507,0.055459443,0.06768387,0.07226352,0.07091725,0.065534785,0.071050584,0.06277719,0.06917033,0.069608256,0.06922913,0.057802096,0.06812439
GTTCTATTCGCAGTGC-1,NHEJ-Deletion_WT,Insertion_MMEJ-Deletion,0.07109495,0.07040923,0.05887507,0.055459443,0.06768387,0.07226352,0.07091725,0.065534785,0.071050584,0.06277719,0.06917033,0.069608256,0.06922913,0.057802096,0.06812439
CCAATGACAATTGCTG-1,Insertion_Insertion,Insertion_MMEJ-Deletion,0.07109495,0.07040923,0.05887507,0.055459443,0.06768387,0.07226352,0.07091725,0.065534785,0.071050584,0.06277719,0.06917033,0.069608256,0.06922913,0.057802096,0.06812439
TTCTTCCAGGATTTGA-1,NHEJ-Deletion_NHEJ-Deletion,Insertion_MMEJ-Deletion,0.07109495,0.07040923,0.05887507,0.055459443,0.06768387,0.07226352,0.07091725,0.065534785,0.071050584,0.06277719,0.06917033,0.069608256,0.06922913,0.057802096,0.06812439
CTCCTCCCAACCAATC-1,Insertion_WT,Insertion_MMEJ-Deletion,0.07109495,0.07040923,0.05887507,0.055459443,0.06768387,0.07226352,0.07091725,0.065534785,0.071050584,0.06277719,0.06917033,0.069608256,0.06922913,0.057802096,0.06812439
AGTGCCGGTGAGTAGC-1,NHEJ-Deletion_NHEJ-Deletion,Insertion_MMEJ-Deletion,0.07109495,0.07040923,0.05887507,0.055459443,0.06768387,0.07226352,0.07091725,0.065534785,0.071050584,0.06277719,0.06917033,0.069608256,0.06922913,0.057802096,0.06812439
CCTCACAAGTCAACAA-1,Insertion_NHEJ-Deletion,Insertion_MMEJ-Deletion,0.07109495,0.07040923,0.05887507,0.055459443,0.06768387,0.07226352,0.07091725,0.065534785,0.071050584,0.06277719,0.06917033,0.069608256,0.06922913,0.057802096,0.06812439
ACATGCAAGTGTTCAC-1,Insertion_Insertion,Insertion_MMEJ-Deletion,0.07109495,0.07040923,0.05887507,0.055459443,0.06768387,0.07226352,0.07091725,0.065534785,0.071050584,0.06277719,0.06917033,0.069608256,0.06922913,0.057802096,0.06812439
CAGTGCGTCTTCGTAT-4,Insertion_NHEJ-Deletion,Insertion_MMEJ-Deletion,0.07109495,0.07040923,0.05887507,0.055459443,0.06768387,0.07226352,0.07091725,0.065534785,0.071050584,0.06277719,0.06917033,0.069608256,0.06922913,0.057802096,0.06812439
GACCTTCTCCATACAG-4,Insertion_WT,Insertion_MMEJ-Deletion,0.07109495,0.07040923,0.05887507,0.055459443,0.06768387,0.07226352,0.07091725,0.065534785,0.071050584,0.06277719,0.06917033,0.069608256,0.06922913,0.057802096,0.06812439
TGGATGTTCCAGCACG-1,Insertion_MMEJ-Deletion,Insertion_MMEJ-Deletion,0.07109495,0.07040923,0.05887507,0.055459443,0.06768387,0.07226352,0.07091725,0.065534785,0.071050584,0.06277719,0.06917033,0.069608256,0.06922913,0.057802096,0.06812439
TCGCTTGGTCCTGGTG-1,Insertion_NHEJ-Deletion,Insertion_MMEJ-Deletion,0.07109495,0.07040923,0.05887507,0.055459443,0.06768387,0.07226352,0.07091725,0.065534785,0.071050584,0.06277719,0.06917033,0.069608256,0.06922913,0.057802096,0.06812439
TGTCAGAAGAGGGTGG-1,NHEJ-Deletion_WT,Insertion_MMEJ-Deletion,0.07109495,0.07040923,0.05887507,0.055459443,0.06768387,0.07226352,0.07091725,0.065534785,0.071050584,0.06277719,0.06917033,0.069608256,0.06922913,0.057802096,0.06812439
CTCCATGCACTTCAAG-1,HDR_HDR,Insertion_MMEJ-Deletion,0.07109495,0.07040923,0.05887507,0.055459443,0.06768387,0.07226352,0.07091725,0.065534785,0.071050584,0.06277719,0.06917033,0.069608256,0.06922913,0.057802096,0.06812439
AGACCATGTTTGACAC-1,Insertion_Insertion,Insertion_MMEJ-Deletion,0.07109495,0.07040923,0.05887507,0.055459443,0.06768387,0.07226352,0.07091725,0.065534785,0.071050584,0.06277719,0.06917033,0.069608256,0.06922913,0.057802096,0.06812439
TGGATGTTCAGTCAGT-4,NHEJ-Deletion_WT,Insertion_MMEJ-Deletion,0.07109495,0.07040923,0.05887507,0.055459443,0.06768387,0.07226352,0.07091725,0.065534785,0.071050584,0.06277719,0.06917033,0.069608256,0.06922913,0.057802096,0.06812439
ATTCCTAGTTGCATAC-1,HDR_NHEJ-Deletion,Insertion_MMEJ-Deletion,0.07109495,0.07040923,0.05887507,0.055459443,0.06768387,0.07226352,0.07091725,0.065534785,0.071050584,0.06277719,0.06917033,0.069608256,0.06922913,0.057802096,0.06812439
AATTCCTTCCACGTCT-1,HDR_NHEJ-Deletion,Insertion_MMEJ-Deletion,0.07109495,0.07040923,0.05887507,0.055459443,0.06768387,0.07226352,0.07091725,0.065534785,0.071050584,0.06277719,0.06917033,0.069608256,0.06922913,0.057802096,0.06812439
TTCTCTCCACCTCTAC-4,NHEJ-Deletion_SV,Insertion_MMEJ-Deletion,0.07109495,0.07040923,0.05887507,0.055459443,0.06768387,0.07226352,0.07091725,0.065534785,0.071050584,0.06277719,0.06917033,0.069608256,0.06922913,0.057802096,0.06812439
CATCGCTCAAGGCTTT-1,Insertion_NHEJ-Deletion,Insertion_MMEJ-Deletion,0.07109495,0.07040923,0.05887507,0.055459443,0.06768387,0.07226352,0.07091725,0.065534785,0.071050584,0.06277719,0.06917033,0.069608256,0.06922913,0.057802096,0.06812439
AACGGGATCCGATTAG-1,Insertion_NHEJ-Deletion,Insertion_MMEJ-Deletion,0.07109495,0.07040923,0.05887507,0.055459443,0.06768387,0.07226352,0.07091725,0.065534785,0.071050584,0.06277719,0.06917033,0.069608256,0.06922913,0.057802096,0.06812439
GAATCGTGTACACGCC-1,Insertion_Insertion,Insertion_MMEJ-Deletion,0.07109495,0.07040923,0.05887507,0.055459443,0.06768387,0.07226352,0.07091725,0.065534785,0.071050584,0.06277719,0.06917033,0.069608256,0.06922913,0.057802096,0.06812439
GTGTGGCAGGGCAGGA-1,Insertion_WT,Insertion_MMEJ-Deletion,0.07109495,0.07040923,0.05887507,0.055459443,0.06768387,0.07226352,0.07091725,0.065534785,0.071050584,0.06277719,0.06917033,0.069608256,0.06922913,0.057802096,0.06812439
GGTGGCTCAGGTGGAT-4,Insertion_WT,Insertion_MMEJ-Deletion,0.07109495,0.07040923,0.05887507,0.055459443,0.06768387,0.07226352,0.07091725,0.065534785,0.071050584,0.06277719,0.06917033,0.069608256,0.06922913,0.057802096,0.06812439
GCCAGTGAGCATGCAG-1,MMEJ-Deletion_WT,Insertion_MMEJ-Deletion,0.07109495,0.07040923,0.05887507,0.055459443,0.06768387,0.07226352,0.07091725,0.065534785,0.071050584,0.06277719,0.06917033,0.069608256,0.06922913,0.057802096,0.06812439
GAACACTGTGATAGAT-1,MMEJ-Deletion_NHEJ-Deletion,Insertion_MMEJ-Deletion,0.07109495,0.07040923,0.05887507,0.055459443,0.06768387,0.07226352,0.07091725,0.065534785,0.071050584,0.06277719,0.06917033,0.069608256,0.06922913,0.057802096,0.06812439
GAGTTTGCAACGGTAG-4,Insertion_NHEJ-Deletion,Insertion_MMEJ-Deletion,0.07109495,0.07040923,0.05887507,0.055459443,0.06768387,0.07226352,0.07091725,0.065534785,0.071050584,0.06277719,0.06917033,0.069608256,0.06922913,0.057802096,0.06812439
CTCATGCCATTGGGAG-4,HDR_WT,Insertion_MMEJ-Deletion,0.07109495,0.07040923,0.05887507,0.055459443,0.06768387,0.07226352,0.07091725,0.065534785,0.071050584,0.06277719,0.06917033,0.069608256,0.06922913,0.057802096,0.06812439
CACGTGGTCGAAGGAC-1,Insertion_NHEJ-Deletion,Insertion_MMEJ-Deletion,0.07109495,0.07040923,0.05887507,0.055459443,0.06768387,0.07226352,0.07091725,0.065534785,0.071050584,0.06277719,0.06917033,0.069608256,0.06922913,0.057802096,0.06812439
TTCCGGTTCCGTAGTA-1,Insertion_Insertion,Insertion_MMEJ-Deletion,0.07109495,0.07040923,0.05887507,0.055459443,0.06768387,0.07226352,0.07091725,0.065534785,0.071050584,0.06277719,0.06917033,0.069608256,0.06922913,0.057802096,0.06812439
GATGAGGGTATCGTGT-1,Insertion_Insertion,Insertion_MMEJ-Deletion,0.07109495,0.07040923,0.05887507,0.055459443,0.06768387,0.07226352,0.07091725,0.065534785,0.071050584,0.06277719,0.06917033,0.069608256,0.06922913,0.057802096,0.06812439
CGTAATGGTACAAGCG-1,Insertion_NHEJ-Deletion,Insertion_MMEJ-Deletion,0.07109495,0.07040923,0.05887507,0.055459443,0.06768387,0.07226352,0.07091725,0.065534785,0.071050584,0.06277719,0.06917033,0.069608256,0.06922913,0.057802096,0.06812439
TGGAACTGTGTACAGG-1,NHEJ-Deletion_SV,Insertion_MMEJ-Deletion,0.07109495,0.07040923,0.05887507,0.055459443,0.06768387,0.07226352,0.07091725,0.065534785,0.071050584,0.06277719,0.06917033,0.069608256,0.06922913,0.057802096,0.06812439
CTCAATTAGCCGTTAT-4,NHEJ-Deletion_WT,Insertion_MMEJ-Deletion,0.07109495,0.07040923,0.05887507,0.055459443,0.06768387,0.07226352,0.07091725,0.065534785,0.071050584,0.06277719,0.06917033,0.069608256,0.06922913,0.057802096,0.06812439
GTAGGAGGTGACTGTT-1,Insertion_Insertion,Insertion_MMEJ-Deletion,0.07109495,0.07040923,0.05887507,0.055459443,0.06768387,0.07226352,0.07091725,0.065534785,0.071050584,0.06277719,0.06917033,0.069608256,0.06922913,0.057802096,0.06812439
ATTTCACAGGATCACG-1,Insertion_Insertion,Insertion_MMEJ-Deletion,0.07109495,0.07040923,0.05887507,0.055459443,0.06768387,0.07226352,0.07091725,0.065534785,0.071050584,0.06277719,0.06917033,0.069608256,0.06922913,0.057802096,0.06812439
CTCATTACATAGAAAC-1,HDR_Insertion,Insertion_MMEJ-Deletion,0.07109495,0.07040923,0.05887507,0.055459443,0.06768387,0.07226352,0.07091725,0.065534785,0.071050584,0.06277719,0.06917033,0.069608256,0.06922913,0.057802096,0.06812439
TGTAACGCAAATGAAC-1,Insertion_NHEJ-Deletion,Insertion_MMEJ-Deletion,0.07109495,0.07040923,0.05887507,0.055459443,0.06768387,0.07226352,0.07091725,0.065534785,0.071050584,0.06277719,0.06917033,0.069608256,0.06922913,0.057802096,0.06812439
TCAGTGAGTCTGTCAA-4,HDR_NHEJ-Deletion,Insertion_MMEJ-Deletion,0.07109495,0.07040923,0.05887507,0.055459443,0.06768387,0.07226352,0.07091725,0.065534785,0.071050584,0.06277719,0.06917033,0.069608256,0.06922913,0.057802096,0.06812439
CTTCGGTGTCCGAAAG-4,NHEJ-Deletion_WT,Insertion_MMEJ-Deletion,0.07109495,0.07040923,0.05887507,0.055459443,0.06768387,0.07226352,0.07091725,0.065534785,0.071050584,0.06277719,0.06917033,0.069608256,0.06922913,0.057802096,0.06812439
GACTATGTCTTTCCAA-1,Insertion_Insertion,Insertion_MMEJ-Deletion,0.07109495,0.07040923,0.05887507,0.055459443,0.06768387,0.07226352,0.07091725,0.065534785,0.071050584,0.06277719,0.06917033,0.069608256,0.06922913,0.057802096,0.06812439
CTAACCCCACAGTGTT-1,Insertion_WT,Insertion_MMEJ-Deletion,0.07109495,0.07040923,0.05887507,0.055459443,0.06768387,0.07226352,0.07091725,0.065534785,0.071050584,0.06277719,0.06917033,0.069608256,0.06922913,0.057802096,0.06812439
CCCGGAACAAGTGGAC-1,Insertion_Insertion,Insertion_MMEJ-Deletion,0.07109495,0.07040923,0.05887507,0.055459443,0.06768387,0.07226352,0.07091725,0.065534785,0.071050584,0.06277719,0.06917033,0.069608256,0.06922913,0.057802096,0.06812439
TGCTTCGAGGACAACC-1,Insertion_Insertion,Insertion_MMEJ-Deletion,0.07109495,0.07040923,0.05887507,0.055459443,0.06768387,0.07226352,0.07091725,0.065534785,0.071050584,0.06277719,0.06917033,0.069608256,0.06922913,0.057802096,0.06812439
GAAGAATAGGACACTG-1,Insertion_WT,Insertion_MMEJ-Deletion,0.07109495,0.07040923,0.05887507,0.055459443,0.06768387,0.07226352,0.07091725,0.065534785,0.071050584,0.06277719,0.06917033,0.069608256,0.06922913,0.057802096,0.06812439
GAGATGGTCTTAGCCC-1,Insertion_WT,Insertion_MMEJ-Deletion,0.07109495,0.07040923,0.05887507,0.055459443,0.06768387,0.07226352,0.07091725,0.065534785,0.071050584,0.06277719,0.06917033,0.069608256,0.06922913,0.057802096,0.06812439
CATACAGTCTTGCAAG-1,HDR_Insertion,Insertion_MMEJ-Deletion,0.07109495,0.07040923,0.05887507,0.055459443,0.06768387,0.07226352,0.07091725,0.065534785,0.071050584,0.06277719,0.06917033,0.069608256,0.06922913,0.057802096,0.06812439
TCGGTCTAGCTGCGAA-1,Insertion_WT,Insertion_MMEJ-Deletion,0.07109495,0.07040923,0.05887507,0.055459443,0.06768387,0.07226352,0.07091725,0.065534785,0.071050584,0.06277719,0.06917033,0.069608256,0.06922913,0.057802096,0.06812439
AGGTAGGCAGCTGAGA-1,HDR_WT,Insertion_MMEJ-Deletion,0.07109495,0.07040923,0.05887507,0.055459443,0.06768387,0.07226352,0.07091725,0.065534785,0.071050584,0.06277719,0.06917033,0.069608256,0.06922913,0.057802096,0.06812439
GCTGCAGTCCTGGGAC-4,Insertion_NHEJ-Deletion,Insertion_MMEJ-Deletion,0.07109495,0.07040923,0.05887507,0.055459443,0.06768387,0.07226352,0.07091725,0.065534785,0.071050584,0.06277719,0.06917033,0.069608256,0.06922913,0.057802096,0.06812439
ACTTTGTGTGTTCAGT-1,NHEJ-Deletion_NHEJ-Deletion,Insertion_MMEJ-Deletion,0.07109495,0.07040923,0.05887507,0.055459443,0.06768387,0.07226352,0.07091725,0.065534785,0.071050584,0.06277719,0.06917033,0.069608256,0.06922913,0.057802096,0.06812439
CGATGGCCAACTCCCT-1,Insertion_WT,Insertion_MMEJ-Deletion,0.07109495,0.07040923,0.05887507,0.055459443,0.06768387,0.07226352,0.07091725,0.065534785,0.071050584,0.06277719,0.06917033,0.069608256,0.06922913,0.057802096,0.06812439
TCACGGGCAAATGGCG-1,MMEJ-Deletion_WT,Insertion_MMEJ-Deletion,0.07109495,0.07040923,0.05887507,0.055459443,0.06768387,0.07226352,0.07091725,0.065534785,0.071050584,0.06277719,0.06917033,0.069608256,0.06922913,0.057802096,0.06812439
GGAACCCGTGGCTTAT-1,HDR_HDR,Insertion_MMEJ-Deletion,0.07109495,0.07040923,0.05887507,0.055459443,0.06768387,0.07226352,0.07091725,0.065534785,0.071050584,0.06277719,0.06917033,0.069608256,0.06922913,0.057802096,0.06812439
GGAGGATTCACCTCGT-1,Insertion_Insertion,Insertion_MMEJ-Deletion,0.07109495,0.07040923,0.05887507,0.055459443,0.06768387,0.07226352,0.07091725,0.065534785,0.071050584,0.06277719,0.06917033,0.069608256,0.06922913,0.057802096,0.06812439
TCGGATACAATGGGTG-1,Insertion_Insertion,Insertion_MMEJ-Deletion,0.07109495,0.07040923,0.05887507,0.055459443,0.06768387,0.07226352,0.07091725,0.065534785,0.071050584,0.06277719,0.06917033,0.069608256,0.06922913,0.057802096,0.06812439
CTCAACCCAATGAAAC-4,Insertion_NHEJ-Deletion,Insertion_MMEJ-Deletion,0.07109495,0.07040923,0.05887507,0.055459443,0.06768387,0.07226352,0.07091725,0.065534785,0.071050584,0.06277719,0.06917033,0.069608256,0.06922913,0.057802096,0.06812439
TTGGGATCAACTTGCA-1,HDR_HDR,Insertion_MMEJ-Deletion,0.07109495,0.07040923,0.05887507,0.055459443,0.06768387,0.07226352,0.07091725,0.065534785,0.071050584,0.06277719,0.06917033,0.069608256,0.06922913,0.057802096,0.06812439
CTATCTAAGTCACGCC-4,Insertion_NHEJ-Deletion,Insertion_MMEJ-Deletion,0.07109495,0.07040923,0.05887507,0.055459443,0.06768387,0.07226352,0.07091725,0.065534785,0.071050584,0.06277719,0.06917033,0.069608256,0.06922913,0.057802096,0.06812439
TGCAGTAGTCACTAGT-1,Insertion_NHEJ-Deletion,Insertion_MMEJ-Deletion,0.07109495,0.07040923,0.05887507,0.055459443,0.06768387,0.07226352,0.07091725,0.065534785,0.071050584,0.06277719,0.06917033,0.069608256,0.06922913,0.057802096,0.06812439
GTTACCCGTACTCCCT-1,Insertion_SV,Insertion_MMEJ-Deletion,0.07109495,0.07040923,0.05887507,0.055459443,0.06768387,0.07226352,0.07091725,0.065534785,0.071050584,0.06277719,0.06917033,0.069608256,0.06922913,0.057802096,0.06812439
CCGATCTCACTACGGC-1,MMEJ-Deletion_WT,Insertion_MMEJ-Deletion,0.07109495,0.07040923,0.05887507,0.055459443,0.06768387,0.07226352,0.07091725,0.065534785,0.071050584,0.06277719,0.06917033,0.069608256,0.06922913,0.057802096,0.06812439
GGAACCCAGCGATGGT-1,Insertion_WT,Insertion_MMEJ-Deletion,0.07109495,0.07040923,0.05887507,0.055459443,0.06768387,0.07226352,0.07091725,0.065534785,0.071050584,0.06277719,0.06917033,0.069608256,0.06922913,0.057802096,0.06812439
GAGGGATGTTAGGACG-4,NHEJ-Deletion_WT,Insertion_MMEJ-Deletion,0.07109495,0.07040923,0.05887507,0.055459443,0.06768387,0.07226352,0.07091725,0.065534785,0.071050584,0.06277719,0.06917033,0.069608256,0.06922913,0.057802096,0.06812439
GCAACCGTCTTCACAT-1,HDR_HDR,Insertion_MMEJ-Deletion,0.07109495,0.07040923,0.05887507,0.055459443,0.06768387,0.07226352,0.07091725,0.065534785,0.071050584,0.06277719,0.06917033,0.069608256,0.06922913,0.057802096,0.06812439
GATAGAAGTTTACCAG-1,Insertion_Insertion,Insertion_MMEJ-Deletion,0.07109495,0.07040923,0.05887507,0.055459443,0.06768387,0.07226352,0.07091725,0.065534785,0.071050584,0.06277719,0.06917033,0.069608256,0.06922913,0.057802096,0.06812439
TCGTCCACAACTTGCA-1,Insertion_WT,Insertion_MMEJ-Deletion,0.07109495,0.07040923,0.05887507,0.055459443,0.06768387,0.07226352,0.07091725,0.065534785,0.071050584,0.06277719,0.06917033,0.069608256,0.06922913,0.057802096,0.06812439
AGGTTACAGCAATAGT-1,Insertion_WT,Insertion_MMEJ-Deletion,0.07109495,0.07040923,0.05887507,0.055459443,0.06768387,0.07226352,0.07091725,0.065534785,0.071050584,0.06277719,0.06917033,0.069608256,0.06922913,0.057802096,0.06812439
ATGATCGTCAAGTTGC-4,HDR_WT,Insertion_MMEJ-Deletion,0.07109495,0.07040923,0.05887507,0.055459443,0.06768387,0.07226352,0.07091725,0.065534785,0.071050584,0.06277719,0.06917033,0.069608256,0.06922913,0.057802096,0.06812439
AAACCCAGTAATTAGG-1,MMEJ-Deletion_MMEJ-Deletion,Insertion_MMEJ-Deletion,0.07109495,0.07040923,0.05887507,0.055459443,0.06768387,0.07226352,0.07091725,0.065534785,0.071050584,0.06277719,0.06917033,0.069608256,0.06922913,0.057802096,0.06812439
ACTTATCAGGGACCAT-4,Insertion_WT,Insertion_MMEJ-Deletion,0.07109495,0.07040923,0.05887507,0.055459443,0.06768387,0.07226352,0.07091725,0.065534785,0.071050584,0.06277719,0.06917033,0.069608256,0.06922913,0.057802096,0.06812439
GATCGTAGTACGGTTT-1,MMEJ-Deletion_MMEJ-Deletion,Insertion_MMEJ-Deletion,0.07109495,0.07040923,0.05887507,0.055459443,0.06768387,0.07226352,0.07091725,0.065534785,0.071050584,0.06277719,0.06917033,0.069608256,0.06922913,0.057802096,0.06812439
ACTGATGCACCAATTG-1,Insertion_WT,Insertion_MMEJ-Deletion,0.07109495,0.07040923,0.05887507,0.055459443,0.06768387,0.07226352,0.07091725,0.065534785,0.071050584,0.06277719,0.06917033,0.069608256,0.06922913,0.057802096,0.06812439
ATCACAGTCGCATTGA-4,Insertion_WT,Insertion_MMEJ-Deletion,0.07109495,0.07040923,0.05887507,0.055459443,0.06768387,0.07226352,0.07091725,0.065534785,0.071050584,0.06277719,0.06917033,0.069608256,0.06922913,0.057802096,0.06812439
TCCTTCTTCATCGACA-1,Insertion_MMEJ-Deletion,Insertion_MMEJ-Deletion,0.07109495,0.07040923,0.05887507,0.055459443,0.06768387,0.07226352,0.07091725,0.065534785,0.071050584,0.06277719,0.06917033,0.069608256,0.06922913,0.057802096,0.06812439
GCGTTTCGTGCCGAAA-4,Insertion_WT,Insertion_MMEJ-Deletion,0.07109495,0.07040923,0.05887507,0.055459443,0.06768387,0.07226352,0.07091725,0.065534785,0.071050584,0.06277719,0.06917033,0.069608256,0.06922913,0.057802096,0.06812439
GACTCAAGTAGGCTGA-1,Insertion_WT,Insertion_MMEJ-Deletion,0.07109495,0.07040923,0.05887507,0.055459443,0.06768387,0.07226352,0.07091725,0.065534785,0.071050584,0.06277719,0.06917033,0.069608256,0.06922913,0.057802096,0.06812439
GATCGTAAGGCGTTAG-1,Insertion_WT,Insertion_MMEJ-Deletion,0.07109495,0.07040923,0.05887507,0.055459443,0.06768387,0.07226352,0.07091725,0.065534785,0.071050584,0.06277719,0.06917033,0.069608256,0.06922913,0.057802096,0.06812439
TAAGCCAAGGTCCCGT-1,HDR_Insertion,Insertion_MMEJ-Deletion,0.07109495,0.07040923,0.05887507,0.055459443,0.06768387,0.07226352,0.07091725,0.065534785,0.071050584,0.06277719,0.06917033,0.069608256,0.06922913,0.057802096,0.06812439
GCACGTGAGATGCAGC-1,Insertion_WT,Insertion_MMEJ-Deletion,0.07109495,0.07040923,0.05887507,0.055459443,0.06768387,0.07226352,0.07091725,0.065534785,0.071050584,0.06277719,0.06917033,0.069608256,0.06922913,0.057802096,0.06812439
TCCGTGTGTCTCGACG-1,NHEJ-Deletion_WT,Insertion_MMEJ-Deletion,0.07109495,0.07040923,0.05887507,0.055459443,0.06768387,0.07226352,0.07091725,0.065534785,0.071050584,0.06277719,0.06917033,0.069608256,0.06922913,0.057802096,0.06812439
GCAACATGTCCTGTTC-1,Insertion_NHEJ-Deletion,Insertion_MMEJ-Deletion,0.07109495,0.07040923,0.05887507,0.055459443,0.06768387,0.07226352,0.07091725,0.065534785,0.071050584,0.06277719,0.06917033,0.069608256,0.06922913,0.057802096,0.06812439
AATAGAGTCTGCGATA-1,Insertion_Insertion,Insertion_MMEJ-Deletion,0.07109495,0.07040923,0.05887507,0.055459443,0.06768387,0.07226352,0.07091725,0.065534785,0.071050584,0.06277719,0.06917033,0.069608256,0.06922913,0.057802096,0.06812439
TACAGGTGTAAGATCA-4,Insertion_WT,Insertion_MMEJ-Deletion,0.07109495,0.07040923,0.05887507,0.055459443,0.06768387,0.07226352,0.07091725,0.065534785,0.071050584,0.06277719,0.06917033,0.069608256,0.06922913,0.057802096,0.06812439
GGGACCTGTTGCTCAA-1,Insertion_NHEJ-Deletion,Insertion_MMEJ-Deletion,0.07109495,0.07040923,0.05887507,0.055459443,0.06768387,0.07226352,0.07091725,0.065534785,0.071050584,0.06277719,0.06917033,0.069608256,0.06922913,0.057802096,0.06812439
TAGACCAGTCCATACA-1,Insertion_WT,Insertion_MMEJ-Deletion,0.07109495,0.07040923,0.05887507,0.055459443,0.06768387,0.07226352,0.07091725,0.065534785,0.071050584,0.06277719,0.06917033,0.069608256,0.06922913,0.057802096,0.06812439
ATGGTTGCATCACAGT-1,Insertion_Insertion,Insertion_MMEJ-Deletion,0.07109495,0.07040923,0.05887507,0.055459443,0.06768387,0.07226352,0.07091725,0.065534785,0.071050584,0.06277719,0.06917033,0.069608256,0.06922913,0.057802096,0.06812439
TTACTGTGTCTAATCG-1,HDR_NHEJ-Deletion,Insertion_MMEJ-Deletion,0.07109495,0.07040923,0.05887507,0.055459443,0.06768387,0.07226352,0.07091725,0.065534785,0.071050584,0.06277719,0.06917033,0.069608256,0.06922913,0.057802096,0.06812439
TTTGATCCAATAGTCC-1,Insertion_Insertion,Insertion_MMEJ-Deletion,0.07109495,0.07040923,0.05887507,0.055459443,0.06768387,0.07226352,0.07091725,0.065534785,0.071050584,0.06277719,0.06917033,0.069608256,0.06922913,0.057802096,0.06812439
GTGGGAACACTGCTTC-4,Insertion_WT,Insertion_MMEJ-Deletion,0.07109495,0.07040923,0.05887507,0.055459443,0.06768387,0.07226352,0.07091725,0.065534785,0.071050584,0.06277719,0.06917033,0.069608256,0.06922913,0.057802096,0.06812439
TTGGGCGGTTAAACCC-4,Insertion_Insertion,Insertion_MMEJ-Deletion,0.07109495,0.07040923,0.05887507,0.055459443,0.06768387,0.07226352,0.07091725,0.065534785,0.071050584,0.06277719,0.06917033,0.069608256,0.06922913,0.057802096,0.06812439
TACACCCAGGAGGGTG-4,MMEJ-Deletion_WT,Insertion_MMEJ-Deletion,0.07109495,0.07040923,0.05887507,0.055459443,0.06768387,0.07226352,0.07091725,0.065534785,0.071050584,0.06277719,0.06917033,0.069608256,0.06922913,0.057802096,0.06812439
CATGGATCAACCCGCA-1,Insertion_NHEJ-Deletion,Insertion_MMEJ-Deletion,0.07109495,0.07040923,0.05887507,0.055459443,0.06768387,0.07226352,0.07091725,0.065534785,0.071050584,0.06277719,0.06917033,0.069608256,0.06922913,0.057802096,0.06812439
GTTACCCTCAGTGTGT-4,NHEJ-Deletion_NHEJ-Deletion,Insertion_MMEJ-Deletion,0.07109495,0.07040923,0.05887507,0.055459443,0.06768387,0.07226352,0.07091725,0.065534785,0.071050584,0.06277719,0.06917033,0.069608256,0.06922913,0.057802096,0.06812439
CCTCCAACAGGGTTGA-1,Insertion_Insertion,Insertion_MMEJ-Deletion,0.07109495,0.07040923,0.05887507,0.055459443,0.06768387,0.07226352,0.07091725,0.065534785,0.071050584,0.06277719,0.06917033,0.069608256,0.06922913,0.057802096,0.06812439
TGTTACTTCTATCCAT-1,NHEJ-Deletion_WT,Insertion_MMEJ-Deletion,0.07109495,0.07040923,0.05887507,0.055459443,0.06768387,0.07226352,0.07091725,0.065534785,0.071050584,0.06277719,0.06917033,0.069608256,0.06922913,0.057802096,0.06812439
GACTCTCCAGCGTACC-4,MMEJ-Deletion_NHEJ-Deletion,Insertion_MMEJ-Deletion,0.07109495,0.07040923,0.05887507,0.055459443,0.06768387,0.07226352,0.07091725,0.065534785,0.071050584,0.06277719,0.06917033,0.069608256,0.06922913,0.057802096,0.06812439
CTCCCAACAGCTGCCA-1,HDR_HDR,Insertion_MMEJ-Deletion,0.07109495,0.07040923,0.05887507,0.055459443,0.06768387,0.07226352,0.07091725,0.065534785,0.071050584,0.06277719,0.06917033,0.069608256,0.06922913,0.057802096,0.06812439
GTGTAACTCCCAGGCA-4,Insertion_Insertion,Insertion_MMEJ-Deletion,0.07109495,0.07040923,0.05887507,0.055459443,0.06768387,0.07226352,0.07091725,0.065534785,0.071050584,0.06277719,0.06917033,0.069608256,0.06922913,0.057802096,0.06812439
TCAGTTTGTGTAAATG-1,Insertion_Insertion,Insertion_MMEJ-Deletion,0.07109495,0.07040923,0.05887507,0.055459443,0.06768387,0.07226352,0.07091725,0.065534785,0.071050584,0.06277719,0.06917033,0.069608256,0.06922913,0.057802096,0.06812439
GGAACCCGTGATTCAC-1,NHEJ-Deletion_WT,Insertion_MMEJ-Deletion,0.07109495,0.07040923,0.05887507,0.055459443,0.06768387,0.07226352,0.07091725,0.065534785,0.071050584,0.06277719,0.06917033,0.069608256,0.06922913,0.057802096,0.06812439
TGACTCCTCTCTGACC-1,Insertion_NHEJ-Deletion,Insertion_MMEJ-Deletion,0.07109495,0.07040923,0.05887507,0.055459443,0.06768387,0.07226352,0.07091725,0.065534785,0.071050584,0.06277719,0.06917033,0.069608256,0.06922913,0.057802096,0.06812439
TACGGTAAGCTGAAAT-1,Insertion_WT,Insertion_MMEJ-Deletion,0.07109495,0.07040923,0.05887507,0.055459443,0.06768387,0.07226352,0.07091725,0.065534785,0.071050584,0.06277719,0.06917033,0.069608256,0.06922913,0.057802096,0.06812439
CGCATGGTCTCATTGT-1,Insertion_Insertion,Insertion_MMEJ-Deletion,0.07109495,0.07040923,0.05887507,0.055459443,0.06768387,0.07226352,0.07091725,0.065534785,0.071050584,0.06277719,0.06917033,0.069608256,0.06922913,0.057802096,0.06812439
CCTTCAGCAAGACTGG-1,Insertion_NHEJ-Deletion,Insertion_MMEJ-Deletion,0.07109495,0.07040923,0.05887507,0.055459443,0.06768387,0.07226352,0.07091725,0.065534785,0.071050584,0.06277719,0.06917033,0.069608256,0.06922913,0.057802096,0.06812439
GCTTGGGTCATGCTAG-4,NHEJ-Deletion_WT,Insertion_MMEJ-Deletion,0.07109495,0.07040923,0.05887507,0.055459443,0.06768387,0.07226352,0.07091725,0.065534785,0.071050584,0.06277719,0.06917033,0.069608256,0.06922913,0.057802096,0.06812439
CCGATGGGTTGTCCCT-4,Insertion_Insertion,Insertion_MMEJ-Deletion,0.07109495,0.07040923,0.05887507,0.055459443,0.06768387,0.07226352,0.07091725,0.065534785,0.071050584,0.06277719,0.06917033,0.069608256,0.06922913,0.057802096,0.06812439
CTACCTGCAACATACC-1,Insertion_WT,Insertion_MMEJ-Deletion,0.07109495,0.07040923,0.05887507,0.055459443,0.06768387,0.07226352,0.07091725,0.065534785,0.071050584,0.06277719,0.06917033,0.069608256,0.06922913,0.057802096,0.06812439
CATTCCGCATTCACCC-1,NHEJ-Deletion_NHEJ-Deletion,Insertion_MMEJ-Deletion,0.07109495,0.07040923,0.05887507,0.055459443,0.06768387,0.07226352,0.07091725,0.065534785,0.071050584,0.06277719,0.06917033,0.069608256,0.06922913,0.057802096,0.06812439
GAGAGGTGTGCATGTT-4,Insertion_Insertion,Insertion_MMEJ-Deletion,0.07109495,0.07040923,0.05887507,0.055459443,0.06768387,0.07226352,0.07091725,0.065534785,0.071050584,0.06277719,0.06917033,0.069608256,0.06922913,0.057802096,0.06812439
ACACCAATCCGAGATT-1,Insertion_Insertion,Insertion_MMEJ-Deletion,0.07109495,0.07040923,0.05887507,0.055459443,0.06768387,0.07226352,0.07091725,0.065534785,0.071050584,0.06277719,0.06917033,0.069608256,0.06922913,0.057802096,0.06812439
CCACGAGGTACATACC-1,Insertion_Insertion,Insertion_MMEJ-Deletion,0.07109495,0.07040923,0.05887507,0.055459443,0.06768387,0.07226352,0.07091725,0.065534785,0.071050584,0.06277719,0.06917033,0.069608256,0.06922913,0.057802096,0.06812439
CTCTCGATCGCGTTTC-4,Insertion_Insertion,Insertion_MMEJ-Deletion,0.07109495,0.07040923,0.05887507,0.055459443,0.06768387,0.07226352,0.07091725,0.065534785,0.071050584,0.06277719,0.06917033,0.069608256,0.06922913,0.057802096,0.06812439
CATGCGGGTGAGATAT-1,Insertion_WT,Insertion_MMEJ-Deletion,0.07109495,0.07040923,0.05887507,0.055459443,0.06768387,0.07226352,0.07091725,0.065534785,0.071050584,0.06277719,0.06917033,0.069608256,0.06922913,0.057802096,0.06812439
CTTTCAATCTACTGCC-4,Insertion_Insertion,Insertion_MMEJ-Deletion,0.07109495,0.07040923,0.05887507,0.055459443,0.06768387,0.07226352,0.07091725,0.065534785,0.071050584,0.06277719,0.06917033,0.069608256,0.06922913,0.057802096,0.06812439
GCACGTGAGGGCTGAT-1,NHEJ-Deletion_NHEJ-Deletion,Insertion_MMEJ-Deletion,0.07109495,0.07040923,0.05887507,0.055459443,0.06768387,0.07226352,0.07091725,0.065534785,0.071050584,0.06277719,0.06917033,0.069608256,0.06922913,0.057802096,0.06812439
CCGATGGAGTCGCCCA-1,HDR_HDR,Insertion_MMEJ-Deletion,0.07109495,0.07040923,0.05887507,0.055459443,0.06768387,0.07226352,0.07091725,0.065534785,0.071050584,0.06277719,0.06917033,0.069608256,0.06922913,0.057802096,0.06812439
AGACCATGTACACGCC-1,Insertion_Insertion,Insertion_MMEJ-Deletion,0.07109495,0.07040923,0.05887507,0.055459443,0.06768387,0.07226352,0.07091725,0.065534785,0.071050584,0.06277719,0.06917033,0.069608256,0.06922913,0.057802096,0.06812439
TGTCCTGGTTAGGAGC-1,Insertion_Insertion,Insertion_MMEJ-Deletion,0.07109495,0.07040923,0.05887507,0.055459443,0.06768387,0.07226352,0.07091725,0.065534785,0.071050584,0.06277719,0.06917033,0.069608256,0.06922913,0.057802096,0.06812439
CGCCAGATCCTATTTG-4,Insertion_NHEJ-Deletion,Insertion_MMEJ-Deletion,0.07109495,0.07040923,0.05887507,0.055459443,0.06768387,0.07226352,0.07091725,0.065534785,0.071050584,0.06277719,0.06917033,0.069608256,0.06922913,0.057802096,0.06812439
GCGGAAAAGTAAGAGG-1,NHEJ-Deletion_NHEJ-Deletion,Insertion_MMEJ-Deletion,0.07109495,0.07040923,0.05887507,0.055459443,0.06768387,0.07226352,0.07091725,0.065534785,0.071050584,0.06277719,0.06917033,0.069608256,0.06922913,0.057802096,0.06812439
GAGTCTAAGACTACGG-1,HDR_Insertion,Insertion_MMEJ-Deletion,0.07109495,0.07040923,0.05887507,0.055459443,0.06768387,0.07226352,0.07091725,0.065534785,0.071050584,0.06277719,0.06917033,0.069608256,0.06922913,0.057802096,0.06812439
ACGCACGAGTTAACAG-1,Insertion_NHEJ-Deletion,Insertion_MMEJ-Deletion,0.07109495,0.07040923,0.05887507,0.055459443,0.06768387,0.07226352,0.07091725,0.065534785,0.071050584,0.06277719,0.06917033,0.069608256,0.06922913,0.057802096,0.06812439
AACAAAGTCACCTTAT-1,Insertion_Insertion,Insertion_MMEJ-Deletion,0.07109495,0.07040923,0.05887507,0.055459443,0.06768387,0.07226352,0.07091725,0.065534785,0.071050584,0.06277719,0.06917033,0.069608256,0.06922913,0.057802096,0.06812439
TGCATCCAGCTACTAC-1,Insertion_WT,Insertion_MMEJ-Deletion,0.07109495,0.07040923,0.05887507,0.055459443,0.06768387,0.07226352,0.07091725,0.065534785,0.071050584,0.06277719,0.06917033,0.069608256,0.06922913,0.057802096,0.06812439
CTGTATTCAATTGCAC-1,NHEJ-Deletion_WT,Insertion_MMEJ-Deletion,0.07109495,0.07040923,0.05887507,0.055459443,0.06768387,0.07226352,0.07091725,0.065534785,0.071050584,0.06277719,0.06917033,0.069608256,0.06922913,0.057802096,0.06812439
TTTGATCCAGTGAGCA-1,Insertion_WT,Insertion_MMEJ-Deletion,0.07109495,0.07040923,0.05887507,0.055459443,0.06768387,0.07226352,0.07091725,0.065534785,0.071050584,0.06277719,0.06917033,0.069608256,0.06922913,0.057802096,0.06812439
GGGACTCAGAAGTGTT-1,HDR_HDR,Insertion_MMEJ-Deletion,0.07109495,0.07040923,0.05887507,0.055459443,0.06768387,0.07226352,0.07091725,0.065534785,0.071050584,0.06277719,0.06917033,0.069608256,0.06922913,0.057802096,0.06812439
TCATTGTGTATCGCGC-1,Insertion_Insertion,Insertion_MMEJ-Deletion,0.07109495,0.07040923,0.05887507,0.055459443,0.06768387,0.07226352,0.07091725,0.065534785,0.071050584,0.06277719,0.06917033,0.069608256,0.06922913,0.057802096,0.06812439
CATTCATGTAACAAGT-4,Insertion_NHEJ-Deletion,Insertion_MMEJ-Deletion,0.07109495,0.07040923,0.05887507,0.055459443,0.06768387,0.07226352,0.07091725,0.065534785,0.071050584,0.06277719,0.06917033,0.069608256,0.06922913,0.057802096,0.06812439
GTATTGGAGACGATAT-4,Insertion_Insertion,Insertion_MMEJ-Deletion,0.07109495,0.07040923,0.05887507,0.055459443,0.06768387,0.07226352,0.07091725,0.065534785,0.071050584,0.06277719,0.06917033,0.069608256,0.06922913,0.057802096,0.06812439
CACTGTCGTTATCTGG-1,NHEJ-Deletion_WT,Insertion_MMEJ-Deletion,0.07109495,0.07040923,0.05887507,0.055459443,0.06768387,0.07226352,0.07091725,0.065534785,0.071050584,0.06277719,0.06917033,0.069608256,0.06922913,0.057802096,0.06812439
AGGAATAGTGTGAATA-4,Insertion_NHEJ-Deletion,Insertion_MMEJ-Deletion,0.07109495,0.07040923,0.05887507,0.055459443,0.06768387,0.07226352,0.07091725,0.065534785,0.071050584,0.06277719,0.06917033,0.069608256,0.06922913,0.057802096,0.06812439
TTCCAATTCCGTGTAA-1,Insertion_Insertion,Insertion_MMEJ-Deletion,0.07109495,0.07040923,0.05887507,0.055459443,0.06768387,0.07226352,0.07091725,0.065534785,0.071050584,0.06277719,0.06917033,0.069608256,0.06922913,0.057802096,0.06812439
ACACGCGGTACTCAAC-4,NHEJ-Deletion_NHEJ-Deletion,Insertion_MMEJ-Deletion,0.07109495,0.07040923,0.05887507,0.055459443,0.06768387,0.07226352,0.07091725,0.065534785,0.071050584,0.06277719,0.06917033,0.069608256,0.06922913,0.057802096,0.06812439
GCAGGCTAGACCGTTT-1,Insertion_Insertion,Insertion_MMEJ-Deletion,0.07109495,0.07040923,0.05887507,0.055459443,0.06768387,0.07226352,0.07091725,0.065534785,0.071050584,0.06277719,0.06917033,0.069608256,0.06922913,0.057802096,0.06812439
AGTTCCCAGATTGTGA-1,Insertion_NHEJ-Deletion,Insertion_MMEJ-Deletion,0.07109495,0.07040923,0.05887507,0.055459443,0.06768387,0.07226352,0.07091725,0.065534785,0.071050584,0.06277719,0.06917033,0.069608256,0.06922913,0.057802096,0.06812439
TTCACCGTCCGTGGCA-1,Insertion_Insertion,Insertion_MMEJ-Deletion,0.07109495,0.07040923,0.05887507,0.055459443,0.06768387,0.07226352,0.07091725,0.065534785,0.071050584,0.06277719,0.06917033,0.069608256,0.06922913,0.057802096,0.06812439
CAGCGTGAGATTGATG-4,MMEJ-Deletion_MMEJ-Deletion,Insertion_MMEJ-Deletion,0.07109495,0.07040923,0.05887507,0.055459443,0.06768387,0.07226352,0.07091725,0.065534785,0.071050584,0.06277719,0.06917033,0.069608256,0.06922913,0.057802096,0.06812439
AGAAATGTCTCGTGAA-4,NHEJ-Deletion_WT,Insertion_MMEJ-Deletion,0.07109495,0.07040923,0.05887507,0.055459443,0.06768387,0.07226352,0.07091725,0.065534785,0.071050584,0.06277719,0.06917033,0.069608256,0.06922913,0.057802096,0.06812439
TTACTGTCAGCTATTG-1,Insertion_WT,Insertion_MMEJ-Deletion,0.07109495,0.07040923,0.05887507,0.055459443,0.06768387,0.07226352,0.07091725,0.065534785,0.071050584,0.06277719,0.06917033,0.069608256,0.06922913,0.057802096,0.06812439
GGTAACTGTAGCGAGT-1,Insertion_NHEJ-Deletion,Insertion_MMEJ-Deletion,0.07109495,0.07040923,0.05887507,0.055459443,0.06768387,0.07226352,0.07091725,0.065534785,0.071050584,0.06277719,0.06917033,0.069608256,0.06922913,0.057802096,0.06812439
TCGGTCTCAGATCCTA-1,NHEJ-Deletion_NHEJ-Deletion,Insertion_MMEJ-Deletion,0.07109495,0.07040923,0.05887507,0.055459443,0.06768387,0.07226352,0.07091725,0.065534785,0.071050584,0.06277719,0.06917033,0.069608256,0.06922913,0.057802096,0.06812439
TGAATGCGTGCAGTGA-1,Insertion_MMEJ-Deletion,Insertion_MMEJ-Deletion,0.07109495,0.07040923,0.05887507,0.055459443,0.06768387,0.07226352,0.07091725,0.065534785,0.071050584,0.06277719,0.06917033,0.069608256,0.06922913,0.057802096,0.06812439
AGCGTATTCGCGTTTC-4,Insertion_MMEJ-Deletion,Insertion_MMEJ-Deletion,0.07109495,0.07040923,0.05887507,0.055459443,0.06768387,0.07226352,0.07091725,0.065534785,0.071050584,0.06277719,0.06917033,0.069608256,0.06922913,0.057802096,0.06812439
ACCCTTGAGTGATAAC-1,Insertion_NHEJ-Deletion,Insertion_MMEJ-Deletion,0.07109495,0.07040923,0.05887507,0.055459443,0.06768387,0.07226352,0.07091725,0.065534785,0.071050584,0.06277719,0.06917033,0.069608256,0.06922913,0.057802096,0.06812439
GGAATCTGTGATTCAC-4,Insertion_NHEJ-Deletion,Insertion_MMEJ-Deletion,0.07109495,0.07040923,0.05887507,0.055459443,0.06768387,0.07226352,0.07091725,0.065534785,0.071050584,0.06277719,0.06917033,0.069608256,0.06922913,0.057802096,0.06812439
GCACGTGCACGACGAA-1,HDR_Insertion,Insertion_MMEJ-Deletion,0.07109495,0.07040923,0.05887507,0.055459443,0.06768387,0.07226352,0.07091725,0.065534785,0.071050584,0.06277719,0.06917033,0.069608256,0.06922913,0.057802096,0.06812439
CCAAGCGTCTTGGAAC-1,Insertion_NHEJ-Deletion,Insertion_MMEJ-Deletion,0.07109495,0.07040923,0.05887507,0.055459443,0.06768387,0.07226352,0.07091725,0.065534785,0.071050584,0.06277719,0.06917033,0.069608256,0.06922913,0.057802096,0.06812439
AGAGCAGAGCATTTGC-1,HDR_NHEJ-Deletion,Insertion_MMEJ-Deletion,0.07109495,0.07040923,0.05887507,0.055459443,0.06768387,0.07226352,0.07091725,0.065534785,0.071050584,0.06277719,0.06917033,0.069608256,0.06922913,0.057802096,0.06812439
GCATTAGCACAATGCT-4,Insertion_WT,Insertion_MMEJ-Deletion,0.07109495,0.07040923,0.05887507,0.055459443,0.06768387,0.07226352,0.07091725,0.065534785,0.071050584,0.06277719,0.06917033,0.069608256,0.06922913,0.057802096,0.06812439
GAGACCCGTCACTCAA-1,Insertion_NHEJ-Deletion,Insertion_MMEJ-Deletion,0.07109495,0.07040923,0.05887507,0.055459443,0.06768387,0.07226352,0.07091725,0.065534785,0.071050584,0.06277719,0.06917033,0.069608256,0.06922913,0.057802096,0.06812439
AAGACTCGTACCACGC-1,Insertion_Insertion,Insertion_MMEJ-Deletion,0.07109495,0.07040923,0.05887507,0.055459443,0.06768387,0.07226352,0.07091725,0.065534785,0.071050584,0.06277719,0.06917033,0.069608256,0.06922913,0.057802096,0.06812439
TGGATGTTCTGCTTTA-1,Insertion_WT,Insertion_MMEJ-Deletion,0.07109495,0.07040923,0.05887507,0.055459443,0.06768387,0.07226352,0.07091725,0.065534785,0.071050584,0.06277719,0.06917033,0.069608256,0.06922913,0.057802096,0.06812439
AACGTCACAGTAACGG-1,Insertion_Insertion,Insertion_MMEJ-Deletion,0.07109495,0.07040923,0.05887507,0.055459443,0.06768387,0.07226352,0.07091725,0.065534785,0.071050584,0.06277719,0.06917033,0.069608256,0.06922913,0.057802096,0.06812439
TGCGGGTCAGCTGCCA-1,Insertion_MMEJ-Deletion,Insertion_MMEJ-Deletion,0.07109495,0.07040923,0.05887507,0.055459443,0.06768387,0.07226352,0.07091725,0.065534785,0.071050584,0.06277719,0.06917033,0.069608256,0.06922913,0.057802096,0.06812439
CGGGTGTCAACGGGTA-1,Insertion_Insertion,Insertion_MMEJ-Deletion,0.07109495,0.07040923,0.05887507,0.055459443,0.06768387,0.07226352,0.07091725,0.065534785,0.071050584,0.06277719,0.06917033,0.069608256,0.06922913,0.057802096,0.06812439
AGGTCTAAGCGTGCTC-4,Insertion_SV,Insertion_MMEJ-Deletion,0.07109495,0.07040923,0.05887507,0.055459443,0.06768387,0.07226352,0.07091725,0.065534785,0.071050584,0.06277719,0.06917033,0.069608256,0.06922913,0.057802096,0.06812439
GTTGTGATCCGAGGCT-1,Insertion_WT,Insertion_MMEJ-Deletion,0.07109495,0.07040923,0.05887507,0.055459443,0.06768387,0.07226352,0.07091725,0.065534785,0.071050584,0.06277719,0.06917033,0.069608256,0.06922913,0.057802096,0.06812439
CTTCAATCACCCTATC-1,NHEJ-Deletion_WT,Insertion_MMEJ-Deletion,0.07109495,0.07040923,0.05887507,0.055459443,0.06768387,0.07226352,0.07091725,0.065534785,0.071050584,0.06277719,0.06917033,0.069608256,0.06922913,0.057802096,0.06812439
CCACGTTTCGCTCTCA-1,Insertion_Insertion,Insertion_MMEJ-Deletion,0.07109495,0.07040923,0.05887507,0.055459443,0.06768387,0.07226352,0.07091725,0.065534785,0.071050584,0.06277719,0.06917033,0.069608256,0.06922913,0.057802096,0.06812439
AAGTACCTCATAGGCT-1,Insertion_Insertion,Insertion_MMEJ-Deletion,0.07109495,0.07040923,0.05887507,0.055459443,0.06768387,0.07226352,0.07091725,0.065534785,0.071050584,0.06277719,0.06917033,0.069608256,0.06922913,0.057802096,0.06812439
GGGAGTAAGCGAGTCA-1,Insertion_WT,Insertion_MMEJ-Deletion,0.07109495,0.07040923,0.05887507,0.055459443,0.06768387,0.07226352,0.07091725,0.065534785,0.071050584,0.06277719,0.06917033,0.069608256,0.06922913,0.057802096,0.06812439
AGGTCATGTACGGGAT-4,Insertion_Insertion,Insertion_MMEJ-Deletion,0.07109495,0.07040923,0.05887507,0.055459443,0.06768387,0.07226352,0.07091725,0.065534785,0.071050584,0.06277719,0.06917033,0.069608256,0.06922913,0.057802096,0.06812439
CAATTTCGTCAGTCTA-1,MMEJ-Deletion_NHEJ-Deletion,Insertion_MMEJ-Deletion,0.07109495,0.07040923,0.05887507,0.055459443,0.06768387,0.07226352,0.07091725,0.065534785,0.071050584,0.06277719,0.06917033,0.069608256,0.06922913,0.057802096,0.06812439
AAAGAACGTAACAGTA-4,MMEJ-Deletion_WT,Insertion_MMEJ-Deletion,0.07109495,0.07040923,0.05887507,0.055459443,0.06768387,0.07226352,0.07091725,0.065534785,0.071050584,0.06277719,0.06917033,0.069608256,0.06922913,0.057802096,0.06812439
TTCTTGATCCCTCTTT-1,HDR_Insertion,Insertion_MMEJ-Deletion,0.07109495,0.07040923,0.05887507,0.055459443,0.06768387,0.07226352,0.07091725,0.065534785,0.071050584,0.06277719,0.06917033,0.069608256,0.06922913,0.057802096,0.06812439
AACGGGATCATTCCTA-4,NHEJ-Deletion_WT,Insertion_MMEJ-Deletion,0.07109495,0.07040923,0.05887507,0.055459443,0.06768387,0.07226352,0.07091725,0.065534785,0.071050584,0.06277719,0.06917033,0.069608256,0.06922913,0.057802096,0.06812439
TTGGATGCAAATGAAC-1,Insertion_WT,Insertion_MMEJ-Deletion,0.07109495,0.07040923,0.05887507,0.055459443,0.06768387,0.07226352,0.07091725,0.065534785,0.071050584,0.06277719,0.06917033,0.069608256,0.06922913,0.057802096,0.06812439
ACTTATCGTCGTACTA-1,Insertion_WT,Insertion_MMEJ-Deletion,0.07109495,0.07040923,0.05887507,0.055459443,0.06768387,0.07226352,0.07091725,0.065534785,0.071050584,0.06277719,0.06917033,0.069608256,0.06922913,0.057802096,0.06812439
GTAGTACAGAGCAGCT-1,HDR_NHEJ-Deletion,Insertion_MMEJ-Deletion,0.07109495,0.07040923,0.05887507,0.055459443,0.06768387,0.07226352,0.07091725,0.065534785,0.071050584,0.06277719,0.06917033,0.069608256,0.06922913,0.057802096,0.06812439
GTCCACTTCAAACGTC-1,NHEJ-Deletion_WT,Insertion_MMEJ-Deletion,0.07109495,0.07040923,0.05887507,0.055459443,0.06768387,0.07226352,0.07091725,0.065534785,0.071050584,0.06277719,0.06917033,0.069608256,0.06922913,0.057802096,0.06812439
TGGGTTATCACGAGGA-1,Insertion_NHEJ-Deletion,Insertion_MMEJ-Deletion,0.07109495,0.07040923,0.05887507,0.055459443,0.06768387,0.07226352,0.07091725,0.065534785,0.071050584,0.06277719,0.06917033,0.069608256,0.06922913,0.057802096,0.06812439
CGGAGAAAGGCGACAT-4,Insertion_NHEJ-Deletion,Insertion_MMEJ-Deletion,0.07109495,0.07040923,0.05887507,0.055459443,0.06768387,0.07226352,0.07091725,0.065534785,0.071050584,0.06277719,0.06917033,0.069608256,0.06922913,0.057802096,0.06812439
GTGTCCTGTATCTCGA-1,Insertion_MMEJ-Deletion,Insertion_MMEJ-Deletion,0.07109495,0.07040923,0.05887507,0.055459443,0.06768387,0.07226352,0.07091725,0.065534785,0.071050584,0.06277719,0.06917033,0.069608256,0.06922913,0.057802096,0.06812439
TGATCAGCAGGTTCAT-4,Insertion_NHEJ-Deletion,Insertion_MMEJ-Deletion,0.07109495,0.07040923,0.05887507,0.055459443,0.06768387,0.07226352,0.07091725,0.065534785,0.071050584,0.06277719,0.06917033,0.069608256,0.06922913,0.057802096,0.06812439
TAGATCGGTGACTGAG-1,HDR_WT,Insertion_MMEJ-Deletion,0.07109495,0.07040923,0.05887507,0.055459443,0.06768387,0.07226352,0.07091725,0.065534785,0.071050584,0.06277719,0.06917033,0.069608256,0.06922913,0.057802096,0.06812439
GAGAGGTCACTGGCGT-1,HDR_Insertion,Insertion_MMEJ-Deletion,0.07109495,0.07040923,0.05887507,0.055459443,0.06768387,0.07226352,0.07091725,0.065534785,0.071050584,0.06277719,0.06917033,0.069608256,0.06922913,0.057802096,0.06812439
CCCTGATAGCAAGTCG-1,HDR_HDR,Insertion_MMEJ-Deletion,0.07109495,0.07040923,0.05887507,0.055459443,0.06768387,0.07226352,0.07091725,0.065534785,0.071050584,0.06277719,0.06917033,0.069608256,0.06922913,0.057802096,0.06812439
TTACGTTAGTGCTACT-1,Insertion_Insertion,Insertion_MMEJ-Deletion,0.07109495,0.07040923,0.05887507,0.055459443,0.06768387,0.07226352,0.07091725,0.065534785,0.071050584,0.06277719,0.06917033,0.069608256,0.06922913,0.057802096,0.06812439
CAGTTCCTCAGTAGGG-4,NHEJ-Deletion_WT,Insertion_MMEJ-Deletion,0.07109495,0.07040923,0.05887507,0.055459443,0.06768387,0.07226352,0.07091725,0.065534785,0.071050584,0.06277719,0.06917033,0.069608256,0.06922913,0.057802096,0.06812439
TTCTAGTAGAGTCAGC-4,Insertion_NHEJ-Deletion,Insertion_MMEJ-Deletion,0.07109495,0.07040923,0.05887507,0.055459443,0.06768387,0.07226352,0.07091725,0.065534785,0.071050584,0.06277719,0.06917033,0.069608256,0.06922913,0.057802096,0.06812439
GGGCTCATCAACACGT-1,HDR_Insertion,Insertion_MMEJ-Deletion,0.07109495,0.07040923,0.05887507,0.055459443,0.06768387,0.07226352,0.07091725,0.065534785,0.071050584,0.06277719,0.06917033,0.069608256,0.06922913,0.057802096,0.06812439
GAGTCTACAGGAGACT-1,MMEJ-Deletion_MMEJ-Deletion,Insertion_MMEJ-Deletion,0.07109495,0.07040923,0.05887507,0.055459443,0.06768387,0.07226352,0.07091725,0.065534785,0.071050584,0.06277719,0.06917033,0.069608256,0.06922913,0.057802096,0.06812439
GTGACGCAGCGAGAAA-1,Insertion_Insertion,Insertion_MMEJ-Deletion,0.07109495,0.07040923,0.05887507,0.055459443,0.06768387,0.07226352,0.07091725,0.065534785,0.071050584,0.06277719,0.06917033,0.069608256,0.06922913,0.057802096,0.06812439
ATTCAGGAGCCTGGAA-1,MMEJ-Deletion_NHEJ-Deletion,Insertion_MMEJ-Deletion,0.07109495,0.07040923,0.05887507,0.055459443,0.06768387,0.07226352,0.07091725,0.065534785,0.071050584,0.06277719,0.06917033,0.069608256,0.06922913,0.057802096,0.06812439
ATGCCTCCATAGGAGC-1,Insertion_Insertion,Insertion_MMEJ-Deletion,0.07109495,0.07040923,0.05887507,0.055459443,0.06768387,0.07226352,0.07091725,0.065534785,0.071050584,0.06277719,0.06917033,0.069608256,0.06922913,0.057802096,0.06812439
CCGTGAGTCCTAAACG-4,HDR_Insertion,Insertion_MMEJ-Deletion,0.07109495,0.07040923,0.05887507,0.055459443,0.06768387,0.07226352,0.07091725,0.065534785,0.071050584,0.06277719,0.06917033,0.069608256,0.06922913,0.057802096,0.06812439
TTACAGGTCTACCACC-4,NHEJ-Deletion_NHEJ-Deletion,Insertion_MMEJ-Deletion,0.07109495,0.07040923,0.05887507,0.055459443,0.06768387,0.07226352,0.07091725,0.065534785,0.071050584,0.06277719,0.06917033,0.069608256,0.06922913,0.057802096,0.06812439
TGGGAGATCAAGAATG-1,Insertion_NHEJ-Deletion,Insertion_MMEJ-Deletion,0.07109495,0.07040923,0.05887507,0.055459443,0.06768387,0.07226352,0.07091725,0.065534785,0.071050584,0.06277719,0.06917033,0.069608256,0.06922913,0.057802096,0.06812439
AGACCATTCCTCTCTT-1,NHEJ-Deletion_WT,Insertion_MMEJ-Deletion,0.07109495,0.07040923,0.05887507,0.055459443,0.06768387,0.07226352,0.07091725,0.065534785,0.071050584,0.06277719,0.06917033,0.069608256,0.06922913,0.057802096,0.06812439
ACTTTCAGTTCGGTAT-1,Insertion_WT,Insertion_MMEJ-Deletion,0.07109495,0.07040923,0.05887507,0.055459443,0.06768387,0.07226352,0.07091725,0.065534785,0.071050584,0.06277719,0.06917033,0.069608256,0.06922913,0.057802096,0.06812439
AGAGAGCTCTGGAGAG-1,HDR_Insertion,Insertion_MMEJ-Deletion,0.07109495,0.07040923,0.05887507,0.055459443,0.06768387,0.07226352,0.07091725,0.065534785,0.071050584,0.06277719,0.06917033,0.069608256,0.06922913,0.057802096,0.06812439
TTTGGTTAGCGTGAGT-1,Insertion_NHEJ-Deletion,Insertion_MMEJ-Deletion,0.07109495,0.07040923,0.05887507,0.055459443,0.06768387,0.07226352,0.07091725,0.065534785,0.071050584,0.06277719,0.06917033,0.069608256,0.06922913,0.057802096,0.06812439
TCAAGACAGAGTAACT-4,Insertion_WT,Insertion_MMEJ-Deletion,0.07109495,0.07040923,0.05887507,0.055459443,0.06768387,0.07226352,0.07091725,0.065534785,0.071050584,0.06277719,0.06917033,0.069608256,0.06922913,0.057802096,0.06812439
ACGGAAGCATTGAAAG-1,Insertion_NHEJ-Deletion,Insertion_MMEJ-Deletion,0.07109495,0.07040923,0.05887507,0.055459443,0.06768387,0.07226352,0.07091725,0.065534785,0.071050584,0.06277719,0.06917033,0.069608256,0.06922913,0.057802096,0.06812439
AATGAAGGTATACGGG-1,MMEJ-Deletion_MMEJ-Deletion,Insertion_MMEJ-Deletion,0.07109495,0.07040923,0.05887507,0.055459443,0.06768387,0.07226352,0.07091725,0.065534785,0.071050584,0.06277719,0.06917033,0.069608256,0.06922913,0.057802096,0.06812439
TCTCAGCTCCATTGCC-1,Insertion_WT,Insertion_MMEJ-Deletion,0.07109495,0.07040923,0.05887507,0.055459443,0.06768387,0.07226352,0.07091725,0.065534785,0.071050584,0.06277719,0.06917033,0.069608256,0.06922913,0.057802096,0.06812439
TGGGAAGAGGTAGTAT-1,HDR_NHEJ-Deletion,Insertion_MMEJ-Deletion,0.07109495,0.07040923,0.05887507,0.055459443,0.06768387,0.07226352,0.07091725,0.065534785,0.071050584,0.06277719,0.06917033,0.069608256,0.06922913,0.057802096,0.06812439
CCACGTTAGTCCTACA-1,Insertion_MMEJ-Deletion,Insertion_MMEJ-Deletion,0.07109495,0.07040923,0.05887507,0.055459443,0.06768387,0.07226352,0.07091725,0.065534785,0.071050584,0.06277719,0.06917033,0.069608256,0.06922913,0.057802096,0.06812439
GCCCAGAGTGGACTGA-1,Insertion_NHEJ-Deletion,Insertion_MMEJ-Deletion,0.07109495,0.07040923,0.05887507,0.055459443,0.06768387,0.07226352,0.07091725,0.065534785,0.071050584,0.06277719,0.06917033,0.069608256,0.06922913,0.057802096,0.06812439
TCCTCCCGTGGTCTGC-1,HDR_Insertion,Insertion_MMEJ-Deletion,0.07109495,0.07040923,0.05887507,0.055459443,0.06768387,0.07226352,0.07091725,0.065534785,0.071050584,0.06277719,0.06917033,0.069608256,0.06922913,0.057802096,0.06812439
ATGGTTGTCATAGAGA-1,HDR_Insertion,Insertion_MMEJ-Deletion,0.07109495,0.07040923,0.05887507,0.055459443,0.06768387,0.07226352,0.07091725,0.065534785,0.071050584,0.06277719,0.06917033,0.069608256,0.06922913,0.057802096,0.06812439
TTTACGTGTACTCAAC-1,Insertion_Insertion,Insertion_MMEJ-Deletion,0.07109495,0.07040923,0.05887507,0.055459443,0.06768387,0.07226352,0.07091725,0.065534785,0.071050584,0.06277719,0.06917033,0.069608256,0.06922913,0.057802096,0.06812439
CCGTGAGTCTCATTAC-1,Insertion_NHEJ-Deletion,Insertion_MMEJ-Deletion,0.07109495,0.07040923,0.05887507,0.055459443,0.06768387,0.07226352,0.07091725,0.065534785,0.071050584,0.06277719,0.06917033,0.069608256,0.06922913,0.057802096,0.06812439
GCCCAGAGTGTGTACT-1,Insertion_WT,Insertion_MMEJ-Deletion,0.07109495,0.07040923,0.05887507,0.055459443,0.06768387,0.07226352,0.07091725,0.065534785,0.071050584,0.06277719,0.06917033,0.069608256,0.06922913,0.057802096,0.06812439
CCATAAGAGTCCGTCG-1,Insertion_Insertion,Insertion_MMEJ-Deletion,0.07109495,0.07040923,0.05887507,0.055459443,0.06768387,0.07226352,0.07091725,0.065534785,0.071050584,0.06277719,0.06917033,0.069608256,0.06922913,0.057802096,0.06812439
CGCCAGATCAAGGACG-1,HDR_Insertion,Insertion_MMEJ-Deletion,0.07109495,0.07040923,0.05887507,0.055459443,0.06768387,0.07226352,0.07091725,0.065534785,0.071050584,0.06277719,0.06917033,0.069608256,0.06922913,0.057802096,0.06812439
CCTGTTGGTGACAGGT-4,NHEJ-Deletion_WT,Insertion_MMEJ-Deletion,0.07109495,0.07040923,0.05887507,0.055459443,0.06768387,0.07226352,0.07091725,0.065534785,0.071050584,0.06277719,0.06917033,0.069608256,0.06922913,0.057802096,0.06812439
TTTCAGTGTGTCTTGA-4,MMEJ-Deletion_WT,Insertion_MMEJ-Deletion,0.07109495,0.07040923,0.05887507,0.055459443,0.06768387,0.07226352,0.07091725,0.065534785,0.071050584,0.06277719,0.06917033,0.069608256,0.06922913,0.057802096,0.06812439
TCGAAGTCAGAAGCTG-1,Insertion_Insertion,Insertion_MMEJ-Deletion,0.07109495,0.07040923,0.05887507,0.055459443,0.06768387,0.07226352,0.07091725,0.065534785,0.071050584,0.06277719,0.06917033,0.069608256,0.06922913,0.057802096,0.06812439
ATTCATCGTACTCCCT-1,Insertion_NHEJ-Deletion,Insertion_MMEJ-Deletion,0.07109495,0.07040923,0.05887507,0.055459443,0.06768387,0.07226352,0.07091725,0.065534785,0.071050584,0.06277719,0.06917033,0.069608256,0.06922913,0.057802096,0.06812439
AGAAGTAGTCAACCAT-1,Insertion_WT,Insertion_MMEJ-Deletion,0.07109495,0.07040923,0.05887507,0.055459443,0.06768387,0.07226352,0.07091725,0.065534785,0.071050584,0.06277719,0.06917033,0.069608256,0.06922913,0.057802096,0.06812439
AATAGAGTCTGTTCAT-1,Insertion_WT,Insertion_MMEJ-Deletion,0.07109495,0.07040923,0.05887507,0.055459443,0.06768387,0.07226352,0.07091725,0.065534785,0.071050584,0.06277719,0.06917033,0.069608256,0.06922913,0.057802096,0.06812439
ACGTAGTAGTAGACAT-1,NHEJ-Deletion_WT,Insertion_MMEJ-Deletion,0.07109495,0.07040923,0.05887507,0.055459443,0.06768387,0.07226352,0.07091725,0.065534785,0.071050584,0.06277719,0.06917033,0.069608256,0.06922913,0.057802096,0.06812439
GGGTTATAGACGCCAA-1,Insertion_NHEJ-Deletion,Insertion_MMEJ-Deletion,0.07109495,0.07040923,0.05887507,0.055459443,0.06768387,0.07226352,0.07091725,0.065534785,0.071050584,0.06277719,0.06917033,0.069608256,0.06922913,0.057802096,0.06812439
GTACAGTTCGTAGCCG-4,Insertion_Insertion,Insertion_MMEJ-Deletion,0.07109495,0.07040923,0.05887507,0.055459443,0.06768387,0.07226352,0.07091725,0.065534785,0.071050584,0.06277719,0.06917033,0.069608256,0.06922913,0.057802096,0.06812439
CACCAAAAGAAGCGCT-1,HDR_Insertion,Insertion_MMEJ-Deletion,0.07109495,0.07040923,0.05887507,0.055459443,0.06768387,0.07226352,0.07091725,0.065534785,0.071050584,0.06277719,0.06917033,0.069608256,0.06922913,0.057802096,0.06812439
GAGTCTATCTACCACC-1,Insertion_Insertion,Insertion_MMEJ-Deletion,0.07109495,0.07040923,0.05887507,0.055459443,0.06768387,0.07226352,0.07091725,0.065534785,0.071050584,0.06277719,0.06917033,0.069608256,0.06922913,0.057802096,0.06812439
AAGATAGGTCGCTCGA-1,Insertion_Insertion,Insertion_MMEJ-Deletion,0.07109495,0.07040923,0.05887507,0.055459443,0.06768387,0.07226352,0.07091725,0.065534785,0.071050584,0.06277719,0.06917033,0.069608256,0.06922913,0.057802096,0.06812439
CATTGAGAGCGTCTCG-4,Insertion_Insertion,Insertion_MMEJ-Deletion,0.07109495,0.07040923,0.05887507,0.055459443,0.06768387,0.07226352,0.07091725,0.065534785,0.071050584,0.06277719,0.06917033,0.069608256,0.06922913,0.057802096,0.06812439
GGTGTTACAATGAAAC-1,NHEJ-Deletion_NHEJ-Deletion,Insertion_MMEJ-Deletion,0.07109495,0.07040923,0.05887507,0.055459443,0.06768387,0.07226352,0.07091725,0.065534785,0.071050584,0.06277719,0.06917033,0.069608256,0.06922913,0.057802096,0.06812439
TCGGATAAGATGACCG-1,HDR_HDR,Insertion_MMEJ-Deletion,0.07109495,0.07040923,0.05887507,0.055459443,0.06768387,0.07226352,0.07091725,0.065534785,0.071050584,0.06277719,0.06917033,0.069608256,0.06922913,0.057802096,0.06812439
CCACGAGCAAAGGCAC-1,HDR_WT,Insertion_MMEJ-Deletion,0.07109495,0.07040923,0.05887507,0.055459443,0.06768387,0.07226352,0.07091725,0.065534785,0.071050584,0.06277719,0.06917033,0.069608256,0.06922913,0.057802096,0.06812439
AAGCCATCAGTGGGTA-1,Insertion_NHEJ-Deletion,Insertion_MMEJ-Deletion,0.07109495,0.07040923,0.05887507,0.055459443,0.06768387,0.07226352,0.07091725,0.065534785,0.071050584,0.06277719,0.06917033,0.069608256,0.06922913,0.057802096,0.06812439
TGGAGAGCAACTAGAA-1,MMEJ-Deletion_WT,Insertion_MMEJ-Deletion,0.07109495,0.07040923,0.05887507,0.055459443,0.06768387,0.07226352,0.07091725,0.065534785,0.071050584,0.06277719,0.06917033,0.069608256,0.06922913,0.057802096,0.06812439
GCATTAGTCCTTCTTC-1,Insertion_MMEJ-Deletion,Insertion_MMEJ-Deletion,0.07109495,0.07040923,0.05887507,0.055459443,0.06768387,0.07226352,0.07091725,0.065534785,0.071050584,0.06277719,0.06917033,0.069608256,0.06922913,0.057802096,0.06812439
CATCCGTTCACATTGG-1,HDR_HDR,Insertion_MMEJ-Deletion,0.07109495,0.07040923,0.05887507,0.055459443,0.06768387,0.07226352,0.07091725,0.065534785,0.071050584,0.06277719,0.06917033,0.069608256,0.06922913,0.057802096,0.06812439
TTACCATAGTTCACTG-1,HDR_HDR,Insertion_MMEJ-Deletion,0.07109495,0.07040923,0.05887507,0.055459443,0.06768387,0.07226352,0.07091725,0.065534785,0.071050584,0.06277719,0.06917033,0.069608256,0.06922913,0.057802096,0.06812439
AGTACTGAGCCTTTGA-1,HDR_HDR,Insertion_MMEJ-Deletion,0.07109495,0.07040923,0.05887507,0.055459443,0.06768387,0.07226352,0.07091725,0.065534785,0.071050584,0.06277719,0.06917033,0.069608256,0.06922913,0.057802096,0.06812439
GGAACCCTCACTAGCA-1,Insertion_Insertion,Insertion_MMEJ-Deletion,0.07109495,0.07040923,0.05887507,0.055459443,0.06768387,0.07226352,0.07091725,0.065534785,0.071050584,0.06277719,0.06917033,0.069608256,0.06922913,0.057802096,0.06812439
GTAATGCGTTCGAAGG-1,HDR_HDR,Insertion_MMEJ-Deletion,0.07109495,0.07040923,0.05887507,0.055459443,0.06768387,0.07226352,0.07091725,0.065534785,0.071050584,0.06277719,0.06917033,0.069608256,0.06922913,0.057802096,0.06812439
GTGTAACAGATGATTG-1,Insertion_NHEJ-Deletion,Insertion_MMEJ-Deletion,0.07109495,0.07040923,0.05887507,0.055459443,0.06768387,0.07226352,0.07091725,0.065534785,0.071050584,0.06277719,0.06917033,0.069608256,0.06922913,0.057802096,0.06812439
TGCTCCATCATGAGTC-4,HDR_WT,Insertion_MMEJ-Deletion,0.07109495,0.07040923,0.05887507,0.055459443,0.06768387,0.07226352,0.07091725,0.065534785,0.071050584,0.06277719,0.06917033,0.069608256,0.06922913,0.057802096,0.06812439
TGAACGTTCTCTGACC-1,HDR_Insertion,Insertion_MMEJ-Deletion,0.07109495,0.07040923,0.05887507,0.055459443,0.06768387,0.07226352,0.07091725,0.065534785,0.071050584,0.06277719,0.06917033,0.069608256,0.06922913,0.057802096,0.06812439
ATCAGGTCATGGATCT-1,HDR_WT,Insertion_MMEJ-Deletion,0.07109495,0.07040923,0.05887507,0.055459443,0.06768387,0.07226352,0.07091725,0.065534785,0.071050584,0.06277719,0.06917033,0.069608256,0.06922913,0.057802096,0.06812439
GTTCCGTCACTCCACT-1,NHEJ-Deletion_NHEJ-Deletion,Insertion_MMEJ-Deletion,0.07109495,0.07040923,0.05887507,0.055459443,0.06768387,0.07226352,0.07091725,0.065534785,0.071050584,0.06277719,0.06917033,0.069608256,0.06922913,0.057802096,0.06812439
AAAGTCCTCTCTTAAC-4,Insertion_WT,Insertion_MMEJ-Deletion,0.07109495,0.07040923,0.05887507,0.055459443,0.06768387,0.07226352,0.07091725,0.065534785,0.071050584,0.06277719,0.06917033,0.069608256,0.06922913,0.057802096,0.06812439
ATCGATGGTGGATCGA-1,Insertion_Insertion,Insertion_MMEJ-Deletion,0.07109495,0.07040923,0.05887507,0.055459443,0.06768387,0.07226352,0.07091725,0.065534785,0.071050584,0.06277719,0.06917033,0.069608256,0.06922913,0.057802096,0.06812439
TGACTCCTCTCCTACG-1,NHEJ-Deletion_NHEJ-Deletion,Insertion_MMEJ-Deletion,0.07109495,0.07040923,0.05887507,0.055459443,0.06768387,0.07226352,0.07091725,0.065534785,0.071050584,0.06277719,0.06917033,0.069608256,0.06922913,0.057802096,0.06812439
GTAACCATCTGAGGTT-4,Insertion_Insertion,Insertion_MMEJ-Deletion,0.07109495,0.07040923,0.05887507,0.055459443,0.06768387,0.07226352,0.07091725,0.065534785,0.071050584,0.06277719,0.06917033,0.069608256,0.06922913,0.057802096,0.06812439
ATTGTTCCACTCAGAT-4,Insertion_WT,Insertion_MMEJ-Deletion,0.07109495,0.07040923,0.05887507,0.055459443,0.06768387,0.07226352,0.07091725,0.065534785,0.071050584,0.06277719,0.06917033,0.069608256,0.06922913,0.057802096,0.06812439
ATACCGATCCTTACCG-1,Insertion_WT,Insertion_MMEJ-Deletion,0.07109495,0.07040923,0.05887507,0.055459443,0.06768387,0.07226352,0.07091725,0.065534785,0.071050584,0.06277719,0.06917033,0.069608256,0.06922913,0.057802096,0.06812439
CTTTCGGCAAGAATGT-1,Insertion_Insertion,Insertion_MMEJ-Deletion,0.07109495,0.07040923,0.05887507,0.055459443,0.06768387,0.07226352,0.07091725,0.065534785,0.071050584,0.06277719,0.06917033,0.069608256,0.06922913,0.057802096,0.06812439
GATCAGTTCATGGGAG-1,MMEJ-Deletion_NHEJ-Deletion,Insertion_MMEJ-Deletion,0.07109495,0.07040923,0.05887507,0.055459443,0.06768387,0.07226352,0.07091725,0.065534785,0.071050584,0.06277719,0.06917033,0.069608256,0.06922913,0.057802096,0.06812439
ATGATCGAGGTAGTAT-4,HDR_Insertion,Insertion_MMEJ-Deletion,0.07109495,0.07040923,0.05887507,0.055459443,0.06768387,0.07226352,0.07091725,0.065534785,0.071050584,0.06277719,0.06917033,0.069608256,0.06922913,0.057802096,0.06812439
GGGACTCTCTTTGCGC-1,NHEJ-Deletion_NHEJ-Deletion,Insertion_MMEJ-Deletion,0.07109495,0.07040923,0.05887507,0.055459443,0.06768387,0.07226352,0.07091725,0.065534785,0.071050584,0.06277719,0.06917033,0.069608256,0.06922913,0.057802096,0.06812439
GCTCAAATCAGGTGTT-1,Insertion_WT,Insertion_MMEJ-Deletion,0.07109495,0.07040923,0.05887507,0.055459443,0.06768387,0.07226352,0.07091725,0.065534785,0.071050584,0.06277719,0.06917033,0.069608256,0.06922913,0.057802096,0.06812439
ATTCCTACAATAACGA-4,Insertion_WT,Insertion_MMEJ-Deletion,0.07109495,0.07040923,0.05887507,0.055459443,0.06768387,0.07226352,0.07091725,0.065534785,0.071050584,0.06277719,0.06917033,0.069608256,0.06922913,0.057802096,0.06812439
TCTTCCTAGTATAGGT-1,NHEJ-Deletion_WT,Insertion_MMEJ-Deletion,0.07109495,0.07040923,0.05887507,0.055459443,0.06768387,0.07226352,0.07091725,0.065534785,0.071050584,0.06277719,0.06917033,0.069608256,0.06922913,0.057802096,0.06812439
AGGATCTGTCGTGGAA-1,Insertion_Insertion,Insertion_MMEJ-Deletion,0.07109495,0.07040923,0.05887507,0.055459443,0.06768387,0.07226352,0.07091725,0.065534785,0.071050584,0.06277719,0.06917033,0.069608256,0.06922913,0.057802096,0.06812439
ATGGGTTTCCCTCTAG-1,HDR_HDR,Insertion_MMEJ-Deletion,0.07109495,0.07040923,0.05887507,0.055459443,0.06768387,0.07226352,0.07091725,0.065534785,0.071050584,0.06277719,0.06917033,0.069608256,0.06922913,0.057802096,0.06812439
GCTGAATTCCAATGCA-4,Insertion_NHEJ-Deletion,Insertion_MMEJ-Deletion,0.07109495,0.07040923,0.05887507,0.055459443,0.06768387,0.07226352,0.07091725,0.065534785,0.071050584,0.06277719,0.06917033,0.069608256,0.06922913,0.057802096,0.06812439
TATCTGTCAGGTGACA-1,Insertion_NHEJ-Deletion,Insertion_MMEJ-Deletion,0.07109495,0.07040923,0.05887507,0.055459443,0.06768387,0.07226352,0.07091725,0.065534785,0.071050584,0.06277719,0.06917033,0.069608256,0.06922913,0.057802096,0.06812439
AGTGACTTCGCCTAGG-1,Insertion_Insertion,Insertion_MMEJ-Deletion,0.07109495,0.07040923,0.05887507,0.055459443,0.06768387,0.07226352,0.07091725,0.065534785,0.071050584,0.06277719,0.06917033,0.069608256,0.06922913,0.057802096,0.06812439
ATTACCTTCAAGCGTT-4,NHEJ-Deletion_WT,Insertion_MMEJ-Deletion,0.07109495,0.07040923,0.05887507,0.055459443,0.06768387,0.07226352,0.07091725,0.065534785,0.071050584,0.06277719,0.06917033,0.069608256,0.06922913,0.057802096,0.06812439
ATGGGAGCAATACGCT-1,HDR_HDR,Insertion_MMEJ-Deletion,0.07109495,0.07040923,0.05887507,0.055459443,0.06768387,0.07226352,0.07091725,0.065534785,0.071050584,0.06277719,0.06917033,0.069608256,0.06922913,0.057802096,0.06812439
GGGTTTAGTTTAGAGA-1,NHEJ-Deletion_WT,Insertion_MMEJ-Deletion,0.07109495,0.07040923,0.05887507,0.055459443,0.06768387,0.07226352,0.07091725,0.065534785,0.071050584,0.06277719,0.06917033,0.069608256,0.06922913,0.057802096,0.06812439
TCCATCGAGAGTCTGG-1,Insertion_NHEJ-Deletion,Insertion_MMEJ-Deletion,0.07109495,0.07040923,0.05887507,0.055459443,0.06768387,0.07226352,0.07091725,0.065534785,0.071050584,0.06277719,0.06917033,0.069608256,0.06922913,0.057802096,0.06812439
CACCAAAAGGCGAACT-1,Insertion_Insertion,Insertion_MMEJ-Deletion,0.07109495,0.07040923,0.05887507,0.055459443,0.06768387,0.07226352,0.07091725,0.065534785,0.071050584,0.06277719,0.06917033,0.069608256,0.06922913,0.057802096,0.06812439
GATTCGATCCCAGCGA-1,Insertion_Insertion,Insertion_MMEJ-Deletion,0.07109495,0.07040923,0.05887507,0.055459443,0.06768387,0.07226352,0.07091725,0.065534785,0.071050584,0.06277719,0.06917033,0.069608256,0.06922913,0.057802096,0.06812439
TCATTGTCAGTGGTGA-1,Insertion_WT,Insertion_MMEJ-Deletion,0.07109495,0.07040923,0.05887507,0.055459443,0.06768387,0.07226352,0.07091725,0.065534785,0.071050584,0.06277719,0.06917033,0.069608256,0.06922913,0.057802096,0.06812439
AATTTCCTCCAATCCC-1,Insertion_Insertion,Insertion_MMEJ-Deletion,0.07109495,0.07040923,0.05887507,0.055459443,0.06768387,0.07226352,0.07091725,0.065534785,0.071050584,0.06277719,0.06917033,0.069608256,0.06922913,0.057802096,0.06812439
AGAAATGTCTGCCCTA-1,HDR_Insertion,Insertion_MMEJ-Deletion,0.07109495,0.07040923,0.05887507,0.055459443,0.06768387,0.07226352,0.07091725,0.065534785,0.071050584,0.06277719,0.06917033,0.069608256,0.06922913,0.057802096,0.06812439
AATGACCGTTAAGTCC-4,Insertion_SV,Insertion_MMEJ-Deletion,0.07109495,0.07040923,0.05887507,0.055459443,0.06768387,0.07226352,0.07091725,0.065534785,0.071050584,0.06277719,0.06917033,0.069608256,0.06922913,0.057802096,0.06812439
CTCCATGTCTCCCTAG-1,NHEJ-Deletion_WT,Insertion_MMEJ-Deletion,0.07109495,0.07040923,0.05887507,0.055459443,0.06768387,0.07226352,0.07091725,0.065534785,0.071050584,0.06277719,0.06917033,0.069608256,0.06922913,0.057802096,0.06812439
ACGGTCGTCCGTCACT-1,Insertion_WT,Insertion_MMEJ-Deletion,0.07109495,0.07040923,0.05887507,0.055459443,0.06768387,0.07226352,0.07091725,0.065534785,0.071050584,0.06277719,0.06917033,0.069608256,0.06922913,0.057802096,0.06812439
AAAGGATTCACTTGGA-1,Insertion_Insertion,Insertion_MMEJ-Deletion,0.07109495,0.07040923,0.05887507,0.055459443,0.06768387,0.07226352,0.07091725,0.065534785,0.071050584,0.06277719,0.06917033,0.069608256,0.06922913,0.057802096,0.06812439
CTAGGTAAGGCCACCT-1,MMEJ-Deletion_WT,Insertion_MMEJ-Deletion,0.07109495,0.07040923,0.05887507,0.055459443,0.06768387,0.07226352,0.07091725,0.065534785,0.071050584,0.06277719,0.06917033,0.069608256,0.06922913,0.057802096,0.06812439
CTTCCGATCAAGGTGG-1,Insertion_Insertion,Insertion_MMEJ-Deletion,0.07109495,0.07040923,0.05887507,0.055459443,0.06768387,0.07226352,0.07091725,0.065534785,0.071050584,0.06277719,0.06917033,0.069608256,0.06922913,0.057802096,0.06812439
AAGCCATGTGCAGATG-1,HDR_HDR,Insertion_MMEJ-Deletion,0.07109495,0.07040923,0.05887507,0.055459443,0.06768387,0.07226352,0.07091725,0.065534785,0.071050584,0.06277719,0.06917033,0.069608256,0.06922913,0.057802096,0.06812439
TGTCAGAAGAGTGAAG-1,Insertion_WT,Insertion_MMEJ-Deletion,0.07109495,0.07040923,0.05887507,0.055459443,0.06768387,0.07226352,0.07091725,0.065534785,0.071050584,0.06277719,0.06917033,0.069608256,0.06922913,0.057802096,0.06812439
ATCAGGTTCCGCCTAT-4,Insertion_Insertion,Insertion_MMEJ-Deletion,0.07109495,0.07040923,0.05887507,0.055459443,0.06768387,0.07226352,0.07091725,0.065534785,0.071050584,0.06277719,0.06917033,0.069608256,0.06922913,0.057802096,0.06812439
ATCTCTATCATTGTGG-1,HDR_HDR,Insertion_MMEJ-Deletion,0.07109495,0.07040923,0.05887507,0.055459443,0.06768387,0.07226352,0.07091725,0.065534785,0.071050584,0.06277719,0.06917033,0.069608256,0.06922913,0.057802096,0.06812439
ACTTAGGCACGCCACA-1,Insertion_WT,Insertion_MMEJ-Deletion,0.07109495,0.07040923,0.05887507,0.055459443,0.06768387,0.07226352,0.07091725,0.065534785,0.071050584,0.06277719,0.06917033,0.069608256,0.06922913,0.057802096,0.06812439
GTTGTGATCTGCGGGT-4,Insertion_WT,Insertion_MMEJ-Deletion,0.07109495,0.07040923,0.05887507,0.055459443,0.06768387,0.07226352,0.07091725,0.065534785,0.071050584,0.06277719,0.06917033,0.069608256,0.06922913,0.057802096,0.06812439
AAAGGGCCAAGGTTGG-1,HDR_HDR,Insertion_MMEJ-Deletion,0.07109495,0.07040923,0.05887507,0.055459443,0.06768387,0.07226352,0.07091725,0.065534785,0.071050584,0.06277719,0.06917033,0.069608256,0.06922913,0.057802096,0.06812439
CAAAGAAGTGCACATT-4,Insertion_WT,Insertion_MMEJ-Deletion,0.07109495,0.07040923,0.05887507,0.055459443,0.06768387,0.07226352,0.07091725,0.065534785,0.071050584,0.06277719,0.06917033,0.069608256,0.06922913,0.057802096,0.06812439
GACCAATCATCGCTAA-4,NHEJ-Deletion_WT,Insertion_MMEJ-Deletion,0.07109495,0.07040923,0.05887507,0.055459443,0.06768387,0.07226352,0.07091725,0.065534785,0.071050584,0.06277719,0.06917033,0.069608256,0.06922913,0.057802096,0.06812439
GTGGGAAAGACAGTCG-1,Insertion_Insertion,Insertion_MMEJ-Deletion,0.07109495,0.07040923,0.05887507,0.055459443,0.06768387,0.07226352,0.07091725,0.065534785,0.071050584,0.06277719,0.06917033,0.069608256,0.06922913,0.057802096,0.06812439
AGAGCCCGTACGAGCA-4,MMEJ-Deletion_NHEJ-Deletion,Insertion_MMEJ-Deletion,0.07109495,0.07040923,0.05887507,0.055459443,0.06768387,0.07226352,0.07091725,0.065534785,0.071050584,0.06277719,0.06917033,0.069608256,0.06922913,0.057802096,0.06812439
TGTAAGCTCTGGGAGA-1,NHEJ-Deletion_NHEJ-Deletion,Insertion_MMEJ-Deletion,0.07109495,0.07040923,0.05887507,0.055459443,0.06768387,0.07226352,0.07091725,0.065534785,0.071050584,0.06277719,0.06917033,0.069608256,0.06922913,0.057802096,0.06812439
CCCATTGGTTCATCGA-1,Insertion_WT,Insertion_MMEJ-Deletion,0.07109495,0.07040923,0.05887507,0.055459443,0.06768387,0.07226352,0.07091725,0.065534785,0.071050584,0.06277719,0.06917033,0.069608256,0.06922913,0.057802096,0.06812439
GTGTCCTGTTAGAAGT-1,Insertion_Insertion,Insertion_MMEJ-Deletion,0.07109495,0.07040923,0.05887507,0.055459443,0.06768387,0.07226352,0.07091725,0.065534785,0.071050584,0.06277719,0.06917033,0.069608256,0.06922913,0.057802096,0.06812439
CTCCCAACAGTGCGCT-1,Insertion_Insertion,Insertion_MMEJ-Deletion,0.07109495,0.07040923,0.05887507,0.055459443,0.06768387,0.07226352,0.07091725,0.065534785,0.071050584,0.06277719,0.06917033,0.069608256,0.06922913,0.057802096,0.06812439
TGTGGCGGTGCTCGTG-1,Insertion_MMEJ-Deletion,Insertion_MMEJ-Deletion,0.07109495,0.07040923,0.05887507,0.055459443,0.06768387,0.07226352,0.07091725,0.065534785,0.071050584,0.06277719,0.06917033,0.069608256,0.06922913,0.057802096,0.06812439
GAACGTTTCAATCTTC-1,MMEJ-Deletion_NHEJ-Deletion,Insertion_MMEJ-Deletion,0.07109495,0.07040923,0.05887507,0.055459443,0.06768387,0.07226352,0.07091725,0.065534785,0.071050584,0.06277719,0.06917033,0.069608256,0.06922913,0.057802096,0.06812439
GGTCTGGGTGTTCGTA-4,Insertion_Insertion,Insertion_MMEJ-Deletion,0.07109495,0.07040923,0.05887507,0.055459443,0.06768387,0.07226352,0.07091725,0.065534785,0.071050584,0.06277719,0.06917033,0.069608256,0.06922913,0.057802096,0.06812439
GATGATCGTGTTTGCA-4,Insertion_Insertion,Insertion_MMEJ-Deletion,0.07109495,0.07040923,0.05887507,0.055459443,0.06768387,0.07226352,0.07091725,0.065534785,0.071050584,0.06277719,0.06917033,0.069608256,0.06922913,0.057802096,0.06812439
CCACGAGGTGCAACAG-1,NHEJ-Deletion_WT,Insertion_MMEJ-Deletion,0.07109495,0.07040923,0.05887507,0.055459443,0.06768387,0.07226352,0.07091725,0.065534785,0.071050584,0.06277719,0.06917033,0.069608256,0.06922913,0.057802096,0.06812439
CCACTTGTCATCACCC-1,NHEJ-Deletion_NHEJ-Deletion,Insertion_MMEJ-Deletion,0.07109495,0.07040923,0.05887507,0.055459443,0.06768387,0.07226352,0.07091725,0.065534785,0.071050584,0.06277719,0.06917033,0.069608256,0.06922913,0.057802096,0.06812439
TCGCACTAGCCATTCA-1,Insertion_WT,Insertion_MMEJ-Deletion,0.07109495,0.07040923,0.05887507,0.055459443,0.06768387,0.07226352,0.07091725,0.065534785,0.071050584,0.06277719,0.06917033,0.069608256,0.06922913,0.057802096,0.06812439
GAGTGAGAGGCCATAG-1,HDR_Insertion,Insertion_MMEJ-Deletion,0.07109495,0.07040923,0.05887507,0.055459443,0.06768387,0.07226352,0.07091725,0.065534785,0.071050584,0.06277719,0.06917033,0.069608256,0.06922913,0.057802096,0.06812439
TTTACGTCAGTCAGTT-1,Insertion_WT,Insertion_MMEJ-Deletion,0.07109495,0.07040923,0.05887507,0.055459443,0.06768387,0.07226352,0.07091725,0.065534785,0.071050584,0.06277719,0.06917033,0.069608256,0.06922913,0.057802096,0.06812439
CATGCTCAGATGGGCT-1,Insertion_MMEJ-Deletion,Insertion_MMEJ-Deletion,0.07109495,0.07040923,0.05887507,0.055459443,0.06768387,0.07226352,0.07091725,0.065534785,0.071050584,0.06277719,0.06917033,0.069608256,0.06922913,0.057802096,0.06812439
GCCGTGATCCATCTAT-1,Insertion_WT,Insertion_MMEJ-Deletion,0.07109495,0.07040923,0.05887507,0.055459443,0.06768387,0.07226352,0.07091725,0.065534785,0.071050584,0.06277719,0.06917033,0.069608256,0.06922913,0.057802096,0.06812439
AGGTCATCAGGATCTT-1,Insertion_Insertion,Insertion_MMEJ-Deletion,0.07109495,0.07040923,0.05887507,0.055459443,0.06768387,0.07226352,0.07091725,0.065534785,0.071050584,0.06277719,0.06917033,0.069608256,0.06922913,0.057802096,0.06812439
CAGTTAGTCTGGCCTT-4,NHEJ-Deletion_NHEJ-Deletion,Insertion_MMEJ-Deletion,0.07109495,0.07040923,0.05887507,0.055459443,0.06768387,0.07226352,0.07091725,0.065534785,0.071050584,0.06277719,0.06917033,0.069608256,0.06922913,0.057802096,0.06812439
TTCGCTGTCGTCGATA-1,HDR_HDR,Insertion_MMEJ-Deletion,0.07109495,0.07040923,0.05887507,0.055459443,0.06768387,0.07226352,0.07091725,0.065534785,0.071050584,0.06277719,0.06917033,0.069608256,0.06922913,0.057802096,0.06812439
GTAACACAGAAGGATG-1,Insertion_Insertion,Insertion_MMEJ-Deletion,0.07109495,0.07040923,0.05887507,0.055459443,0.06768387,0.07226352,0.07091725,0.065534785,0.071050584,0.06277719,0.06917033,0.069608256,0.06922913,0.057802096,0.06812439
CTGTCGTGTGTACAGG-1,Insertion_MMEJ-Deletion,Insertion_MMEJ-Deletion,0.07109495,0.07040923,0.05887507,0.055459443,0.06768387,0.07226352,0.07091725,0.065534785,0.071050584,0.06277719,0.06917033,0.069608256,0.06922913,0.057802096,0.06812439
GATGAGGTCGTGTTCC-1,MMEJ-Deletion_WT,Insertion_MMEJ-Deletion,0.07109495,0.07040923,0.05887507,0.055459443,0.06768387,0.07226352,0.07091725,0.065534785,0.071050584,0.06277719,0.06917033,0.069608256,0.06922913,0.057802096,0.06812439
AGTAACCTCGGCACTG-4,HDR_NHEJ-Deletion,Insertion_MMEJ-Deletion,0.07109495,0.07040923,0.05887507,0.055459443,0.06768387,0.07226352,0.07091725,0.065534785,0.071050584,0.06277719,0.06917033,0.069608256,0.06922913,0.057802096,0.06812439
AGGCATTAGATGACCG-1,Insertion_MMEJ-Deletion,Insertion_MMEJ-Deletion,0.07109495,0.07040923,0.05887507,0.055459443,0.06768387,0.07226352,0.07091725,0.065534785,0.071050584,0.06277719,0.06917033,0.069608256,0.06922913,0.057802096,0.06812439
TTGACCCCAGGCGTTC-1,Insertion_WT,Insertion_MMEJ-Deletion,0.07109495,0.07040923,0.05887507,0.055459443,0.06768387,0.07226352,0.07091725,0.065534785,0.071050584,0.06277719,0.06917033,0.069608256,0.06922913,0.057802096,0.06812439
TCAAGCAAGGCTTAAA-1,HDR_HDR,Insertion_MMEJ-Deletion,0.07109495,0.07040923,0.05887507,0.055459443,0.06768387,0.07226352,0.07091725,0.065534785,0.071050584,0.06277719,0.06917033,0.069608256,0.06922913,0.057802096,0.06812439
ATTCTTGAGTGAGCCA-1,Insertion_NHEJ-Deletion,Insertion_MMEJ-Deletion,0.07109495,0.07040923,0.05887507,0.055459443,0.06768387,0.07226352,0.07091725,0.065534785,0.071050584,0.06277719,0.06917033,0.069608256,0.06922913,0.057802096,0.06812439
GTCAAGTGTGAACCGA-4,Insertion_WT,Insertion_MMEJ-Deletion,0.07109495,0.07040923,0.05887507,0.055459443,0.06768387,0.07226352,0.07091725,0.065534785,0.071050584,0.06277719,0.06917033,0.069608256,0.06922913,0.057802096,0.06812439
CATGGATGTTCAAGTC-1,Insertion_WT,Insertion_MMEJ-Deletion,0.07109495,0.07040923,0.05887507,0.055459443,0.06768387,0.07226352,0.07091725,0.065534785,0.071050584,0.06277719,0.06917033,0.069608256,0.06922913,0.057802096,0.06812439
GTTCCGTAGTGCCCGT-4,Insertion_WT,Insertion_MMEJ-Deletion,0.07109495,0.07040923,0.05887507,0.055459443,0.06768387,0.07226352,0.07091725,0.065534785,0.071050584,0.06277719,0.06917033,0.069608256,0.06922913,0.057802096,0.06812439
ACGATGTCAACAAAGT-4,Insertion_NHEJ-Deletion,Insertion_MMEJ-Deletion,0.07109495,0.07040923,0.05887507,0.055459443,0.06768387,0.07226352,0.07091725,0.065534785,0.071050584,0.06277719,0.06917033,0.069608256,0.06922913,0.057802096,0.06812439
CCGTAGGGTTCCGTTC-1,NHEJ-Deletion_NHEJ-Deletion,Insertion_MMEJ-Deletion,0.07109495,0.07040923,0.05887507,0.055459443,0.06768387,0.07226352,0.07091725,0.065534785,0.071050584,0.06277719,0.06917033,0.069608256,0.06922913,0.057802096,0.06812439
GACATCATCAAGATAG-1,Insertion_NHEJ-Deletion,Insertion_MMEJ-Deletion,0.07109495,0.07040923,0.05887507,0.055459443,0.06768387,0.07226352,0.07091725,0.065534785,0.071050584,0.06277719,0.06917033,0.069608256,0.06922913,0.057802096,0.06812439
GGGTTTATCCACCTGT-1,HDR_HDR,Insertion_MMEJ-Deletion,0.07109495,0.07040923,0.05887507,0.055459443,0.06768387,0.07226352,0.07091725,0.065534785,0.071050584,0.06277719,0.06917033,0.069608256,0.06922913,0.057802096,0.06812439
TCACAAGAGAGCAAGA-1,Insertion_WT,Insertion_MMEJ-Deletion,0.07109495,0.07040923,0.05887507,0.055459443,0.06768387,0.07226352,0.07091725,0.065534785,0.071050584,0.06277719,0.06917033,0.069608256,0.06922913,0.057802096,0.06812439
TCTTTGACAGATAAAC-4,NHEJ-Deletion_WT,Insertion_MMEJ-Deletion,0.07109495,0.07040923,0.05887507,0.055459443,0.06768387,0.07226352,0.07091725,0.065534785,0.071050584,0.06277719,0.06917033,0.069608256,0.06922913,0.057802096,0.06812439
GGTGTTAGTCGTGCCA-1,Insertion_NHEJ-Deletion,Insertion_MMEJ-Deletion,0.07109495,0.07040923,0.05887507,0.055459443,0.06768387,0.07226352,0.07091725,0.065534785,0.071050584,0.06277719,0.06917033,0.069608256,0.06922913,0.057802096,0.06812439
GCATTAGCATTGCTTT-1,Insertion_SV,Insertion_MMEJ-Deletion,0.07109495,0.07040923,0.05887507,0.055459443,0.06768387,0.07226352,0.07091725,0.065534785,0.071050584,0.06277719,0.06917033,0.069608256,0.06922913,0.057802096,0.06812439
AACGTCAAGACCCGCT-1,NHEJ-Deletion_WT,Insertion_MMEJ-Deletion,0.07109495,0.07040923,0.05887507,0.055459443,0.06768387,0.07226352,0.07091725,0.065534785,0.071050584,0.06277719,0.06917033,0.069608256,0.06922913,0.057802096,0.06812439
GTGAGGAAGTGCTAGG-1,Insertion_Insertion,Insertion_MMEJ-Deletion,0.07109495,0.07040923,0.05887507,0.055459443,0.06768387,0.07226352,0.07091725,0.065534785,0.071050584,0.06277719,0.06917033,0.069608256,0.06922913,0.057802096,0.06812439
TCAGGTACAACATACC-1,Insertion_SV,Insertion_MMEJ-Deletion,0.07109495,0.07040923,0.05887507,0.055459443,0.06768387,0.07226352,0.07091725,0.065534785,0.071050584,0.06277719,0.06917033,0.069608256,0.06922913,0.057802096,0.06812439
CTCAATTTCGTCGCTT-4,HDR_WT,Insertion_MMEJ-Deletion,0.07109495,0.07040923,0.05887507,0.055459443,0.06768387,0.07226352,0.07091725,0.065534785,0.071050584,0.06277719,0.06917033,0.069608256,0.06922913,0.057802096,0.06812439
AACCTTTGTTTCCATT-1,Insertion_Insertion,Insertion_MMEJ-Deletion,0.07109495,0.07040923,0.05887507,0.055459443,0.06768387,0.07226352,0.07091725,0.065534785,0.071050584,0.06277719,0.06917033,0.069608256,0.06922913,0.057802096,0.06812439
TACAACGTCACCATCC-1,Insertion_WT,Insertion_MMEJ-Deletion,0.07109495,0.07040923,0.05887507,0.055459443,0.06768387,0.07226352,0.07091725,0.065534785,0.071050584,0.06277719,0.06917033,0.069608256,0.06922913,0.057802096,0.06812439
GTTTGGAGTCCTGGTG-1,MMEJ-Deletion_WT,Insertion_MMEJ-Deletion,0.07109495,0.07040923,0.05887507,0.055459443,0.06768387,0.07226352,0.07091725,0.065534785,0.071050584,0.06277719,0.06917033,0.069608256,0.06922913,0.057802096,0.06812439
GGGAAGTGTGTTTACG-4,Insertion_Insertion,Insertion_MMEJ-Deletion,0.07109495,0.07040923,0.05887507,0.055459443,0.06768387,0.07226352,0.07091725,0.065534785,0.071050584,0.06277719,0.06917033,0.069608256,0.06922913,0.057802096,0.06812439
CCAATTTGTTACGATC-1,NHEJ-Deletion_NHEJ-Deletion,Insertion_MMEJ-Deletion,0.07109495,0.07040923,0.05887507,0.055459443,0.06768387,0.07226352,0.07091725,0.065534785,0.071050584,0.06277719,0.06917033,0.069608256,0.06922913,0.057802096,0.06812439
CACAGGCCACGCGTCA-1,Insertion_WT,Insertion_MMEJ-Deletion,0.07109495,0.07040923,0.05887507,0.055459443,0.06768387,0.07226352,0.07091725,0.065534785,0.071050584,0.06277719,0.06917033,0.069608256,0.06922913,0.057802096,0.06812439
AAGAACATCGGCATTA-1,Insertion_WT,Insertion_MMEJ-Deletion,0.07109495,0.07040923,0.05887507,0.055459443,0.06768387,0.07226352,0.07091725,0.065534785,0.071050584,0.06277719,0.06917033,0.069608256,0.06922913,0.057802096,0.06812439
GTGATGTTCTCTCAAT-4,HDR_NHEJ-Deletion,Insertion_MMEJ-Deletion,0.07109495,0.07040923,0.05887507,0.055459443,0.06768387,0.07226352,0.07091725,0.065534785,0.071050584,0.06277719,0.06917033,0.069608256,0.06922913,0.057802096,0.06812439
TGCTGAATCTCGGCTT-1,Insertion_MMEJ-Deletion,Insertion_MMEJ-Deletion,0.07109495,0.07040923,0.05887507,0.055459443,0.06768387,0.07226352,0.07091725,0.065534785,0.071050584,0.06277719,0.06917033,0.069608256,0.06922913,0.057802096,0.06812439
GCATTAGGTCTGTCAA-4,Insertion_WT,Insertion_MMEJ-Deletion,0.07109495,0.07040923,0.05887507,0.055459443,0.06768387,0.07226352,0.07091725,0.065534785,0.071050584,0.06277719,0.06917033,0.069608256,0.06922913,0.057802096,0.06812439
GGCACGTTCACTCTTA-1,NHEJ-Deletion_WT,Insertion_MMEJ-Deletion,0.07109495,0.07040923,0.05887507,0.055459443,0.06768387,0.07226352,0.07091725,0.065534785,0.071050584,0.06277719,0.06917033,0.069608256,0.06922913,0.057802096,0.06812439
TGCTCCATCTGTTGGA-1,Insertion_Insertion,Insertion_MMEJ-Deletion,0.07109495,0.07040923,0.05887507,0.055459443,0.06768387,0.07226352,0.07091725,0.065534785,0.071050584,0.06277719,0.06917033,0.069608256,0.06922913,0.057802096,0.06812439
GCACTAATCATTTGTC-1,Insertion_NHEJ-Deletion,Insertion_MMEJ-Deletion,0.07109495,0.07040923,0.05887507,0.055459443,0.06768387,0.07226352,0.07091725,0.065534785,0.071050584,0.06277719,0.06917033,0.069608256,0.06922913,0.057802096,0.06812439
TCGCAGGAGAACAGGA-1,Insertion_NHEJ-Deletion,Insertion_MMEJ-Deletion,0.07109495,0.07040923,0.05887507,0.055459443,0.06768387,0.07226352,0.07091725,0.065534785,0.071050584,0.06277719,0.06917033,0.069608256,0.06922913,0.057802096,0.06812439
CGTGATAAGAATTGCA-1,Insertion_Insertion,Insertion_MMEJ-Deletion,0.07109495,0.07040923,0.05887507,0.055459443,0.06768387,0.07226352,0.07091725,0.065534785,0.071050584,0.06277719,0.06917033,0.069608256,0.06922913,0.057802096,0.06812439
AGAAATGGTTGGGACA-1,NHEJ-Deletion_WT,Insertion_MMEJ-Deletion,0.07109495,0.07040923,0.05887507,0.055459443,0.06768387,0.07226352,0.07091725,0.065534785,0.071050584,0.06277719,0.06917033,0.069608256,0.06922913,0.057802096,0.06812439
ATCACGAGTATCTCTT-4,MMEJ-Deletion_WT,Insertion_MMEJ-Deletion,0.07109495,0.07040923,0.05887507,0.055459443,0.06768387,0.07226352,0.07091725,0.065534785,0.071050584,0.06277719,0.06917033,0.069608256,0.06922913,0.057802096,0.06812439
CCACACTGTCTGTCCT-1,Insertion_Insertion,Insertion_MMEJ-Deletion,0.07109495,0.07040923,0.05887507,0.055459443,0.06768387,0.07226352,0.07091725,0.065534785,0.071050584,0.06277719,0.06917033,0.069608256,0.06922913,0.057802096,0.06812439
ATTCATCCACTGCTTC-4,Insertion_NHEJ-Deletion,Insertion_MMEJ-Deletion,0.07109495,0.07040923,0.05887507,0.055459443,0.06768387,0.07226352,0.07091725,0.065534785,0.071050584,0.06277719,0.06917033,0.069608256,0.06922913,0.057802096,0.06812439
TGCTCCATCGACGAGA-1,Insertion_Insertion,Insertion_MMEJ-Deletion,0.07109495,0.07040923,0.05887507,0.055459443,0.06768387,0.07226352,0.07091725,0.065534785,0.071050584,0.06277719,0.06917033,0.069608256,0.06922913,0.057802096,0.06812439
ATACCTTTCTCCTGAC-4,Insertion_NHEJ-Deletion,Insertion_MMEJ-Deletion,0.07109495,0.07040923,0.05887507,0.055459443,0.06768387,0.07226352,0.07091725,0.065534785,0.071050584,0.06277719,0.06917033,0.069608256,0.06922913,0.057802096,0.06812439
TGGGATTGTTACACTG-1,Insertion_MMEJ-Deletion,Insertion_MMEJ-Deletion,0.07109495,0.07040923,0.05887507,0.055459443,0.06768387,0.07226352,0.07091725,0.065534785,0.071050584,0.06277719,0.06917033,0.069608256,0.06922913,0.057802096,0.06812439
GGTCTGGCAAGGGTCA-1,Insertion_Insertion,Insertion_MMEJ-Deletion,0.07109495,0.07040923,0.05887507,0.055459443,0.06768387,0.07226352,0.07091725,0.065534785,0.071050584,0.06277719,0.06917033,0.069608256,0.06922913,0.057802096,0.06812439
ATCCATTCACTGTTCC-1,Insertion_NHEJ-Deletion,Insertion_MMEJ-Deletion,0.07109495,0.07040923,0.05887507,0.055459443,0.06768387,0.07226352,0.07091725,0.065534785,0.071050584,0.06277719,0.06917033,0.069608256,0.06922913,0.057802096,0.06812439
TGTGATGGTGGCGCTT-1,HDR_HDR,Insertion_MMEJ-Deletion,0.07109495,0.07040923,0.05887507,0.055459443,0.06768387,0.07226352,0.07091725,0.065534785,0.071050584,0.06277719,0.06917033,0.069608256,0.06922913,0.057802096,0.06812439
AGGTCATCAATAGTCC-1,Insertion_MMEJ-Deletion,Insertion_MMEJ-Deletion,0.07109495,0.07040923,0.05887507,0.055459443,0.06768387,0.07226352,0.07091725,0.065534785,0.071050584,0.06277719,0.06917033,0.069608256,0.06922913,0.057802096,0.06812439
GTGCTGGAGGATTTCC-4,NHEJ-Deletion_WT,Insertion_MMEJ-Deletion,0.07109495,0.07040923,0.05887507,0.055459443,0.06768387,0.07226352,0.07091725,0.065534785,0.071050584,0.06277719,0.06917033,0.069608256,0.06922913,0.057802096,0.06812439
GTTAGTGTCTAGTGTG-4,Insertion_NHEJ-Deletion,Insertion_MMEJ-Deletion,0.07109495,0.07040923,0.05887507,0.055459443,0.06768387,0.07226352,0.07091725,0.065534785,0.071050584,0.06277719,0.06917033,0.069608256,0.06922913,0.057802096,0.06812439
ATCCGTCTCAACCCGG-4,Insertion_NHEJ-Deletion,Insertion_MMEJ-Deletion,0.07109495,0.07040923,0.05887507,0.055459443,0.06768387,0.07226352,0.07091725,0.065534785,0.071050584,0.06277719,0.06917033,0.069608256,0.06922913,0.057802096,0.06812439
CGCATGGTCACCTACC-4,Insertion_WT,Insertion_MMEJ-Deletion,0.07109495,0.07040923,0.05887507,0.055459443,0.06768387,0.07226352,0.07091725,0.065534785,0.071050584,0.06277719,0.06917033,0.069608256,0.06922913,0.057802096,0.06812439
TCGGATACATCCTCAC-4,Insertion_NHEJ-Deletion,Insertion_MMEJ-Deletion,0.07109495,0.07040923,0.05887507,0.055459443,0.06768387,0.07226352,0.07091725,0.065534785,0.071050584,0.06277719,0.06917033,0.069608256,0.06922913,0.057802096,0.06812439
TACCCGTTCCAATCCC-1,Insertion_Insertion,Insertion_MMEJ-Deletion,0.07109495,0.07040923,0.05887507,0.055459443,0.06768387,0.07226352,0.07091725,0.065534785,0.071050584,0.06277719,0.06917033,0.069608256,0.06922913,0.057802096,0.06812439
TGTTCATAGGTCCCTG-1,Insertion_NHEJ-Deletion,Insertion_MMEJ-Deletion,0.07109495,0.07040923,0.05887507,0.055459443,0.06768387,0.07226352,0.07091725,0.065534785,0.071050584,0.06277719,0.06917033,0.069608256,0.06922913,0.057802096,0.06812439
TGTTCTAGTCATCGGC-1,Insertion_NHEJ-Deletion,Insertion_MMEJ-Deletion,0.07109495,0.07040923,0.05887507,0.055459443,0.06768387,0.07226352,0.07091725,0.065534785,0.071050584,0.06277719,0.06917033,0.069608256,0.06922913,0.057802096,0.06812439
ATTCTACAGACAAGCC-1,Insertion_Insertion,Insertion_MMEJ-Deletion,0.07109495,0.07040923,0.05887507,0.055459443,0.06768387,0.07226352,0.07091725,0.065534785,0.071050584,0.06277719,0.06917033,0.069608256,0.06922913,0.057802096,0.06812439
TTACGCCGTGATACAA-1,HDR_Insertion,Insertion_MMEJ-Deletion,0.07109495,0.07040923,0.05887507,0.055459443,0.06768387,0.07226352,0.07091725,0.065534785,0.071050584,0.06277719,0.06917033,0.069608256,0.06922913,0.057802096,0.06812439
GCAGGCTGTCTCTCAC-1,NHEJ-Deletion_NHEJ-Deletion,Insertion_MMEJ-Deletion,0.07109495,0.07040923,0.05887507,0.055459443,0.06768387,0.07226352,0.07091725,0.065534785,0.071050584,0.06277719,0.06917033,0.069608256,0.06922913,0.057802096,0.06812439
ATGTCTTGTGGTCTAT-4,NHEJ-Deletion_WT,Insertion_MMEJ-Deletion,0.07109495,0.07040923,0.05887507,0.055459443,0.06768387,0.07226352,0.07091725,0.065534785,0.071050584,0.06277719,0.06917033,0.069608256,0.06922913,0.057802096,0.06812439
TGGTTAGTCAGAATAG-1,Insertion_Insertion,Insertion_MMEJ-Deletion,0.07109495,0.07040923,0.05887507,0.055459443,0.06768387,0.07226352,0.07091725,0.065534785,0.071050584,0.06277719,0.06917033,0.069608256,0.06922913,0.057802096,0.06812439
AGATGAACATGACTTG-1,Insertion_Insertion,Insertion_MMEJ-Deletion,0.07109495,0.07040923,0.05887507,0.055459443,0.06768387,0.07226352,0.07091725,0.065534785,0.071050584,0.06277719,0.06917033,0.069608256,0.06922913,0.057802096,0.06812439
TTCTTGAAGAAATCCA-4,Insertion_WT,Insertion_MMEJ-Deletion,0.07109495,0.07040923,0.05887507,0.055459443,0.06768387,0.07226352,0.07091725,0.065534785,0.071050584,0.06277719,0.06917033,0.069608256,0.06922913,0.057802096,0.06812439
TCCACCACAAGCCCAC-4,NHEJ-Deletion_NHEJ-Deletion,Insertion_MMEJ-Deletion,0.07109495,0.07040923,0.05887507,0.055459443,0.06768387,0.07226352,0.07091725,0.065534785,0.071050584,0.06277719,0.06917033,0.069608256,0.06922913,0.057802096,0.06812439
GTAGATCAGGGAGGGT-1,Insertion_Insertion,Insertion_MMEJ-Deletion,0.07109495,0.07040923,0.05887507,0.055459443,0.06768387,0.07226352,0.07091725,0.065534785,0.071050584,0.06277719,0.06917033,0.069608256,0.06922913,0.057802096,0.06812439
CATTGCCAGTGCAGGT-4,Insertion_NHEJ-Deletion,Insertion_MMEJ-Deletion,0.07109495,0.07040923,0.05887507,0.055459443,0.06768387,0.07226352,0.07091725,0.065534785,0.071050584,0.06277719,0.06917033,0.069608256,0.06922913,0.057802096,0.06812439
GGTGGCTCATAATCCG-1,Insertion_NHEJ-Deletion,Insertion_MMEJ-Deletion,0.07109495,0.07040923,0.05887507,0.055459443,0.06768387,0.07226352,0.07091725,0.065534785,0.071050584,0.06277719,0.06917033,0.069608256,0.06922913,0.057802096,0.06812439
CCTAACCTCACCTACC-4,Insertion_NHEJ-Deletion,Insertion_MMEJ-Deletion,0.07109495,0.07040923,0.05887507,0.055459443,0.06768387,0.07226352,0.07091725,0.065534785,0.071050584,0.06277719,0.06917033,0.069608256,0.06922913,0.057802096,0.06812439
TAGACCATCCATTGTT-1,HDR_Insertion,Insertion_MMEJ-Deletion,0.07109495,0.07040923,0.05887507,0.055459443,0.06768387,0.07226352,0.07091725,0.065534785,0.071050584,0.06277719,0.06917033,0.069608256,0.06922913,0.057802096,0.06812439
TTTGATCCATCCGATA-1,Insertion_Insertion,Insertion_MMEJ-Deletion,0.07109495,0.07040923,0.05887507,0.055459443,0.06768387,0.07226352,0.07091725,0.065534785,0.071050584,0.06277719,0.06917033,0.069608256,0.06922913,0.057802096,0.06812439
CGATCGGTCGACGCGT-1,Insertion_NHEJ-Deletion,Insertion_MMEJ-Deletion,0.07109495,0.07040923,0.05887507,0.055459443,0.06768387,0.07226352,0.07091725,0.065534785,0.071050584,0.06277719,0.06917033,0.069608256,0.06922913,0.057802096,0.06812439
GGAATGGGTGTAACGG-4,Insertion_Insertion,Insertion_MMEJ-Deletion,0.07109495,0.07040923,0.05887507,0.055459443,0.06768387,0.07226352,0.07091725,0.065534785,0.071050584,0.06277719,0.06917033,0.069608256,0.06922913,0.057802096,0.06812439
TGATGCAGTGGCTTAT-1,Insertion_NHEJ-Deletion,Insertion_MMEJ-Deletion,0.07109495,0.07040923,0.05887507,0.055459443,0.06768387,0.07226352,0.07091725,0.065534785,0.071050584,0.06277719,0.06917033,0.069608256,0.06922913,0.057802096,0.06812439
GTCGTTCTCTATACGG-1,NHEJ-Deletion_NHEJ-Deletion,Insertion_MMEJ-Deletion,0.07109495,0.07040923,0.05887507,0.055459443,0.06768387,0.07226352,0.07091725,0.065534785,0.071050584,0.06277719,0.06917033,0.069608256,0.06922913,0.057802096,0.06812439
GTCTGTCAGCAATTAG-1,Insertion_WT,Insertion_MMEJ-Deletion,0.07109495,0.07040923,0.05887507,0.055459443,0.06768387,0.07226352,0.07091725,0.065534785,0.071050584,0.06277719,0.06917033,0.069608256,0.06922913,0.057802096,0.06812439
CATCGGGAGTATTGCC-4,Insertion_NHEJ-Deletion,Insertion_MMEJ-Deletion,0.07109495,0.07040923,0.05887507,0.055459443,0.06768387,0.07226352,0.07091725,0.065534785,0.071050584,0.06277719,0.06917033,0.069608256,0.06922913,0.057802096,0.06812439
GTTGCGGCATGACAGG-1,Insertion_NHEJ-Deletion,Insertion_MMEJ-Deletion,0.07109495,0.07040923,0.05887507,0.055459443,0.06768387,0.07226352,0.07091725,0.065534785,0.071050584,0.06277719,0.06917033,0.069608256,0.06922913,0.057802096,0.06812439
CAGATACCATAGAATG-1,NHEJ-Deletion_NHEJ-Deletion,Insertion_MMEJ-Deletion,0.07109495,0.07040923,0.05887507,0.055459443,0.06768387,0.07226352,0.07091725,0.065534785,0.071050584,0.06277719,0.06917033,0.069608256,0.06922913,0.057802096,0.06812439
TTTATGCCATAACAGA-1,Insertion_WT,Insertion_MMEJ-Deletion,0.07109495,0.07040923,0.05887507,0.055459443,0.06768387,0.07226352,0.07091725,0.065534785,0.071050584,0.06277719,0.06917033,0.069608256,0.06922913,0.057802096,0.06812439
TTCCGGTGTCGATTTG-1,HDR_NHEJ-Deletion,Insertion_MMEJ-Deletion,0.07109495,0.07040923,0.05887507,0.055459443,0.06768387,0.07226352,0.07091725,0.065534785,0.071050584,0.06277719,0.06917033,0.069608256,0.06922913,0.057802096,0.06812439
ACCACAAGTGGTGATG-4,Insertion_NHEJ-Deletion,Insertion_MMEJ-Deletion,0.07109495,0.07040923,0.05887507,0.055459443,0.06768387,0.07226352,0.07091725,0.065534785,0.071050584,0.06277719,0.06917033,0.069608256,0.06922913,0.057802096,0.06812439
CGAAGGAGTTCGAACT-1,NHEJ-Deletion_WT,Insertion_MMEJ-Deletion,0.07109495,0.07040923,0.05887507,0.055459443,0.06768387,0.07226352,0.07091725,0.065534785,0.071050584,0.06277719,0.06917033,0.069608256,0.06922913,0.057802096,0.06812439
ACTTATCCACGAAAGC-1,Insertion_MMEJ-Deletion,Insertion_MMEJ-Deletion,0.07109495,0.07040923,0.05887507,0.055459443,0.06768387,0.07226352,0.07091725,0.065534785,0.071050584,0.06277719,0.06917033,0.069608256,0.06922913,0.057802096,0.06812439
AGAAGCGTCCAAGCTA-4,NHEJ-Deletion_WT,Insertion_MMEJ-Deletion,0.07109495,0.07040923,0.05887507,0.055459443,0.06768387,0.07226352,0.07091725,0.065534785,0.071050584,0.06277719,0.06917033,0.069608256,0.06922913,0.057802096,0.06812439
CTCGAGGTCAAACCTG-4,Insertion_NHEJ-Deletion,Insertion_MMEJ-Deletion,0.07109495,0.07040923,0.05887507,0.055459443,0.06768387,0.07226352,0.07091725,0.065534785,0.071050584,0.06277719,0.06917033,0.069608256,0.06922913,0.057802096,0.06812439
TAACCAGCAACGTATC-1,HDR_NHEJ-Deletion,Insertion_MMEJ-Deletion,0.07109495,0.07040923,0.05887507,0.055459443,0.06768387,0.07226352,0.07091725,0.065534785,0.071050584,0.06277719,0.06917033,0.069608256,0.06922913,0.057802096,0.06812439
GAGATGGGTTGCCAAT-1,Insertion_NHEJ-Deletion,Insertion_MMEJ-Deletion,0.07109495,0.07040923,0.05887507,0.055459443,0.06768387,0.07226352,0.07091725,0.065534785,0.071050584,0.06277719,0.06917033,0.069608256,0.06922913,0.057802096,0.06812439
TCAGTTTAGCTGGTGA-1,NHEJ-Deletion_WT,Insertion_MMEJ-Deletion,0.07109495,0.07040923,0.05887507,0.055459443,0.06768387,0.07226352,0.07091725,0.065534785,0.071050584,0.06277719,0.06917033,0.069608256,0.06922913,0.057802096,0.06812439
GTGGAGACAGCTATTG-1,Insertion_Insertion,Insertion_MMEJ-Deletion,0.07109495,0.07040923,0.05887507,0.055459443,0.06768387,0.07226352,0.07091725,0.065534785,0.071050584,0.06277719,0.06917033,0.069608256,0.06922913,0.057802096,0.06812439
CCTCATGTCACTGCTC-4,NHEJ-Deletion_NHEJ-Deletion,Insertion_MMEJ-Deletion,0.07109495,0.07040923,0.05887507,0.055459443,0.06768387,0.07226352,0.07091725,0.065534785,0.071050584,0.06277719,0.06917033,0.069608256,0.06922913,0.057802096,0.06812439
CGGGACTAGGCATGCA-1,Insertion_NHEJ-Deletion,Insertion_MMEJ-Deletion,0.07109495,0.07040923,0.05887507,0.055459443,0.06768387,0.07226352,0.07091725,0.065534785,0.071050584,0.06277719,0.06917033,0.069608256,0.06922913,0.057802096,0.06812439
AGACACTAGCTGTTAC-1,HDR_NHEJ-Deletion,Insertion_MMEJ-Deletion,0.07109495,0.07040923,0.05887507,0.055459443,0.06768387,0.07226352,0.07091725,0.065534785,0.071050584,0.06277719,0.06917033,0.069608256,0.06922913,0.057802096,0.06812439
TGGGAGAAGAGAGAAC-1,Insertion_NHEJ-Deletion,Insertion_MMEJ-Deletion,0.07109495,0.07040923,0.05887507,0.055459443,0.06768387,0.07226352,0.07091725,0.065534785,0.071050584,0.06277719,0.06917033,0.069608256,0.06922913,0.057802096,0.06812439
CGAATTGTCTGTCCGT-1,Insertion_Insertion,Insertion_MMEJ-Deletion,0.07109495,0.07040923,0.05887507,0.055459443,0.06768387,0.07226352,0.07091725,0.065534785,0.071050584,0.06277719,0.06917033,0.069608256,0.06922913,0.057802096,0.06812439
AAGACTCGTTAGGGAC-4,HDR_NHEJ-Deletion,Insertion_MMEJ-Deletion,0.07109495,0.07040923,0.05887507,0.055459443,0.06768387,0.07226352,0.07091725,0.065534785,0.071050584,0.06277719,0.06917033,0.069608256,0.06922913,0.057802096,0.06812439
GTAACCATCAAGTCGT-1,Insertion_Insertion,Insertion_MMEJ-Deletion,0.07109495,0.07040923,0.05887507,0.055459443,0.06768387,0.07226352,0.07091725,0.065534785,0.071050584,0.06277719,0.06917033,0.069608256,0.06922913,0.057802096,0.06812439
TACGGTACATCACAGT-4,Insertion_Insertion,Insertion_MMEJ-Deletion,0.07109495,0.07040923,0.05887507,0.055459443,0.06768387,0.07226352,0.07091725,0.065534785,0.071050584,0.06277719,0.06917033,0.069608256,0.06922913,0.057802096,0.06812439
AATTCCTAGTGGTTCT-1,Insertion_Insertion,Insertion_MMEJ-Deletion,0.07109495,0.07040923,0.05887507,0.055459443,0.06768387,0.07226352,0.07091725,0.065534785,0.071050584,0.06277719,0.06917033,0.069608256,0.06922913,0.057802096,0.06812439
ATGGGTTAGGCCTTGC-1,Insertion_Insertion,Insertion_MMEJ-Deletion,0.07109495,0.07040923,0.05887507,0.055459443,0.06768387,0.07226352,0.07091725,0.065534785,0.071050584,0.06277719,0.06917033,0.069608256,0.06922913,0.057802096,0.06812439
TCGACCTTCATCCTGC-1,Insertion_Insertion,Insertion_MMEJ-Deletion,0.07109495,0.07040923,0.05887507,0.055459443,0.06768387,0.07226352,0.07091725,0.065534785,0.071050584,0.06277719,0.06917033,0.069608256,0.06922913,0.057802096,0.06812439
AACCTTTCAGCAGAAC-1,HDR_Insertion,Insertion_MMEJ-Deletion,0.07109495,0.07040923,0.05887507,0.055459443,0.06768387,0.07226352,0.07091725,0.065534785,0.071050584,0.06277719,0.06917033,0.069608256,0.06922913,0.057802096,0.06812439
AGGTTGTGTACTAACC-4,Insertion_WT,Insertion_MMEJ-Deletion,0.07109495,0.07040923,0.05887507,0.055459443,0.06768387,0.07226352,0.07091725,0.065534785,0.071050584,0.06277719,0.06917033,0.069608256,0.06922913,0.057802096,0.06812439
ACGTACACAAGTCATC-1,Insertion_Insertion,Insertion_MMEJ-Deletion,0.07109495,0.07040923,0.05887507,0.055459443,0.06768387,0.07226352,0.07091725,0.065534785,0.071050584,0.06277719,0.06917033,0.069608256,0.06922913,0.057802096,0.06812439
ACATGCAGTCCACTTC-1,MMEJ-Deletion_WT,Insertion_MMEJ-Deletion,0.07109495,0.07040923,0.05887507,0.055459443,0.06768387,0.07226352,0.07091725,0.065534785,0.071050584,0.06277719,0.06917033,0.069608256,0.06922913,0.057802096,0.06812439
GTAAGTCTCCCAAGTA-1,Insertion_Insertion,Insertion_MMEJ-Deletion,0.07109495,0.07040923,0.05887507,0.055459443,0.06768387,0.07226352,0.07091725,0.065534785,0.071050584,0.06277719,0.06917033,0.069608256,0.06922913,0.057802096,0.06812439
TTGATGGCACGGTGCT-1,NHEJ-Deletion_NHEJ-Deletion,Insertion_MMEJ-Deletion,0.07109495,0.07040923,0.05887507,0.055459443,0.06768387,0.07226352,0.07091725,0.065534785,0.071050584,0.06277719,0.06917033,0.069608256,0.06922913,0.057802096,0.06812439
TATATCCAGAAATGGG-1,Insertion_WT,Insertion_MMEJ-Deletion,0.07109495,0.07040923,0.05887507,0.055459443,0.06768387,0.07226352,0.07091725,0.065534785,0.071050584,0.06277719,0.06917033,0.069608256,0.06922913,0.057802096,0.06812439
TTCCTTCCAATAGTCC-4,Insertion_WT,Insertion_MMEJ-Deletion,0.07109495,0.07040923,0.05887507,0.055459443,0.06768387,0.07226352,0.07091725,0.065534785,0.071050584,0.06277719,0.06917033,0.069608256,0.06922913,0.057802096,0.06812439
ACTCCCAAGATGGCAC-4,NHEJ-Deletion_NHEJ-Deletion,Insertion_MMEJ-Deletion,0.07109495,0.07040923,0.05887507,0.055459443,0.06768387,0.07226352,0.07091725,0.065534785,0.071050584,0.06277719,0.06917033,0.069608256,0.06922913,0.057802096,0.06812439
TTGTGGAGTCTGTGGC-1,Insertion_Insertion,Insertion_MMEJ-Deletion,0.07109495,0.07040923,0.05887507,0.055459443,0.06768387,0.07226352,0.07091725,0.065534785,0.071050584,0.06277719,0.06917033,0.069608256,0.06922913,0.057802096,0.06812439
CTCTGGTGTACGAGCA-4,Insertion_MMEJ-Deletion,Insertion_MMEJ-Deletion,0.07109495,0.07040923,0.05887507,0.055459443,0.06768387,0.07226352,0.07091725,0.065534785,0.071050584,0.06277719,0.06917033,0.069608256,0.06922913,0.057802096,0.06812439
GTCATTTGTGGTAATA-1,Insertion_Insertion,Insertion_MMEJ-Deletion,0.07109495,0.07040923,0.05887507,0.055459443,0.06768387,0.07226352,0.07091725,0.065534785,0.071050584,0.06277719,0.06917033,0.069608256,0.06922913,0.057802096,0.06812439
ACAAGCTCATTGAAAG-1,Insertion_NHEJ-Deletion,Insertion_MMEJ-Deletion,0.07109495,0.07040923,0.05887507,0.055459443,0.06768387,0.07226352,0.07091725,0.065534785,0.071050584,0.06277719,0.06917033,0.069608256,0.06922913,0.057802096,0.06812439
GGGATCCGTGTTCATG-1,NHEJ-Deletion_WT,Insertion_MMEJ-Deletion,0.07109495,0.07040923,0.05887507,0.055459443,0.06768387,0.07226352,0.07091725,0.065534785,0.071050584,0.06277719,0.06917033,0.069608256,0.06922913,0.057802096,0.06812439
CAATTTCCAAGTCATC-1,Insertion_WT,Insertion_MMEJ-Deletion,0.07109495,0.07040923,0.05887507,0.055459443,0.06768387,0.07226352,0.07091725,0.065534785,0.071050584,0.06277719,0.06917033,0.069608256,0.06922913,0.057802096,0.06812439
ACCCTCATCTCTCGCA-1,Insertion_Insertion,Insertion_MMEJ-Deletion,0.07109495,0.07040923,0.05887507,0.055459443,0.06768387,0.07226352,0.07091725,0.065534785,0.071050584,0.06277719,0.06917033,0.069608256,0.06922913,0.057802096,0.06812439
CTCAAGAGTCTGTCCT-1,NHEJ-Deletion_WT,Insertion_MMEJ-Deletion,0.07109495,0.07040923,0.05887507,0.055459443,0.06768387,0.07226352,0.07091725,0.065534785,0.071050584,0.06277719,0.06917033,0.069608256,0.06922913,0.057802096,0.06812439
TGGTACAAGAAGCTCG-1,Insertion_NHEJ-Deletion,Insertion_MMEJ-Deletion,0.07109495,0.07040923,0.05887507,0.055459443,0.06768387,0.07226352,0.07091725,0.065534785,0.071050584,0.06277719,0.06917033,0.069608256,0.06922913,0.057802096,0.06812439
GCAACCGCAGGTCAAG-4,Insertion_Insertion,Insertion_MMEJ-Deletion,0.07109495,0.07040923,0.05887507,0.055459443,0.06768387,0.07226352,0.07091725,0.065534785,0.071050584,0.06277719,0.06917033,0.069608256,0.06922913,0.057802096,0.06812439
TTAGGCACATCCTCAC-1,Insertion_NHEJ-Deletion,Insertion_MMEJ-Deletion,0.07109495,0.07040923,0.05887507,0.055459443,0.06768387,0.07226352,0.07091725,0.065534785,0.071050584,0.06277719,0.06917033,0.069608256,0.06922913,0.057802096,0.06812439
ATGAGTCGTGATATAG-1,HDR_HDR,Insertion_MMEJ-Deletion,0.07109495,0.07040923,0.05887507,0.055459443,0.06768387,0.07226352,0.07091725,0.065534785,0.071050584,0.06277719,0.06917033,0.069608256,0.06922913,0.057802096,0.06812439
ATGGGAGAGGCTGAAC-1,Insertion_NHEJ-Deletion,Insertion_MMEJ-Deletion,0.07109495,0.07040923,0.05887507,0.055459443,0.06768387,0.07226352,0.07091725,0.065534785,0.071050584,0.06277719,0.06917033,0.069608256,0.06922913,0.057802096,0.06812439
TCGCACTCAATTAGGA-1,HDR_Insertion,Insertion_MMEJ-Deletion,0.07109495,0.07040923,0.05887507,0.055459443,0.06768387,0.07226352,0.07091725,0.065534785,0.071050584,0.06277719,0.06917033,0.069608256,0.06922913,0.057802096,0.06812439
CCACCATCAAGGTCAG-1,Insertion_SV,Insertion_MMEJ-Deletion,0.07109495,0.07040923,0.05887507,0.055459443,0.06768387,0.07226352,0.07091725,0.065534785,0.071050584,0.06277719,0.06917033,0.069608256,0.06922913,0.057802096,0.06812439
CCTCAACCAAGACGGT-1,MMEJ-Deletion_NHEJ-Deletion,Insertion_MMEJ-Deletion,0.07109495,0.07040923,0.05887507,0.055459443,0.06768387,0.07226352,0.07091725,0.065534785,0.071050584,0.06277719,0.06917033,0.069608256,0.06922913,0.057802096,0.06812439
AGGCCACAGAATCCCT-4,Insertion_NHEJ-Deletion,Insertion_MMEJ-Deletion,0.07109495,0.07040923,0.05887507,0.055459443,0.06768387,0.07226352,0.07091725,0.065534785,0.071050584,0.06277719,0.06917033,0.069608256,0.06922913,0.057802096,0.06812439
TGTGCGGTCCAGCAAT-1,Insertion_Insertion,Insertion_MMEJ-Deletion,0.07109495,0.07040923,0.05887507,0.055459443,0.06768387,0.07226352,0.07091725,0.065534785,0.071050584,0.06277719,0.06917033,0.069608256,0.06922913,0.057802096,0.06812439
TCGCTTGAGTAATACG-4,Insertion_Insertion,Insertion_MMEJ-Deletion,0.07109495,0.07040923,0.05887507,0.055459443,0.06768387,0.07226352,0.07091725,0.065534785,0.071050584,0.06277719,0.06917033,0.069608256,0.06922913,0.057802096,0.06812439
GGTGAAGCAATGTCTG-4,Insertion_SV,Insertion_MMEJ-Deletion,0.07109495,0.07040923,0.05887507,0.055459443,0.06768387,0.07226352,0.07091725,0.065534785,0.071050584,0.06277719,0.06917033,0.069608256,0.06922913,0.057802096,0.06812439
AGAAGTATCGCTAATG-1,NHEJ-Deletion_WT,Insertion_MMEJ-Deletion,0.07109495,0.07040923,0.05887507,0.055459443,0.06768387,0.07226352,0.07091725,0.065534785,0.071050584,0.06277719,0.06917033,0.069608256,0.06922913,0.057802096,0.06812439
ACCTGTCGTTACGCCG-1,MMEJ-Deletion_WT,Insertion_MMEJ-Deletion,0.07085882,0.06899749,0.05817509,0.055962358,0.06752123,0.071649015,0.07098121,0.06490236,0.07089978,0.06402698,0.07154048,0.070074335,0.06784611,0.058803637,0.06776109
CCAATGAAGATAGCAT-1,Insertion_NHEJ-Deletion,Insertion_MMEJ-Deletion,0.07109495,0.07040923,0.05887507,0.055459443,0.06768387,0.07226352,0.07091725,0.065534785,0.071050584,0.06277719,0.06917033,0.069608256,0.06922913,0.057802096,0.06812439
GCGGAAAGTCAAAGTA-4,NHEJ-Deletion_WT,Insertion_MMEJ-Deletion,0.07109495,0.07040923,0.05887507,0.055459443,0.06768387,0.07226352,0.07091725,0.065534785,0.071050584,0.06277719,0.06917033,0.069608256,0.06922913,0.057802096,0.06812439
GAGCTGCCACGGTCTG-1,Insertion_Insertion,Insertion_MMEJ-Deletion,0.07109495,0.07040923,0.05887507,0.055459443,0.06768387,0.07226352,0.07091725,0.065534785,0.071050584,0.06277719,0.06917033,0.069608256,0.06922913,0.057802096,0.06812439
GTCCCATAGGTCGACA-1,HDR_Insertion,Insertion_MMEJ-Deletion,0.07109495,0.07040923,0.05887507,0.055459443,0.06768387,0.07226352,0.07091725,0.065534785,0.071050584,0.06277719,0.06917033,0.069608256,0.06922913,0.057802096,0.06812439
GTTCATTGTGTAAACA-1,Insertion_Insertion,Insertion_MMEJ-Deletion,0.07109495,0.07040923,0.05887507,0.055459443,0.06768387,0.07226352,0.07091725,0.065534785,0.071050584,0.06277719,0.06917033,0.069608256,0.06922913,0.057802096,0.06812439
AAGACAACAGCGTGCT-1,MMEJ-Deletion_WT,Insertion_MMEJ-Deletion,0.07109495,0.07040923,0.05887507,0.055459443,0.06768387,0.07226352,0.07091725,0.065534785,0.071050584,0.06277719,0.06917033,0.069608256,0.06922913,0.057802096,0.06812439
TGGAGGATCCGAAGGA-1,Insertion_WT,Insertion_MMEJ-Deletion,0.07109495,0.07040923,0.05887507,0.055459443,0.06768387,0.07226352,0.07091725,0.065534785,0.071050584,0.06277719,0.06917033,0.069608256,0.06922913,0.057802096,0.06812439
AGGATCTTCGGCGATC-1,Insertion_NHEJ-Deletion,Insertion_MMEJ-Deletion,0.07109495,0.07040923,0.05887507,0.055459443,0.06768387,0.07226352,0.07091725,0.065534785,0.071050584,0.06277719,0.06917033,0.069608256,0.06922913,0.057802096,0.06812439
GTAACACAGCAGGTCA-4,NHEJ-Deletion_WT,Insertion_MMEJ-Deletion,0.07109495,0.07040923,0.05887507,0.055459443,0.06768387,0.07226352,0.07091725,0.065534785,0.071050584,0.06277719,0.06917033,0.069608256,0.06922913,0.057802096,0.06812439
TGTCCACGTCGCATCG-1,MMEJ-Deletion_NHEJ-Deletion,Insertion_MMEJ-Deletion,0.07109495,0.07040923,0.05887507,0.055459443,0.06768387,0.07226352,0.07091725,0.065534785,0.071050584,0.06277719,0.06917033,0.069608256,0.06922913,0.057802096,0.06812439
CACGAATAGTACCGGA-1,Insertion_WT,Insertion_MMEJ-Deletion,0.07109495,0.07040923,0.05887507,0.055459443,0.06768387,0.07226352,0.07091725,0.065534785,0.071050584,0.06277719,0.06917033,0.069608256,0.06922913,0.057802096,0.06812439
CAGGTATAGATGCCGA-1,Insertion_MMEJ-Deletion,Insertion_MMEJ-Deletion,0.07109495,0.07040923,0.05887507,0.055459443,0.06768387,0.07226352,0.07091725,0.065534785,0.071050584,0.06277719,0.06917033,0.069608256,0.06922913,0.057802096,0.06812439
TCTGCCAAGGGAGAAT-1,HDR_Insertion,Insertion_MMEJ-Deletion,0.07109495,0.07040923,0.05887507,0.055459443,0.06768387,0.07226352,0.07091725,0.065534785,0.071050584,0.06277719,0.06917033,0.069608256,0.06922913,0.057802096,0.06812439
CTGTATTCAACGCATT-1,HDR_NHEJ-Deletion,Insertion_MMEJ-Deletion,0.07109495,0.07040923,0.05887507,0.055459443,0.06768387,0.07226352,0.07091725,0.065534785,0.071050584,0.06277719,0.06917033,0.069608256,0.06922913,0.057802096,0.06812439
CGGTCAGAGTTGCATC-1,Insertion_Insertion,Insertion_MMEJ-Deletion,0.07109495,0.07040923,0.05887507,0.055459443,0.06768387,0.07226352,0.07091725,0.065534785,0.071050584,0.06277719,0.06917033,0.069608256,0.06922913,0.057802096,0.06812439
CAATTTCAGCACCAGA-4,Insertion_WT,Insertion_MMEJ-Deletion,0.07109495,0.07040923,0.05887507,0.055459443,0.06768387,0.07226352,0.07091725,0.065534785,0.071050584,0.06277719,0.06917033,0.069608256,0.06922913,0.057802096,0.06812439
AACCACAGTCGTTTCC-1,HDR_WT,Insertion_MMEJ-Deletion,0.07109495,0.07040923,0.05887507,0.055459443,0.06768387,0.07226352,0.07091725,0.065534785,0.071050584,0.06277719,0.06917033,0.069608256,0.06922913,0.057802096,0.06812439
TCATATCAGCGTGTTT-1,Insertion_WT,Insertion_MMEJ-Deletion,0.07109495,0.07040923,0.05887507,0.055459443,0.06768387,0.07226352,0.07091725,0.065534785,0.071050584,0.06277719,0.06917033,0.069608256,0.06922913,0.057802096,0.06812439
AGCTCAATCTGCACCT-4,NHEJ-Deletion_WT,Insertion_MMEJ-Deletion,0.07109495,0.07040923,0.05887507,0.055459443,0.06768387,0.07226352,0.07091725,0.065534785,0.071050584,0.06277719,0.06917033,0.069608256,0.06922913,0.057802096,0.06812439
TCCTCTTAGTATGACA-4,Insertion_NHEJ-Deletion,Insertion_MMEJ-Deletion,0.07109495,0.07040923,0.05887507,0.055459443,0.06768387,0.07226352,0.07091725,0.065534785,0.071050584,0.06277719,0.06917033,0.069608256,0.06922913,0.057802096,0.06812439
ATGTCTTGTATCGCGC-1,MMEJ-Deletion_WT,Insertion_MMEJ-Deletion,0.07127517,0.070395716,0.058922015,0.05626571,0.06743705,0.071951404,0.070428774,0.06552239,0.07110644,0.063193135,0.069485515,0.06916699,0.069379106,0.057992406,0.06747804
TACAACGGTACAACGG-1,HDR_HDR,Insertion_MMEJ-Deletion,0.07109495,0.07040923,0.05887507,0.055459443,0.06768387,0.07226352,0.07091725,0.065534785,0.071050584,0.06277719,0.06917033,0.069608256,0.06922913,0.057802096,0.06812439
CCGTTCAGTTGGCTAT-1,HDR_Insertion,Insertion_MMEJ-Deletion,0.07109495,0.07040923,0.05887507,0.055459443,0.06768387,0.07226352,0.07091725,0.065534785,0.071050584,0.06277719,0.06917033,0.069608256,0.06922913,0.057802096,0.06812439
TACCCACAGACCCTTA-4,Insertion_Insertion,Insertion_MMEJ-Deletion,0.07109495,0.07040923,0.05887507,0.055459443,0.06768387,0.07226352,0.07091725,0.065534785,0.071050584,0.06277719,0.06917033,0.069608256,0.06922913,0.057802096,0.06812439
GCCAGGTCAGAATCGG-4,Insertion_WT,Insertion_MMEJ-Deletion,0.07109495,0.07040923,0.05887507,0.055459443,0.06768387,0.07226352,0.07091725,0.065534785,0.071050584,0.06277719,0.06917033,0.069608256,0.06922913,0.057802096,0.06812439
GGAGAACGTCCACGCA-1,NHEJ-Deletion_WT,Insertion_MMEJ-Deletion,0.07109495,0.07040923,0.05887507,0.055459443,0.06768387,0.07226352,0.07091725,0.065534785,0.071050584,0.06277719,0.06917033,0.069608256,0.06922913,0.057802096,0.06812439
GTCTAGATCGAAACAA-1,Insertion_Insertion,Insertion_MMEJ-Deletion,0.07109495,0.07040923,0.05887507,0.055459443,0.06768387,0.07226352,0.07091725,0.065534785,0.071050584,0.06277719,0.06917033,0.069608256,0.06922913,0.057802096,0.06812439
TGTGGCGGTAACCAGG-4,Insertion_Insertion,Insertion_MMEJ-Deletion,0.07109495,0.07040923,0.05887507,0.055459443,0.06768387,0.07226352,0.07091725,0.065534785,0.071050584,0.06277719,0.06917033,0.069608256,0.06922913,0.057802096,0.06812439
CCTCCTCTCGCAGTGC-1,NHEJ-Deletion_NHEJ-Deletion,Insertion_MMEJ-Deletion,0.07109495,0.07040923,0.05887507,0.055459443,0.06768387,0.07226352,0.07091725,0.065534785,0.071050584,0.06277719,0.06917033,0.069608256,0.06922913,0.057802096,0.06812439
GGTGATTGTAAGGAGA-4,Insertion_WT,Insertion_MMEJ-Deletion,0.07109495,0.07040923,0.05887507,0.055459443,0.06768387,0.07226352,0.07091725,0.065534785,0.071050584,0.06277719,0.06917033,0.069608256,0.06922913,0.057802096,0.06812439
AGATGCTTCGTCTAAG-1,Insertion_NHEJ-Deletion,Insertion_MMEJ-Deletion,0.07109495,0.07040923,0.05887507,0.055459443,0.06768387,0.07226352,0.07091725,0.065534785,0.071050584,0.06277719,0.06917033,0.069608256,0.06922913,0.057802096,0.06812439
CATGGATAGGGAGATA-1,MMEJ-Deletion_NHEJ-Deletion,Insertion_MMEJ-Deletion,0.07109495,0.07040923,0.05887507,0.055459443,0.06768387,0.07226352,0.07091725,0.065534785,0.071050584,0.06277719,0.06917033,0.069608256,0.06922913,0.057802096,0.06812439
AATAGAGAGAAATTCG-1,Insertion_WT,Insertion_MMEJ-Deletion,0.07109495,0.07040923,0.05887507,0.055459443,0.06768387,0.07226352,0.07091725,0.065534785,0.071050584,0.06277719,0.06917033,0.069608256,0.06922913,0.057802096,0.06812439
AGTCACATCAACCTCC-1,NHEJ-Deletion_NHEJ-Deletion,Insertion_MMEJ-Deletion,0.07109495,0.07040923,0.05887507,0.055459443,0.06768387,0.07226352,0.07091725,0.065534785,0.071050584,0.06277719,0.06917033,0.069608256,0.06922913,0.057802096,0.06812439
GTGGCGTTCCGGCAAC-1,MMEJ-Deletion_MMEJ-Deletion,Insertion_MMEJ-Deletion,0.07109495,0.07040923,0.05887507,0.055459443,0.06768387,0.07226352,0.07091725,0.065534785,0.071050584,0.06277719,0.06917033,0.069608256,0.06922913,0.057802096,0.06812439
TGGGCGTAGCGTTGTT-1,Insertion_Insertion,Insertion_MMEJ-Deletion,0.07109495,0.07040923,0.05887507,0.055459443,0.06768387,0.07226352,0.07091725,0.065534785,0.071050584,0.06277719,0.06917033,0.069608256,0.06922913,0.057802096,0.06812439
GGAGGATCACTTGAGT-1,Insertion_Insertion,Insertion_MMEJ-Deletion,0.07109495,0.07040923,0.05887507,0.055459443,0.06768387,0.07226352,0.07091725,0.065534785,0.071050584,0.06277719,0.06917033,0.069608256,0.06922913,0.057802096,0.06812439
CTCCCAATCGGTGTTA-1,HDR_Insertion,Insertion_MMEJ-Deletion,0.07109495,0.07040923,0.05887507,0.055459443,0.06768387,0.07226352,0.07091725,0.065534785,0.071050584,0.06277719,0.06917033,0.069608256,0.06922913,0.057802096,0.06812439
AAAGGTAGTCGTTGCG-1,Insertion_Insertion,Insertion_MMEJ-Deletion,0.07109495,0.07040923,0.05887507,0.055459443,0.06768387,0.07226352,0.07091725,0.065534785,0.071050584,0.06277719,0.06917033,0.069608256,0.06922913,0.057802096,0.06812439
CTGAGGCGTATCCTTT-4,NHEJ-Deletion_WT,Insertion_MMEJ-Deletion,0.07109495,0.07040923,0.05887507,0.055459443,0.06768387,0.07226352,0.07091725,0.065534785,0.071050584,0.06277719,0.06917033,0.069608256,0.06922913,0.057802096,0.06812439
GGAACCCTCCAAGCAT-1,HDR_WT,Insertion_MMEJ-Deletion,0.07109495,0.07040923,0.05887507,0.055459443,0.06768387,0.07226352,0.07091725,0.065534785,0.071050584,0.06277719,0.06917033,0.069608256,0.06922913,0.057802096,0.06812439
CGGCAGTGTCATCGGC-4,Insertion_MMEJ-Deletion,Insertion_MMEJ-Deletion,0.07109495,0.07040923,0.05887507,0.055459443,0.06768387,0.07226352,0.07091725,0.065534785,0.071050584,0.06277719,0.06917033,0.069608256,0.06922913,0.057802096,0.06812439
GTGGGAAAGTGTAGTA-1,NHEJ-Deletion_NHEJ-Deletion,Insertion_MMEJ-Deletion,0.07109495,0.07040923,0.05887507,0.055459443,0.06768387,0.07226352,0.07091725,0.065534785,0.071050584,0.06277719,0.06917033,0.069608256,0.06922913,0.057802096,0.06812439
CGCAGGTAGGAACGAA-1,HDR_NHEJ-Deletion,Insertion_MMEJ-Deletion,0.07109495,0.07040923,0.05887507,0.055459443,0.06768387,0.07226352,0.07091725,0.065534785,0.071050584,0.06277719,0.06917033,0.069608256,0.06922913,0.057802096,0.06812439
TAACACGCATGACTCA-1,HDR_WT,Insertion_MMEJ-Deletion,0.07109495,0.07040923,0.05887507,0.055459443,0.06768387,0.07226352,0.07091725,0.065534785,0.071050584,0.06277719,0.06917033,0.069608256,0.06922913,0.057802096,0.06812439
TTAGGGTGTAACAAGT-1,Insertion_WT,Insertion_MMEJ-Deletion,0.07109495,0.07040923,0.05887507,0.055459443,0.06768387,0.07226352,0.07091725,0.065534785,0.071050584,0.06277719,0.06917033,0.069608256,0.06922913,0.057802096,0.06812439
CTCAATTAGACCTCCG-1,NHEJ-Deletion_WT,Insertion_MMEJ-Deletion,0.07109495,0.07040923,0.05887507,0.055459443,0.06768387,0.07226352,0.07091725,0.065534785,0.071050584,0.06277719,0.06917033,0.069608256,0.06922913,0.057802096,0.06812439
AAGGAATGTACAAGCG-1,Insertion_WT,Insertion_MMEJ-Deletion,0.07109495,0.07040923,0.05887507,0.055459443,0.06768387,0.07226352,0.07091725,0.065534785,0.071050584,0.06277719,0.06917033,0.069608256,0.06922913,0.057802096,0.06812439
AAATGGACATTGACAC-1,Insertion_MMEJ-Deletion,Insertion_MMEJ-Deletion,0.07109495,0.07040923,0.05887507,0.055459443,0.06768387,0.07226352,0.07091725,0.065534785,0.071050584,0.06277719,0.06917033,0.069608256,0.06922913,0.057802096,0.06812439
CTTCAATAGCCTATCA-4,MMEJ-Deletion_NHEJ-Deletion,Insertion_MMEJ-Deletion,0.07109495,0.07040923,0.05887507,0.055459443,0.06768387,0.07226352,0.07091725,0.065534785,0.071050584,0.06277719,0.06917033,0.069608256,0.06922913,0.057802096,0.06812439
GCACTAAGTTTCCATT-1,Insertion_Insertion,Insertion_MMEJ-Deletion,0.07109495,0.07040923,0.05887507,0.055459443,0.06768387,0.07226352,0.07091725,0.065534785,0.071050584,0.06277719,0.06917033,0.069608256,0.06922913,0.057802096,0.06812439
CAAGACTGTCACTGAT-1,Insertion_WT,Insertion_MMEJ-Deletion,0.07109495,0.07040923,0.05887507,0.055459443,0.06768387,0.07226352,0.07091725,0.065534785,0.071050584,0.06277719,0.06917033,0.069608256,0.06922913,0.057802096,0.06812439
CTAGACAGTCTCGACG-1,Insertion_NHEJ-Deletion,Insertion_MMEJ-Deletion,0.07109495,0.07040923,0.05887507,0.055459443,0.06768387,0.07226352,0.07091725,0.065534785,0.071050584,0.06277719,0.06917033,0.069608256,0.06922913,0.057802096,0.06812439
CATTTCAGTTCTTGTT-1,NHEJ-Deletion_WT,Insertion_MMEJ-Deletion,0.07109495,0.07040923,0.05887507,0.055459443,0.06768387,0.07226352,0.07091725,0.065534785,0.071050584,0.06277719,0.06917033,0.069608256,0.06922913,0.057802096,0.06812439
AAGACAATCCTTATAC-1,MMEJ-Deletion_WT,Insertion_MMEJ-Deletion,0.07109495,0.07040923,0.05887507,0.055459443,0.06768387,0.07226352,0.07091725,0.065534785,0.071050584,0.06277719,0.06917033,0.069608256,0.06922913,0.057802096,0.06812439
GGTGAAGGTATGAAGT-1,HDR_HDR,Insertion_MMEJ-Deletion,0.07109495,0.07040923,0.05887507,0.055459443,0.06768387,0.07226352,0.07091725,0.065534785,0.071050584,0.06277719,0.06917033,0.069608256,0.06922913,0.057802096,0.06812439
CATAGACAGGCACGAT-1,Insertion_Insertion,Insertion_MMEJ-Deletion,0.07109495,0.07040923,0.05887507,0.055459443,0.06768387,0.07226352,0.07091725,0.065534785,0.071050584,0.06277719,0.06917033,0.069608256,0.06922913,0.057802096,0.06812439
AGATCGTAGACGGTTG-1,NHEJ-Deletion_WT,Insertion_MMEJ-Deletion,0.07109495,0.07040923,0.05887507,0.055459443,0.06768387,0.07226352,0.07091725,0.065534785,0.071050584,0.06277719,0.06917033,0.069608256,0.06922913,0.057802096,0.06812439
ATGTCCCGTACCAGAG-1,Insertion_NHEJ-Deletion,Insertion_MMEJ-Deletion,0.07109495,0.07040923,0.05887507,0.055459443,0.06768387,0.07226352,0.07091725,0.065534785,0.071050584,0.06277719,0.06917033,0.069608256,0.06922913,0.057802096,0.06812439
AAGCGAGGTCGTTGCG-4,NHEJ-Deletion_WT,Insertion_MMEJ-Deletion,0.07109495,0.07040923,0.05887507,0.055459443,0.06768387,0.07226352,0.07091725,0.065534785,0.071050584,0.06277719,0.06917033,0.069608256,0.06922913,0.057802096,0.06812439
GCCATTCAGTAGGCCA-1,MMEJ-Deletion_MMEJ-Deletion,Insertion_MMEJ-Deletion,0.07109495,0.07040923,0.05887507,0.055459443,0.06768387,0.07226352,0.07091725,0.065534785,0.071050584,0.06277719,0.06917033,0.069608256,0.06922913,0.057802096,0.06812439
AGACCCGAGACCGCCT-1,Insertion_NHEJ-Deletion,Insertion_MMEJ-Deletion,0.07109495,0.07040923,0.05887507,0.055459443,0.06768387,0.07226352,0.07091725,0.065534785,0.071050584,0.06277719,0.06917033,0.069608256,0.06922913,0.057802096,0.06812439
TCACGGGCAGAAGTGC-4,Insertion_MMEJ-Deletion,Insertion_MMEJ-Deletion,0.07109495,0.07040923,0.05887507,0.055459443,0.06768387,0.07226352,0.07091725,0.065534785,0.071050584,0.06277719,0.06917033,0.069608256,0.06922913,0.057802096,0.06812439
GACCCTTGTAGCTGTT-1,Insertion_MMEJ-Deletion,Insertion_MMEJ-Deletion,0.07109495,0.07040923,0.05887507,0.055459443,0.06768387,0.07226352,0.07091725,0.065534785,0.071050584,0.06277719,0.06917033,0.069608256,0.06922913,0.057802096,0.06812439
ACAGCCGCAGAACTCT-1,Insertion_NHEJ-Deletion,Insertion_MMEJ-Deletion,0.07109495,0.07040923,0.05887507,0.055459443,0.06768387,0.07226352,0.07091725,0.065534785,0.071050584,0.06277719,0.06917033,0.069608256,0.06922913,0.057802096,0.06812439
GTCACGGCAGTCAGAG-1,NHEJ-Deletion_WT,Insertion_MMEJ-Deletion,0.07109495,0.07040923,0.05887507,0.055459443,0.06768387,0.07226352,0.07091725,0.065534785,0.071050584,0.06277719,0.06917033,0.069608256,0.06922913,0.057802096,0.06812439
AACCCAAAGAATTCAG-1,NHEJ-Deletion_NHEJ-Deletion,Insertion_MMEJ-Deletion,0.07109495,0.07040923,0.05887507,0.055459443,0.06768387,0.07226352,0.07091725,0.065534785,0.071050584,0.06277719,0.06917033,0.069608256,0.06922913,0.057802096,0.06812439
AGAGCCCTCCCGAAAT-4,Insertion_NHEJ-Deletion,Insertion_MMEJ-Deletion,0.07109495,0.07040923,0.05887507,0.055459443,0.06768387,0.07226352,0.07091725,0.065534785,0.071050584,0.06277719,0.06917033,0.069608256,0.06922913,0.057802096,0.06812439
AATTCCTTCGCACTCT-1,Insertion_NHEJ-Deletion,Insertion_MMEJ-Deletion,0.07109495,0.07040923,0.05887507,0.055459443,0.06768387,0.07226352,0.07091725,0.065534785,0.071050584,0.06277719,0.06917033,0.069608256,0.06922913,0.057802096,0.06812439
CGGTCAGCATCTAACG-1,MMEJ-Deletion_NHEJ-Deletion,Insertion_MMEJ-Deletion,0.07109495,0.07040923,0.05887507,0.055459443,0.06768387,0.07226352,0.07091725,0.065534785,0.071050584,0.06277719,0.06917033,0.069608256,0.06922913,0.057802096,0.06812439
TACAACGGTGGAACCA-4,Insertion_WT,Insertion_MMEJ-Deletion,0.07109495,0.07040923,0.05887507,0.055459443,0.06768387,0.07226352,0.07091725,0.065534785,0.071050584,0.06277719,0.06917033,0.069608256,0.06922913,0.057802096,0.06812439
CGTGCTTAGGTCCGAA-1,NHEJ-Deletion_NHEJ-Deletion,Insertion_MMEJ-Deletion,0.07109495,0.07040923,0.05887507,0.055459443,0.06768387,0.07226352,0.07091725,0.065534785,0.071050584,0.06277719,0.06917033,0.069608256,0.06922913,0.057802096,0.06812439
AAATGGAGTATGCGTT-1,Insertion_WT,Insertion_MMEJ-Deletion,0.07109495,0.07040923,0.05887507,0.055459443,0.06768387,0.07226352,0.07091725,0.065534785,0.071050584,0.06277719,0.06917033,0.069608256,0.06922913,0.057802096,0.06812439
ATGCATGCAGAGAGGG-4,Insertion_WT,Insertion_MMEJ-Deletion,0.07109495,0.07040923,0.05887507,0.055459443,0.06768387,0.07226352,0.07091725,0.065534785,0.071050584,0.06277719,0.06917033,0.069608256,0.06922913,0.057802096,0.06812439
GTCGTAACAGACTCTA-4,NHEJ-Deletion_NHEJ-Deletion,Insertion_MMEJ-Deletion,0.07109495,0.07040923,0.05887507,0.055459443,0.06768387,0.07226352,0.07091725,0.065534785,0.071050584,0.06277719,0.06917033,0.069608256,0.06922913,0.057802096,0.06812439
ATTCAGGGTTACACTG-1,Insertion_Insertion,Insertion_MMEJ-Deletion,0.07109495,0.07040923,0.05887507,0.055459443,0.06768387,0.07226352,0.07091725,0.065534785,0.071050584,0.06277719,0.06917033,0.069608256,0.06922913,0.057802096,0.06812439
TCTATACCAAATACGA-1,Insertion_NHEJ-Deletion,Insertion_MMEJ-Deletion,0.07109495,0.07040923,0.05887507,0.055459443,0.06768387,0.07226352,0.07091725,0.065534785,0.071050584,0.06277719,0.06917033,0.069608256,0.06922913,0.057802096,0.06812439
TCTCAGCTCCATCACC-1,NHEJ-Deletion_NHEJ-Deletion,Insertion_MMEJ-Deletion,0.07109495,0.07040923,0.05887507,0.055459443,0.06768387,0.07226352,0.07091725,0.065534785,0.071050584,0.06277719,0.06917033,0.069608256,0.06922913,0.057802096,0.06812439
GACGCTGCACGGCTAC-1,Insertion_NHEJ-Deletion,Insertion_MMEJ-Deletion,0.07109495,0.07040923,0.05887507,0.055459443,0.06768387,0.07226352,0.07091725,0.065534785,0.071050584,0.06277719,0.06917033,0.069608256,0.06922913,0.057802096,0.06812439
GACCGTGAGTAATCCC-4,NHEJ-Deletion_WT,Insertion_MMEJ-Deletion,0.07109495,0.07040923,0.05887507,0.055459443,0.06768387,0.07226352,0.07091725,0.065534785,0.071050584,0.06277719,0.06917033,0.069608256,0.06922913,0.057802096,0.06812439
GCCATTCTCATGCAGT-1,Insertion_Insertion,Insertion_MMEJ-Deletion,0.07109495,0.07040923,0.05887507,0.055459443,0.06768387,0.07226352,0.07091725,0.065534785,0.071050584,0.06277719,0.06917033,0.069608256,0.06922913,0.057802096,0.06812439
GCGAGAATCCTACAAG-1,Insertion_NHEJ-Deletion,Insertion_MMEJ-Deletion,0.07109495,0.07040923,0.05887507,0.055459443,0.06768387,0.07226352,0.07091725,0.065534785,0.071050584,0.06277719,0.06917033,0.069608256,0.06922913,0.057802096,0.06812439
TCTGCCATCTCAGGCG-1,Insertion_NHEJ-Deletion,Insertion_MMEJ-Deletion,0.07109495,0.07040923,0.05887507,0.055459443,0.06768387,0.07226352,0.07091725,0.065534785,0.071050584,0.06277719,0.06917033,0.069608256,0.06922913,0.057802096,0.06812439
CTAGGTACAATCGCCG-1,NHEJ-Deletion_NHEJ-Deletion,Insertion_MMEJ-Deletion,0.07109495,0.07040923,0.05887507,0.055459443,0.06768387,0.07226352,0.07091725,0.065534785,0.071050584,0.06277719,0.06917033,0.069608256,0.06922913,0.057802096,0.06812439
AGAGCCCGTACGATCT-4,Insertion_Insertion,Insertion_MMEJ-Deletion,0.07109495,0.07040923,0.05887507,0.055459443,0.06768387,0.07226352,0.07091725,0.065534785,0.071050584,0.06277719,0.06917033,0.069608256,0.06922913,0.057802096,0.06812439
CCACCATTCTCTCAAT-1,Insertion_Insertion,Insertion_MMEJ-Deletion,0.07109495,0.07040923,0.05887507,0.055459443,0.06768387,0.07226352,0.07091725,0.065534785,0.071050584,0.06277719,0.06917033,0.069608256,0.06922913,0.057802096,0.06812439
ATCGTCCGTACCACGC-1,Insertion_NHEJ-Deletion,Insertion_MMEJ-Deletion,0.07109495,0.07040923,0.05887507,0.055459443,0.06768387,0.07226352,0.07091725,0.065534785,0.071050584,0.06277719,0.06917033,0.069608256,0.06922913,0.057802096,0.06812439
CCTCCTCAGTTTCGGT-1,HDR_NHEJ-Deletion,Insertion_MMEJ-Deletion,0.07109495,0.07040923,0.05887507,0.055459443,0.06768387,0.07226352,0.07091725,0.065534785,0.071050584,0.06277719,0.06917033,0.069608256,0.06922913,0.057802096,0.06812439
TAGACTGCAGGCTCTG-4,NHEJ-Deletion_WT,Insertion_MMEJ-Deletion,0.07109495,0.07040923,0.05887507,0.055459443,0.06768387,0.07226352,0.07091725,0.065534785,0.071050584,0.06277719,0.06917033,0.069608256,0.06922913,0.057802096,0.06812439
CAGAGCCTCAGGGATG-4,Insertion_NHEJ-Deletion,Insertion_MMEJ-Deletion,0.07109495,0.07040923,0.05887507,0.055459443,0.06768387,0.07226352,0.07091725,0.065534785,0.071050584,0.06277719,0.06917033,0.069608256,0.06922913,0.057802096,0.06812439
TCGCACTCATGTGGCC-1,NHEJ-Deletion_WT,Insertion_MMEJ-Deletion,0.07109495,0.07040923,0.05887507,0.055459443,0.06768387,0.07226352,0.07091725,0.065534785,0.071050584,0.06277719,0.06917033,0.069608256,0.06922913,0.057802096,0.06812439
CATTCCGCATACATCG-1,Insertion_Insertion,Insertion_MMEJ-Deletion,0.07109495,0.07040923,0.05887507,0.055459443,0.06768387,0.07226352,0.07091725,0.065534785,0.071050584,0.06277719,0.06917033,0.069608256,0.06922913,0.057802096,0.06812439
TCGACCTCAACCGTGC-1,Insertion_Insertion,Insertion_MMEJ-Deletion,0.07109495,0.07040923,0.05887507,0.055459443,0.06768387,0.07226352,0.07091725,0.065534785,0.071050584,0.06277719,0.06917033,0.069608256,0.06922913,0.057802096,0.06812439
TTTGGTTAGGGAGTGG-1,Insertion_MMEJ-Deletion,Insertion_MMEJ-Deletion,0.07109495,0.07040923,0.05887507,0.055459443,0.06768387,0.07226352,0.07091725,0.065534785,0.071050584,0.06277719,0.06917033,0.069608256,0.06922913,0.057802096,0.06812439
AGTGTTGTCGGCTGTG-1,HDR_HDR,Insertion_MMEJ-Deletion,0.07109495,0.07040923,0.05887507,0.055459443,0.06768387,0.07226352,0.07091725,0.065534785,0.071050584,0.06277719,0.06917033,0.069608256,0.06922913,0.057802096,0.06812439
GTTGTCCTCTCCAAGA-1,Insertion_Insertion,Insertion_MMEJ-Deletion,0.07109495,0.07040923,0.05887507,0.055459443,0.06768387,0.07226352,0.07091725,0.065534785,0.071050584,0.06277719,0.06917033,0.069608256,0.06922913,0.057802096,0.06812439
TCAGTTTTCACTGTTT-4,NHEJ-Deletion_NHEJ-Deletion,Insertion_MMEJ-Deletion,0.07109495,0.07040923,0.05887507,0.055459443,0.06768387,0.07226352,0.07091725,0.065534785,0.071050584,0.06277719,0.06917033,0.069608256,0.06922913,0.057802096,0.06812439
ATTCCATGTCCATAGT-1,HDR_HDR,Insertion_MMEJ-Deletion,0.07109495,0.07040923,0.05887507,0.055459443,0.06768387,0.07226352,0.07091725,0.065534785,0.071050584,0.06277719,0.06917033,0.069608256,0.06922913,0.057802096,0.06812439
ACGATGTAGAGCTGCA-1,Insertion_NHEJ-Deletion,Insertion_MMEJ-Deletion,0.07109495,0.07040923,0.05887507,0.055459443,0.06768387,0.07226352,0.07091725,0.065534785,0.071050584,0.06277719,0.06917033,0.069608256,0.06922913,0.057802096,0.06812439
GGGACAAAGAATTGTG-4,HDR_HDR,Insertion_MMEJ-Deletion,0.07109495,0.07040923,0.05887507,0.055459443,0.06768387,0.07226352,0.07091725,0.065534785,0.071050584,0.06277719,0.06917033,0.069608256,0.06922913,0.057802096,0.06812439
AAGTTCGCATTCAGGT-1,Insertion_WT,Insertion_MMEJ-Deletion,0.07109495,0.07040923,0.05887507,0.055459443,0.06768387,0.07226352,0.07091725,0.065534785,0.071050584,0.06277719,0.06917033,0.069608256,0.06922913,0.057802096,0.06812439
GCATGATAGGCATTTC-4,HDR_WT,Insertion_MMEJ-Deletion,0.07109495,0.07040923,0.05887507,0.055459443,0.06768387,0.07226352,0.07091725,0.065534785,0.071050584,0.06277719,0.06917033,0.069608256,0.06922913,0.057802096,0.06812439
CCTAACCAGGAATCGC-1,Insertion_Insertion,Insertion_MMEJ-Deletion,0.07109495,0.07040923,0.05887507,0.055459443,0.06768387,0.07226352,0.07091725,0.065534785,0.071050584,0.06277719,0.06917033,0.069608256,0.06922913,0.057802096,0.06812439
TGATGGTAGCTAAACA-1,HDR_Insertion,Insertion_MMEJ-Deletion,0.07109495,0.07040923,0.05887507,0.055459443,0.06768387,0.07226352,0.07091725,0.065534785,0.071050584,0.06277719,0.06917033,0.069608256,0.06922913,0.057802096,0.06812439
GTAGAGGAGCAGTACG-1,NHEJ-Deletion_NHEJ-Deletion,Insertion_MMEJ-Deletion,0.07109495,0.07040923,0.05887507,0.055459443,0.06768387,0.07226352,0.07091725,0.065534785,0.071050584,0.06277719,0.06917033,0.069608256,0.06922913,0.057802096,0.06812439
GCGTGCAGTCCAGAAG-1,Insertion_Insertion,Insertion_MMEJ-Deletion,0.07109495,0.07040923,0.05887507,0.055459443,0.06768387,0.07226352,0.07091725,0.065534785,0.071050584,0.06277719,0.06917033,0.069608256,0.06922913,0.057802096,0.06812439
ATGTCCCTCACTGGGC-4,Insertion_MMEJ-Deletion,Insertion_MMEJ-Deletion,0.07109495,0.07040923,0.05887507,0.055459443,0.06768387,0.07226352,0.07091725,0.065534785,0.071050584,0.06277719,0.06917033,0.069608256,0.06922913,0.057802096,0.06812439
CCGTAGGTCAATCTTC-4,Insertion_NHEJ-Deletion,Insertion_MMEJ-Deletion,0.07109495,0.07040923,0.05887507,0.055459443,0.06768387,0.07226352,0.07091725,0.065534785,0.071050584,0.06277719,0.06917033,0.069608256,0.06922913,0.057802096,0.06812439
TCGAAGTAGCCTGAGA-1,Insertion_WT,Insertion_MMEJ-Deletion,0.07109495,0.07040923,0.05887507,0.055459443,0.06768387,0.07226352,0.07091725,0.065534785,0.071050584,0.06277719,0.06917033,0.069608256,0.06922913,0.057802096,0.06812439
TGATTCTAGTAATTGG-4,Insertion_WT,Insertion_MMEJ-Deletion,0.07109495,0.07040923,0.05887507,0.055459443,0.06768387,0.07226352,0.07091725,0.065534785,0.071050584,0.06277719,0.06917033,0.069608256,0.06922913,0.057802096,0.06812439
CTTTCGGGTGCCTGCA-1,Insertion_Insertion,Insertion_MMEJ-Deletion,0.07109495,0.07040923,0.05887507,0.055459443,0.06768387,0.07226352,0.07091725,0.065534785,0.071050584,0.06277719,0.06917033,0.069608256,0.06922913,0.057802096,0.06812439
ATTGGGTAGGAGGTTC-1,Insertion_WT,Insertion_MMEJ-Deletion,0.07109495,0.07040923,0.05887507,0.055459443,0.06768387,0.07226352,0.07091725,0.065534785,0.071050584,0.06277719,0.06917033,0.069608256,0.06922913,0.057802096,0.06812439
CTCAGAACAACTGCCG-1,Insertion_Insertion,Insertion_MMEJ-Deletion,0.07109495,0.07040923,0.05887507,0.055459443,0.06768387,0.07226352,0.07091725,0.065534785,0.071050584,0.06277719,0.06917033,0.069608256,0.06922913,0.057802096,0.06812439
TAGGTTGAGGAAGAAC-4,NHEJ-Deletion_WT,Insertion_MMEJ-Deletion,0.07109495,0.07040923,0.05887507,0.055459443,0.06768387,0.07226352,0.07091725,0.065534785,0.071050584,0.06277719,0.06917033,0.069608256,0.06922913,0.057802096,0.06812439
TGTGCGGCACATACGT-1,Insertion_NHEJ-Deletion,Insertion_MMEJ-Deletion,0.07109495,0.07040923,0.05887507,0.055459443,0.06768387,0.07226352,0.07091725,0.065534785,0.071050584,0.06277719,0.06917033,0.069608256,0.06922913,0.057802096,0.06812439
TTAGGGTCATGACTAC-1,HDR_Insertion,Insertion_MMEJ-Deletion,0.07109495,0.07040923,0.05887507,0.055459443,0.06768387,0.07226352,0.07091725,0.065534785,0.071050584,0.06277719,0.06917033,0.069608256,0.06922913,0.057802096,0.06812439
GTGTGGCTCCACAGGC-4,NHEJ-Deletion_WT,Insertion_MMEJ-Deletion,0.07109495,0.07040923,0.05887507,0.055459443,0.06768387,0.07226352,0.07091725,0.065534785,0.071050584,0.06277719,0.06917033,0.069608256,0.06922913,0.057802096,0.06812439
AAGTCGTTCCCAGGCA-1,NHEJ-Deletion_NHEJ-Deletion,Insertion_MMEJ-Deletion,0.07109495,0.07040923,0.05887507,0.055459443,0.06768387,0.07226352,0.07091725,0.065534785,0.071050584,0.06277719,0.06917033,0.069608256,0.06922913,0.057802096,0.06812439
GCGGATCAGGTGCTGA-1,MMEJ-Deletion_NHEJ-Deletion,Insertion_MMEJ-Deletion,0.07109495,0.07040923,0.05887507,0.055459443,0.06768387,0.07226352,0.07091725,0.065534785,0.071050584,0.06277719,0.06917033,0.069608256,0.06922913,0.057802096,0.06812439
CATGCAATCCGATGTA-1,HDR_WT,Insertion_MMEJ-Deletion,0.07109495,0.07040923,0.05887507,0.055459443,0.06768387,0.07226352,0.07091725,0.065534785,0.071050584,0.06277719,0.06917033,0.069608256,0.06922913,0.057802096,0.06812439
GGTAGAGTCCATCTGC-1,Insertion_WT,Insertion_MMEJ-Deletion,0.07109495,0.07040923,0.05887507,0.055459443,0.06768387,0.07226352,0.07091725,0.065534785,0.071050584,0.06277719,0.06917033,0.069608256,0.06922913,0.057802096,0.06812439
CGTGCTTAGACGAGCT-1,MMEJ-Deletion_NHEJ-Deletion,Insertion_MMEJ-Deletion,0.07109495,0.07040923,0.05887507,0.055459443,0.06768387,0.07226352,0.07091725,0.065534785,0.071050584,0.06277719,0.06917033,0.069608256,0.06922913,0.057802096,0.06812439
CTCAACCCAGCCGTCA-1,MMEJ-Deletion_MMEJ-Deletion,Insertion_MMEJ-Deletion,0.07109495,0.07040923,0.05887507,0.055459443,0.06768387,0.07226352,0.07091725,0.065534785,0.071050584,0.06277719,0.06917033,0.069608256,0.06922913,0.057802096,0.06812439
CATTTCATCCGCGATG-1,Insertion_Insertion,Insertion_MMEJ-Deletion,0.07109495,0.07040923,0.05887507,0.055459443,0.06768387,0.07226352,0.07091725,0.065534785,0.071050584,0.06277719,0.06917033,0.069608256,0.06922913,0.057802096,0.06812439
GGATGTTCAACTGGTT-1,Insertion_Insertion,Insertion_MMEJ-Deletion,0.07109495,0.07040923,0.05887507,0.055459443,0.06768387,0.07226352,0.07091725,0.065534785,0.071050584,0.06277719,0.06917033,0.069608256,0.06922913,0.057802096,0.06812439
TCTATACAGCACCCAC-1,Insertion_MMEJ-Deletion,Insertion_MMEJ-Deletion,0.07109495,0.07040923,0.05887507,0.055459443,0.06768387,0.07226352,0.07091725,0.065534785,0.071050584,0.06277719,0.06917033,0.069608256,0.06922913,0.057802096,0.06812439
TCACGCTAGCGTCAAG-4,Insertion_Insertion,Insertion_MMEJ-Deletion,0.07109495,0.07040923,0.05887507,0.055459443,0.06768387,0.07226352,0.07091725,0.065534785,0.071050584,0.06277719,0.06917033,0.069608256,0.06922913,0.057802096,0.06812439
TGACGCGAGCTCGAAG-1,Insertion_MMEJ-Deletion,Insertion_MMEJ-Deletion,0.07109495,0.07040923,0.05887507,0.055459443,0.06768387,0.07226352,0.07091725,0.065534785,0.071050584,0.06277719,0.06917033,0.069608256,0.06922913,0.057802096,0.06812439
CGGGCATCAACACGAG-4,NHEJ-Deletion_NHEJ-Deletion,Insertion_MMEJ-Deletion,0.07109495,0.07040923,0.05887507,0.055459443,0.06768387,0.07226352,0.07091725,0.065534785,0.071050584,0.06277719,0.06917033,0.069608256,0.06922913,0.057802096,0.06812439
TGTTGGACAATAGTGA-1,HDR_Insertion,Insertion_MMEJ-Deletion,0.07109495,0.07040923,0.05887507,0.055459443,0.06768387,0.07226352,0.07091725,0.065534785,0.071050584,0.06277719,0.06917033,0.069608256,0.06922913,0.057802096,0.06812439
ACGATCATCTATCCAT-1,NHEJ-Deletion_WT,Insertion_MMEJ-Deletion,0.07109495,0.07040923,0.05887507,0.055459443,0.06768387,0.07226352,0.07091725,0.065534785,0.071050584,0.06277719,0.06917033,0.069608256,0.06922913,0.057802096,0.06812439
GTCAAACCAGGATTCT-1,Insertion_NHEJ-Deletion,Insertion_MMEJ-Deletion,0.07109495,0.07040923,0.05887507,0.055459443,0.06768387,0.07226352,0.07091725,0.065534785,0.071050584,0.06277719,0.06917033,0.069608256,0.06922913,0.057802096,0.06812439
TACGCTCGTACATTGC-1,HDR_Insertion,Insertion_MMEJ-Deletion,0.07109495,0.07040923,0.05887507,0.055459443,0.06768387,0.07226352,0.07091725,0.065534785,0.071050584,0.06277719,0.06917033,0.069608256,0.06922913,0.057802096,0.06812439
AATGACCCAATAGTGA-1,Insertion_WT,Insertion_MMEJ-Deletion,0.07109495,0.07040923,0.05887507,0.055459443,0.06768387,0.07226352,0.07091725,0.065534785,0.071050584,0.06277719,0.06917033,0.069608256,0.06922913,0.057802096,0.06812439
ATGGGTTTCCTATTTG-1,Insertion_WT,Insertion_MMEJ-Deletion,0.07109495,0.07040923,0.05887507,0.055459443,0.06768387,0.07226352,0.07091725,0.065534785,0.071050584,0.06277719,0.06917033,0.069608256,0.06922913,0.057802096,0.06812439
TAGGTACAGCGTCTGC-1,Insertion_NHEJ-Deletion,Insertion_MMEJ-Deletion,0.07109495,0.07040923,0.05887507,0.055459443,0.06768387,0.07226352,0.07091725,0.065534785,0.071050584,0.06277719,0.06917033,0.069608256,0.06922913,0.057802096,0.06812439
AGGAGGTAGTTACGTC-1,NHEJ-Deletion_NHEJ-Deletion,Insertion_MMEJ-Deletion,0.07109495,0.07040923,0.05887507,0.055459443,0.06768387,0.07226352,0.07091725,0.065534785,0.071050584,0.06277719,0.06917033,0.069608256,0.06922913,0.057802096,0.06812439
GAACGTTAGGAAACGA-1,NHEJ-Deletion_WT,Insertion_MMEJ-Deletion,0.07109495,0.07040923,0.05887507,0.055459443,0.06768387,0.07226352,0.07091725,0.065534785,0.071050584,0.06277719,0.06917033,0.069608256,0.06922913,0.057802096,0.06812439
CATGCTCCACGGAAGT-1,HDR_HDR,Insertion_MMEJ-Deletion,0.07109495,0.07040923,0.05887507,0.055459443,0.06768387,0.07226352,0.07091725,0.065534785,0.071050584,0.06277719,0.06917033,0.069608256,0.06922913,0.057802096,0.06812439
TCGAAGTCAAGAGATT-1,Insertion_MMEJ-Deletion,Insertion_MMEJ-Deletion,0.07109495,0.07040923,0.05887507,0.055459443,0.06768387,0.07226352,0.07091725,0.065534785,0.071050584,0.06277719,0.06917033,0.069608256,0.06922913,0.057802096,0.06812439
CGATGGCGTAGCACAG-1,Insertion_WT,Insertion_MMEJ-Deletion,0.07109495,0.07040923,0.05887507,0.055459443,0.06768387,0.07226352,0.07091725,0.065534785,0.071050584,0.06277719,0.06917033,0.069608256,0.06922913,0.057802096,0.06812439
GCTTGGGCACAACCGC-1,HDR_HDR,Insertion_MMEJ-Deletion,0.07109495,0.07040923,0.05887507,0.055459443,0.06768387,0.07226352,0.07091725,0.065534785,0.071050584,0.06277719,0.06917033,0.069608256,0.06922913,0.057802096,0.06812439
GTCAGCGAGAGCTGCA-1,NHEJ-Deletion_NHEJ-Deletion,Insertion_MMEJ-Deletion,0.07109495,0.07040923,0.05887507,0.055459443,0.06768387,0.07226352,0.07091725,0.065534785,0.071050584,0.06277719,0.06917033,0.069608256,0.06922913,0.057802096,0.06812439
TTAGGGTGTGACTATC-1,Insertion_MMEJ-Deletion,Insertion_MMEJ-Deletion,0.07109495,0.07040923,0.05887507,0.055459443,0.06768387,0.07226352,0.07091725,0.065534785,0.071050584,0.06277719,0.06917033,0.069608256,0.06922913,0.057802096,0.06812439
ACAAGCTTCGCAGATT-1,HDR_WT,Insertion_MMEJ-Deletion,0.07109495,0.07040923,0.05887507,0.055459443,0.06768387,0.07226352,0.07091725,0.065534785,0.071050584,0.06277719,0.06917033,0.069608256,0.06922913,0.057802096,0.06812439
CACTGAAGTGAGTAGC-1,NHEJ-Deletion_WT,Insertion_MMEJ-Deletion,0.07109495,0.07040923,0.05887507,0.055459443,0.06768387,0.07226352,0.07091725,0.065534785,0.071050584,0.06277719,0.06917033,0.069608256,0.06922913,0.057802096,0.06812439
CTTTCAATCCGTGTGG-1,Insertion_WT,Insertion_MMEJ-Deletion,0.07109495,0.07040923,0.05887507,0.055459443,0.06768387,0.07226352,0.07091725,0.065534785,0.071050584,0.06277719,0.06917033,0.069608256,0.06922913,0.057802096,0.06812439
CATACTTCAGGTCCGT-4,Insertion_WT,Insertion_MMEJ-Deletion,0.07109495,0.07040923,0.05887507,0.055459443,0.06768387,0.07226352,0.07091725,0.065534785,0.071050584,0.06277719,0.06917033,0.069608256,0.06922913,0.057802096,0.06812439
GTTGTGACATTGACAC-1,MMEJ-Deletion_WT,Insertion_MMEJ-Deletion,0.07109495,0.07040923,0.05887507,0.055459443,0.06768387,0.07226352,0.07091725,0.065534785,0.071050584,0.06277719,0.06917033,0.069608256,0.06922913,0.057802096,0.06812439
CAAGACTTCTTGCGCT-1,NHEJ-Deletion_NHEJ-Deletion,Insertion_MMEJ-Deletion,0.07109495,0.07040923,0.05887507,0.055459443,0.06768387,0.07226352,0.07091725,0.065534785,0.071050584,0.06277719,0.06917033,0.069608256,0.06922913,0.057802096,0.06812439
TGCAGGCTCACTCTTA-4,NHEJ-Deletion_WT,Insertion_MMEJ-Deletion,0.07109495,0.07040923,0.05887507,0.055459443,0.06768387,0.07226352,0.07091725,0.065534785,0.071050584,0.06277719,0.06917033,0.069608256,0.06922913,0.057802096,0.06812439
ATGTCCCTCCTCACTG-1,Insertion_NHEJ-Deletion,Insertion_MMEJ-Deletion,0.07109495,0.07040923,0.05887507,0.055459443,0.06768387,0.07226352,0.07091725,0.065534785,0.071050584,0.06277719,0.06917033,0.069608256,0.06922913,0.057802096,0.06812439
ACTCTCGCATGTTACG-1,Insertion_WT,Insertion_MMEJ-Deletion,0.07109495,0.07040923,0.05887507,0.055459443,0.06768387,0.07226352,0.07091725,0.065534785,0.071050584,0.06277719,0.06917033,0.069608256,0.06922913,0.057802096,0.06812439
GTGCTTCTCGACACTA-1,Insertion_MMEJ-Deletion,Insertion_MMEJ-Deletion,0.07109495,0.07040923,0.05887507,0.055459443,0.06768387,0.07226352,0.07091725,0.065534785,0.071050584,0.06277719,0.06917033,0.069608256,0.06922913,0.057802096,0.06812439
ATGCGATCACAAGCCC-1,HDR_WT,Insertion_MMEJ-Deletion,0.07109495,0.07040923,0.05887507,0.055459443,0.06768387,0.07226352,0.07091725,0.065534785,0.071050584,0.06277719,0.06917033,0.069608256,0.06922913,0.057802096,0.06812439
GCGGATCCACTCAGAT-1,Insertion_Insertion,Insertion_MMEJ-Deletion,0.07109495,0.07040923,0.05887507,0.055459443,0.06768387,0.07226352,0.07091725,0.065534785,0.071050584,0.06277719,0.06917033,0.069608256,0.06922913,0.057802096,0.06812439
AAAGGGCTCGTCAACA-4,Insertion_WT,Insertion_MMEJ-Deletion,0.07109495,0.07040923,0.05887507,0.055459443,0.06768387,0.07226352,0.07091725,0.065534785,0.071050584,0.06277719,0.06917033,0.069608256,0.06922913,0.057802096,0.06812439
GGTGGCTCACGCACCA-1,Insertion_NHEJ-Deletion,Insertion_MMEJ-Deletion,0.07109495,0.07040923,0.05887507,0.055459443,0.06768387,0.07226352,0.07091725,0.065534785,0.071050584,0.06277719,0.06917033,0.069608256,0.06922913,0.057802096,0.06812439
CATGGTACACCGGTCA-1,HDR_NHEJ-Deletion,Insertion_MMEJ-Deletion,0.07109495,0.07040923,0.05887507,0.055459443,0.06768387,0.07226352,0.07091725,0.065534785,0.071050584,0.06277719,0.06917033,0.069608256,0.06922913,0.057802096,0.06812439
GGTAACTAGACGCTCC-1,Insertion_Insertion,Insertion_MMEJ-Deletion,0.07109495,0.07040923,0.05887507,0.055459443,0.06768387,0.07226352,0.07091725,0.065534785,0.071050584,0.06277719,0.06917033,0.069608256,0.06922913,0.057802096,0.06812439
TCGCTTGTCCTTGAAG-1,HDR_Insertion,Insertion_MMEJ-Deletion,0.07109495,0.07040923,0.05887507,0.055459443,0.06768387,0.07226352,0.07091725,0.065534785,0.071050584,0.06277719,0.06917033,0.069608256,0.06922913,0.057802096,0.06812439
GTGTGGCCAGGTCAAG-1,Insertion_WT,Insertion_MMEJ-Deletion,0.07109495,0.07040923,0.05887507,0.055459443,0.06768387,0.07226352,0.07091725,0.065534785,0.071050584,0.06277719,0.06917033,0.069608256,0.06922913,0.057802096,0.06812439
CCTCCAAAGAAGCTCG-1,Insertion_Insertion,Insertion_MMEJ-Deletion,0.07109495,0.07040923,0.05887507,0.055459443,0.06768387,0.07226352,0.07091725,0.065534785,0.071050584,0.06277719,0.06917033,0.069608256,0.06922913,0.057802096,0.06812439
CAAGACTAGTGTAGAT-1,HDR_WT,Insertion_MMEJ-Deletion,0.07109495,0.07040923,0.05887507,0.055459443,0.06768387,0.07226352,0.07091725,0.065534785,0.071050584,0.06277719,0.06917033,0.069608256,0.06922913,0.057802096,0.06812439
GCCAGCAGTACAAGCG-1,Insertion_WT,Insertion_MMEJ-Deletion,0.07109495,0.07040923,0.05887507,0.055459443,0.06768387,0.07226352,0.07091725,0.065534785,0.071050584,0.06277719,0.06917033,0.069608256,0.06922913,0.057802096,0.06812439
GAAGGGTAGTTGCTGT-1,Insertion_Insertion,Insertion_MMEJ-Deletion,0.07109495,0.07040923,0.05887507,0.055459443,0.06768387,0.07226352,0.07091725,0.065534785,0.071050584,0.06277719,0.06917033,0.069608256,0.06922913,0.057802096,0.06812439
CTCCACAGTATGCTAC-4,Insertion_Insertion,Insertion_MMEJ-Deletion,0.07109495,0.07040923,0.05887507,0.055459443,0.06768387,0.07226352,0.07091725,0.065534785,0.071050584,0.06277719,0.06917033,0.069608256,0.06922913,0.057802096,0.06812439
GGTCTGGAGAAATTCG-4,NHEJ-Deletion_WT,Insertion_MMEJ-Deletion,0.07109495,0.07040923,0.05887507,0.055459443,0.06768387,0.07226352,0.07091725,0.065534785,0.071050584,0.06277719,0.06917033,0.069608256,0.06922913,0.057802096,0.06812439
TGTTCTAGTTGGTACT-1,NHEJ-Deletion_NHEJ-Deletion,Insertion_MMEJ-Deletion,0.07109495,0.07040923,0.05887507,0.055459443,0.06768387,0.07226352,0.07091725,0.065534785,0.071050584,0.06277719,0.06917033,0.069608256,0.06922913,0.057802096,0.06812439
CTCCACAGTGGAAATT-4,Insertion_NHEJ-Deletion,Insertion_MMEJ-Deletion,0.07109495,0.07040923,0.05887507,0.055459443,0.06768387,0.07226352,0.07091725,0.065534785,0.071050584,0.06277719,0.06917033,0.069608256,0.06922913,0.057802096,0.06812439
CCTCTCCGTCCACGCA-4,NHEJ-Deletion_WT,Insertion_MMEJ-Deletion,0.07109495,0.07040923,0.05887507,0.055459443,0.06768387,0.07226352,0.07091725,0.065534785,0.071050584,0.06277719,0.06917033,0.069608256,0.06922913,0.057802096,0.06812439
ATCAGGTAGTTTGCTG-1,Insertion_NHEJ-Deletion,Insertion_MMEJ-Deletion,0.07109495,0.07040923,0.05887507,0.055459443,0.06768387,0.07226352,0.07091725,0.065534785,0.071050584,0.06277719,0.06917033,0.069608256,0.06922913,0.057802096,0.06812439
AGGATCTCAGTAACCT-1,Insertion_NHEJ-Deletion,Insertion_MMEJ-Deletion,0.07109495,0.07040923,0.05887507,0.055459443,0.06768387,0.07226352,0.07091725,0.065534785,0.071050584,0.06277719,0.06917033,0.069608256,0.06922913,0.057802096,0.06812439
TACGGTAAGATAACGT-1,HDR_Insertion,Insertion_MMEJ-Deletion,0.07109495,0.07040923,0.05887507,0.055459443,0.06768387,0.07226352,0.07091725,0.065534785,0.071050584,0.06277719,0.06917033,0.069608256,0.06922913,0.057802096,0.06812439
CGTTAGACAGCATTGT-1,Insertion_Insertion,Insertion_MMEJ-Deletion,0.07109495,0.07040923,0.05887507,0.055459443,0.06768387,0.07226352,0.07091725,0.065534785,0.071050584,0.06277719,0.06917033,0.069608256,0.06922913,0.057802096,0.06812439
CATGGATAGCATCTTG-4,MMEJ-Deletion_NHEJ-Deletion,Insertion_MMEJ-Deletion,0.07109495,0.07040923,0.05887507,0.055459443,0.06768387,0.07226352,0.07091725,0.065534785,0.071050584,0.06277719,0.06917033,0.069608256,0.06922913,0.057802096,0.06812439
CTGAATGCAGCGTATT-1,MMEJ-Deletion_MMEJ-Deletion,Insertion_MMEJ-Deletion,0.07109495,0.07040923,0.05887507,0.055459443,0.06768387,0.07226352,0.07091725,0.065534785,0.071050584,0.06277719,0.06917033,0.069608256,0.06922913,0.057802096,0.06812439
GGTAATCTCGATGCTA-4,NHEJ-Deletion_NHEJ-Deletion,Insertion_MMEJ-Deletion,0.07109495,0.07040923,0.05887507,0.055459443,0.06768387,0.07226352,0.07091725,0.065534785,0.071050584,0.06277719,0.06917033,0.069608256,0.06922913,0.057802096,0.06812439
TCAAGACCATCCAACA-1,Insertion_Insertion,Insertion_MMEJ-Deletion,0.07109495,0.07040923,0.05887507,0.055459443,0.06768387,0.07226352,0.07091725,0.065534785,0.071050584,0.06277719,0.06917033,0.069608256,0.06922913,0.057802096,0.06812439
TGTGTGATCGAACGGA-4,NHEJ-Deletion_WT,Insertion_MMEJ-Deletion,0.07109495,0.07040923,0.05887507,0.055459443,0.06768387,0.07226352,0.07091725,0.065534785,0.071050584,0.06277719,0.06917033,0.069608256,0.06922913,0.057802096,0.06812439
TTGTGGAAGTGAATAC-1,Insertion_NHEJ-Deletion,Insertion_MMEJ-Deletion,0.07109495,0.07040923,0.05887507,0.055459443,0.06768387,0.07226352,0.07091725,0.065534785,0.071050584,0.06277719,0.06917033,0.069608256,0.06922913,0.057802096,0.06812439
AGCGTATAGTCGAATA-1,HDR_NHEJ-Deletion,Insertion_MMEJ-Deletion,0.07109495,0.07040923,0.05887507,0.055459443,0.06768387,0.07226352,0.07091725,0.065534785,0.071050584,0.06277719,0.06917033,0.069608256,0.06922913,0.057802096,0.06812439
TCACATTGTGACTAAA-4,HDR_WT,Insertion_MMEJ-Deletion,0.07109495,0.07040923,0.05887507,0.055459443,0.06768387,0.07226352,0.07091725,0.065534785,0.071050584,0.06277719,0.06917033,0.069608256,0.06922913,0.057802096,0.06812439
AACGTCACAGTTCACA-1,HDR_NHEJ-Deletion,Insertion_MMEJ-Deletion,0.07109495,0.07040923,0.05887507,0.055459443,0.06768387,0.07226352,0.07091725,0.065534785,0.071050584,0.06277719,0.06917033,0.069608256,0.06922913,0.057802096,0.06812439
TTACGTTTCCGGCAAC-1,Insertion_NHEJ-Deletion,Insertion_MMEJ-Deletion,0.07109495,0.07040923,0.05887507,0.055459443,0.06768387,0.07226352,0.07091725,0.065534785,0.071050584,0.06277719,0.06917033,0.069608256,0.06922913,0.057802096,0.06812439
AGGCATTAGTTGGACG-1,Insertion_NHEJ-Deletion,Insertion_MMEJ-Deletion,0.07109495,0.07040923,0.05887507,0.055459443,0.06768387,0.07226352,0.07091725,0.065534785,0.071050584,0.06277719,0.06917033,0.069608256,0.06922913,0.057802096,0.06812439
CAGTGCGTCAAGTCGT-1,MMEJ-Deletion_MMEJ-Deletion,Insertion_MMEJ-Deletion,0.07109495,0.07040923,0.05887507,0.055459443,0.06768387,0.07226352,0.07091725,0.065534785,0.071050584,0.06277719,0.06917033,0.069608256,0.06922913,0.057802096,0.06812439
GCACGGTAGCTTAGTC-1,NHEJ-Deletion_WT,Insertion_MMEJ-Deletion,0.07109495,0.07040923,0.05887507,0.055459443,0.06768387,0.07226352,0.07091725,0.065534785,0.071050584,0.06277719,0.06917033,0.069608256,0.06922913,0.057802096,0.06812439
TACGGGCAGGCCTTCG-4,Insertion_Insertion,Insertion_MMEJ-Deletion,0.07109495,0.07040923,0.05887507,0.055459443,0.06768387,0.07226352,0.07091725,0.065534785,0.071050584,0.06277719,0.06917033,0.069608256,0.06922913,0.057802096,0.06812439
CGCATGGAGCAAGTGC-4,MMEJ-Deletion_NHEJ-Deletion,Insertion_MMEJ-Deletion,0.07109495,0.07040923,0.05887507,0.055459443,0.06768387,0.07226352,0.07091725,0.065534785,0.071050584,0.06277719,0.06917033,0.069608256,0.06922913,0.057802096,0.06812439
TGGAGGAGTTGCCGAC-1,HDR_Insertion,Insertion_MMEJ-Deletion,0.07109495,0.07040923,0.05887507,0.055459443,0.06768387,0.07226352,0.07091725,0.065534785,0.071050584,0.06277719,0.06917033,0.069608256,0.06922913,0.057802096,0.06812439
AAACGAAGTCAGATTC-1,Insertion_NHEJ-Deletion,Insertion_MMEJ-Deletion,0.07109495,0.07040923,0.05887507,0.055459443,0.06768387,0.07226352,0.07091725,0.065534785,0.071050584,0.06277719,0.06917033,0.069608256,0.06922913,0.057802096,0.06812439
CGGAGAAAGCGAGTAC-4,NHEJ-Deletion_NHEJ-Deletion,Insertion_MMEJ-Deletion,0.07109495,0.07040923,0.05887507,0.055459443,0.06768387,0.07226352,0.07091725,0.065534785,0.071050584,0.06277719,0.06917033,0.069608256,0.06922913,0.057802096,0.06812439
CTCCACAAGACATCAA-4,Insertion_Insertion,Insertion_MMEJ-Deletion,0.07109495,0.07040923,0.05887507,0.055459443,0.06768387,0.07226352,0.07091725,0.065534785,0.071050584,0.06277719,0.06917033,0.069608256,0.06922913,0.057802096,0.06812439
GTGCACGAGAGTGTGC-4,Insertion_Insertion,Insertion_MMEJ-Deletion,0.07109495,0.07040923,0.05887507,0.055459443,0.06768387,0.07226352,0.07091725,0.065534785,0.071050584,0.06277719,0.06917033,0.069608256,0.06922913,0.057802096,0.06812439
ACCAACACAATGTCTG-1,Insertion_NHEJ-Deletion,Insertion_MMEJ-Deletion,0.07109495,0.07040923,0.05887507,0.055459443,0.06768387,0.07226352,0.07091725,0.065534785,0.071050584,0.06277719,0.06917033,0.069608256,0.06922913,0.057802096,0.06812439
ACGGTTATCTCAGAAC-1,Insertion_WT,Insertion_MMEJ-Deletion,0.07109495,0.07040923,0.05887507,0.055459443,0.06768387,0.07226352,0.07091725,0.065534785,0.071050584,0.06277719,0.06917033,0.069608256,0.06922913,0.057802096,0.06812439
TGTGGCGGTAGACGTG-1,Insertion_Insertion,Insertion_MMEJ-Deletion,0.07109495,0.07040923,0.05887507,0.055459443,0.06768387,0.07226352,0.07091725,0.065534785,0.071050584,0.06277719,0.06917033,0.069608256,0.06922913,0.057802096,0.06812439
CATAGACGTCGCATTA-1,Insertion_WT,Insertion_MMEJ-Deletion,0.07109495,0.07040923,0.05887507,0.055459443,0.06768387,0.07226352,0.07091725,0.065534785,0.071050584,0.06277719,0.06917033,0.069608256,0.06922913,0.057802096,0.06812439
AGGAAATCATAGTCGT-4,Insertion_WT,Insertion_MMEJ-Deletion,0.07109495,0.07040923,0.05887507,0.055459443,0.06768387,0.07226352,0.07091725,0.065534785,0.071050584,0.06277719,0.06917033,0.069608256,0.06922913,0.057802096,0.06812439
ACCAAACTCGCATAGT-4,Insertion_Insertion,Insertion_MMEJ-Deletion,0.07109495,0.07040923,0.05887507,0.055459443,0.06768387,0.07226352,0.07091725,0.065534785,0.071050584,0.06277719,0.06917033,0.069608256,0.06922913,0.057802096,0.06812439
TGGTTAGTCTCTCTAA-1,Insertion_NHEJ-Deletion,Insertion_MMEJ-Deletion,0.07109495,0.07040923,0.05887507,0.055459443,0.06768387,0.07226352,0.07091725,0.065534785,0.071050584,0.06277719,0.06917033,0.069608256,0.06922913,0.057802096,0.06812439
TCTATACAGGTGCATG-4,Insertion_WT,Insertion_MMEJ-Deletion,0.07109495,0.07040923,0.05887507,0.055459443,0.06768387,0.07226352,0.07091725,0.065534785,0.071050584,0.06277719,0.06917033,0.069608256,0.06922913,0.057802096,0.06812439
TATTGCTAGATAGGGA-1,Insertion_NHEJ-Deletion,Insertion_MMEJ-Deletion,0.07109495,0.07040923,0.05887507,0.055459443,0.06768387,0.07226352,0.07091725,0.065534785,0.071050584,0.06277719,0.06917033,0.069608256,0.06922913,0.057802096,0.06812439
GCCATTCTCTGTCTCG-1,Insertion_Insertion,Insertion_MMEJ-Deletion,0.07109495,0.07040923,0.05887507,0.055459443,0.06768387,0.07226352,0.07091725,0.065534785,0.071050584,0.06277719,0.06917033,0.069608256,0.06922913,0.057802096,0.06812439
GGTGTCGTCGTAACAC-1,HDR_Insertion,Insertion_MMEJ-Deletion,0.07109495,0.07040923,0.05887507,0.055459443,0.06768387,0.07226352,0.07091725,0.065534785,0.071050584,0.06277719,0.06917033,0.069608256,0.06922913,0.057802096,0.06812439
ATCGGATCAGCGTTTA-1,Insertion_NHEJ-Deletion,Insertion_MMEJ-Deletion,0.07109495,0.07040923,0.05887507,0.055459443,0.06768387,0.07226352,0.07091725,0.065534785,0.071050584,0.06277719,0.06917033,0.069608256,0.06922913,0.057802096,0.06812439
TTGACCCTCGCCGATG-4,Insertion_WT,Insertion_MMEJ-Deletion,0.07109495,0.07040923,0.05887507,0.055459443,0.06768387,0.07226352,0.07091725,0.065534785,0.071050584,0.06277719,0.06917033,0.069608256,0.06922913,0.057802096,0.06812439
ACTATTCCATCTGGGC-4,Insertion_WT,Insertion_MMEJ-Deletion,0.07109495,0.07040923,0.05887507,0.055459443,0.06768387,0.07226352,0.07091725,0.065534785,0.071050584,0.06277719,0.06917033,0.069608256,0.06922913,0.057802096,0.06812439
CCATCACAGCACTAGG-1,Insertion_MMEJ-Deletion,Insertion_MMEJ-Deletion,0.07109495,0.07040923,0.05887507,0.055459443,0.06768387,0.07226352,0.07091725,0.065534785,0.071050584,0.06277719,0.06917033,0.069608256,0.06922913,0.057802096,0.06812439
CAGGGCTGTTCCGTTC-4,NHEJ-Deletion_NHEJ-Deletion,Insertion_MMEJ-Deletion,0.07109495,0.07040923,0.05887507,0.055459443,0.06768387,0.07226352,0.07091725,0.065534785,0.071050584,0.06277719,0.06917033,0.069608256,0.06922913,0.057802096,0.06812439
AGCGATTTCAGAATAG-4,Insertion_WT,Insertion_MMEJ-Deletion,0.07109495,0.07040923,0.05887507,0.055459443,0.06768387,0.07226352,0.07091725,0.065534785,0.071050584,0.06277719,0.06917033,0.069608256,0.06922913,0.057802096,0.06812439
CGCCAGATCAGTAGGG-1,Insertion_NHEJ-Deletion,Insertion_MMEJ-Deletion,0.07109495,0.07040923,0.05887507,0.055459443,0.06768387,0.07226352,0.07091725,0.065534785,0.071050584,0.06277719,0.06917033,0.069608256,0.06922913,0.057802096,0.06812439
GTATTTCAGGAGGCAG-1,Insertion_Insertion,Insertion_MMEJ-Deletion,0.07109495,0.07040923,0.05887507,0.055459443,0.06768387,0.07226352,0.07091725,0.065534785,0.071050584,0.06277719,0.06917033,0.069608256,0.06922913,0.057802096,0.06812439
CAGAGCCTCATGGCCG-4,HDR_WT,Insertion_MMEJ-Deletion,0.07109495,0.07040923,0.05887507,0.055459443,0.06768387,0.07226352,0.07091725,0.065534785,0.071050584,0.06277719,0.06917033,0.069608256,0.06922913,0.057802096,0.06812439
CACAGATTCCGCCTAT-1,Insertion_WT,Insertion_MMEJ-Deletion,0.07109495,0.07040923,0.05887507,0.055459443,0.06768387,0.07226352,0.07091725,0.065534785,0.071050584,0.06277719,0.06917033,0.069608256,0.06922913,0.057802096,0.06812439
GTGGAGAAGTGTACAA-1,Insertion_Insertion,Insertion_MMEJ-Deletion,0.07109495,0.07040923,0.05887507,0.055459443,0.06768387,0.07226352,0.07091725,0.065534785,0.071050584,0.06277719,0.06917033,0.069608256,0.06922913,0.057802096,0.06812439
AGCCACGCAGCGTGCT-1,HDR_Insertion,Insertion_MMEJ-Deletion,0.07109495,0.07040923,0.05887507,0.055459443,0.06768387,0.07226352,0.07091725,0.065534785,0.071050584,0.06277719,0.06917033,0.069608256,0.06922913,0.057802096,0.06812439
GCATTAGAGTACTGGG-1,Insertion_Insertion,Insertion_MMEJ-Deletion,0.07109495,0.07040923,0.05887507,0.055459443,0.06768387,0.07226352,0.07091725,0.065534785,0.071050584,0.06277719,0.06917033,0.069608256,0.06922913,0.057802096,0.06812439
TCGCTTGTCGAAACAA-4,Insertion_NHEJ-Deletion,Insertion_MMEJ-Deletion,0.07109495,0.07040923,0.05887507,0.055459443,0.06768387,0.07226352,0.07091725,0.065534785,0.071050584,0.06277719,0.06917033,0.069608256,0.06922913,0.057802096,0.06812439
TTGGGCGGTTGTATGC-1,Insertion_Insertion,Insertion_MMEJ-Deletion,0.07109495,0.07040923,0.05887507,0.055459443,0.06768387,0.07226352,0.07091725,0.065534785,0.071050584,0.06277719,0.06917033,0.069608256,0.06922913,0.057802096,0.06812439
GACCGTGCAATTGCGT-4,Insertion_NHEJ-Deletion,Insertion_MMEJ-Deletion,0.07109495,0.07040923,0.05887507,0.055459443,0.06768387,0.07226352,0.07091725,0.065534785,0.071050584,0.06277719,0.06917033,0.069608256,0.06922913,0.057802096,0.06812439
GACACGCGTCTCACGG-1,Insertion_Insertion,Insertion_MMEJ-Deletion,0.07109495,0.07040923,0.05887507,0.055459443,0.06768387,0.07226352,0.07091725,0.065534785,0.071050584,0.06277719,0.06917033,0.069608256,0.06922913,0.057802096,0.06812439
GTCACGGCAAGCGAAC-1,Insertion_WT,Insertion_MMEJ-Deletion,0.07109495,0.07040923,0.05887507,0.055459443,0.06768387,0.07226352,0.07091725,0.065534785,0.071050584,0.06277719,0.06917033,0.069608256,0.06922913,0.057802096,0.06812439
GGGTTTACAGCAGATG-1,Insertion_NHEJ-Deletion,Insertion_MMEJ-Deletion,0.07109495,0.07040923,0.05887507,0.055459443,0.06768387,0.07226352,0.07091725,0.065534785,0.071050584,0.06277719,0.06917033,0.069608256,0.06922913,0.057802096,0.06812439
GGCTTGGGTTGGACCC-1,HDR_Insertion,Insertion_MMEJ-Deletion,0.07109495,0.07040923,0.05887507,0.055459443,0.06768387,0.07226352,0.07091725,0.065534785,0.071050584,0.06277719,0.06917033,0.069608256,0.06922913,0.057802096,0.06812439
TGGGAGAGTCCTTGTC-1,Insertion_WT,Insertion_MMEJ-Deletion,0.07109495,0.07040923,0.05887507,0.055459443,0.06768387,0.07226352,0.07091725,0.065534785,0.071050584,0.06277719,0.06917033,0.069608256,0.06922913,0.057802096,0.06812439
TCATCCGCAGTTTGGT-1,Insertion_NHEJ-Deletion,Insertion_MMEJ-Deletion,0.07109495,0.07040923,0.05887507,0.055459443,0.06768387,0.07226352,0.07091725,0.065534785,0.071050584,0.06277719,0.06917033,0.069608256,0.06922913,0.057802096,0.06812439
GATGGAGCATGCAGGA-4,HDR_WT,Insertion_MMEJ-Deletion,0.07109495,0.07040923,0.05887507,0.055459443,0.06768387,0.07226352,0.07091725,0.065534785,0.071050584,0.06277719,0.06917033,0.069608256,0.06922913,0.057802096,0.06812439
AGAAATGTCTTCCAGC-1,HDR_HDR,Insertion_MMEJ-Deletion,0.07109495,0.07040923,0.05887507,0.055459443,0.06768387,0.07226352,0.07091725,0.065534785,0.071050584,0.06277719,0.06917033,0.069608256,0.06922913,0.057802096,0.06812439
CTCATTACAAGTCCAT-1,Insertion_Insertion,Insertion_MMEJ-Deletion,0.07109495,0.07040923,0.05887507,0.055459443,0.06768387,0.07226352,0.07091725,0.065534785,0.071050584,0.06277719,0.06917033,0.069608256,0.06922913,0.057802096,0.06812439
CGGGCATCATTGCTTT-1,MMEJ-Deletion_WT,Insertion_MMEJ-Deletion,0.07109495,0.07040923,0.05887507,0.055459443,0.06768387,0.07226352,0.07091725,0.065534785,0.071050584,0.06277719,0.06917033,0.069608256,0.06922913,0.057802096,0.06812439
CTCCATGTCCGGACTG-1,HDR_Insertion,Insertion_MMEJ-Deletion,0.07109495,0.07040923,0.05887507,0.055459443,0.06768387,0.07226352,0.07091725,0.065534785,0.071050584,0.06277719,0.06917033,0.069608256,0.06922913,0.057802096,0.06812439
TGGGTTATCGTAGAGG-1,Insertion_Insertion,Insertion_MMEJ-Deletion,0.07109495,0.07040923,0.05887507,0.055459443,0.06768387,0.07226352,0.07091725,0.065534785,0.071050584,0.06277719,0.06917033,0.069608256,0.06922913,0.057802096,0.06812439
GATGTTGGTGACTCTA-1,HDR_HDR,Insertion_MMEJ-Deletion,0.07109495,0.07040923,0.05887507,0.055459443,0.06768387,0.07226352,0.07091725,0.065534785,0.071050584,0.06277719,0.06917033,0.069608256,0.06922913,0.057802096,0.06812439
TCTTCCTAGGGCTTCC-4,Insertion_MMEJ-Deletion,Insertion_MMEJ-Deletion,0.07109495,0.07040923,0.05887507,0.055459443,0.06768387,0.07226352,0.07091725,0.065534785,0.071050584,0.06277719,0.06917033,0.069608256,0.06922913,0.057802096,0.06812439
TACACCCTCAGACTGT-1,Insertion_Insertion,Insertion_MMEJ-Deletion,0.07109495,0.07040923,0.05887507,0.055459443,0.06768387,0.07226352,0.07091725,0.065534785,0.071050584,0.06277719,0.06917033,0.069608256,0.06922913,0.057802096,0.06812439
TTGCGTCCAGCTATAC-1,Insertion_NHEJ-Deletion,Insertion_MMEJ-Deletion,0.07109495,0.07040923,0.05887507,0.055459443,0.06768387,0.07226352,0.07091725,0.065534785,0.071050584,0.06277719,0.06917033,0.069608256,0.06922913,0.057802096,0.06812439
CTCATCGCAGTTACCA-1,Insertion_Insertion,Insertion_MMEJ-Deletion,0.07109495,0.07040923,0.05887507,0.055459443,0.06768387,0.07226352,0.07091725,0.065534785,0.071050584,0.06277719,0.06917033,0.069608256,0.06922913,0.057802096,0.06812439
ACGTAACAGGAAAGAC-1,Insertion_MMEJ-Deletion,Insertion_MMEJ-Deletion,0.07109495,0.07040923,0.05887507,0.055459443,0.06768387,0.07226352,0.07091725,0.065534785,0.071050584,0.06277719,0.06917033,0.069608256,0.06922913,0.057802096,0.06812439
TCGAACATCAGTGTTG-4,Insertion_WT,Insertion_MMEJ-Deletion,0.07109495,0.07040923,0.05887507,0.055459443,0.06768387,0.07226352,0.07091725,0.065534785,0.071050584,0.06277719,0.06917033,0.069608256,0.06922913,0.057802096,0.06812439
GTGTTAGCATTGCCTC-1,Insertion_Insertion,Insertion_MMEJ-Deletion,0.07109495,0.07040923,0.05887507,0.055459443,0.06768387,0.07226352,0.07091725,0.065534785,0.071050584,0.06277719,0.06917033,0.069608256,0.06922913,0.057802096,0.06812439
CATTGCCTCTGGCCGA-4,Insertion_Insertion,Insertion_MMEJ-Deletion,0.07109495,0.07040923,0.05887507,0.055459443,0.06768387,0.07226352,0.07091725,0.065534785,0.071050584,0.06277719,0.06917033,0.069608256,0.06922913,0.057802096,0.06812439
GTTACGAAGGGATCAC-4,Insertion_NHEJ-Deletion,Insertion_MMEJ-Deletion,0.07109495,0.07040923,0.05887507,0.055459443,0.06768387,0.07226352,0.07091725,0.065534785,0.071050584,0.06277719,0.06917033,0.069608256,0.06922913,0.057802096,0.06812439
CCCGGAAGTTGCCAAT-4,Insertion_Insertion,Insertion_MMEJ-Deletion,0.07109495,0.07040923,0.05887507,0.055459443,0.06768387,0.07226352,0.07091725,0.065534785,0.071050584,0.06277719,0.06917033,0.069608256,0.06922913,0.057802096,0.06812439
GGAACCCAGCGTCGAA-1,NHEJ-Deletion_NHEJ-Deletion,Insertion_MMEJ-Deletion,0.07109495,0.07040923,0.05887507,0.055459443,0.06768387,0.07226352,0.07091725,0.065534785,0.071050584,0.06277719,0.06917033,0.069608256,0.06922913,0.057802096,0.06812439
TGTTGGAAGCCTCAAT-1,Insertion_MMEJ-Deletion,Insertion_MMEJ-Deletion,0.07109495,0.07040923,0.05887507,0.055459443,0.06768387,0.07226352,0.07091725,0.065534785,0.071050584,0.06277719,0.06917033,0.069608256,0.06922913,0.057802096,0.06812439
GGCAGTCCACCTCAGG-4,Insertion_WT,Insertion_MMEJ-Deletion,0.07109495,0.07040923,0.05887507,0.055459443,0.06768387,0.07226352,0.07091725,0.065534785,0.071050584,0.06277719,0.06917033,0.069608256,0.06922913,0.057802096,0.06812439
GTAGGTTTCCATTGGA-4,NHEJ-Deletion_NHEJ-Deletion,Insertion_MMEJ-Deletion,0.07109495,0.07040923,0.05887507,0.055459443,0.06768387,0.07226352,0.07091725,0.065534785,0.071050584,0.06277719,0.06917033,0.069608256,0.06922913,0.057802096,0.06812439
GCTCAAATCTTGCAGA-4,Insertion_WT,Insertion_MMEJ-Deletion,0.07109495,0.07040923,0.05887507,0.055459443,0.06768387,0.07226352,0.07091725,0.065534785,0.071050584,0.06277719,0.06917033,0.069608256,0.06922913,0.057802096,0.06812439
CAGCACGCAGGATCTT-1,Insertion_NHEJ-Deletion,Insertion_MMEJ-Deletion,0.07109495,0.07040923,0.05887507,0.055459443,0.06768387,0.07226352,0.07091725,0.065534785,0.071050584,0.06277719,0.06917033,0.069608256,0.06922913,0.057802096,0.06812439
CTCAGAAGTGACCTGC-1,HDR_NHEJ-Deletion,Insertion_MMEJ-Deletion,0.07109495,0.07040923,0.05887507,0.055459443,0.06768387,0.07226352,0.07091725,0.065534785,0.071050584,0.06277719,0.06917033,0.069608256,0.06922913,0.057802096,0.06812439
TACCCACTCACAATGC-1,Insertion_Insertion,Insertion_MMEJ-Deletion,0.07109495,0.07040923,0.05887507,0.055459443,0.06768387,0.07226352,0.07091725,0.065534785,0.071050584,0.06277719,0.06917033,0.069608256,0.06922913,0.057802096,0.06812439
GAGTTACGTCAGTTTG-1,Insertion_Insertion,Insertion_MMEJ-Deletion,0.07109495,0.07040923,0.05887507,0.055459443,0.06768387,0.07226352,0.07091725,0.065534785,0.071050584,0.06277719,0.06917033,0.069608256,0.06922913,0.057802096,0.06812439
AATGGCTCAGTTCTAG-4,Insertion_MMEJ-Deletion,Insertion_MMEJ-Deletion,0.07109495,0.07040923,0.05887507,0.055459443,0.06768387,0.07226352,0.07091725,0.065534785,0.071050584,0.06277719,0.06917033,0.069608256,0.06922913,0.057802096,0.06812439
AGGCCACAGTATAGGT-1,HDR_HDR,Insertion_MMEJ-Deletion,0.07109495,0.07040923,0.05887507,0.055459443,0.06768387,0.07226352,0.07091725,0.065534785,0.071050584,0.06277719,0.06917033,0.069608256,0.06922913,0.057802096,0.06812439
TCAGTGACACAAACGG-4,HDR_Insertion,Insertion_MMEJ-Deletion,0.07109495,0.07040923,0.05887507,0.055459443,0.06768387,0.07226352,0.07091725,0.065534785,0.071050584,0.06277719,0.06917033,0.069608256,0.06922913,0.057802096,0.06812439
GGAATCTAGGGAGGCA-1,HDR_Insertion,Insertion_MMEJ-Deletion,0.07109495,0.07040923,0.05887507,0.055459443,0.06768387,0.07226352,0.07091725,0.065534785,0.071050584,0.06277719,0.06917033,0.069608256,0.06922913,0.057802096,0.06812439
TATATCCTCAGGAGAC-1,HDR_Insertion,Insertion_MMEJ-Deletion,0.07109495,0.07040923,0.05887507,0.055459443,0.06768387,0.07226352,0.07091725,0.065534785,0.071050584,0.06277719,0.06917033,0.069608256,0.06922913,0.057802096,0.06812439
TTCCGGTCATCGCTAA-4,Insertion_WT,Insertion_MMEJ-Deletion,0.07109495,0.07040923,0.05887507,0.055459443,0.06768387,0.07226352,0.07091725,0.065534785,0.071050584,0.06277719,0.06917033,0.069608256,0.06922913,0.057802096,0.06812439
TCACGGGGTTCTCTAT-1,Insertion_NHEJ-Deletion,Insertion_MMEJ-Deletion,0.07109495,0.07040923,0.05887507,0.055459443,0.06768387,0.07226352,0.07091725,0.065534785,0.071050584,0.06277719,0.06917033,0.069608256,0.06922913,0.057802096,0.06812439
GTGTTAGCATTCACAG-1,Insertion_Insertion,Insertion_MMEJ-Deletion,0.07109495,0.07040923,0.05887507,0.055459443,0.06768387,0.07226352,0.07091725,0.065534785,0.071050584,0.06277719,0.06917033,0.069608256,0.06922913,0.057802096,0.06812439
CGTTGGGAGCTTACGT-1,Insertion_NHEJ-Deletion,Insertion_MMEJ-Deletion,0.07109495,0.07040923,0.05887507,0.055459443,0.06768387,0.07226352,0.07091725,0.065534785,0.071050584,0.06277719,0.06917033,0.069608256,0.06922913,0.057802096,0.06812439
TCTATCACAACAGAGC-1,NHEJ-Deletion_WT,Insertion_MMEJ-Deletion,0.07109495,0.07040923,0.05887507,0.055459443,0.06768387,0.07226352,0.07091725,0.065534785,0.071050584,0.06277719,0.06917033,0.069608256,0.06922913,0.057802096,0.06812439
CCAATGACACATATCG-1,Insertion_NHEJ-Deletion,Insertion_MMEJ-Deletion,0.07109495,0.07040923,0.05887507,0.055459443,0.06768387,0.07226352,0.07091725,0.065534785,0.071050584,0.06277719,0.06917033,0.069608256,0.06922913,0.057802096,0.06812439
TCTAACTGTGGGTATG-1,Insertion_Insertion,Insertion_MMEJ-Deletion,0.07109495,0.07040923,0.05887507,0.055459443,0.06768387,0.07226352,0.07091725,0.065534785,0.071050584,0.06277719,0.06917033,0.069608256,0.06922913,0.057802096,0.06812439
GCGGAAATCGCATTAG-1,HDR_HDR,Insertion_MMEJ-Deletion,0.07109495,0.07040923,0.05887507,0.055459443,0.06768387,0.07226352,0.07091725,0.065534785,0.071050584,0.06277719,0.06917033,0.069608256,0.06922913,0.057802096,0.06812439
TCTCTGGAGTTCTCTT-1,Insertion_NHEJ-Deletion,Insertion_MMEJ-Deletion,0.07109495,0.07040923,0.05887507,0.055459443,0.06768387,0.07226352,0.07091725,0.065534785,0.071050584,0.06277719,0.06917033,0.069608256,0.06922913,0.057802096,0.06812439
GCAACATTCTGCGGGT-1,Insertion_WT,Insertion_MMEJ-Deletion,0.07109495,0.07040923,0.05887507,0.055459443,0.06768387,0.07226352,0.07091725,0.065534785,0.071050584,0.06277719,0.06917033,0.069608256,0.06922913,0.057802096,0.06812439
GCTTGGGAGGATATAC-1,NHEJ-Deletion_WT,Insertion_MMEJ-Deletion,0.07109495,0.07040923,0.05887507,0.055459443,0.06768387,0.07226352,0.07091725,0.065534785,0.071050584,0.06277719,0.06917033,0.069608256,0.06922913,0.057802096,0.06812439
GTAATGCCACCACTGG-1,MMEJ-Deletion_WT,Insertion_MMEJ-Deletion,0.07109495,0.07040923,0.05887507,0.055459443,0.06768387,0.07226352,0.07091725,0.065534785,0.071050584,0.06277719,0.06917033,0.069608256,0.06922913,0.057802096,0.06812439
ACTGTGACATCTTTCA-1,Insertion_Insertion,Insertion_MMEJ-Deletion,0.07109495,0.07040923,0.05887507,0.055459443,0.06768387,0.07226352,0.07091725,0.065534785,0.071050584,0.06277719,0.06917033,0.069608256,0.06922913,0.057802096,0.06812439
GAATCACAGCGATGCA-1,Insertion_NHEJ-Deletion,Insertion_MMEJ-Deletion,0.07109495,0.07040923,0.05887507,0.055459443,0.06768387,0.07226352,0.07091725,0.065534785,0.071050584,0.06277719,0.06917033,0.069608256,0.06922913,0.057802096,0.06812439
TTTACCAGTTCGTACA-1,Insertion_Insertion,Insertion_MMEJ-Deletion,0.07109495,0.07040923,0.05887507,0.055459443,0.06768387,0.07226352,0.07091725,0.065534785,0.071050584,0.06277719,0.06917033,0.069608256,0.06922913,0.057802096,0.06812439
ACAGAAACATAGAATG-4,Insertion_WT,Insertion_MMEJ-Deletion,0.07109495,0.07040923,0.05887507,0.055459443,0.06768387,0.07226352,0.07091725,0.065534785,0.071050584,0.06277719,0.06917033,0.069608256,0.06922913,0.057802096,0.06812439
ATAGAGACAGGACGAT-1,HDR_HDR,Insertion_MMEJ-Deletion,0.07109495,0.07040923,0.05887507,0.055459443,0.06768387,0.07226352,0.07091725,0.065534785,0.071050584,0.06277719,0.06917033,0.069608256,0.06922913,0.057802096,0.06812439
ATCGGCGCATACTTTC-4,Insertion_Insertion,Insertion_MMEJ-Deletion,0.07109495,0.07040923,0.05887507,0.055459443,0.06768387,0.07226352,0.07091725,0.065534785,0.071050584,0.06277719,0.06917033,0.069608256,0.06922913,0.057802096,0.06812439
TTGGGTAAGCGCATCC-4,NHEJ-Deletion_NHEJ-Deletion,Insertion_MMEJ-Deletion,0.07109495,0.07040923,0.05887507,0.055459443,0.06768387,0.07226352,0.07091725,0.065534785,0.071050584,0.06277719,0.06917033,0.069608256,0.06922913,0.057802096,0.06812439
GGGTTATTCAGCTAGT-1,Insertion_Insertion,Insertion_MMEJ-Deletion,0.07109495,0.07040923,0.05887507,0.055459443,0.06768387,0.07226352,0.07091725,0.065534785,0.071050584,0.06277719,0.06917033,0.069608256,0.06922913,0.057802096,0.06812439
ACTGTGACATCGTGGC-1,Insertion_Insertion,Insertion_MMEJ-Deletion,0.07109495,0.07040923,0.05887507,0.055459443,0.06768387,0.07226352,0.07091725,0.065534785,0.071050584,0.06277719,0.06917033,0.069608256,0.06922913,0.057802096,0.06812439
GTCGTTCCAGCTAACT-1,NHEJ-Deletion_NHEJ-Deletion,Insertion_MMEJ-Deletion,0.07109495,0.07040923,0.05887507,0.055459443,0.06768387,0.07226352,0.07091725,0.065534785,0.071050584,0.06277719,0.06917033,0.069608256,0.06922913,0.057802096,0.06812439
TCGTCCACAAGTGCTT-1,Insertion_Insertion,Insertion_MMEJ-Deletion,0.07109495,0.07040923,0.05887507,0.055459443,0.06768387,0.07226352,0.07091725,0.065534785,0.071050584,0.06277719,0.06917033,0.069608256,0.06922913,0.057802096,0.06812439
TGGATCAAGCGAATGC-1,Insertion_NHEJ-Deletion,Insertion_MMEJ-Deletion,0.07109495,0.07040923,0.05887507,0.055459443,0.06768387,0.07226352,0.07091725,0.065534785,0.071050584,0.06277719,0.06917033,0.069608256,0.06922913,0.057802096,0.06812439
ATGGTTGCAACTCGTA-1,HDR_NHEJ-Deletion,Insertion_MMEJ-Deletion,0.07109495,0.07040923,0.05887507,0.055459443,0.06768387,0.07226352,0.07091725,0.065534785,0.071050584,0.06277719,0.06917033,0.069608256,0.06922913,0.057802096,0.06812439
GAGGGTACATCGCCTT-1,Insertion_NHEJ-Deletion,Insertion_MMEJ-Deletion,0.07109495,0.07040923,0.05887507,0.055459443,0.06768387,0.07226352,0.07091725,0.065534785,0.071050584,0.06277719,0.06917033,0.069608256,0.06922913,0.057802096,0.06812439
GCGGATCCACTTCATT-1,Insertion_WT,Insertion_MMEJ-Deletion,0.07109495,0.07040923,0.05887507,0.055459443,0.06768387,0.07226352,0.07091725,0.065534785,0.071050584,0.06277719,0.06917033,0.069608256,0.06922913,0.057802096,0.06812439
CATGCGGTCTCGAGTA-1,NHEJ-Deletion_NHEJ-Deletion,Insertion_MMEJ-Deletion,0.07109495,0.07040923,0.05887507,0.055459443,0.06768387,0.07226352,0.07091725,0.065534785,0.071050584,0.06277719,0.06917033,0.069608256,0.06922913,0.057802096,0.06812439
ACGTACATCTCAGGCG-1,NHEJ-Deletion_NHEJ-Deletion,Insertion_MMEJ-Deletion,0.07109495,0.07040923,0.05887507,0.055459443,0.06768387,0.07226352,0.07091725,0.065534785,0.071050584,0.06277719,0.06917033,0.069608256,0.06922913,0.057802096,0.06812439
GATGCTAAGTGGCCTC-1,Insertion_Insertion,Insertion_MMEJ-Deletion,0.07109495,0.07040923,0.05887507,0.055459443,0.06768387,0.07226352,0.07091725,0.065534785,0.071050584,0.06277719,0.06917033,0.069608256,0.06922913,0.057802096,0.06812439
CTCATTACAGGTAGTG-1,Insertion_NHEJ-Deletion,Insertion_MMEJ-Deletion,0.07109495,0.07040923,0.05887507,0.055459443,0.06768387,0.07226352,0.07091725,0.065534785,0.071050584,0.06277719,0.06917033,0.069608256,0.06922913,0.057802096,0.06812439
ATTCCCGTCCACTTCG-1,NHEJ-Deletion_NHEJ-Deletion,Insertion_MMEJ-Deletion,0.07109495,0.07040923,0.05887507,0.055459443,0.06768387,0.07226352,0.07091725,0.065534785,0.071050584,0.06277719,0.06917033,0.069608256,0.06922913,0.057802096,0.06812439
TCCTAATTCAAACTGC-1,HDR_Insertion,Insertion_MMEJ-Deletion,0.07109495,0.07040923,0.05887507,0.055459443,0.06768387,0.07226352,0.07091725,0.065534785,0.071050584,0.06277719,0.06917033,0.069608256,0.06922913,0.057802096,0.06812439
TAGGTACCAGTCGCTG-1,Insertion_Insertion,Insertion_MMEJ-Deletion,0.07109495,0.07040923,0.05887507,0.055459443,0.06768387,0.07226352,0.07091725,0.065534785,0.071050584,0.06277719,0.06917033,0.069608256,0.06922913,0.057802096,0.06812439
ATTGTTCGTATGACAA-1,Insertion_Insertion,Insertion_MMEJ-Deletion,0.07109495,0.07040923,0.05887507,0.055459443,0.06768387,0.07226352,0.07091725,0.065534785,0.071050584,0.06277719,0.06917033,0.069608256,0.06922913,0.057802096,0.06812439
AGGCCACGTTGGCCGT-1,MMEJ-Deletion_MMEJ-Deletion,Insertion_MMEJ-Deletion,0.07109495,0.07040923,0.05887507,0.055459443,0.06768387,0.07226352,0.07091725,0.065534785,0.071050584,0.06277719,0.06917033,0.069608256,0.06922913,0.057802096,0.06812439
TATATCCGTTCCGGTG-4,NHEJ-Deletion_NHEJ-Deletion,Insertion_MMEJ-Deletion,0.07109495,0.07040923,0.05887507,0.055459443,0.06768387,0.07226352,0.07091725,0.065534785,0.071050584,0.06277719,0.06917033,0.069608256,0.06922913,0.057802096,0.06812439
GGGATGATCCCATGGG-1,HDR_WT,Insertion_MMEJ-Deletion,0.07109495,0.07040923,0.05887507,0.055459443,0.06768387,0.07226352,0.07091725,0.065534785,0.071050584,0.06277719,0.06917033,0.069608256,0.06922913,0.057802096,0.06812439
TGTGGCGTCCAAGAGG-1,Insertion_WT,Insertion_MMEJ-Deletion,0.07109495,0.07040923,0.05887507,0.055459443,0.06768387,0.07226352,0.07091725,0.065534785,0.071050584,0.06277719,0.06917033,0.069608256,0.06922913,0.057802096,0.06812439
TCGAACACACGTGAGA-1,Insertion_Insertion,Insertion_MMEJ-Deletion,0.07109495,0.07040923,0.05887507,0.055459443,0.06768387,0.07226352,0.07091725,0.065534785,0.071050584,0.06277719,0.06917033,0.069608256,0.06922913,0.057802096,0.06812439
GTGAGGATCAATGCAC-1,Insertion_NHEJ-Deletion,Insertion_MMEJ-Deletion,0.07109495,0.07040923,0.05887507,0.055459443,0.06768387,0.07226352,0.07091725,0.065534785,0.071050584,0.06277719,0.06917033,0.069608256,0.06922913,0.057802096,0.06812439
TGATTTCAGCGACATG-1,HDR_HDR,Insertion_MMEJ-Deletion,0.07109495,0.07040923,0.05887507,0.055459443,0.06768387,0.07226352,0.07091725,0.065534785,0.071050584,0.06277719,0.06917033,0.069608256,0.06922913,0.057802096,0.06812439
TCCTTCTTCGGCTATA-1,HDR_HDR,Insertion_MMEJ-Deletion,0.07109495,0.07040923,0.05887507,0.055459443,0.06768387,0.07226352,0.07091725,0.065534785,0.071050584,0.06277719,0.06917033,0.069608256,0.06922913,0.057802096,0.06812439
CGTCCATCAATAAGGT-1,Insertion_Insertion,Insertion_MMEJ-Deletion,0.07109495,0.07040923,0.05887507,0.055459443,0.06768387,0.07226352,0.07091725,0.065534785,0.071050584,0.06277719,0.06917033,0.069608256,0.06922913,0.057802096,0.06812439
AGGACGAGTGAAAGTT-1,HDR_Insertion,Insertion_MMEJ-Deletion,0.07109495,0.07040923,0.05887507,0.055459443,0.06768387,0.07226352,0.07091725,0.065534785,0.071050584,0.06277719,0.06917033,0.069608256,0.06922913,0.057802096,0.06812439
TGGAGGAGTCGCTTAA-1,HDR_Insertion,Insertion_MMEJ-Deletion,0.07109495,0.07040923,0.05887507,0.055459443,0.06768387,0.07226352,0.07091725,0.065534785,0.071050584,0.06277719,0.06917033,0.069608256,0.06922913,0.057802096,0.06812439
CTAACTTGTATGGGAC-1,HDR_WT,Insertion_MMEJ-Deletion,0.07109495,0.07040923,0.05887507,0.055459443,0.06768387,0.07226352,0.07091725,0.065534785,0.071050584,0.06277719,0.06917033,0.069608256,0.06922913,0.057802096,0.06812439
TATCCTAAGCAATAAC-1,MMEJ-Deletion_MMEJ-Deletion,Insertion_MMEJ-Deletion,0.07109495,0.07040923,0.05887507,0.055459443,0.06768387,0.07226352,0.07091725,0.065534785,0.071050584,0.06277719,0.06917033,0.069608256,0.06922913,0.057802096,0.06812439
TTTCAGTAGTACTGTC-4,Insertion_WT,Insertion_MMEJ-Deletion,0.07109495,0.07040923,0.05887507,0.055459443,0.06768387,0.07226352,0.07091725,0.065534785,0.071050584,0.06277719,0.06917033,0.069608256,0.06922913,0.057802096,0.06812439
GCCAGGTCAGCCGTCA-1,NHEJ-Deletion_NHEJ-Deletion,Insertion_MMEJ-Deletion,0.07109495,0.07040923,0.05887507,0.055459443,0.06768387,0.07226352,0.07091725,0.065534785,0.071050584,0.06277719,0.06917033,0.069608256,0.06922913,0.057802096,0.06812439
AGCTTCCGTAACGTTC-1,NHEJ-Deletion_NHEJ-Deletion,Insertion_MMEJ-Deletion,0.07109495,0.07040923,0.05887507,0.055459443,0.06768387,0.07226352,0.07091725,0.065534785,0.071050584,0.06277719,0.06917033,0.069608256,0.06922913,0.057802096,0.06812439
CATCAAGTCCGTGTAA-1,Insertion_NHEJ-Deletion,Insertion_MMEJ-Deletion,0.07109495,0.07040923,0.05887507,0.055459443,0.06768387,0.07226352,0.07091725,0.065534785,0.071050584,0.06277719,0.06917033,0.069608256,0.06922913,0.057802096,0.06812439
ATGGATCAGGCTGGAT-1,NHEJ-Deletion_NHEJ-Deletion,Insertion_MMEJ-Deletion,0.07109495,0.07040923,0.05887507,0.055459443,0.06768387,0.07226352,0.07091725,0.065534785,0.071050584,0.06277719,0.06917033,0.069608256,0.06922913,0.057802096,0.06812439
TTTCACAAGGTTCCGC-1,Insertion_WT,Insertion_MMEJ-Deletion,0.07109495,0.07040923,0.05887507,0.055459443,0.06768387,0.07226352,0.07091725,0.065534785,0.071050584,0.06277719,0.06917033,0.069608256,0.06922913,0.057802096,0.06812439
TGAGGTTCAGTCGAGA-1,Insertion_Insertion,Insertion_MMEJ-Deletion,0.07109495,0.07040923,0.05887507,0.055459443,0.06768387,0.07226352,0.07091725,0.065534785,0.071050584,0.06277719,0.06917033,0.069608256,0.06922913,0.057802096,0.06812439
GAGGGATTCCTAAACG-4,HDR_NHEJ-Deletion,Insertion_MMEJ-Deletion,0.07109495,0.07040923,0.05887507,0.055459443,0.06768387,0.07226352,0.07091725,0.065534785,0.071050584,0.06277719,0.06917033,0.069608256,0.06922913,0.057802096,0.06812439
ACGTAGTAGCCTATCA-1,Insertion_MMEJ-Deletion,Insertion_MMEJ-Deletion,0.07109495,0.07040923,0.05887507,0.055459443,0.06768387,0.07226352,0.07091725,0.065534785,0.071050584,0.06277719,0.06917033,0.069608256,0.06922913,0.057802096,0.06812439
TGATCTTGTCTTACAG-1,Insertion_NHEJ-Deletion,Insertion_MMEJ-Deletion,0.07109495,0.07040923,0.05887507,0.055459443,0.06768387,0.07226352,0.07091725,0.065534785,0.071050584,0.06277719,0.06917033,0.069608256,0.06922913,0.057802096,0.06812439
CAGATTGAGTATAGAC-1,NHEJ-Deletion_SV,Insertion_MMEJ-Deletion,0.07109495,0.07040923,0.05887507,0.055459443,0.06768387,0.07226352,0.07091725,0.065534785,0.071050584,0.06277719,0.06917033,0.069608256,0.06922913,0.057802096,0.06812439
AAGACAAGTCCATAGT-1,Insertion_Insertion,Insertion_MMEJ-Deletion,0.07109495,0.07040923,0.05887507,0.055459443,0.06768387,0.07226352,0.07091725,0.065534785,0.071050584,0.06277719,0.06917033,0.069608256,0.06922913,0.057802096,0.06812439
CTCGAGGCATTGAAAG-1,Insertion_MMEJ-Deletion,Insertion_MMEJ-Deletion,0.07109495,0.07040923,0.05887507,0.055459443,0.06768387,0.07226352,0.07091725,0.065534785,0.071050584,0.06277719,0.06917033,0.069608256,0.06922913,0.057802096,0.06812439
ATCACTTCATAGATGA-1,Insertion_Insertion,Insertion_MMEJ-Deletion,0.07109495,0.07040923,0.05887507,0.055459443,0.06768387,0.07226352,0.07091725,0.065534785,0.071050584,0.06277719,0.06917033,0.069608256,0.06922913,0.057802096,0.06812439
GATCACACATAACTCG-4,HDR_Insertion,Insertion_MMEJ-Deletion,0.07109495,0.07040923,0.05887507,0.055459443,0.06768387,0.07226352,0.07091725,0.065534785,0.071050584,0.06277719,0.06917033,0.069608256,0.06922913,0.057802096,0.06812439
TATTGCTCAGCAGTAG-1,HDR_NHEJ-Deletion,Insertion_MMEJ-Deletion,0.07109495,0.07040923,0.05887507,0.055459443,0.06768387,0.07226352,0.07091725,0.065534785,0.071050584,0.06277719,0.06917033,0.069608256,0.06922913,0.057802096,0.06812439
TCGGTCTCATGTCAGT-1,Insertion_Insertion,Insertion_MMEJ-Deletion,0.07109495,0.07040923,0.05887507,0.055459443,0.06768387,0.07226352,0.07091725,0.065534785,0.071050584,0.06277719,0.06917033,0.069608256,0.06922913,0.057802096,0.06812439
TTGAACGCAGCAGTGA-4,NHEJ-Deletion_WT,Insertion_MMEJ-Deletion,0.07109495,0.07040923,0.05887507,0.055459443,0.06768387,0.07226352,0.07091725,0.065534785,0.071050584,0.06277719,0.06917033,0.069608256,0.06922913,0.057802096,0.06812439
TACTTCACACAGAGAC-1,Insertion_WT,Insertion_MMEJ-Deletion,0.07109495,0.07040923,0.05887507,0.055459443,0.06768387,0.07226352,0.07091725,0.065534785,0.071050584,0.06277719,0.06917033,0.069608256,0.06922913,0.057802096,0.06812439
GACGTTACAGAAGCTG-4,Insertion_WT,Insertion_MMEJ-Deletion,0.07109495,0.07040923,0.05887507,0.055459443,0.06768387,0.07226352,0.07091725,0.065534785,0.071050584,0.06277719,0.06917033,0.069608256,0.06922913,0.057802096,0.06812439
ACACAGTTCTAGAACC-1,Insertion_WT,Insertion_MMEJ-Deletion,0.07109495,0.07040923,0.05887507,0.055459443,0.06768387,0.07226352,0.07091725,0.065534785,0.071050584,0.06277719,0.06917033,0.069608256,0.06922913,0.057802096,0.06812439
GAACGTTCAAGACCGA-4,Insertion_WT,Insertion_MMEJ-Deletion,0.07109495,0.07040923,0.05887507,0.055459443,0.06768387,0.07226352,0.07091725,0.065534785,0.071050584,0.06277719,0.06917033,0.069608256,0.06922913,0.057802096,0.06812439
CCACAAAAGCTTCGTA-1,Insertion_NHEJ-Deletion,Insertion_MMEJ-Deletion,0.07109495,0.07040923,0.05887507,0.055459443,0.06768387,0.07226352,0.07091725,0.065534785,0.071050584,0.06277719,0.06917033,0.069608256,0.06922913,0.057802096,0.06812439
CATCGTCCATGCACTA-1,Insertion_Insertion,Insertion_MMEJ-Deletion,0.07109495,0.07040923,0.05887507,0.055459443,0.06768387,0.07226352,0.07091725,0.065534785,0.071050584,0.06277719,0.06917033,0.069608256,0.06922913,0.057802096,0.06812439
GTTGTGAAGTCACGCC-4,NHEJ-Deletion_NHEJ-Deletion,Insertion_MMEJ-Deletion,0.07109495,0.07040923,0.05887507,0.055459443,0.06768387,0.07226352,0.07091725,0.065534785,0.071050584,0.06277719,0.06917033,0.069608256,0.06922913,0.057802096,0.06812439
TTCATTGCAATCGCAT-1,Insertion_Insertion,Insertion_MMEJ-Deletion,0.07109495,0.07040923,0.05887507,0.055459443,0.06768387,0.07226352,0.07091725,0.065534785,0.071050584,0.06277719,0.06917033,0.069608256,0.06922913,0.057802096,0.06812439
GAATAGAAGGCCATAG-4,Insertion_Insertion,Insertion_MMEJ-Deletion,0.07109495,0.07040923,0.05887507,0.055459443,0.06768387,0.07226352,0.07091725,0.065534785,0.071050584,0.06277719,0.06917033,0.069608256,0.06922913,0.057802096,0.06812439
GGCTTTCGTGATTGGG-1,HDR_Insertion,Insertion_MMEJ-Deletion,0.07109495,0.07040923,0.05887507,0.055459443,0.06768387,0.07226352,0.07091725,0.065534785,0.071050584,0.06277719,0.06917033,0.069608256,0.06922913,0.057802096,0.06812439
GAAGCGAAGTGATAAC-1,NHEJ-Deletion_SV,Insertion_MMEJ-Deletion,0.07109495,0.07040923,0.05887507,0.055459443,0.06768387,0.07226352,0.07091725,0.065534785,0.071050584,0.06277719,0.06917033,0.069608256,0.06922913,0.057802096,0.06812439
CCAAGCGTCAGAATAG-1,Insertion_MMEJ-Deletion,Insertion_MMEJ-Deletion,0.07109495,0.07040923,0.05887507,0.055459443,0.06768387,0.07226352,0.07091725,0.065534785,0.071050584,0.06277719,0.06917033,0.069608256,0.06922913,0.057802096,0.06812439
CCACGTTGTAGCGAGT-4,Insertion_NHEJ-Deletion,Insertion_MMEJ-Deletion,0.07109495,0.07040923,0.05887507,0.055459443,0.06768387,0.07226352,0.07091725,0.065534785,0.071050584,0.06277719,0.06917033,0.069608256,0.06922913,0.057802096,0.06812439
GAAGCCCAGAGGCTGT-1,Insertion_MMEJ-Deletion,Insertion_MMEJ-Deletion,0.07109495,0.07040923,0.05887507,0.055459443,0.06768387,0.07226352,0.07091725,0.065534785,0.071050584,0.06277719,0.06917033,0.069608256,0.06922913,0.057802096,0.06812439
TCGTAGATCCTTTGAT-4,Insertion_WT,Insertion_MMEJ-Deletion,0.07109495,0.07040923,0.05887507,0.055459443,0.06768387,0.07226352,0.07091725,0.065534785,0.071050584,0.06277719,0.06917033,0.069608256,0.06922913,0.057802096,0.06812439
TTCTCTCGTCACTTAG-1,NHEJ-Deletion_WT,Insertion_MMEJ-Deletion,0.07109495,0.07040923,0.05887507,0.055459443,0.06768387,0.07226352,0.07091725,0.065534785,0.071050584,0.06277719,0.06917033,0.069608256,0.06922913,0.057802096,0.06812439
CCTAACCCACCTCGTT-4,NHEJ-Deletion_WT,Insertion_MMEJ-Deletion,0.07109495,0.07040923,0.05887507,0.055459443,0.06768387,0.07226352,0.07091725,0.065534785,0.071050584,0.06277719,0.06917033,0.069608256,0.06922913,0.057802096,0.06812439
CATTGTTTCCAATCCC-1,Insertion_MMEJ-Deletion,Insertion_MMEJ-Deletion,0.07109495,0.07040923,0.05887507,0.055459443,0.06768387,0.07226352,0.07091725,0.065534785,0.071050584,0.06277719,0.06917033,0.069608256,0.06922913,0.057802096,0.06812439
TCACTCGTCTACTCAT-1,Insertion_WT,Insertion_MMEJ-Deletion,0.07109495,0.07040923,0.05887507,0.055459443,0.06768387,0.07226352,0.07091725,0.065534785,0.071050584,0.06277719,0.06917033,0.069608256,0.06922913,0.057802096,0.06812439
GTACAACCATGAAAGT-1,Insertion_Insertion,Insertion_MMEJ-Deletion,0.07109495,0.07040923,0.05887507,0.055459443,0.06768387,0.07226352,0.07091725,0.065534785,0.071050584,0.06277719,0.06917033,0.069608256,0.06922913,0.057802096,0.06812439
CGATGGCTCCCGGTAG-4,Insertion_WT,Insertion_MMEJ-Deletion,0.07109495,0.07040923,0.05887507,0.055459443,0.06768387,0.07226352,0.07091725,0.065534785,0.071050584,0.06277719,0.06917033,0.069608256,0.06922913,0.057802096,0.06812439
ATCGGCGTCTCCGAAA-1,Insertion_Insertion,Insertion_MMEJ-Deletion,0.07109495,0.07040923,0.05887507,0.055459443,0.06768387,0.07226352,0.07091725,0.065534785,0.071050584,0.06277719,0.06917033,0.069608256,0.06922913,0.057802096,0.06812439
CCTTTGGTCAGACAAA-4,Insertion_NHEJ-Deletion,Insertion_MMEJ-Deletion,0.07109495,0.07040923,0.05887507,0.055459443,0.06768387,0.07226352,0.07091725,0.065534785,0.071050584,0.06277719,0.06917033,0.069608256,0.06922913,0.057802096,0.06812439
ACAGCCGTCGAACGGA-1,NHEJ-Deletion_WT,Insertion_MMEJ-Deletion,0.07109495,0.07040923,0.05887507,0.055459443,0.06768387,0.07226352,0.07091725,0.065534785,0.071050584,0.06277719,0.06917033,0.069608256,0.06922913,0.057802096,0.06812439
GTGCACGTCGTGGGTC-1,HDR_Insertion,Insertion_MMEJ-Deletion,0.07109495,0.07040923,0.05887507,0.055459443,0.06768387,0.07226352,0.07091725,0.065534785,0.071050584,0.06277719,0.06917033,0.069608256,0.06922913,0.057802096,0.06812439
AGACCATTCAAATAGG-1,Insertion_WT,Insertion_MMEJ-Deletion,0.07109495,0.07040923,0.05887507,0.055459443,0.06768387,0.07226352,0.07091725,0.065534785,0.071050584,0.06277719,0.06917033,0.069608256,0.06922913,0.057802096,0.06812439
CCTGCATCATCTGCGG-1,NHEJ-Deletion_NHEJ-Deletion,Insertion_MMEJ-Deletion,0.07109495,0.07040923,0.05887507,0.055459443,0.06768387,0.07226352,0.07091725,0.065534785,0.071050584,0.06277719,0.06917033,0.069608256,0.06922913,0.057802096,0.06812439
TACGCTCCACTGCGAC-1,Insertion_NHEJ-Deletion,Insertion_MMEJ-Deletion,0.07109495,0.07040923,0.05887507,0.055459443,0.06768387,0.07226352,0.07091725,0.065534785,0.071050584,0.06277719,0.06917033,0.069608256,0.06922913,0.057802096,0.06812439
GGCGTCATCCAATGCA-1,NHEJ-Deletion_WT,Insertion_MMEJ-Deletion,0.07109495,0.07040923,0.05887507,0.055459443,0.06768387,0.07226352,0.07091725,0.065534785,0.071050584,0.06277719,0.06917033,0.069608256,0.06922913,0.057802096,0.06812439
GAAACCTCAGAGGGTT-1,NHEJ-Deletion_NHEJ-Deletion,Insertion_MMEJ-Deletion,0.07109495,0.07040923,0.05887507,0.055459443,0.06768387,0.07226352,0.07091725,0.065534785,0.071050584,0.06277719,0.06917033,0.069608256,0.06922913,0.057802096,0.06812439
TCGGGTGTCGGAAACG-1,Insertion_Insertion,Insertion_MMEJ-Deletion,0.07109495,0.07040923,0.05887507,0.055459443,0.06768387,0.07226352,0.07091725,0.065534785,0.071050584,0.06277719,0.06917033,0.069608256,0.06922913,0.057802096,0.06812439
CACAGGCGTGCCGGTT-1,NHEJ-Deletion_NHEJ-Deletion,Insertion_MMEJ-Deletion,0.07109495,0.07040923,0.05887507,0.055459443,0.06768387,0.07226352,0.07091725,0.065534785,0.071050584,0.06277719,0.06917033,0.069608256,0.06922913,0.057802096,0.06812439
TCACACCTCTAAACGC-4,Insertion_Insertion,Insertion_MMEJ-Deletion,0.07109495,0.07040923,0.05887507,0.055459443,0.06768387,0.07226352,0.07091725,0.065534785,0.071050584,0.06277719,0.06917033,0.069608256,0.06922913,0.057802096,0.06812439
TAGCACATCGTCCTTG-1,Insertion_Insertion,Insertion_MMEJ-Deletion,0.07109495,0.07040923,0.05887507,0.055459443,0.06768387,0.07226352,0.07091725,0.065534785,0.071050584,0.06277719,0.06917033,0.069608256,0.06922913,0.057802096,0.06812439
TGCATGACACCAACAT-1,Insertion_MMEJ-Deletion,Insertion_MMEJ-Deletion,0.07109495,0.07040923,0.05887507,0.055459443,0.06768387,0.07226352,0.07091725,0.065534785,0.071050584,0.06277719,0.06917033,0.069608256,0.06922913,0.057802096,0.06812439
GTGGGAATCTCCAAGA-4,NHEJ-Deletion_NHEJ-Deletion,Insertion_MMEJ-Deletion,0.07109495,0.07040923,0.05887507,0.055459443,0.06768387,0.07226352,0.07091725,0.065534785,0.071050584,0.06277719,0.06917033,0.069608256,0.06922913,0.057802096,0.06812439
CTCAGGGAGGCACTAG-4,Insertion_Insertion,Insertion_MMEJ-Deletion,0.07109495,0.07040923,0.05887507,0.055459443,0.06768387,0.07226352,0.07091725,0.065534785,0.071050584,0.06277719,0.06917033,0.069608256,0.06922913,0.057802096,0.06812439
CAACAGTGTCCAATCA-1,Insertion_NHEJ-Deletion,Insertion_MMEJ-Deletion,0.07109495,0.07040923,0.05887507,0.055459443,0.06768387,0.07226352,0.07091725,0.065534785,0.071050584,0.06277719,0.06917033,0.069608256,0.06922913,0.057802096,0.06812439
GACAGCCAGTCTTGGT-1,Insertion_Insertion,Insertion_MMEJ-Deletion,0.07109495,0.07040923,0.05887507,0.055459443,0.06768387,0.07226352,0.07091725,0.065534785,0.071050584,0.06277719,0.06917033,0.069608256,0.06922913,0.057802096,0.06812439
GATCACAAGCCATGCC-1,Insertion_WT,Insertion_MMEJ-Deletion,0.07109495,0.07040923,0.05887507,0.055459443,0.06768387,0.07226352,0.07091725,0.065534785,0.071050584,0.06277719,0.06917033,0.069608256,0.06922913,0.057802096,0.06812439
TAAGCACGTTCGGTTA-1,Insertion_WT,Insertion_MMEJ-Deletion,0.07109495,0.07040923,0.05887507,0.055459443,0.06768387,0.07226352,0.07091725,0.065534785,0.071050584,0.06277719,0.06917033,0.069608256,0.06922913,0.057802096,0.06812439
TCTATACTCGAAGAAT-1,Insertion_WT,Insertion_MMEJ-Deletion,0.07109495,0.07040923,0.05887507,0.055459443,0.06768387,0.07226352,0.07091725,0.065534785,0.071050584,0.06277719,0.06917033,0.069608256,0.06922913,0.057802096,0.06812439
AGTTAGCAGGCTTCCG-1,NHEJ-Deletion_NHEJ-Deletion,Insertion_MMEJ-Deletion,0.07109495,0.07040923,0.05887507,0.055459443,0.06768387,0.07226352,0.07091725,0.065534785,0.071050584,0.06277719,0.06917033,0.069608256,0.06922913,0.057802096,0.06812439
AACCTTTAGGCATCAG-1,NHEJ-Deletion_WT,Insertion_MMEJ-Deletion,0.07109495,0.07040923,0.05887507,0.055459443,0.06768387,0.07226352,0.07091725,0.065534785,0.071050584,0.06277719,0.06917033,0.069608256,0.06922913,0.057802096,0.06812439
ATGAGGGTCGCCAGTG-4,Insertion_Insertion,Insertion_MMEJ-Deletion,0.07109495,0.07040923,0.05887507,0.055459443,0.06768387,0.07226352,0.07091725,0.065534785,0.071050584,0.06277719,0.06917033,0.069608256,0.06922913,0.057802096,0.06812439
TTGAGTGGTCGTGGTC-1,Insertion_WT,Insertion_MMEJ-Deletion,0.07109495,0.07040923,0.05887507,0.055459443,0.06768387,0.07226352,0.07091725,0.065534785,0.071050584,0.06277719,0.06917033,0.069608256,0.06922913,0.057802096,0.06812439
ACAGAAAGTTCCATTT-4,HDR_Insertion,Insertion_MMEJ-Deletion,0.07109495,0.07040923,0.05887507,0.055459443,0.06768387,0.07226352,0.07091725,0.065534785,0.071050584,0.06277719,0.06917033,0.069608256,0.06922913,0.057802096,0.06812439
GTAGGAGTCACTGGGC-4,HDR_WT,Insertion_MMEJ-Deletion,0.07109495,0.07040923,0.05887507,0.055459443,0.06768387,0.07226352,0.07091725,0.065534785,0.071050584,0.06277719,0.06917033,0.069608256,0.06922913,0.057802096,0.06812439
GTACAACTCCTGTAAG-4,Insertion_NHEJ-Deletion,Insertion_MMEJ-Deletion,0.07109495,0.07040923,0.05887507,0.055459443,0.06768387,0.07226352,0.07091725,0.065534785,0.071050584,0.06277719,0.06917033,0.069608256,0.06922913,0.057802096,0.06812439
AGCCAATTCCCGAAAT-1,HDR_WT,Insertion_MMEJ-Deletion,0.07109495,0.07040923,0.05887507,0.055459443,0.06768387,0.07226352,0.07091725,0.065534785,0.071050584,0.06277719,0.06917033,0.069608256,0.06922913,0.057802096,0.06812439
GCTGCAGCAGCTACTA-1,NHEJ-Deletion_NHEJ-Deletion,Insertion_MMEJ-Deletion,0.07109495,0.07040923,0.05887507,0.055459443,0.06768387,0.07226352,0.07091725,0.065534785,0.071050584,0.06277719,0.06917033,0.069608256,0.06922913,0.057802096,0.06812439
GGAGATGTCTCCCAAC-4,Insertion_WT,Insertion_MMEJ-Deletion,0.07109495,0.07040923,0.05887507,0.055459443,0.06768387,0.07226352,0.07091725,0.065534785,0.071050584,0.06277719,0.06917033,0.069608256,0.06922913,0.057802096,0.06812439
ACACGCGCAAGTGGAC-1,Insertion_Insertion,Insertion_MMEJ-Deletion,0.07109495,0.07040923,0.05887507,0.055459443,0.06768387,0.07226352,0.07091725,0.065534785,0.071050584,0.06277719,0.06917033,0.069608256,0.06922913,0.057802096,0.06812439
TAGAGTCGTAGAAACT-1,MMEJ-Deletion_NHEJ-Deletion,Insertion_MMEJ-Deletion,0.07109495,0.07040923,0.05887507,0.055459443,0.06768387,0.07226352,0.07091725,0.065534785,0.071050584,0.06277719,0.06917033,0.069608256,0.06922913,0.057802096,0.06812439
CAGATTGCAACCCTAA-1,Insertion_NHEJ-Deletion,Insertion_MMEJ-Deletion,0.07109495,0.07040923,0.05887507,0.055459443,0.06768387,0.07226352,0.07091725,0.065534785,0.071050584,0.06277719,0.06917033,0.069608256,0.06922913,0.057802096,0.06812439
CTGAGCGTCACGGAGA-4,Insertion_Insertion,Insertion_MMEJ-Deletion,0.07109495,0.07040923,0.05887507,0.055459443,0.06768387,0.07226352,0.07091725,0.065534785,0.071050584,0.06277719,0.06917033,0.069608256,0.06922913,0.057802096,0.06812439
ATGATCGAGAAGGATG-1,Insertion_Insertion,Insertion_MMEJ-Deletion,0.07109495,0.07040923,0.05887507,0.055459443,0.06768387,0.07226352,0.07091725,0.065534785,0.071050584,0.06277719,0.06917033,0.069608256,0.06922913,0.057802096,0.06812439
TCTACCGTCGCTACGG-1,Insertion_NHEJ-Deletion,Insertion_MMEJ-Deletion,0.07109495,0.07040923,0.05887507,0.055459443,0.06768387,0.07226352,0.07091725,0.065534785,0.071050584,0.06277719,0.06917033,0.069608256,0.06922913,0.057802096,0.06812439
GAAGCGAAGAGTCAGC-1,Insertion_Insertion,Insertion_MMEJ-Deletion,0.07109495,0.07040923,0.05887507,0.055459443,0.06768387,0.07226352,0.07091725,0.065534785,0.071050584,0.06277719,0.06917033,0.069608256,0.06922913,0.057802096,0.06812439
GTTTACTGTTATAGAG-1,HDR_NHEJ-Deletion,Insertion_MMEJ-Deletion,0.07109495,0.07040923,0.05887507,0.055459443,0.06768387,0.07226352,0.07091725,0.065534785,0.071050584,0.06277719,0.06917033,0.069608256,0.06922913,0.057802096,0.06812439
ACCCAAAAGGTCCTGC-4,NHEJ-Deletion_NHEJ-Deletion,Insertion_MMEJ-Deletion,0.07109495,0.07040923,0.05887507,0.055459443,0.06768387,0.07226352,0.07091725,0.065534785,0.071050584,0.06277719,0.06917033,0.069608256,0.06922913,0.057802096,0.06812439
TGATGGTGTCGGATTT-1,Insertion_WT,Insertion_MMEJ-Deletion,0.07109495,0.07040923,0.05887507,0.055459443,0.06768387,0.07226352,0.07091725,0.065534785,0.071050584,0.06277719,0.06917033,0.069608256,0.06922913,0.057802096,0.06812439
CTGCTCATCACACCGG-1,Insertion_NHEJ-Deletion,Insertion_MMEJ-Deletion,0.07109495,0.07040923,0.05887507,0.055459443,0.06768387,0.07226352,0.07091725,0.065534785,0.071050584,0.06277719,0.06917033,0.069608256,0.06922913,0.057802096,0.06812439
TGTACAGAGCGCCATC-4,NHEJ-Deletion_SV,Insertion_MMEJ-Deletion,0.07109495,0.07040923,0.05887507,0.055459443,0.06768387,0.07226352,0.07091725,0.065534785,0.071050584,0.06277719,0.06917033,0.069608256,0.06922913,0.057802096,0.06812439
CAATTTCGTAGGCAGT-1,Insertion_WT,Insertion_MMEJ-Deletion,0.07109495,0.07040923,0.05887507,0.055459443,0.06768387,0.07226352,0.07091725,0.065534785,0.071050584,0.06277719,0.06917033,0.069608256,0.06922913,0.057802096,0.06812439
AACCACAGTCGGCCTA-1,Insertion_Insertion,Insertion_MMEJ-Deletion,0.07109495,0.07040923,0.05887507,0.055459443,0.06768387,0.07226352,0.07091725,0.065534785,0.071050584,0.06277719,0.06917033,0.069608256,0.06922913,0.057802096,0.06812439
TCTCACGAGGCTTCCG-1,NHEJ-Deletion_NHEJ-Deletion,Insertion_MMEJ-Deletion,0.07109495,0.07040923,0.05887507,0.055459443,0.06768387,0.07226352,0.07091725,0.065534785,0.071050584,0.06277719,0.06917033,0.069608256,0.06922913,0.057802096,0.06812439
ATCACAGTCCGCAAAT-4,HDR_NHEJ-Deletion,Insertion_MMEJ-Deletion,0.07109495,0.07040923,0.05887507,0.055459443,0.06768387,0.07226352,0.07091725,0.065534785,0.071050584,0.06277719,0.06917033,0.069608256,0.06922913,0.057802096,0.06812439
AATCACGTCGATAACC-1,HDR_Insertion,Insertion_MMEJ-Deletion,0.07109495,0.07040923,0.05887507,0.055459443,0.06768387,0.07226352,0.07091725,0.065534785,0.071050584,0.06277719,0.06917033,0.069608256,0.06922913,0.057802096,0.06812439
CTTCGGTAGCCTGGAA-1,HDR_WT,Insertion_MMEJ-Deletion,0.07109495,0.07040923,0.05887507,0.055459443,0.06768387,0.07226352,0.07091725,0.065534785,0.071050584,0.06277719,0.06917033,0.069608256,0.06922913,0.057802096,0.06812439
CGTCCATAGTCTGCGC-1,Insertion_Insertion,Insertion_MMEJ-Deletion,0.07109495,0.07040923,0.05887507,0.055459443,0.06768387,0.07226352,0.07091725,0.065534785,0.071050584,0.06277719,0.06917033,0.069608256,0.06922913,0.057802096,0.06812439
CCGTAGGGTACGAGTG-1,Insertion_NHEJ-Deletion,Insertion_MMEJ-Deletion,0.07109495,0.07040923,0.05887507,0.055459443,0.06768387,0.07226352,0.07091725,0.065534785,0.071050584,0.06277719,0.06917033,0.069608256,0.06922913,0.057802096,0.06812439
ACGTACATCCGTATAG-1,Insertion_NHEJ-Deletion,Insertion_MMEJ-Deletion,0.07109495,0.07040923,0.05887507,0.055459443,0.06768387,0.07226352,0.07091725,0.065534785,0.071050584,0.06277719,0.06917033,0.069608256,0.06922913,0.057802096,0.06812439
TATCCTATCCATATGG-4,Insertion_WT,Insertion_MMEJ-Deletion,0.07109495,0.07040923,0.05887507,0.055459443,0.06768387,0.07226352,0.07091725,0.065534785,0.071050584,0.06277719,0.06917033,0.069608256,0.06922913,0.057802096,0.06812439
TTCCACGCAAACTCGT-1,HDR_HDR,Insertion_MMEJ-Deletion,0.07109495,0.07040923,0.05887507,0.055459443,0.06768387,0.07226352,0.07091725,0.065534785,0.071050584,0.06277719,0.06917033,0.069608256,0.06922913,0.057802096,0.06812439
CAGGGCTCAAATAAGC-1,NHEJ-Deletion_WT,Insertion_MMEJ-Deletion,0.07109495,0.07040923,0.05887507,0.055459443,0.06768387,0.07226352,0.07091725,0.065534785,0.071050584,0.06277719,0.06917033,0.069608256,0.06922913,0.057802096,0.06812439
AGACCCGAGTCATCGT-1,HDR_Insertion,Insertion_MMEJ-Deletion,0.07109495,0.07040923,0.05887507,0.055459443,0.06768387,0.07226352,0.07091725,0.065534785,0.071050584,0.06277719,0.06917033,0.069608256,0.06922913,0.057802096,0.06812439
ATCCGTCAGTTGCGCC-1,HDR_Insertion,Insertion_MMEJ-Deletion,0.07109495,0.07040923,0.05887507,0.055459443,0.06768387,0.07226352,0.07091725,0.065534785,0.071050584,0.06277719,0.06917033,0.069608256,0.06922913,0.057802096,0.06812439
GAAGCCCGTACTAACC-1,NHEJ-Deletion_WT,Insertion_MMEJ-Deletion,0.07109495,0.07040923,0.05887507,0.055459443,0.06768387,0.07226352,0.07091725,0.065534785,0.071050584,0.06277719,0.06917033,0.069608256,0.06922913,0.057802096,0.06812439
ACTTTCATCCGAGTGC-1,Insertion_WT,Insertion_MMEJ-Deletion,0.07109495,0.07040923,0.05887507,0.055459443,0.06768387,0.07226352,0.07091725,0.065534785,0.071050584,0.06277719,0.06917033,0.069608256,0.06922913,0.057802096,0.06812439
TTGGTTTAGGGTGAAA-4,Insertion_WT,Insertion_MMEJ-Deletion,0.07109495,0.07040923,0.05887507,0.055459443,0.06768387,0.07226352,0.07091725,0.065534785,0.071050584,0.06277719,0.06917033,0.069608256,0.06922913,0.057802096,0.06812439
TCCTGCATCTAACGCA-1,Insertion_WT,Insertion_MMEJ-Deletion,0.07109495,0.07040923,0.05887507,0.055459443,0.06768387,0.07226352,0.07091725,0.065534785,0.071050584,0.06277719,0.06917033,0.069608256,0.06922913,0.057802096,0.06812439
TACTTGTTCGAAGGAC-1,Insertion_Insertion,Insertion_MMEJ-Deletion,0.07109495,0.07040923,0.05887507,0.055459443,0.06768387,0.07226352,0.07091725,0.065534785,0.071050584,0.06277719,0.06917033,0.069608256,0.06922913,0.057802096,0.06812439
AGGCATTAGGCATTTC-1,Insertion_WT,Insertion_MMEJ-Deletion,0.07109495,0.07040923,0.05887507,0.055459443,0.06768387,0.07226352,0.07091725,0.065534785,0.071050584,0.06277719,0.06917033,0.069608256,0.06922913,0.057802096,0.06812439
AGTGACTGTCGGTGTC-1,Insertion_NHEJ-Deletion,Insertion_MMEJ-Deletion,0.07109495,0.07040923,0.05887507,0.055459443,0.06768387,0.07226352,0.07091725,0.065534785,0.071050584,0.06277719,0.06917033,0.069608256,0.06922913,0.057802096,0.06812439
GCACTAAAGTTGAAGT-1,Insertion_WT,Insertion_MMEJ-Deletion,0.07109495,0.07040923,0.05887507,0.055459443,0.06768387,0.07226352,0.07091725,0.065534785,0.071050584,0.06277719,0.06917033,0.069608256,0.06922913,0.057802096,0.06812439
TTTCAGTTCATGCCAA-1,NHEJ-Deletion_NHEJ-Deletion,Insertion_MMEJ-Deletion,0.07109495,0.07040923,0.05887507,0.055459443,0.06768387,0.07226352,0.07091725,0.065534785,0.071050584,0.06277719,0.06917033,0.069608256,0.06922913,0.057802096,0.06812439
CGTAGTAGTGTCTTAG-1,Insertion_NHEJ-Deletion,Insertion_MMEJ-Deletion,0.07109495,0.07040923,0.05887507,0.055459443,0.06768387,0.07226352,0.07091725,0.065534785,0.071050584,0.06277719,0.06917033,0.069608256,0.06922913,0.057802096,0.06812439
TCACATTTCCCTTTGG-1,NHEJ-Deletion_NHEJ-Deletion,Insertion_MMEJ-Deletion,0.07109495,0.07040923,0.05887507,0.055459443,0.06768387,0.07226352,0.07091725,0.065534785,0.071050584,0.06277719,0.06917033,0.069608256,0.06922913,0.057802096,0.06812439
TAACTTCCAAAGTGTA-1,NHEJ-Deletion_SV,Insertion_MMEJ-Deletion,0.07109495,0.07040923,0.05887507,0.055459443,0.06768387,0.07226352,0.07091725,0.065534785,0.071050584,0.06277719,0.06917033,0.069608256,0.06922913,0.057802096,0.06812439
TGGATCACAGTTGGTT-1,Insertion_Insertion,Insertion_MMEJ-Deletion,0.07109495,0.07040923,0.05887507,0.055459443,0.06768387,0.07226352,0.07091725,0.065534785,0.071050584,0.06277719,0.06917033,0.069608256,0.06922913,0.057802096,0.06812439
TCTATACAGTCCCGAC-1,Insertion_Insertion,Insertion_MMEJ-Deletion,0.07109495,0.07040923,0.05887507,0.055459443,0.06768387,0.07226352,0.07091725,0.065534785,0.071050584,0.06277719,0.06917033,0.069608256,0.06922913,0.057802096,0.06812439
CAACGGCGTAGGTACG-4,HDR_Insertion,Insertion_MMEJ-Deletion,0.07109495,0.07040923,0.05887507,0.055459443,0.06768387,0.07226352,0.07091725,0.065534785,0.071050584,0.06277719,0.06917033,0.069608256,0.06922913,0.057802096,0.06812439
TGTAGACGTTTGTTGG-1,MMEJ-Deletion_NHEJ-Deletion,Insertion_MMEJ-Deletion,0.07109495,0.07040923,0.05887507,0.055459443,0.06768387,0.07226352,0.07091725,0.065534785,0.071050584,0.06277719,0.06917033,0.069608256,0.06922913,0.057802096,0.06812439
AATGACCCACCAAAGG-1,HDR_HDR,Insertion_MMEJ-Deletion,0.07109495,0.07040923,0.05887507,0.055459443,0.06768387,0.07226352,0.07091725,0.065534785,0.071050584,0.06277719,0.06917033,0.069608256,0.06922913,0.057802096,0.06812439
GACTTCCGTTCAGGTT-1,Insertion_NHEJ-Deletion,Insertion_MMEJ-Deletion,0.07109495,0.07040923,0.05887507,0.055459443,0.06768387,0.07226352,0.07091725,0.065534785,0.071050584,0.06277719,0.06917033,0.069608256,0.06922913,0.057802096,0.06812439
ATCGCCTTCCGTGGGT-1,Insertion_NHEJ-Deletion,Insertion_MMEJ-Deletion,0.07109495,0.07040923,0.05887507,0.055459443,0.06768387,0.07226352,0.07091725,0.065534785,0.071050584,0.06277719,0.06917033,0.069608256,0.06922913,0.057802096,0.06812439
TTGCCTGCACAATGAA-1,HDR_HDR,Insertion_MMEJ-Deletion,0.07109495,0.07040923,0.05887507,0.055459443,0.06768387,0.07226352,0.07091725,0.065534785,0.071050584,0.06277719,0.06917033,0.069608256,0.06922913,0.057802096,0.06812439
TGGAGGAGTGTCGATT-1,Insertion_WT,Insertion_MMEJ-Deletion,0.07109495,0.07040923,0.05887507,0.055459443,0.06768387,0.07226352,0.07091725,0.065534785,0.071050584,0.06277719,0.06917033,0.069608256,0.06922913,0.057802096,0.06812439
AACCAACCATACAGCT-4,Insertion_NHEJ-Deletion,Insertion_MMEJ-Deletion,0.07109495,0.07040923,0.05887507,0.055459443,0.06768387,0.07226352,0.07091725,0.065534785,0.071050584,0.06277719,0.06917033,0.069608256,0.06922913,0.057802096,0.06812439
CCACCATAGTCAGCGA-1,Insertion_WT,Insertion_MMEJ-Deletion,0.07109495,0.07040923,0.05887507,0.055459443,0.06768387,0.07226352,0.07091725,0.065534785,0.071050584,0.06277719,0.06917033,0.069608256,0.06922913,0.057802096,0.06812439
AGCCACGTCAACTACG-1,Insertion_Insertion,Insertion_MMEJ-Deletion,0.07109495,0.07040923,0.05887507,0.055459443,0.06768387,0.07226352,0.07091725,0.065534785,0.071050584,0.06277719,0.06917033,0.069608256,0.06922913,0.057802096,0.06812439
CACCAAATCTGTCGCT-1,Insertion_NHEJ-Deletion,Insertion_MMEJ-Deletion,0.07109495,0.07040923,0.05887507,0.055459443,0.06768387,0.07226352,0.07091725,0.065534785,0.071050584,0.06277719,0.06917033,0.069608256,0.06922913,0.057802096,0.06812439
TGTTGAGAGTCGAAGC-4,Insertion_NHEJ-Deletion,Insertion_MMEJ-Deletion,0.07109495,0.07040923,0.05887507,0.055459443,0.06768387,0.07226352,0.07091725,0.065534785,0.071050584,0.06277719,0.06917033,0.069608256,0.06922913,0.057802096,0.06812439
TCAGTCCCATCGGAAG-1,HDR_HDR,Insertion_MMEJ-Deletion,0.07109495,0.07040923,0.05887507,0.055459443,0.06768387,0.07226352,0.07091725,0.065534785,0.071050584,0.06277719,0.06917033,0.069608256,0.06922913,0.057802096,0.06812439
GTTACCCTCGAGTACT-4,MMEJ-Deletion_WT,Insertion_MMEJ-Deletion,0.07109495,0.07040923,0.05887507,0.055459443,0.06768387,0.07226352,0.07091725,0.065534785,0.071050584,0.06277719,0.06917033,0.069608256,0.06922913,0.057802096,0.06812439
CTGTCGTCAAGCCATT-1,Insertion_Insertion,Insertion_MMEJ-Deletion,0.07109495,0.07040923,0.05887507,0.055459443,0.06768387,0.07226352,0.07091725,0.065534785,0.071050584,0.06277719,0.06917033,0.069608256,0.06922913,0.057802096,0.06812439
GTCTGTCGTCCATCTC-1,NHEJ-Deletion_NHEJ-Deletion,Insertion_MMEJ-Deletion,0.07109495,0.07040923,0.05887507,0.055459443,0.06768387,0.07226352,0.07091725,0.065534785,0.071050584,0.06277719,0.06917033,0.069608256,0.06922913,0.057802096,0.06812439
ACCATTTGTTATTCTC-1,MMEJ-Deletion_WT,Insertion_MMEJ-Deletion,0.07109495,0.07040923,0.05887507,0.055459443,0.06768387,0.07226352,0.07091725,0.065534785,0.071050584,0.06277719,0.06917033,0.069608256,0.06922913,0.057802096,0.06812439
CAGGCCACAAGTTGGG-1,Insertion_NHEJ-Deletion,Insertion_MMEJ-Deletion,0.07109495,0.07040923,0.05887507,0.055459443,0.06768387,0.07226352,0.07091725,0.065534785,0.071050584,0.06277719,0.06917033,0.069608256,0.06922913,0.057802096,0.06812439
CTCCAACCACACCGCA-4,MMEJ-Deletion_WT,Insertion_MMEJ-Deletion,0.07109495,0.07040923,0.05887507,0.055459443,0.06768387,0.07226352,0.07091725,0.065534785,0.071050584,0.06277719,0.06917033,0.069608256,0.06922913,0.057802096,0.06812439
GATCCCTAGGAATGTT-4,Insertion_WT,Insertion_MMEJ-Deletion,0.07109495,0.07040923,0.05887507,0.055459443,0.06768387,0.07226352,0.07091725,0.065534785,0.071050584,0.06277719,0.06917033,0.069608256,0.06922913,0.057802096,0.06812439
CTACCTGGTAGTTCCA-1,NHEJ-Deletion_WT,Insertion_MMEJ-Deletion,0.07109495,0.07040923,0.05887507,0.055459443,0.06768387,0.07226352,0.07091725,0.065534785,0.071050584,0.06277719,0.06917033,0.069608256,0.06922913,0.057802096,0.06812439
GGGTAGACAATGTGGG-1,Insertion_NHEJ-Deletion,Insertion_MMEJ-Deletion,0.07109495,0.07040923,0.05887507,0.055459443,0.06768387,0.07226352,0.07091725,0.065534785,0.071050584,0.06277719,0.06917033,0.069608256,0.06922913,0.057802096,0.06812439
TACCGAAGTCATCACA-1,Insertion_SV,Insertion_MMEJ-Deletion,0.07109495,0.07040923,0.05887507,0.055459443,0.06768387,0.07226352,0.07091725,0.065534785,0.071050584,0.06277719,0.06917033,0.069608256,0.06922913,0.057802096,0.06812439
ATCCATTAGCGACTGA-1,Insertion_WT,Insertion_MMEJ-Deletion,0.07109495,0.07040923,0.05887507,0.055459443,0.06768387,0.07226352,0.07091725,0.065534785,0.071050584,0.06277719,0.06917033,0.069608256,0.06922913,0.057802096,0.06812439
TTTGACTTCTCGTCAC-4,HDR_WT,Insertion_MMEJ-Deletion,0.07109495,0.07040923,0.05887507,0.055459443,0.06768387,0.07226352,0.07091725,0.065534785,0.071050584,0.06277719,0.06917033,0.069608256,0.06922913,0.057802096,0.06812439
TAACTTCCAAAGCTCT-1,Insertion_NHEJ-Deletion,Insertion_MMEJ-Deletion,0.07109495,0.07040923,0.05887507,0.055459443,0.06768387,0.07226352,0.07091725,0.065534785,0.071050584,0.06277719,0.06917033,0.069608256,0.06922913,0.057802096,0.06812439
GAGTCATGTGCGACAA-1,Insertion_Insertion,Insertion_MMEJ-Deletion,0.07109495,0.07040923,0.05887507,0.055459443,0.06768387,0.07226352,0.07091725,0.065534785,0.071050584,0.06277719,0.06917033,0.069608256,0.06922913,0.057802096,0.06812439
GTACAGTTCTTAGCTT-1,Insertion_WT,Insertion_MMEJ-Deletion,0.07109495,0.07040923,0.05887507,0.055459443,0.06768387,0.07226352,0.07091725,0.065534785,0.071050584,0.06277719,0.06917033,0.069608256,0.06922913,0.057802096,0.06812439
ATACCTTTCAGCGGAA-1,HDR_WT,Insertion_MMEJ-Deletion,0.07109495,0.07040923,0.05887507,0.055459443,0.06768387,0.07226352,0.07091725,0.065534785,0.071050584,0.06277719,0.06917033,0.069608256,0.06922913,0.057802096,0.06812439
GCCTGTTGTTACACTG-1,Insertion_MMEJ-Deletion,Insertion_MMEJ-Deletion,0.07109495,0.07040923,0.05887507,0.055459443,0.06768387,0.07226352,0.07091725,0.065534785,0.071050584,0.06277719,0.06917033,0.069608256,0.06922913,0.057802096,0.06812439
GAACTGTTCGCTACAA-1,Insertion_MMEJ-Deletion,Insertion_MMEJ-Deletion,0.07109495,0.07040923,0.05887507,0.055459443,0.06768387,0.07226352,0.07091725,0.065534785,0.071050584,0.06277719,0.06917033,0.069608256,0.06922913,0.057802096,0.06812439
ACTGCAACAGCTCATA-1,Insertion_WT,Insertion_MMEJ-Deletion,0.07109495,0.07040923,0.05887507,0.055459443,0.06768387,0.07226352,0.07091725,0.065534785,0.071050584,0.06277719,0.06917033,0.069608256,0.06922913,0.057802096,0.06812439
GCACTAAGTCTTCAAG-1,Insertion_Insertion,Insertion_MMEJ-Deletion,0.07109495,0.07040923,0.05887507,0.055459443,0.06768387,0.07226352,0.07091725,0.065534785,0.071050584,0.06277719,0.06917033,0.069608256,0.06922913,0.057802096,0.06812439
GTCCTCACAAATCCCA-1,Insertion_Insertion,Insertion_MMEJ-Deletion,0.07109495,0.07040923,0.05887507,0.055459443,0.06768387,0.07226352,0.07091725,0.065534785,0.071050584,0.06277719,0.06917033,0.069608256,0.06922913,0.057802096,0.06812439
TGATCAGGTATTGGCT-4,Insertion_NHEJ-Deletion,Insertion_MMEJ-Deletion,0.07109495,0.07040923,0.05887507,0.055459443,0.06768387,0.07226352,0.07091725,0.065534785,0.071050584,0.06277719,0.06917033,0.069608256,0.06922913,0.057802096,0.06812439
AAATGGAGTACAGAAT-4,NHEJ-Deletion_NHEJ-Deletion,Insertion_MMEJ-Deletion,0.07109495,0.07040923,0.05887507,0.055459443,0.06768387,0.07226352,0.07091725,0.065534785,0.071050584,0.06277719,0.06917033,0.069608256,0.06922913,0.057802096,0.06812439
TGTGTGATCAGCAGAG-1,Insertion_Insertion,Insertion_MMEJ-Deletion,0.07109495,0.07040923,0.05887507,0.055459443,0.06768387,0.07226352,0.07091725,0.065534785,0.071050584,0.06277719,0.06917033,0.069608256,0.06922913,0.057802096,0.06812439
ACGGTCGGTGGCAACA-4,NHEJ-Deletion_WT,Insertion_MMEJ-Deletion,0.07109495,0.07040923,0.05887507,0.055459443,0.06768387,0.07226352,0.07091725,0.065534785,0.071050584,0.06277719,0.06917033,0.069608256,0.06922913,0.057802096,0.06812439
TCCGGGATCTCTGAGA-1,MMEJ-Deletion_NHEJ-Deletion,Insertion_MMEJ-Deletion,0.07109495,0.07040923,0.05887507,0.055459443,0.06768387,0.07226352,0.07091725,0.065534785,0.071050584,0.06277719,0.06917033,0.069608256,0.06922913,0.057802096,0.06812439
CCGTGAGCACTGAGTT-1,HDR_Insertion,Insertion_MMEJ-Deletion,0.07109495,0.07040923,0.05887507,0.055459443,0.06768387,0.07226352,0.07091725,0.065534785,0.071050584,0.06277719,0.06917033,0.069608256,0.06922913,0.057802096,0.06812439
CAACGGCCACTTCTCG-1,NHEJ-Deletion_WT,Insertion_MMEJ-Deletion,0.07109495,0.07040923,0.05887507,0.055459443,0.06768387,0.07226352,0.07091725,0.065534785,0.071050584,0.06277719,0.06917033,0.069608256,0.06922913,0.057802096,0.06812439
GGCAGTCAGTTCCATG-1,Insertion_NHEJ-Deletion,Insertion_MMEJ-Deletion,0.07109495,0.07040923,0.05887507,0.055459443,0.06768387,0.07226352,0.07091725,0.065534785,0.071050584,0.06277719,0.06917033,0.069608256,0.06922913,0.057802096,0.06812439
CATACCCAGCGTGAAC-1,Insertion_Insertion,Insertion_MMEJ-Deletion,0.07109495,0.07040923,0.05887507,0.055459443,0.06768387,0.07226352,0.07091725,0.065534785,0.071050584,0.06277719,0.06917033,0.069608256,0.06922913,0.057802096,0.06812439
GTCAAACTCGTTTACT-1,Insertion_MMEJ-Deletion,Insertion_MMEJ-Deletion,0.07109495,0.07040923,0.05887507,0.055459443,0.06768387,0.07226352,0.07091725,0.065534785,0.071050584,0.06277719,0.06917033,0.069608256,0.06922913,0.057802096,0.06812439
GGGCCATCAGTGAGCA-1,Insertion_NHEJ-Deletion,Insertion_MMEJ-Deletion,0.07109495,0.07040923,0.05887507,0.055459443,0.06768387,0.07226352,0.07091725,0.065534785,0.071050584,0.06277719,0.06917033,0.069608256,0.06922913,0.057802096,0.06812439
AGTCACAAGCTTACGT-1,Insertion_NHEJ-Deletion,Insertion_MMEJ-Deletion,0.07109495,0.07040923,0.05887507,0.055459443,0.06768387,0.07226352,0.07091725,0.065534785,0.071050584,0.06277719,0.06917033,0.069608256,0.06922913,0.057802096,0.06812439
ACGTCCTAGGCCTTCG-4,HDR_WT,Insertion_MMEJ-Deletion,0.07109495,0.07040923,0.05887507,0.055459443,0.06768387,0.07226352,0.07091725,0.065534785,0.071050584,0.06277719,0.06917033,0.069608256,0.06922913,0.057802096,0.06812439
GATTCGAAGTCAACAA-1,MMEJ-Deletion_NHEJ-Deletion,Insertion_MMEJ-Deletion,0.07109495,0.07040923,0.05887507,0.055459443,0.06768387,0.07226352,0.07091725,0.065534785,0.071050584,0.06277719,0.06917033,0.069608256,0.06922913,0.057802096,0.06812439
CACTGGGGTGAGTTGG-1,Insertion_Insertion,Insertion_MMEJ-Deletion,0.07109495,0.07040923,0.05887507,0.055459443,0.06768387,0.07226352,0.07091725,0.065534785,0.071050584,0.06277719,0.06917033,0.069608256,0.06922913,0.057802096,0.06812439
TCGACCTGTGTTATCG-1,Insertion_Insertion,Insertion_MMEJ-Deletion,0.07109495,0.07040923,0.05887507,0.055459443,0.06768387,0.07226352,0.07091725,0.065534785,0.071050584,0.06277719,0.06917033,0.069608256,0.06922913,0.057802096,0.06812439
TAGGGTTGTCATACCA-1,HDR_WT,Insertion_MMEJ-Deletion,0.07109495,0.07040923,0.05887507,0.055459443,0.06768387,0.07226352,0.07091725,0.065534785,0.071050584,0.06277719,0.06917033,0.069608256,0.06922913,0.057802096,0.06812439
GATAGAACAACGATTC-1,HDR_Insertion,Insertion_MMEJ-Deletion,0.07109495,0.07040923,0.05887507,0.055459443,0.06768387,0.07226352,0.07091725,0.065534785,0.071050584,0.06277719,0.06917033,0.069608256,0.06922913,0.057802096,0.06812439
TTGTTGTCATAATGCC-1,Insertion_Insertion,Insertion_MMEJ-Deletion,0.07109495,0.07040923,0.05887507,0.055459443,0.06768387,0.07226352,0.07091725,0.065534785,0.071050584,0.06277719,0.06917033,0.069608256,0.06922913,0.057802096,0.06812439
AACTTCTGTAGACAGC-4,Insertion_NHEJ-Deletion,Insertion_MMEJ-Deletion,0.07109495,0.07040923,0.05887507,0.055459443,0.06768387,0.07226352,0.07091725,0.065534785,0.071050584,0.06277719,0.06917033,0.069608256,0.06922913,0.057802096,0.06812439
TGCAGGCGTAATGATG-1,Insertion_NHEJ-Deletion,Insertion_MMEJ-Deletion,0.07109495,0.07040923,0.05887507,0.055459443,0.06768387,0.07226352,0.07091725,0.065534785,0.071050584,0.06277719,0.06917033,0.069608256,0.06922913,0.057802096,0.06812439
TATTGGGTCTGGCCGA-1,HDR_Insertion,Insertion_MMEJ-Deletion,0.07109495,0.07040923,0.05887507,0.055459443,0.06768387,0.07226352,0.07091725,0.065534785,0.071050584,0.06277719,0.06917033,0.069608256,0.06922913,0.057802096,0.06812439
TCAATTCCATGTAACC-4,Insertion_WT,Insertion_MMEJ-Deletion,0.07109495,0.07040923,0.05887507,0.055459443,0.06768387,0.07226352,0.07091725,0.065534785,0.071050584,0.06277719,0.06917033,0.069608256,0.06922913,0.057802096,0.06812439
CGGAATTCATTGAGCT-4,Insertion_NHEJ-Deletion,Insertion_MMEJ-Deletion,0.07109495,0.07040923,0.05887507,0.055459443,0.06768387,0.07226352,0.07091725,0.065534785,0.071050584,0.06277719,0.06917033,0.069608256,0.06922913,0.057802096,0.06812439
GTCCTCATCACACCCT-1,Insertion_NHEJ-Deletion,Insertion_MMEJ-Deletion,0.07109495,0.07040923,0.05887507,0.055459443,0.06768387,0.07226352,0.07091725,0.065534785,0.071050584,0.06277719,0.06917033,0.069608256,0.06922913,0.057802096,0.06812439
AGTCTCCTCGAGAACG-4,Insertion_WT,Insertion_MMEJ-Deletion,0.07109495,0.07040923,0.05887507,0.055459443,0.06768387,0.07226352,0.07091725,0.065534785,0.071050584,0.06277719,0.06917033,0.069608256,0.06922913,0.057802096,0.06812439
TTCACCGCACACGCCA-1,Insertion_Insertion,Insertion_MMEJ-Deletion,0.07109495,0.07040923,0.05887507,0.055459443,0.06768387,0.07226352,0.07091725,0.065534785,0.071050584,0.06277719,0.06917033,0.069608256,0.06922913,0.057802096,0.06812439
GAGTGTTCACACGGTC-1,HDR_Insertion,Insertion_MMEJ-Deletion,0.07109495,0.07040923,0.05887507,0.055459443,0.06768387,0.07226352,0.07091725,0.065534785,0.071050584,0.06277719,0.06917033,0.069608256,0.06922913,0.057802096,0.06812439
AGATCGTGTGATCGTT-1,Insertion_SV,Insertion_MMEJ-Deletion,0.07109495,0.07040923,0.05887507,0.055459443,0.06768387,0.07226352,0.07091725,0.065534785,0.071050584,0.06277719,0.06917033,0.069608256,0.06922913,0.057802096,0.06812439
CTCCAACAGAGCATTA-1,HDR_WT,Insertion_MMEJ-Deletion,0.07109495,0.07040923,0.05887507,0.055459443,0.06768387,0.07226352,0.07091725,0.065534785,0.071050584,0.06277719,0.06917033,0.069608256,0.06922913,0.057802096,0.06812439
TCTCTGGCACCCTAGG-1,Insertion_WT,Insertion_MMEJ-Deletion,0.07109495,0.07040923,0.05887507,0.055459443,0.06768387,0.07226352,0.07091725,0.065534785,0.071050584,0.06277719,0.06917033,0.069608256,0.06922913,0.057802096,0.06812439
AATTTCCTCCTTCTGG-1,Insertion_WT,Insertion_MMEJ-Deletion,0.07109495,0.07040923,0.05887507,0.055459443,0.06768387,0.07226352,0.07091725,0.065534785,0.071050584,0.06277719,0.06917033,0.069608256,0.06922913,0.057802096,0.06812439
CTCACTGCAACAGATA-4,NHEJ-Deletion_WT,Insertion_MMEJ-Deletion,0.07109495,0.07040923,0.05887507,0.055459443,0.06768387,0.07226352,0.07091725,0.065534785,0.071050584,0.06277719,0.06917033,0.069608256,0.06922913,0.057802096,0.06812439
TATCCTAAGCCGATAG-4,Insertion_WT,Insertion_MMEJ-Deletion,0.07109495,0.07040923,0.05887507,0.055459443,0.06768387,0.07226352,0.07091725,0.065534785,0.071050584,0.06277719,0.06917033,0.069608256,0.06922913,0.057802096,0.06812439
GTTACGAGTTACCTTT-1,Insertion_WT,Insertion_MMEJ-Deletion,0.07109495,0.07040923,0.05887507,0.055459443,0.06768387,0.07226352,0.07091725,0.065534785,0.071050584,0.06277719,0.06917033,0.069608256,0.06922913,0.057802096,0.06812439
CCATAAGAGAGTGTTA-1,Insertion_Insertion,Insertion_MMEJ-Deletion,0.07109495,0.07040923,0.05887507,0.055459443,0.06768387,0.07226352,0.07091725,0.065534785,0.071050584,0.06277719,0.06917033,0.069608256,0.06922913,0.057802096,0.06812439
CGTAGTACAAAGGCGT-1,Insertion_WT,Insertion_MMEJ-Deletion,0.07109495,0.07040923,0.05887507,0.055459443,0.06768387,0.07226352,0.07091725,0.065534785,0.071050584,0.06277719,0.06917033,0.069608256,0.06922913,0.057802096,0.06812439
GGAGGTAAGCCTCTCT-1,NHEJ-Deletion_NHEJ-Deletion,Insertion_MMEJ-Deletion,0.07109495,0.07040923,0.05887507,0.055459443,0.06768387,0.07226352,0.07091725,0.065534785,0.071050584,0.06277719,0.06917033,0.069608256,0.06922913,0.057802096,0.06812439
TATCGCCAGTTAACGA-1,Insertion_NHEJ-Deletion,Insertion_MMEJ-Deletion,0.07109495,0.07040923,0.05887507,0.055459443,0.06768387,0.07226352,0.07091725,0.065534785,0.071050584,0.06277719,0.06917033,0.069608256,0.06922913,0.057802096,0.06812439
TTTACCAAGTCATTGC-1,Insertion_WT,Insertion_MMEJ-Deletion,0.07109495,0.07040923,0.05887507,0.055459443,0.06768387,0.07226352,0.07091725,0.065534785,0.071050584,0.06277719,0.06917033,0.069608256,0.06922913,0.057802096,0.06812439
GAGGCCTAGTGGTTCT-1,Insertion_NHEJ-Deletion,Insertion_MMEJ-Deletion,0.07109495,0.07040923,0.05887507,0.055459443,0.06768387,0.07226352,0.07091725,0.065534785,0.071050584,0.06277719,0.06917033,0.069608256,0.06922913,0.057802096,0.06812439
CTTAGGATCCGGTAGC-4,Insertion_Insertion,Insertion_MMEJ-Deletion,0.07109495,0.07040923,0.05887507,0.055459443,0.06768387,0.07226352,0.07091725,0.065534785,0.071050584,0.06277719,0.06917033,0.069608256,0.06922913,0.057802096,0.06812439
GAAACCTGTGGTCTAT-4,Insertion_WT,Insertion_MMEJ-Deletion,0.07109495,0.07040923,0.05887507,0.055459443,0.06768387,0.07226352,0.07091725,0.065534785,0.071050584,0.06277719,0.06917033,0.069608256,0.06922913,0.057802096,0.06812439
CAACGATCATTGCCGG-1,MMEJ-Deletion_NHEJ-Deletion,Insertion_MMEJ-Deletion,0.07109495,0.07040923,0.05887507,0.055459443,0.06768387,0.07226352,0.07091725,0.065534785,0.071050584,0.06277719,0.06917033,0.069608256,0.06922913,0.057802096,0.06812439
AGGAGGTAGTTGCCTA-1,NHEJ-Deletion_WT,Insertion_MMEJ-Deletion,0.07109495,0.07040923,0.05887507,0.055459443,0.06768387,0.07226352,0.07091725,0.065534785,0.071050584,0.06277719,0.06917033,0.069608256,0.06922913,0.057802096,0.06812439
ACGTTCCAGTCATACC-4,NHEJ-Deletion_WT,Insertion_MMEJ-Deletion,0.07109495,0.07040923,0.05887507,0.055459443,0.06768387,0.07226352,0.07091725,0.065534785,0.071050584,0.06277719,0.06917033,0.069608256,0.06922913,0.057802096,0.06812439
ACATGCATCAGCTAGT-4,Insertion_WT,Insertion_MMEJ-Deletion,0.07109495,0.07040923,0.05887507,0.055459443,0.06768387,0.07226352,0.07091725,0.065534785,0.071050584,0.06277719,0.06917033,0.069608256,0.06922913,0.057802096,0.06812439
CTCCAACTCTCACTCG-4,HDR_WT,Insertion_MMEJ-Deletion,0.07109495,0.07040923,0.05887507,0.055459443,0.06768387,0.07226352,0.07091725,0.065534785,0.071050584,0.06277719,0.06917033,0.069608256,0.06922913,0.057802096,0.06812439
TTCCTCTCAACAGAGC-1,Insertion_WT,Insertion_MMEJ-Deletion,0.07109495,0.07040923,0.05887507,0.055459443,0.06768387,0.07226352,0.07091725,0.065534785,0.071050584,0.06277719,0.06917033,0.069608256,0.06922913,0.057802096,0.06812439
CTGATCCGTGTTACAC-1,Insertion_WT,Insertion_MMEJ-Deletion,0.07109495,0.07040923,0.05887507,0.055459443,0.06768387,0.07226352,0.07091725,0.065534785,0.071050584,0.06277719,0.06917033,0.069608256,0.06922913,0.057802096,0.06812439
CTTCCTTCAACAAGTA-1,Insertion_Insertion,Insertion_MMEJ-Deletion,0.07109495,0.07040923,0.05887507,0.055459443,0.06768387,0.07226352,0.07091725,0.065534785,0.071050584,0.06277719,0.06917033,0.069608256,0.06922913,0.057802096,0.06812439
GAAGCGATCCATAAGC-4,NHEJ-Deletion_NHEJ-Deletion,Insertion_MMEJ-Deletion,0.07109495,0.07040923,0.05887507,0.055459443,0.06768387,0.07226352,0.07091725,0.065534785,0.071050584,0.06277719,0.06917033,0.069608256,0.06922913,0.057802096,0.06812439
ATCGGCGTCCTGGTCT-1,NHEJ-Deletion_NHEJ-Deletion,Insertion_MMEJ-Deletion,0.07109495,0.07040923,0.05887507,0.055459443,0.06768387,0.07226352,0.07091725,0.065534785,0.071050584,0.06277719,0.06917033,0.069608256,0.06922913,0.057802096,0.06812439
CCATAAGCAAACGGCA-1,HDR_WT,Insertion_MMEJ-Deletion,0.07109495,0.07040923,0.05887507,0.055459443,0.06768387,0.07226352,0.07091725,0.065534785,0.071050584,0.06277719,0.06917033,0.069608256,0.06922913,0.057802096,0.06812439
CACAACAAGACCTGGA-1,Insertion_Insertion,Insertion_MMEJ-Deletion,0.07109495,0.07040923,0.05887507,0.055459443,0.06768387,0.07226352,0.07091725,0.065534785,0.071050584,0.06277719,0.06917033,0.069608256,0.06922913,0.057802096,0.06812439
GTTCGCTCACGTACAT-1,Insertion_Insertion,Insertion_MMEJ-Deletion,0.07109495,0.07040923,0.05887507,0.055459443,0.06768387,0.07226352,0.07091725,0.065534785,0.071050584,0.06277719,0.06917033,0.069608256,0.06922913,0.057802096,0.06812439
AGCGTATCAGCGTACC-1,MMEJ-Deletion_MMEJ-Deletion,Insertion_MMEJ-Deletion,0.07109495,0.07040923,0.05887507,0.055459443,0.06768387,0.07226352,0.07091725,0.065534785,0.071050584,0.06277719,0.06917033,0.069608256,0.06922913,0.057802096,0.06812439
ACTCCCAGTCTACGAT-1,HDR_NHEJ-Deletion,Insertion_MMEJ-Deletion,0.07109495,0.07040923,0.05887507,0.055459443,0.06768387,0.07226352,0.07091725,0.065534785,0.071050584,0.06277719,0.06917033,0.069608256,0.06922913,0.057802096,0.06812439
GTCCACTCAGTCGCTG-1,Insertion_Insertion,Insertion_MMEJ-Deletion,0.07109495,0.07040923,0.05887507,0.055459443,0.06768387,0.07226352,0.07091725,0.065534785,0.071050584,0.06277719,0.06917033,0.069608256,0.06922913,0.057802096,0.06812439
TGATCTTAGCTAGCCC-1,Insertion_NHEJ-Deletion,Insertion_MMEJ-Deletion,0.07109495,0.07040923,0.05887507,0.055459443,0.06768387,0.07226352,0.07091725,0.065534785,0.071050584,0.06277719,0.06917033,0.069608256,0.06922913,0.057802096,0.06812439
GACTGATAGCTGCGAA-4,Insertion_Insertion,Insertion_MMEJ-Deletion,0.07109495,0.07040923,0.05887507,0.055459443,0.06768387,0.07226352,0.07091725,0.065534785,0.071050584,0.06277719,0.06917033,0.069608256,0.06922913,0.057802096,0.06812439
AAAGTCCAGGCCTAAG-1,Insertion_MMEJ-Deletion,Insertion_MMEJ-Deletion,0.07109495,0.07040923,0.05887507,0.055459443,0.06768387,0.07226352,0.07091725,0.065534785,0.071050584,0.06277719,0.06917033,0.069608256,0.06922913,0.057802096,0.06812439
GAGTTACTCTTGAACG-1,Insertion_Insertion,Insertion_MMEJ-Deletion,0.07109495,0.07040923,0.05887507,0.055459443,0.06768387,0.07226352,0.07091725,0.065534785,0.071050584,0.06277719,0.06917033,0.069608256,0.06922913,0.057802096,0.06812439
CGTAAGTGTACTCCGG-4,Insertion_MMEJ-Deletion,Insertion_MMEJ-Deletion,0.07109495,0.07040923,0.05887507,0.055459443,0.06768387,0.07226352,0.07091725,0.065534785,0.071050584,0.06277719,0.06917033,0.069608256,0.06922913,0.057802096,0.06812439
CATCCCAAGGTGGTTG-1,Insertion_WT,Insertion_MMEJ-Deletion,0.07109495,0.07040923,0.05887507,0.055459443,0.06768387,0.07226352,0.07091725,0.065534785,0.071050584,0.06277719,0.06917033,0.069608256,0.06922913,0.057802096,0.06812439
CTTCTCTCATTGGGAG-1,NHEJ-Deletion_WT,Insertion_MMEJ-Deletion,0.07109495,0.07040923,0.05887507,0.055459443,0.06768387,0.07226352,0.07091725,0.065534785,0.071050584,0.06277719,0.06917033,0.069608256,0.06922913,0.057802096,0.06812439
CATGGATGTAGAATAC-1,NHEJ-Deletion_NHEJ-Deletion,Insertion_MMEJ-Deletion,0.07109495,0.07040923,0.05887507,0.055459443,0.06768387,0.07226352,0.07091725,0.065534785,0.071050584,0.06277719,0.06917033,0.069608256,0.06922913,0.057802096,0.06812439
TAGACTGAGCTAAATG-1,Insertion_Insertion,Insertion_MMEJ-Deletion,0.07109495,0.07040923,0.05887507,0.055459443,0.06768387,0.07226352,0.07091725,0.065534785,0.071050584,0.06277719,0.06917033,0.069608256,0.06922913,0.057802096,0.06812439
GTCATTTCAGGGAGAG-1,Insertion_Insertion,Insertion_MMEJ-Deletion,0.07109495,0.07040923,0.05887507,0.055459443,0.06768387,0.07226352,0.07091725,0.065534785,0.071050584,0.06277719,0.06917033,0.069608256,0.06922913,0.057802096,0.06812439
AGGACGATCGGACAAG-1,NHEJ-Deletion_NHEJ-Deletion,Insertion_MMEJ-Deletion,0.07109495,0.07040923,0.05887507,0.055459443,0.06768387,0.07226352,0.07091725,0.065534785,0.071050584,0.06277719,0.06917033,0.069608256,0.06922913,0.057802096,0.06812439
GACTCTCGTCACATTG-1,HDR_HDR,Insertion_MMEJ-Deletion,0.07109495,0.07040923,0.05887507,0.055459443,0.06768387,0.07226352,0.07091725,0.065534785,0.071050584,0.06277719,0.06917033,0.069608256,0.06922913,0.057802096,0.06812439
AGGAAATAGAGCCCAA-1,Insertion_WT,Insertion_MMEJ-Deletion,0.07109495,0.07040923,0.05887507,0.055459443,0.06768387,0.07226352,0.07091725,0.065534785,0.071050584,0.06277719,0.06917033,0.069608256,0.06922913,0.057802096,0.06812439
GAGCTGCCACAATGAA-1,HDR_Insertion,Insertion_MMEJ-Deletion,0.07109495,0.07040923,0.05887507,0.055459443,0.06768387,0.07226352,0.07091725,0.065534785,0.071050584,0.06277719,0.06917033,0.069608256,0.06922913,0.057802096,0.06812439
TTTCCTCTCAGGACAG-1,Insertion_NHEJ-Deletion,Insertion_MMEJ-Deletion,0.07109495,0.07040923,0.05887507,0.055459443,0.06768387,0.07226352,0.07091725,0.065534785,0.071050584,0.06277719,0.06917033,0.069608256,0.06922913,0.057802096,0.06812439
GAAGCCCAGGGTTAGC-1,Insertion_Insertion,Insertion_MMEJ-Deletion,0.07109495,0.07040923,0.05887507,0.055459443,0.06768387,0.07226352,0.07091725,0.065534785,0.071050584,0.06277719,0.06917033,0.069608256,0.06922913,0.057802096,0.06812439
CTTCGGTGTAGCGCTC-1,Insertion_SV,Insertion_MMEJ-Deletion,0.07109495,0.07040923,0.05887507,0.055459443,0.06768387,0.07226352,0.07091725,0.065534785,0.071050584,0.06277719,0.06917033,0.069608256,0.06922913,0.057802096,0.06812439
ACTTTCAGTGGTCTAT-1,Insertion_Insertion,Insertion_MMEJ-Deletion,0.07109495,0.07040923,0.05887507,0.055459443,0.06768387,0.07226352,0.07091725,0.065534785,0.071050584,0.06277719,0.06917033,0.069608256,0.06922913,0.057802096,0.06812439
CCGTTCAGTCCTGGTG-1,Insertion_Insertion,Insertion_MMEJ-Deletion,0.07109495,0.07040923,0.05887507,0.055459443,0.06768387,0.07226352,0.07091725,0.065534785,0.071050584,0.06277719,0.06917033,0.069608256,0.06922913,0.057802096,0.06812439
AGGGCTCCAATCTAGC-1,Insertion_Insertion,Insertion_MMEJ-Deletion,0.07109495,0.07040923,0.05887507,0.055459443,0.06768387,0.07226352,0.07091725,0.065534785,0.071050584,0.06277719,0.06917033,0.069608256,0.06922913,0.057802096,0.06812439
ATCGCCTCACACGGTC-1,MMEJ-Deletion_NHEJ-Deletion,Insertion_MMEJ-Deletion,0.07109495,0.07040923,0.05887507,0.055459443,0.06768387,0.07226352,0.07091725,0.065534785,0.071050584,0.06277719,0.06917033,0.069608256,0.06922913,0.057802096,0.06812439
GTGGAAGCATGGAAGC-1,HDR_HDR,Insertion_MMEJ-Deletion,0.07109495,0.07040923,0.05887507,0.055459443,0.06768387,0.07226352,0.07091725,0.065534785,0.071050584,0.06277719,0.06917033,0.069608256,0.06922913,0.057802096,0.06812439
TGACAGTTCGCCTTGT-1,Insertion_SV,Insertion_MMEJ-Deletion,0.07109495,0.07040923,0.05887507,0.055459443,0.06768387,0.07226352,0.07091725,0.065534785,0.071050584,0.06277719,0.06917033,0.069608256,0.06922913,0.057802096,0.06812439
ACACTGATCCCTCTTT-1,NHEJ-Deletion_WT,Insertion_MMEJ-Deletion,0.07109495,0.07040923,0.05887507,0.055459443,0.06768387,0.07226352,0.07091725,0.065534785,0.071050584,0.06277719,0.06917033,0.069608256,0.06922913,0.057802096,0.06812439
GAGACCCGTCATGACT-4,NHEJ-Deletion_WT,Insertion_MMEJ-Deletion,0.07109495,0.07040923,0.05887507,0.055459443,0.06768387,0.07226352,0.07091725,0.065534785,0.071050584,0.06277719,0.06917033,0.069608256,0.06922913,0.057802096,0.06812439
CACTAAGAGGTCCCTG-1,Insertion_NHEJ-Deletion,Insertion_MMEJ-Deletion,0.07109495,0.07040923,0.05887507,0.055459443,0.06768387,0.07226352,0.07091725,0.065534785,0.071050584,0.06277719,0.06917033,0.069608256,0.06922913,0.057802096,0.06812439
GGAGATGCACCCATAA-1,NHEJ-Deletion_NHEJ-Deletion,Insertion_MMEJ-Deletion,0.07109495,0.07040923,0.05887507,0.055459443,0.06768387,0.07226352,0.07091725,0.065534785,0.071050584,0.06277719,0.06917033,0.069608256,0.06922913,0.057802096,0.06812439
GAGCCTGGTTCGTTCC-1,Insertion_Insertion,Insertion_MMEJ-Deletion,0.07109495,0.07040923,0.05887507,0.055459443,0.06768387,0.07226352,0.07091725,0.065534785,0.071050584,0.06277719,0.06917033,0.069608256,0.06922913,0.057802096,0.06812439
CATGCTCAGAGAGCGG-1,MMEJ-Deletion_WT,Insertion_MMEJ-Deletion,0.07109495,0.07040923,0.05887507,0.055459443,0.06768387,0.07226352,0.07091725,0.065534785,0.071050584,0.06277719,0.06917033,0.069608256,0.06922913,0.057802096,0.06812439
GGGTGTCAGGTCCTGC-4,Insertion_WT,Insertion_MMEJ-Deletion,0.07109495,0.07040923,0.05887507,0.055459443,0.06768387,0.07226352,0.07091725,0.065534785,0.071050584,0.06277719,0.06917033,0.069608256,0.06922913,0.057802096,0.06812439
ACGGAAGTCAGTGGGA-1,Insertion_SV,Insertion_MMEJ-Deletion,0.07109495,0.07040923,0.05887507,0.055459443,0.06768387,0.07226352,0.07091725,0.065534785,0.071050584,0.06277719,0.06917033,0.069608256,0.06922913,0.057802096,0.06812439
CATGGTAAGGATATGT-1,HDR_Insertion,Insertion_MMEJ-Deletion,0.07109495,0.07040923,0.05887507,0.055459443,0.06768387,0.07226352,0.07091725,0.065534785,0.071050584,0.06277719,0.06917033,0.069608256,0.06922913,0.057802096,0.06812439
TCATCCGGTACCTATG-4,Insertion_MMEJ-Deletion,Insertion_MMEJ-Deletion,0.07109495,0.07040923,0.05887507,0.055459443,0.06768387,0.07226352,0.07091725,0.065534785,0.071050584,0.06277719,0.06917033,0.069608256,0.06922913,0.057802096,0.06812439
GTCACTCCATTAGGCT-1,Insertion_NHEJ-Deletion,Insertion_MMEJ-Deletion,0.07109495,0.07040923,0.05887507,0.055459443,0.06768387,0.07226352,0.07091725,0.065534785,0.071050584,0.06277719,0.06917033,0.069608256,0.06922913,0.057802096,0.06812439
ATGGGTTGTTGCTCAA-1,HDR_HDR,Insertion_MMEJ-Deletion,0.07109495,0.07040923,0.05887507,0.055459443,0.06768387,0.07226352,0.07091725,0.065534785,0.071050584,0.06277719,0.06917033,0.069608256,0.06922913,0.057802096,0.06812439
AGACACTGTAATGCTC-1,Insertion_MMEJ-Deletion,Insertion_MMEJ-Deletion,0.07109495,0.07040923,0.05887507,0.055459443,0.06768387,0.07226352,0.07091725,0.065534785,0.071050584,0.06277719,0.06917033,0.069608256,0.06922913,0.057802096,0.06812439
TCCCACAGTACGGGAT-1,HDR_NHEJ-Deletion,Insertion_MMEJ-Deletion,0.07109495,0.07040923,0.05887507,0.055459443,0.06768387,0.07226352,0.07091725,0.065534785,0.071050584,0.06277719,0.06917033,0.069608256,0.06922913,0.057802096,0.06812439
AGTGATCCACTGATTG-1,Insertion_MMEJ-Deletion,Insertion_MMEJ-Deletion,0.07109495,0.07040923,0.05887507,0.055459443,0.06768387,0.07226352,0.07091725,0.065534785,0.071050584,0.06277719,0.06917033,0.069608256,0.06922913,0.057802096,0.06812439
TCAAGTGAGTGCAGGT-4,Insertion_WT,Insertion_MMEJ-Deletion,0.07109495,0.07040923,0.05887507,0.055459443,0.06768387,0.07226352,0.07091725,0.065534785,0.071050584,0.06277719,0.06917033,0.069608256,0.06922913,0.057802096,0.06812439
GCTTGGGGTTTAGACC-1,HDR_WT,Insertion_MMEJ-Deletion,0.07109495,0.07040923,0.05887507,0.055459443,0.06768387,0.07226352,0.07091725,0.065534785,0.071050584,0.06277719,0.06917033,0.069608256,0.06922913,0.057802096,0.06812439
CTTGAGACATTGCAAC-4,Insertion_SV,Insertion_MMEJ-Deletion,0.07109495,0.07040923,0.05887507,0.055459443,0.06768387,0.07226352,0.07091725,0.065534785,0.071050584,0.06277719,0.06917033,0.069608256,0.06922913,0.057802096,0.06812439
CTTCGGTCACGCTATA-1,MMEJ-Deletion_MMEJ-Deletion,Insertion_MMEJ-Deletion,0.07109495,0.07040923,0.05887507,0.055459443,0.06768387,0.07226352,0.07091725,0.065534785,0.071050584,0.06277719,0.06917033,0.069608256,0.06922913,0.057802096,0.06812439
TCACTATAGGTCGCCT-4,Insertion_WT,Insertion_MMEJ-Deletion,0.07109495,0.07040923,0.05887507,0.055459443,0.06768387,0.07226352,0.07091725,0.065534785,0.071050584,0.06277719,0.06917033,0.069608256,0.06922913,0.057802096,0.06812439
CACAGGCCAGCGGATA-1,Insertion_SV,Insertion_MMEJ-Deletion,0.07109495,0.07040923,0.05887507,0.055459443,0.06768387,0.07226352,0.07091725,0.065534785,0.071050584,0.06277719,0.06917033,0.069608256,0.06922913,0.057802096,0.06812439
AGTACTGGTCATACCA-4,Insertion_NHEJ-Deletion,Insertion_MMEJ-Deletion,0.07109495,0.07040923,0.05887507,0.055459443,0.06768387,0.07226352,0.07091725,0.065534785,0.071050584,0.06277719,0.06917033,0.069608256,0.06922913,0.057802096,0.06812439
CTGCATCGTTGCATAC-4,Insertion_NHEJ-Deletion,Insertion_MMEJ-Deletion,0.07109495,0.07040923,0.05887507,0.055459443,0.06768387,0.07226352,0.07091725,0.065534785,0.071050584,0.06277719,0.06917033,0.069608256,0.06922913,0.057802096,0.06812439
TCAGTCCTCTTACACT-1,HDR_HDR,Insertion_MMEJ-Deletion,0.07109495,0.07040923,0.05887507,0.055459443,0.06768387,0.07226352,0.07091725,0.065534785,0.071050584,0.06277719,0.06917033,0.069608256,0.06922913,0.057802096,0.06812439
ACAGAAAAGAATCGTA-4,Insertion_Insertion,Insertion_MMEJ-Deletion,0.07109495,0.07040923,0.05887507,0.055459443,0.06768387,0.07226352,0.07091725,0.065534785,0.071050584,0.06277719,0.06917033,0.069608256,0.06922913,0.057802096,0.06812439
CAACCAATCGGTAAGG-1,Insertion_Insertion,Insertion_MMEJ-Deletion,0.07109495,0.07040923,0.05887507,0.055459443,0.06768387,0.07226352,0.07091725,0.065534785,0.071050584,0.06277719,0.06917033,0.069608256,0.06922913,0.057802096,0.06812439
TGTTCTAGTTCCAGGC-1,Insertion_NHEJ-Deletion,Insertion_MMEJ-Deletion,0.07109495,0.07040923,0.05887507,0.055459443,0.06768387,0.07226352,0.07091725,0.065534785,0.071050584,0.06277719,0.06917033,0.069608256,0.06922913,0.057802096,0.06812439
TTACTGTGTAAGCAAT-1,Insertion_Insertion,Insertion_MMEJ-Deletion,0.07109495,0.07040923,0.05887507,0.055459443,0.06768387,0.07226352,0.07091725,0.065534785,0.071050584,0.06277719,0.06917033,0.069608256,0.06922913,0.057802096,0.06812439
GTACAGTCATGGCCAC-1,Insertion_Insertion,Insertion_MMEJ-Deletion,0.07109495,0.07040923,0.05887507,0.055459443,0.06768387,0.07226352,0.07091725,0.065534785,0.071050584,0.06277719,0.06917033,0.069608256,0.06922913,0.057802096,0.06812439
AAGATAGAGTCCGCGT-4,MMEJ-Deletion_NHEJ-Deletion,Insertion_MMEJ-Deletion,0.07109495,0.07040923,0.05887507,0.055459443,0.06768387,0.07226352,0.07091725,0.065534785,0.071050584,0.06277719,0.06917033,0.069608256,0.06922913,0.057802096,0.06812439
TCCTCGACAGTGAGCA-1,HDR_HDR,Insertion_MMEJ-Deletion,0.07109495,0.07040923,0.05887507,0.055459443,0.06768387,0.07226352,0.07091725,0.065534785,0.071050584,0.06277719,0.06917033,0.069608256,0.06922913,0.057802096,0.06812439
TTCCTAATCCTTTAGT-4,Insertion_Insertion,Insertion_MMEJ-Deletion,0.07109495,0.07040923,0.05887507,0.055459443,0.06768387,0.07226352,0.07091725,0.065534785,0.071050584,0.06277719,0.06917033,0.069608256,0.06922913,0.057802096,0.06812439
TATATCCCAGCGTTTA-1,NHEJ-Deletion_NHEJ-Deletion,Insertion_MMEJ-Deletion,0.07109495,0.07040923,0.05887507,0.055459443,0.06768387,0.07226352,0.07091725,0.065534785,0.071050584,0.06277719,0.06917033,0.069608256,0.06922913,0.057802096,0.06812439
ACAAAGAAGCGACTAG-1,MMEJ-Deletion_WT,Insertion_MMEJ-Deletion,0.07109495,0.07040923,0.05887507,0.055459443,0.06768387,0.07226352,0.07091725,0.065534785,0.071050584,0.06277719,0.06917033,0.069608256,0.06922913,0.057802096,0.06812439
AGGGCCTAGAGTCCGA-4,Insertion_NHEJ-Deletion,Insertion_MMEJ-Deletion,0.07109495,0.07040923,0.05887507,0.055459443,0.06768387,0.07226352,0.07091725,0.065534785,0.071050584,0.06277719,0.06917033,0.069608256,0.06922913,0.057802096,0.06812439
ATTTACCTCTCTGACC-1,Insertion_NHEJ-Deletion,Insertion_MMEJ-Deletion,0.07109495,0.07040923,0.05887507,0.055459443,0.06768387,0.07226352,0.07091725,0.065534785,0.071050584,0.06277719,0.06917033,0.069608256,0.06922913,0.057802096,0.06812439
TCTATACAGCTTGTTG-1,Insertion_WT,Insertion_MMEJ-Deletion,0.07109495,0.07040923,0.05887507,0.055459443,0.06768387,0.07226352,0.07091725,0.065534785,0.071050584,0.06277719,0.06917033,0.069608256,0.06922913,0.057802096,0.06812439
CCTGCATTCCGTCACT-1,MMEJ-Deletion_NHEJ-Deletion,Insertion_MMEJ-Deletion,0.07109495,0.07040923,0.05887507,0.055459443,0.06768387,0.07226352,0.07091725,0.065534785,0.071050584,0.06277719,0.06917033,0.069608256,0.06922913,0.057802096,0.06812439
TGAGGGACAACAGATA-4,Insertion_WT,Insertion_MMEJ-Deletion,0.07109495,0.07040923,0.05887507,0.055459443,0.06768387,0.07226352,0.07091725,0.065534785,0.071050584,0.06277719,0.06917033,0.069608256,0.06922913,0.057802096,0.06812439
AGAGCCCTCTCGTCGT-1,Insertion_Insertion,Insertion_MMEJ-Deletion,0.07109495,0.07040923,0.05887507,0.055459443,0.06768387,0.07226352,0.07091725,0.065534785,0.071050584,0.06277719,0.06917033,0.069608256,0.06922913,0.057802096,0.06812439
ATTCTACCATTCCTAT-4,NHEJ-Deletion_WT,Insertion_MMEJ-Deletion,0.07109495,0.07040923,0.05887507,0.055459443,0.06768387,0.07226352,0.07091725,0.065534785,0.071050584,0.06277719,0.06917033,0.069608256,0.06922913,0.057802096,0.06812439
CACAACAGTTACCTTT-1,NHEJ-Deletion_SV,Insertion_MMEJ-Deletion,0.07109495,0.07040923,0.05887507,0.055459443,0.06768387,0.07226352,0.07091725,0.065534785,0.071050584,0.06277719,0.06917033,0.069608256,0.06922913,0.057802096,0.06812439
TCATGGAAGATCCCAT-1,NHEJ-Deletion_WT,Insertion_MMEJ-Deletion,0.07109495,0.07040923,0.05887507,0.055459443,0.06768387,0.07226352,0.07091725,0.065534785,0.071050584,0.06277719,0.06917033,0.069608256,0.06922913,0.057802096,0.06812439
TTACGTTCAAGTGATA-1,Insertion_Insertion,Insertion_MMEJ-Deletion,0.07109495,0.07040923,0.05887507,0.055459443,0.06768387,0.07226352,0.07091725,0.065534785,0.071050584,0.06277719,0.06917033,0.069608256,0.06922913,0.057802096,0.06812439
GATGCTAAGTTTAGGA-1,NHEJ-Deletion_NHEJ-Deletion,Insertion_MMEJ-Deletion,0.07109495,0.07040923,0.05887507,0.055459443,0.06768387,0.07226352,0.07091725,0.065534785,0.071050584,0.06277719,0.06917033,0.069608256,0.06922913,0.057802096,0.06812439
GACCCAGAGTACCGGA-1,NHEJ-Deletion_NHEJ-Deletion,Insertion_MMEJ-Deletion,0.07109495,0.07040923,0.05887507,0.055459443,0.06768387,0.07226352,0.07091725,0.065534785,0.071050584,0.06277719,0.06917033,0.069608256,0.06922913,0.057802096,0.06812439
GTTGCTCAGGAGAGGC-4,HDR_Insertion,Insertion_MMEJ-Deletion,0.07109495,0.07040923,0.05887507,0.055459443,0.06768387,0.07226352,0.07091725,0.065534785,0.071050584,0.06277719,0.06917033,0.069608256,0.06922913,0.057802096,0.06812439
AAAGGTAAGGGCTTCC-1,Insertion_Insertion,Insertion_MMEJ-Deletion,0.07109495,0.07040923,0.05887507,0.055459443,0.06768387,0.07226352,0.07091725,0.065534785,0.071050584,0.06277719,0.06917033,0.069608256,0.06922913,0.057802096,0.06812439
AAGAACAAGGCATCTT-1,NHEJ-Deletion_NHEJ-Deletion,Insertion_MMEJ-Deletion,0.07109495,0.07040923,0.05887507,0.055459443,0.06768387,0.07226352,0.07091725,0.065534785,0.071050584,0.06277719,0.06917033,0.069608256,0.06922913,0.057802096,0.06812439
TCACTATCACCGCTGA-4,NHEJ-Deletion_WT,Insertion_MMEJ-Deletion,0.07109495,0.07040923,0.05887507,0.055459443,0.06768387,0.07226352,0.07091725,0.065534785,0.071050584,0.06277719,0.06917033,0.069608256,0.06922913,0.057802096,0.06812439
GTATTTCAGCTGAAAT-1,HDR_HDR,Insertion_MMEJ-Deletion,0.07109495,0.07040923,0.05887507,0.055459443,0.06768387,0.07226352,0.07091725,0.065534785,0.071050584,0.06277719,0.06917033,0.069608256,0.06922913,0.057802096,0.06812439
TCGGGTGAGAATTCAG-1,MMEJ-Deletion_WT,Insertion_MMEJ-Deletion,0.07109495,0.07040923,0.05887507,0.055459443,0.06768387,0.07226352,0.07091725,0.065534785,0.071050584,0.06277719,0.06917033,0.069608256,0.06922913,0.057802096,0.06812439
GCGGATCAGGTAGCCA-1,HDR_WT,Insertion_MMEJ-Deletion,0.07109495,0.07040923,0.05887507,0.055459443,0.06768387,0.07226352,0.07091725,0.065534785,0.071050584,0.06277719,0.06917033,0.069608256,0.06922913,0.057802096,0.06812439
TCAGTCCTCGATACAC-1,Insertion_NHEJ-Deletion,Insertion_MMEJ-Deletion,0.07109495,0.07040923,0.05887507,0.055459443,0.06768387,0.07226352,0.07091725,0.065534785,0.071050584,0.06277719,0.06917033,0.069608256,0.06922913,0.057802096,0.06812439
CGTGCTTGTCCGGTCA-1,MMEJ-Deletion_WT,Insertion_MMEJ-Deletion,0.07109495,0.07040923,0.05887507,0.055459443,0.06768387,0.07226352,0.07091725,0.065534785,0.071050584,0.06277719,0.06917033,0.069608256,0.06922913,0.057802096,0.06812439
CTCCAACCAGCACCCA-1,Insertion_MMEJ-Deletion,Insertion_MMEJ-Deletion,0.07109495,0.07040923,0.05887507,0.055459443,0.06768387,0.07226352,0.07091725,0.065534785,0.071050584,0.06277719,0.06917033,0.069608256,0.06922913,0.057802096,0.06812439
CTCTCGACAGTGTGGA-1,NHEJ-Deletion_WT,Insertion_MMEJ-Deletion,0.07109495,0.07040923,0.05887507,0.055459443,0.06768387,0.07226352,0.07091725,0.065534785,0.071050584,0.06277719,0.06917033,0.069608256,0.06922913,0.057802096,0.06812439
AATGCCACACGTAACT-1,Insertion_NHEJ-Deletion,Insertion_MMEJ-Deletion,0.07109495,0.07040923,0.05887507,0.055459443,0.06768387,0.07226352,0.07091725,0.065534785,0.071050584,0.06277719,0.06917033,0.069608256,0.06922913,0.057802096,0.06812439
CTTCAATTCGCTACAA-4,HDR_NHEJ-Deletion,Insertion_MMEJ-Deletion,0.07109495,0.07040923,0.05887507,0.055459443,0.06768387,0.07226352,0.07091725,0.065534785,0.071050584,0.06277719,0.06917033,0.069608256,0.06922913,0.057802096,0.06812439
TGTAACGGTAATGCTC-4,MMEJ-Deletion_WT,Insertion_MMEJ-Deletion,0.07109495,0.07040923,0.05887507,0.055459443,0.06768387,0.07226352,0.07091725,0.065534785,0.071050584,0.06277719,0.06917033,0.069608256,0.06922913,0.057802096,0.06812439
GGTAATCGTAGAAACT-1,NHEJ-Deletion_WT,Insertion_MMEJ-Deletion,0.07109495,0.07040923,0.05887507,0.055459443,0.06768387,0.07226352,0.07091725,0.065534785,0.071050584,0.06277719,0.06917033,0.069608256,0.06922913,0.057802096,0.06812439
TCAGGGCCAAGCAGGT-4,NHEJ-Deletion_NHEJ-Deletion,Insertion_MMEJ-Deletion,0.07109495,0.07040923,0.05887507,0.055459443,0.06768387,0.07226352,0.07091725,0.065534785,0.071050584,0.06277719,0.06917033,0.069608256,0.06922913,0.057802096,0.06812439
AGGGAGTAGTCGGGAT-1,Insertion_WT,Insertion_MMEJ-Deletion,0.07109495,0.07040923,0.05887507,0.055459443,0.06768387,0.07226352,0.07091725,0.065534785,0.071050584,0.06277719,0.06917033,0.069608256,0.06922913,0.057802096,0.06812439
CCTATCGGTACCTTCC-4,Insertion_WT,Insertion_MMEJ-Deletion,0.07109495,0.07040923,0.05887507,0.055459443,0.06768387,0.07226352,0.07091725,0.065534785,0.071050584,0.06277719,0.06917033,0.069608256,0.06922913,0.057802096,0.06812439
ACAAAGACAACGTATC-1,NHEJ-Deletion_NHEJ-Deletion,Insertion_MMEJ-Deletion,0.07109495,0.07040923,0.05887507,0.055459443,0.06768387,0.07226352,0.07091725,0.065534785,0.071050584,0.06277719,0.06917033,0.069608256,0.06922913,0.057802096,0.06812439
TACTTCAGTGACTCGC-4,Insertion_WT,Insertion_MMEJ-Deletion,0.07109495,0.07040923,0.05887507,0.055459443,0.06768387,0.07226352,0.07091725,0.065534785,0.071050584,0.06277719,0.06917033,0.069608256,0.06922913,0.057802096,0.06812439
TTCGCTGGTGGTATGG-1,Insertion_Insertion,Insertion_MMEJ-Deletion,0.07109495,0.07040923,0.05887507,0.055459443,0.06768387,0.07226352,0.07091725,0.065534785,0.071050584,0.06277719,0.06917033,0.069608256,0.06922913,0.057802096,0.06812439
ATCGTGAAGCTGTCCG-1,Insertion_WT,Insertion_MMEJ-Deletion,0.07109495,0.07040923,0.05887507,0.055459443,0.06768387,0.07226352,0.07091725,0.065534785,0.071050584,0.06277719,0.06917033,0.069608256,0.06922913,0.057802096,0.06812439
GGGTCTGTCCGTTGAA-1,MMEJ-Deletion_NHEJ-Deletion,Insertion_MMEJ-Deletion,0.07109495,0.07040923,0.05887507,0.055459443,0.06768387,0.07226352,0.07091725,0.065534785,0.071050584,0.06277719,0.06917033,0.069608256,0.06922913,0.057802096,0.06812439
GAGCTGCAGTCCTGCG-1,HDR_HDR,Insertion_MMEJ-Deletion,0.07109495,0.07040923,0.05887507,0.055459443,0.06768387,0.07226352,0.07091725,0.065534785,0.071050584,0.06277719,0.06917033,0.069608256,0.06922913,0.057802096,0.06812439
AAGTCGTTCAGCCTCT-1,Insertion_MMEJ-Deletion,Insertion_MMEJ-Deletion,0.07109495,0.07040923,0.05887507,0.055459443,0.06768387,0.07226352,0.07091725,0.065534785,0.071050584,0.06277719,0.06917033,0.069608256,0.06922913,0.057802096,0.06812439
CTCTCAGTCAATGTCG-1,Insertion_NHEJ-Deletion,Insertion_MMEJ-Deletion,0.07109495,0.07040923,0.05887507,0.055459443,0.06768387,0.07226352,0.07091725,0.065534785,0.071050584,0.06277719,0.06917033,0.069608256,0.06922913,0.057802096,0.06812439
CATCGCTGTATCCCAA-1,HDR_HDR,Insertion_MMEJ-Deletion,0.07109495,0.07040923,0.05887507,0.055459443,0.06768387,0.07226352,0.07091725,0.065534785,0.071050584,0.06277719,0.06917033,0.069608256,0.06922913,0.057802096,0.06812439
CCCTCAAGTTCTTGTT-1,MMEJ-Deletion_MMEJ-Deletion,Insertion_MMEJ-Deletion,0.07109495,0.07040923,0.05887507,0.055459443,0.06768387,0.07226352,0.07091725,0.065534785,0.071050584,0.06277719,0.06917033,0.069608256,0.06922913,0.057802096,0.06812439
GTCCCATCACCGGAAA-1,Insertion_MMEJ-Deletion,Insertion_MMEJ-Deletion,0.07109495,0.07040923,0.05887507,0.055459443,0.06768387,0.07226352,0.07091725,0.065534785,0.071050584,0.06277719,0.06917033,0.069608256,0.06922913,0.057802096,0.06812439
CAGCAATGTGTGCCTG-1,HDR_Insertion,Insertion_MMEJ-Deletion,0.07109495,0.07040923,0.05887507,0.055459443,0.06768387,0.07226352,0.07091725,0.065534785,0.071050584,0.06277719,0.06917033,0.069608256,0.06922913,0.057802096,0.06812439
TCGATTTCACTCATAG-1,Insertion_NHEJ-Deletion,Insertion_MMEJ-Deletion,0.07109495,0.07040923,0.05887507,0.055459443,0.06768387,0.07226352,0.07091725,0.065534785,0.071050584,0.06277719,0.06917033,0.069608256,0.06922913,0.057802096,0.06812439
GTCCACTAGTGCGACA-4,Insertion_Insertion,Insertion_MMEJ-Deletion,0.07109495,0.07040923,0.05887507,0.055459443,0.06768387,0.07226352,0.07091725,0.065534785,0.071050584,0.06277719,0.06917033,0.069608256,0.06922913,0.057802096,0.06812439
ACTTCGCCAAAGCAAT-4,NHEJ-Deletion_WT,Insertion_MMEJ-Deletion,0.07109495,0.07040923,0.05887507,0.055459443,0.06768387,0.07226352,0.07091725,0.065534785,0.071050584,0.06277719,0.06917033,0.069608256,0.06922913,0.057802096,0.06812439
TGTGTGATCGGAGTAG-4,Insertion_MMEJ-Deletion,Insertion_MMEJ-Deletion,0.07109495,0.07040923,0.05887507,0.055459443,0.06768387,0.07226352,0.07091725,0.065534785,0.071050584,0.06277719,0.06917033,0.069608256,0.06922913,0.057802096,0.06812439
ATTCAGGAGAAGGGAT-1,NHEJ-Deletion_NHEJ-Deletion,Insertion_MMEJ-Deletion,0.07109495,0.07040923,0.05887507,0.055459443,0.06768387,0.07226352,0.07091725,0.065534785,0.071050584,0.06277719,0.06917033,0.069608256,0.06922913,0.057802096,0.06812439
TGAGTCAGTCGCAACC-4,Insertion_Insertion,Insertion_MMEJ-Deletion,0.07109495,0.07040923,0.05887507,0.055459443,0.06768387,0.07226352,0.07091725,0.065534785,0.071050584,0.06277719,0.06917033,0.069608256,0.06922913,0.057802096,0.06812439
TGAATCGCACTAACGT-4,Insertion_WT,Insertion_MMEJ-Deletion,0.07109495,0.07040923,0.05887507,0.055459443,0.06768387,0.07226352,0.07091725,0.065534785,0.071050584,0.06277719,0.06917033,0.069608256,0.06922913,0.057802096,0.06812439
TGCGATAAGAGTTGAT-1,Insertion_NHEJ-Deletion,Insertion_MMEJ-Deletion,0.07109495,0.07040923,0.05887507,0.055459443,0.06768387,0.07226352,0.07091725,0.065534785,0.071050584,0.06277719,0.06917033,0.069608256,0.06922913,0.057802096,0.06812439
TTGGTTTAGTGATTCC-1,Insertion_WT,Insertion_MMEJ-Deletion,0.07109495,0.07040923,0.05887507,0.055459443,0.06768387,0.07226352,0.07091725,0.065534785,0.071050584,0.06277719,0.06917033,0.069608256,0.06922913,0.057802096,0.06812439
GAACACTAGCGAATGC-1,Insertion_NHEJ-Deletion,Insertion_MMEJ-Deletion,0.07109495,0.07040923,0.05887507,0.055459443,0.06768387,0.07226352,0.07091725,0.065534785,0.071050584,0.06277719,0.06917033,0.069608256,0.06922913,0.057802096,0.06812439
GTGTAACTCAAGCGTT-1,Insertion_Insertion,Insertion_MMEJ-Deletion,0.07109495,0.07040923,0.05887507,0.055459443,0.06768387,0.07226352,0.07091725,0.065534785,0.071050584,0.06277719,0.06917033,0.069608256,0.06922913,0.057802096,0.06812439
GCGTGCATCCCTATTA-4,Insertion_Insertion,Insertion_MMEJ-Deletion,0.07109495,0.07040923,0.05887507,0.055459443,0.06768387,0.07226352,0.07091725,0.065534785,0.071050584,0.06277719,0.06917033,0.069608256,0.06922913,0.057802096,0.06812439
TGTTCATTCACGACTA-4,MMEJ-Deletion_MMEJ-Deletion,Insertion_MMEJ-Deletion,0.07109495,0.07040923,0.05887507,0.055459443,0.06768387,0.07226352,0.07091725,0.065534785,0.071050584,0.06277719,0.06917033,0.069608256,0.06922913,0.057802096,0.06812439
CCGGGTATCCGTGTAA-4,Insertion_NHEJ-Deletion,Insertion_MMEJ-Deletion,0.07109495,0.07040923,0.05887507,0.055459443,0.06768387,0.07226352,0.07091725,0.065534785,0.071050584,0.06277719,0.06917033,0.069608256,0.06922913,0.057802096,0.06812439
TACGGTAGTGCCCACA-1,HDR_HDR,Insertion_MMEJ-Deletion,0.07109495,0.07040923,0.05887507,0.055459443,0.06768387,0.07226352,0.07091725,0.065534785,0.071050584,0.06277719,0.06917033,0.069608256,0.06922913,0.057802096,0.06812439
CCTAAGAGTGTGAGCA-1,Insertion_NHEJ-Deletion,Insertion_MMEJ-Deletion,0.07109495,0.07040923,0.05887507,0.055459443,0.06768387,0.07226352,0.07091725,0.065534785,0.071050584,0.06277719,0.06917033,0.069608256,0.06922913,0.057802096,0.06812439
CATCGGGTCCGCGATG-4,NHEJ-Deletion_WT,Insertion_MMEJ-Deletion,0.07109495,0.07040923,0.05887507,0.055459443,0.06768387,0.07226352,0.07091725,0.065534785,0.071050584,0.06277719,0.06917033,0.069608256,0.06922913,0.057802096,0.06812439
AGATCGTAGTTGTCGT-1,Insertion_NHEJ-Deletion,Insertion_MMEJ-Deletion,0.07109495,0.07040923,0.05887507,0.055459443,0.06768387,0.07226352,0.07091725,0.065534785,0.071050584,0.06277719,0.06917033,0.069608256,0.06922913,0.057802096,0.06812439
CCCAACTCATCCGAGC-4,Insertion_WT,Insertion_MMEJ-Deletion,0.07109495,0.07040923,0.05887507,0.055459443,0.06768387,0.07226352,0.07091725,0.065534785,0.071050584,0.06277719,0.06917033,0.069608256,0.06922913,0.057802096,0.06812439
CGTAATGGTGAGTGAC-4,Insertion_WT,Insertion_MMEJ-Deletion,0.07109495,0.07040923,0.05887507,0.055459443,0.06768387,0.07226352,0.07091725,0.065534785,0.071050584,0.06277719,0.06917033,0.069608256,0.06922913,0.057802096,0.06812439
TGGGCGTGTGAGACCA-1,Insertion_NHEJ-Deletion,Insertion_MMEJ-Deletion,0.07109495,0.07040923,0.05887507,0.055459443,0.06768387,0.07226352,0.07091725,0.065534785,0.071050584,0.06277719,0.06917033,0.069608256,0.06922913,0.057802096,0.06812439
GGGACAAGTCCTGTTC-1,Insertion_NHEJ-Deletion,Insertion_MMEJ-Deletion,0.07109495,0.07040923,0.05887507,0.055459443,0.06768387,0.07226352,0.07091725,0.065534785,0.071050584,0.06277719,0.06917033,0.069608256,0.06922913,0.057802096,0.06812439
CCGCAAGGTTGCTAGT-1,HDR_HDR,Insertion_MMEJ-Deletion,0.07109495,0.07040923,0.05887507,0.055459443,0.06768387,0.07226352,0.07091725,0.065534785,0.071050584,0.06277719,0.06917033,0.069608256,0.06922913,0.057802096,0.06812439
GAGTTACTCACTCCGT-1,Insertion_NHEJ-Deletion,Insertion_MMEJ-Deletion,0.07109495,0.07040923,0.05887507,0.055459443,0.06768387,0.07226352,0.07091725,0.065534785,0.071050584,0.06277719,0.06917033,0.069608256,0.06922913,0.057802096,0.06812439
GTCACTCCATACCACA-4,Insertion_Insertion,Insertion_MMEJ-Deletion,0.07109495,0.07040923,0.05887507,0.055459443,0.06768387,0.07226352,0.07091725,0.065534785,0.071050584,0.06277719,0.06917033,0.069608256,0.06922913,0.057802096,0.06812439
TAGACTGTCAGAGCAG-1,MMEJ-Deletion_WT,Insertion_MMEJ-Deletion,0.07109495,0.07040923,0.05887507,0.055459443,0.06768387,0.07226352,0.07091725,0.065534785,0.071050584,0.06277719,0.06917033,0.069608256,0.06922913,0.057802096,0.06812439
CGTTAGATCTCAGAAC-1,Insertion_Insertion,Insertion_MMEJ-Deletion,0.07109495,0.07040923,0.05887507,0.055459443,0.06768387,0.07226352,0.07091725,0.065534785,0.071050584,0.06277719,0.06917033,0.069608256,0.06922913,0.057802096,0.06812439
CCCTTAGTCTAAGGAA-1,Insertion_NHEJ-Deletion,Insertion_MMEJ-Deletion,0.07109495,0.07040923,0.05887507,0.055459443,0.06768387,0.07226352,0.07091725,0.065534785,0.071050584,0.06277719,0.06917033,0.069608256,0.06922913,0.057802096,0.06812439
AGAAGTACATGATGCT-1,NHEJ-Deletion_WT,Insertion_MMEJ-Deletion,0.07109495,0.07040923,0.05887507,0.055459443,0.06768387,0.07226352,0.07091725,0.065534785,0.071050584,0.06277719,0.06917033,0.069608256,0.06922913,0.057802096,0.06812439
TCAGGTACAGCTGCCA-1,Insertion_NHEJ-Deletion,Insertion_MMEJ-Deletion,0.07109495,0.07040923,0.05887507,0.055459443,0.06768387,0.07226352,0.07091725,0.065534785,0.071050584,0.06277719,0.06917033,0.069608256,0.06922913,0.057802096,0.06812439
CACTTCGAGGTAGTCG-1,Insertion_Insertion,Insertion_MMEJ-Deletion,0.07109495,0.07040923,0.05887507,0.055459443,0.06768387,0.07226352,0.07091725,0.065534785,0.071050584,0.06277719,0.06917033,0.069608256,0.06922913,0.057802096,0.06812439
GCACTAAGTCGGTGTC-4,Insertion_MMEJ-Deletion,Insertion_MMEJ-Deletion,0.07109495,0.07040923,0.05887507,0.055459443,0.06768387,0.07226352,0.07091725,0.065534785,0.071050584,0.06277719,0.06917033,0.069608256,0.06922913,0.057802096,0.06812439
ATGAAAGTCAAGCTTG-1,HDR_Insertion,Insertion_MMEJ-Deletion,0.07109495,0.07040923,0.05887507,0.055459443,0.06768387,0.07226352,0.07091725,0.065534785,0.071050584,0.06277719,0.06917033,0.069608256,0.06922913,0.057802096,0.06812439
GACACGCTCTGGGCAC-1,Insertion_Insertion,Insertion_MMEJ-Deletion,0.07109495,0.07040923,0.05887507,0.055459443,0.06768387,0.07226352,0.07091725,0.065534785,0.071050584,0.06277719,0.06917033,0.069608256,0.06922913,0.057802096,0.06812439
TTTACCAGTTTACGTG-1,Insertion_Insertion,Insertion_MMEJ-Deletion,0.07109495,0.07040923,0.05887507,0.055459443,0.06768387,0.07226352,0.07091725,0.065534785,0.071050584,0.06277719,0.06917033,0.069608256,0.06922913,0.057802096,0.06812439
CCTTTGGTCATTGCCC-1,Insertion_NHEJ-Deletion,Insertion_MMEJ-Deletion,0.07109495,0.07040923,0.05887507,0.055459443,0.06768387,0.07226352,0.07091725,0.065534785,0.071050584,0.06277719,0.06917033,0.069608256,0.06922913,0.057802096,0.06812439
CACAGATAGTGTGTTC-1,Insertion_Insertion,Insertion_MMEJ-Deletion,0.07109495,0.07040923,0.05887507,0.055459443,0.06768387,0.07226352,0.07091725,0.065534785,0.071050584,0.06277719,0.06917033,0.069608256,0.06922913,0.057802096,0.06812439
GCAGGCTGTCTCACAA-1,HDR_HDR,Insertion_MMEJ-Deletion,0.07109495,0.07040923,0.05887507,0.055459443,0.06768387,0.07226352,0.07091725,0.065534785,0.071050584,0.06277719,0.06917033,0.069608256,0.06922913,0.057802096,0.06812439
GGGACAAGTGGTATGG-1,Insertion_NHEJ-Deletion,Insertion_MMEJ-Deletion,0.07109495,0.07040923,0.05887507,0.055459443,0.06768387,0.07226352,0.07091725,0.065534785,0.071050584,0.06277719,0.06917033,0.069608256,0.06922913,0.057802096,0.06812439
TATTTCGGTGCCTATA-1,Insertion_Insertion,Insertion_MMEJ-Deletion,0.07109495,0.07040923,0.05887507,0.055459443,0.06768387,0.07226352,0.07091725,0.065534785,0.071050584,0.06277719,0.06917033,0.069608256,0.06922913,0.057802096,0.06812439
AAACGAATCGCGAAGA-4,Insertion_NHEJ-Deletion,Insertion_MMEJ-Deletion,0.07109495,0.07040923,0.05887507,0.055459443,0.06768387,0.07226352,0.07091725,0.065534785,0.071050584,0.06277719,0.06917033,0.069608256,0.06922913,0.057802096,0.06812439
TACCCACCAGCTGCCA-1,Insertion_NHEJ-Deletion,Insertion_MMEJ-Deletion,0.07109495,0.07040923,0.05887507,0.055459443,0.06768387,0.07226352,0.07091725,0.065534785,0.071050584,0.06277719,0.06917033,0.069608256,0.06922913,0.057802096,0.06812439
CTACTATTCACTGCTC-1,HDR_HDR,Insertion_MMEJ-Deletion,0.07109495,0.07040923,0.05887507,0.055459443,0.06768387,0.07226352,0.07091725,0.065534785,0.071050584,0.06277719,0.06917033,0.069608256,0.06922913,0.057802096,0.06812439
CTCAGGGCAGTCGTTA-4,Insertion_WT,Insertion_MMEJ-Deletion,0.07109495,0.07040923,0.05887507,0.055459443,0.06768387,0.07226352,0.07091725,0.065534785,0.071050584,0.06277719,0.06917033,0.069608256,0.06922913,0.057802096,0.06812439
TGCCGAGAGTGCCTCG-1,Insertion_WT,Insertion_MMEJ-Deletion,0.07109495,0.07040923,0.05887507,0.055459443,0.06768387,0.07226352,0.07091725,0.065534785,0.071050584,0.06277719,0.06917033,0.069608256,0.06922913,0.057802096,0.06812439
CATCCGTAGGGCTGAT-1,Insertion_WT,Insertion_MMEJ-Deletion,0.07109495,0.07040923,0.05887507,0.055459443,0.06768387,0.07226352,0.07091725,0.065534785,0.071050584,0.06277719,0.06917033,0.069608256,0.06922913,0.057802096,0.06812439
AGGTAGGTCGTGCATA-1,NHEJ-Deletion_WT,Insertion_MMEJ-Deletion,0.07109495,0.07040923,0.05887507,0.055459443,0.06768387,0.07226352,0.07091725,0.065534785,0.071050584,0.06277719,0.06917033,0.069608256,0.06922913,0.057802096,0.06812439
GATGATCGTGCGTGCT-1,HDR_Insertion,Insertion_MMEJ-Deletion,0.07109495,0.07040923,0.05887507,0.055459443,0.06768387,0.07226352,0.07091725,0.065534785,0.071050584,0.06277719,0.06917033,0.069608256,0.06922913,0.057802096,0.06812439
GTGTTCCCAGTAGATA-1,Insertion_Insertion,Insertion_MMEJ-Deletion,0.07109495,0.07040923,0.05887507,0.055459443,0.06768387,0.07226352,0.07091725,0.065534785,0.071050584,0.06277719,0.06917033,0.069608256,0.06922913,0.057802096,0.06812439
CCGGTAGTCTGCTAGA-1,Insertion_WT,Insertion_MMEJ-Deletion,0.07109495,0.07040923,0.05887507,0.055459443,0.06768387,0.07226352,0.07091725,0.065534785,0.071050584,0.06277719,0.06917033,0.069608256,0.06922913,0.057802096,0.06812439
ATCCCTGGTATTGACC-1,NHEJ-Deletion_WT,Insertion_MMEJ-Deletion,0.07109495,0.07040923,0.05887507,0.055459443,0.06768387,0.07226352,0.07091725,0.065534785,0.071050584,0.06277719,0.06917033,0.069608256,0.06922913,0.057802096,0.06812439
AGACACTCAAATCAAG-1,Insertion_NHEJ-Deletion,Insertion_MMEJ-Deletion,0.07109495,0.07040923,0.05887507,0.055459443,0.06768387,0.07226352,0.07091725,0.065534785,0.071050584,0.06277719,0.06917033,0.069608256,0.06922913,0.057802096,0.06812439
TAGGTACTCTAACGCA-1,Insertion_NHEJ-Deletion,Insertion_MMEJ-Deletion,0.07109495,0.07040923,0.05887507,0.055459443,0.06768387,0.07226352,0.07091725,0.065534785,0.071050584,0.06277719,0.06917033,0.069608256,0.06922913,0.057802096,0.06812439
ATTACTCTCATATGGC-1,Insertion_MMEJ-Deletion,Insertion_MMEJ-Deletion,0.07109495,0.07040923,0.05887507,0.055459443,0.06768387,0.07226352,0.07091725,0.065534785,0.071050584,0.06277719,0.06917033,0.069608256,0.06922913,0.057802096,0.06812439
GAGCTGCCACAACGCC-1,NHEJ-Deletion_WT,Insertion_MMEJ-Deletion,0.07109495,0.07040923,0.05887507,0.055459443,0.06768387,0.07226352,0.07091725,0.065534785,0.071050584,0.06277719,0.06917033,0.069608256,0.06922913,0.057802096,0.06812439
GGGTAGAGTCAAACGG-4,Insertion_NHEJ-Deletion,Insertion_MMEJ-Deletion,0.07109495,0.07040923,0.05887507,0.055459443,0.06768387,0.07226352,0.07091725,0.065534785,0.071050584,0.06277719,0.06917033,0.069608256,0.06922913,0.057802096,0.06812439
GTTACGAGTTCCGCGA-4,Insertion_WT,Insertion_MMEJ-Deletion,0.07109495,0.07040923,0.05887507,0.055459443,0.06768387,0.07226352,0.07091725,0.065534785,0.071050584,0.06277719,0.06917033,0.069608256,0.06922913,0.057802096,0.06812439
TTTGATCCAACCGCCA-1,Insertion_NHEJ-Deletion,Insertion_MMEJ-Deletion,0.07109495,0.07040923,0.05887507,0.055459443,0.06768387,0.07226352,0.07091725,0.065534785,0.071050584,0.06277719,0.06917033,0.069608256,0.06922913,0.057802096,0.06812439
CCGAACGAGGGATCGT-4,Insertion_Insertion,Insertion_MMEJ-Deletion,0.07109495,0.07040923,0.05887507,0.055459443,0.06768387,0.07226352,0.07091725,0.065534785,0.071050584,0.06277719,0.06917033,0.069608256,0.06922913,0.057802096,0.06812439
TGGGATTGTTCGTTCC-1,NHEJ-Deletion_NHEJ-Deletion,Insertion_MMEJ-Deletion,0.07109495,0.07040923,0.05887507,0.055459443,0.06768387,0.07226352,0.07091725,0.065534785,0.071050584,0.06277719,0.06917033,0.069608256,0.06922913,0.057802096,0.06812439
GAAGGGTGTTTCCAAG-4,Insertion_WT,Insertion_MMEJ-Deletion,0.07109495,0.07040923,0.05887507,0.055459443,0.06768387,0.07226352,0.07091725,0.065534785,0.071050584,0.06277719,0.06917033,0.069608256,0.06922913,0.057802096,0.06812439
CCACACTAGCAAGGAA-1,Insertion_WT,Insertion_MMEJ-Deletion,0.07109495,0.07040923,0.05887507,0.055459443,0.06768387,0.07226352,0.07091725,0.065534785,0.071050584,0.06277719,0.06917033,0.069608256,0.06922913,0.057802096,0.06812439
TATACCTAGGTTCTTG-1,Insertion_MMEJ-Deletion,Insertion_MMEJ-Deletion,0.07109495,0.07040923,0.05887507,0.055459443,0.06768387,0.07226352,0.07091725,0.065534785,0.071050584,0.06277719,0.06917033,0.069608256,0.06922913,0.057802096,0.06812439
