feature,importance
AP005131.7,0.0016323433
ECPAS,0.0015956464
SPRYD3,0.00137383
HSD17B6,0.0013667702
ZCCHC24,0.001135676
RNF25,0.0011046503
GAB2,0.0010880408
AC104113.1,0.0010845857
AP003120.1,0.0010711756
AL132639.2,0.001064373
FLYWCH1,0.0010482366
DLG3,0.001036152
AC114271.1,0.0010226428
ADSSL1,0.0009918193
WASF3,0.0009029779
AL133477.2,0.00089411257
WDR91,0.00085875683
CPNE7,0.0008520893
GPR137,0.0008294139
SLX4IP,0.0008076976
ATXN1,0.0008057552
SLC12A2,0.00079080043
RAD9A,0.00078262185
POMT1,0.000761941
AC109446.3,0.000743709
FBXL15,0.00074079173
EFNB1,0.00073438906
ALAS1,0.00072416815
FAM168B,0.00071696757
SERINC2,0.00070775044
AC079922.2,0.0007061949
MEF2D,0.0007045965
KLHL12,0.000704535
AREL1,0.000703285
LINC02470,0.00070322474
TANC1,0.000686432
SAMHD1,0.0006767826
PROCA1,0.000676095
IPPK,0.0006751594
MIR503HG,0.0006685048
Z98885.3,0.0006598686
CLEC12A,0.00065641856
MARS2,0.0006553258
LDLRAD3,0.00065142394
URB1-AS1,0.0006480144
SLC35B3,0.00063927274
HIST1H4B,0.0006392399
ITPR3,0.0006356453
PIGB,0.0006219367
TTL,0.0006127373
GANC,0.00061199017
AC092683.1,0.0006107131
DMKN,0.0006063764
GP1BA,0.0006034443
FRS3,0.00060210656
FAM185A,0.00060199207
SPNS2,0.0006003355
ZHX3,0.0005973172
TMEM63B,0.00059614144
COL15A1,0.0005952588
PRKAR1B,0.0005952376
PEX11A,0.0005905423
XACT,0.0005858658
NAT1,0.0005854765
TLR4,0.00058420375
ZNF813,0.0005822709
HPCAL1,0.0005752539
TPK1,0.0005728502
AL080317.1,0.00057026726
AC099343.3,0.0005690173
SCML2,0.0005661523
NT5DC3,0.00056304183
FLNA,0.00055890717
ABHD15,0.000558377
ZNF189,0.0005538129
CDK17,0.00055272086
PIP4K2B,0.00054977415
VPS13B,0.0005490117
EPM2A,0.00054886495
OSBP2,0.00054824166
MTMR1,0.00054283044
FBXW7,0.0005405613
BCL6,0.000538072
AC083799.1,0.0005372129
MRM1,0.0005356932
TRMT44,0.0005335955
CRYZ,0.0005269039
AREG,0.0005268602
KIAA2013,0.00052670384
RNASE4,0.00052664994
NINJ1,0.0005219935
MAML1,0.00052084355
LINC02019,0.00051715056
NFKBIB,0.00051678176
UBL7,0.00051462604
MFSD9,0.00051152194
EPS8L2,0.0005082199
CD69,0.00050760224
EEPD1,0.0005067832
ZNF404,0.0005049621
ZNF264,0.0005027357
CDC27,0.0004997467
COMMD2,0.0004944496
MOB3C,0.0004935377
RSPH1,0.00049223047
PEAR1,0.0004919833
KCTD15,0.0004889167
HYOU1,0.0004888427
AP001062.1,0.00048834784
CCDC152,0.00048633383
NECAB3,0.00048505102
AL592435.1,0.0004836157
AC096861.2,0.0004816936
SLC25A25-AS1,0.00047715934
PPOX,0.00047313378
NAA60,0.00047295625
FAM227A,0.000470755
APOOL,0.0004701137
HGH1,0.00046595262
CMC4,0.00046588064
LRRC75B,0.0004633612
TPRN,0.0004605386
NAGPA,0.00046036404
ITPRIPL1,0.00046018264
ZBTB46,0.0004601572
XRCC1,0.00045917855
AL590652.1,0.00045885352
TMC3-AS1,0.00045626974
ACAP1,0.00045524776
RAMP2,0.00045462255
TMCO4,0.00045067177
INTS4,0.00044943474
FAM171A1,0.0004491879
SPX,0.00044700044
AC092828.1,0.00044131596
TAZ,0.0004411923
PPFIA3,0.0004405776
CLCN4,0.00043961062
ALKBH1,0.0004351098
ZNF830,0.00043388104
AP001462.1,0.0004323739
AC015912.3,0.000427712
ZMYND19,0.0004276331
DEPDC7,0.00042658937
MYPOP,0.00042648168
ZNF35,0.00042642903
NEIL2,0.00042493604
MYEF2,0.0004242067
GK5,0.00042396493
ZNF224,0.0004238342
CES3,0.0004236488
COQ8B,0.00042342764
AC244090.1,0.0004221749
C1orf54,0.0004216902
TMEM53,0.00042152216
RASSF5,0.00042107468
ZNF337,0.00042094893
UBE3B,0.00041996114
AEBP2,0.00041959033
PRAM1,0.00041955127
AC144521.1,0.00041908646
PKN3,0.00041896122
CTC1,0.00041441122
HIST1H2BF,0.00041433537
SMG5,0.00041425787
SLC25A46,0.00040848367
NOL12,0.00040475518
GPHN,0.00040252542
CACNA1C,0.00040237463
DLG5,0.00040151906
PEX16,0.0004013191
PXDN,0.00040006576
EDRF1,0.0003986441
HIST1H2BN,0.00039844407
ZNF319,0.00039750585
CALHM2,0.0003972128
ZKSCAN8,0.00039556468
CLSTN3,0.00039523735
NOG,0.00039428202
RASA1,0.00039422643
ARHGAP21,0.00039045277
CCDC102A,0.00039000044
GTPBP8,0.00038946842
PLCE1,0.00038891463
DST,0.0003878529
EEF1A1,0.00038778078
MECP2,0.00038719396
UCHL1,0.0003855463
KPNA1,0.0003841831
TRMT2A,0.00038304168
TBC1D24,0.00038165922
ZDHHC17,0.00038037903
RCHY1,0.0003790498
PMAIP1,0.00037859028
ZNF776,0.00037754074
GNPDA1,0.00037573304
PMM1,0.00037488685
ZNF346,0.0003737194
C4orf46,0.00037366134
LRIG2,0.00037287205
SLC16A3,0.00037270124
NRSN2,0.00037005224
ST7-AS1,0.00036943748
AC040970.1,0.00036903212
ZBTB14,0.0003679335
GALC,0.0003675506
WASHC5,0.00036675166
LRRIQ3,0.0003642446
SPRYD4,0.00036351837
CEL,0.00036246714
STAM-AS1,0.0003614169
AC073611.1,0.00036029398
HLTF,0.00036014212
AC006333.2,0.0003596129
HOMER3,0.00035660906
ITPK1,0.00035606185
ARHGEF39,0.00035453594
KANTR,0.00035435255
DECR2,0.00035403078
ZBTB2,0.0003535474
SLC50A1,0.00035337982
ATP5PO,0.0003532259
UPF1,0.0003530679
GIN1,0.00035179954
MRPL39,0.00035169077
ZNF74,0.00035147442
SLC25A39,0.00035012557
ENTPD5,0.0003500959
PRPF38A,0.0003496685
SQOR,0.00034904163
TM7SF2,0.00034759645
STK36,0.00034717107
INTS11,0.00034687566
POMZP3,0.0003462717
POLG2,0.00034474046
CCDC157,0.00034304394
VPS36,0.00034300302
CALCOCO2,0.00034263378
PRRG1,0.00034241466
CLCF1,0.0003419288
AC097468.3,0.00034137757
LRP5L,0.00033977153
IMP4,0.00033888206
ZNF414,0.00033878756
ALG8,0.00033808293
C3orf62,0.00033795353
ZC3HC1,0.00033783112
NMRAL1,0.00033762454
CD36,0.00033734058
MARS,0.00033715452
KDM8,0.00033666258
CLK4,0.0003349985
ZNF280D,0.00033479295
ANAPC13,0.00033468945
HELZ,0.00033431203
SNRNP35,0.00033413855
FAM126A,0.0003338007
KCMF1,0.00033251382
HGD,0.00033207797
AL451085.2,0.00033151882
B3GALNT1,0.00033065243
DOCK10,0.0003297141
PRUNE1,0.00032839028
SFXN3,0.00032764845
MAGEH1,0.00032763794
SAYSD1,0.0003265031
DGKD,0.000326491
ZCCHC14,0.00032621852
ZNF394,0.00032585757
KIAA1958,0.00032583
ANKRD16,0.00032565763
BICD2,0.00032535163
BEST3,0.00032404656
DPY19L1,0.00032389688
AC007325.4,0.00032356963
ETV4,0.000323495
ORAI3,0.0003234739
MROH6,0.00032258252
AC021016.3,0.00032182437
ZFYVE21,0.00032158347
ZNF292,0.00032036248
NPAS1,0.00032015948
ZNF519,0.0003198659
PRPS2,0.00031945543
STARD7,0.0003184384
HMGCL,0.0003178501
TOLLIP,0.00031716033
NQO1,0.0003170794
TBCE,0.00031694543
ELMOD3,0.00031673894
AL356481.1,0.00031643454
KIT,0.00031597225
FAM98C,0.00031562906
BORCS5,0.00031547857
TUBG2,0.00031476465
AP001347.1,0.00031417538
BAG6,0.00031367174
KLF10,0.00031356708
FOXM1,0.0003130584
TMEM147-AS1,0.00031238436
GAB1,0.00031226277
KLHDC8B,0.00031194955
HEXD-IT1,0.00031182182
EEFSEC,0.00030941985
OR6A2,0.00030919738
AC026725.1,0.0003087848
NPTN,0.00030861443
FAM189B,0.00030799783
EMC10,0.00030729547
DEGS1,0.00030721072
NAMPT,0.00030679378
L3MBTL4,0.00030620064
ZSCAN25,0.00030616915
BAZ2A,0.00030573
TRPC1,0.00030487718
LCOR,0.00030429463
KHDRBS3,0.00030418276
IDNK,0.00030292786
PDLIM1,0.0003028487
ARHGAP31,0.00030222646
SMAD5,0.00030210245
EFNA4,0.00030150864
FAM72B,0.00030132674
CCNA1,0.00030127782
MAST3,0.00030125486
AC021086.1,0.00030004923
ZNF322,0.00029933834
SRGAP2,0.00029907085
ROM1,0.00029845594
MED11,0.00029832058
USP12,0.0002978105
ZNF274,0.00029714892
PPP2R3A,0.00029647973
PPARGC1B,0.00029647246
DIRAS1,0.00029611003
TRIOBP,0.0002958105
CPA3,0.00029563482
SLC43A2,0.00029525414
UGGT1,0.00029459113
TSPAN7,0.00029442433
C19orf81,0.00029416542
CAMSAP1,0.00029409613
INO80,0.0002936001
RGL4,0.0002934661
F12,0.00029283314
CPEB4,0.0002927154
PPP1R14A,0.00029211017
IFT22,0.00029210382
LINC01094,0.00029110376
SYNJ1,0.00029054744
SNX13,0.00029012817
LINC01602,0.0002899834
BEND4,0.00028993844
LST1,0.00028941213
KTI12,0.0002890452
ADAMTSL4,0.00028895933
ZBTB7A,0.00028855313
ZNF544,0.0002882224
DNAJC3,0.00028786165
RASSF7,0.0002875603
BRCA2,0.0002875094
VPS18,0.0002872882
CERS4,0.0002872803
AP001160.2,0.000287132
DNAJC13,0.00028651638
PARP15,0.00028642066
SLC25A53,0.00028638126
FDFT1,0.00028622767
ARHGAP10,0.00028608524
AL445228.2,0.00028564958
ZNF561-AS1,0.0002855865
PRDX1,0.00028554906
ATP8B4,0.0002853987
ZCCHC9,0.00028500697
AC132192.2,0.0002848172
RCCD1,0.00028480086
GUF1,0.00028475473
AC006449.6,0.00028466113
MITD1,0.0002840725
Z99127.4,0.00028378266
MIIP,0.0002835317
NDST3,0.00028193364
D2HGDH,0.00028188335
CD93,0.00028161396
FAXDC2,0.0002815909
CD320,0.0002813451
AC011447.3,0.00028120185
HPGDS,0.00028103602
FPGT,0.00028100712
AC135178.6,0.00028052877
ZUP1,0.00028024142
LRFN4,0.00027990883
NKRF,0.0002799065
MYLK-AS1,0.0002798111
TPMT,0.00027930172
PSME4,0.00027837884
AC000065.2,0.00027777528
AP1B1,0.00027744757
XKR6,0.00027703476
WDR54,0.0002758532
GPX7,0.00027578062
PRCC,0.0002756911
NUDT10,0.0002753726
PRXL2A,0.00027533487
EVI5L,0.00027460925
GGPS1,0.00027460098
OCLN,0.00027448
SRRM2-AS1,0.00027445523
N4BP1,0.0002741554
ALG11,0.00027399347
BIN3,0.00027389888
NUP54,0.0002736921
TBC1D23,0.00027340144
FTO,0.00027311576
PAK1IP1,0.00027304472
PDXK,0.00027298497
CLIP4,0.00027250007
LTO1,0.00027233
G6PC3,0.00027144668
BNIP2,0.00027061498
MON1A,0.00027056487
BLMH,0.0002705276
LRRK1,0.00027042837
DVL1,0.00027027028
LINC02175,0.00027024094
FMR1,0.00026981617
MARK3,0.00026956337
TSTD2,0.0002689986
FAM219B,0.0002689937
DRG1,0.0002689894
SGTB,0.0002686431
ZFAND4,0.00026863196
SPATS2L,0.0002679232
CDCA5,0.0002675586
MCUB,0.00026748073
PTK2B,0.0002674757
MYL4,0.00026701682
UBL4A,0.0002669809
Z83843.1,0.00026669347
CTR9,0.00026601405
POT1,0.00026601285
ADIPOR2,0.00026592144
ERGIC3,0.0002655915
FBLN2,0.00026553468
LCMT2,0.00026545857
LCA5L,0.0002653032
CARD6,0.00026523022
EIF4G3,0.00026522894
CLASP2,0.00026452143
GTF3C2,0.00026431703
INO80C,0.00026369572
HOXA5,0.00026265037
CHMP1B,0.0002624975
ALDH7A1,0.00026183226
CUL4B,0.00026178797
RANBP17,0.00026173276
UTY,0.0002616703
HILPDA,0.00026147653
AL133453.1,0.00026127655
SEPTIN1,0.0002611812
SEC16A,0.00026083092
SMAP1,0.00026057407
ADNP,0.00026052704
NUFIP1,0.00026015952
ACER3,0.00025969124
S100A6,0.00025958844
MED21,0.00025948428
MLXIP,0.0002593466
AC040169.1,0.0002591522
PPIP5K1,0.0002590356
CPSF3,0.00025902127
DDX19B,0.0002589913
SLC7A6,0.00025895785
ESPL1,0.00025884225
ZNF800,0.00025882875
AC106791.1,0.0002586287
CIRBP,0.00025855732
CBFA2T2,0.0002584363
BOLA2B,0.0002578088
ZNF347,0.00025745787
HNRNPDL,0.00025723045
ANKRD11,0.00025712178
ANKH,0.00025699683
PIM3,0.00025696616
AC067852.2,0.00025682006
LINC00624,0.00025635405
ADIPOR1,0.0002554356
WBP1,0.00025541303
MILR1,0.00025515872
NDUFAF7,0.00025489065
DCAF10,0.00025444268
CDC42BPG,0.00025439358
STX4,0.00025436596
TBCK,0.00025421378
PRC1,0.00025401358
STK24,0.00025376372
ZNF529,0.00025370426
FBXO22,0.00025350926
ARHGEF12,0.00025281438
ZNF764,0.00025256982
BAG5,0.00025222587
ATP2C1,0.00025160855
CARD8,0.00025138442
EHBP1L1,0.00025100165
POLB,0.00025076407
ZNF227,0.00025047877
TMOD3,0.00025045092
PIK3C3,0.0002502378
ZNF443,0.00025018252
SLC37A4,0.00025003997
AL354733.3,0.0002499975
TBC1D8-AS1,0.00024937795
ZNF747,0.00024930018
AL450326.1,0.00024928557
METTL22,0.00024923394
PIAS1,0.0002491418
NMT2,0.0002487624
TMED9,0.0002486431
IER5L,0.00024822532
IGLL1,0.00024698663
ACVR1B,0.00024690366
STAT6,0.00024651652
AFMID,0.00024585146
PDIA4,0.0002456371
ANKRD35,0.00024455253
DOK3,0.00024388597
XYLT1,0.00024333964
DMAC1,0.0002431497
GFI1B,0.0002430923
C10orf95,0.0002429354
PPP2R5C,0.00024240375
APC,0.00024228105
AL450998.2,0.0002422395
STK38L,0.00024199871
CCDC84-DT,0.00024192063
FIG4,0.00024155543
BTK,0.00024141019
ACAD11,0.00024107419
CALHM6,0.000240833
CEP170,0.00024029796
LIN7B,0.00024005483
ZNF282,0.00023926103
IFI27L2,0.0002391368
IL17RA,0.00023890425
MPHOSPH9,0.00023864776
ZNF727,0.00023843102
SF3A1,0.00023841165
VEZF1,0.00023812178
CSKMT,0.00023795207
NFYB,0.00023787704
ADSL,0.00023743254
AC006116.8,0.00023713503
ZNF426,0.00023708306
HIST1H2BH,0.00023705607
FIGNL1,0.0002368085
FAM126B,0.00023667142
LSM11,0.00023661455
TCAF1,0.0002365288
HGF,0.00023652875
AC007878.1,0.00023645324
EMC2,0.00023633533
CCNE1,0.00023536515
OAF,0.00023445423
DHCR7,0.00023435958
MIA2,0.00023410673
SLC6A6,0.00023397463
HCK,0.00023385325
LAT,0.00023372742
CHST11,0.00023361364
ZNF726,0.00023346145
TM9SF4,0.00023333462
AC090510.1,0.00023332193
ZNF710,0.00023328899
TRMT10A,0.0002326388
TNFSF10,0.0002326207
DHFR,0.00023214614
TNFRSF1A,0.00023133712
SIK2,0.00023115723
APTR,0.00023104317
PLXNA3,0.00023086077
SMC6,0.00023073304
TRIM32,0.00023057187
RNF166,0.00023038522
ZNF490,0.00023029846
SPG7,0.00023015146
GIMAP5,0.00023012135
RNPEP,0.0002300378
ARL2,0.00022976122
NSFL1C,0.000229759
FLT3,0.0002297153
TRAFD1,0.00022956387
DEPDC1-AS1,0.00022931537
TOB1,0.00022931043
KCNC4,0.00022927058
ARF4,0.00022922369
TECR,0.0002290551
NIPSNAP1,0.00022845012
ZNF736,0.00022843588
PISD,0.00022830977
PTRH1,0.00022804408
KCTD18,0.00022795878
ARHGAP6,0.00022795112
UBE2Z,0.00022784657
NSDHL,0.00022773929
MIS18BP1,0.00022753395
CEP295,0.00022750632
MYCBP2,0.00022736788
CD38,0.00022735274
ALG13,0.0002273504
PHKG2,0.00022719664
ALG2,0.00022712638
PUS7L,0.00022687789
CABLES1,0.00022651775
ZWILCH,0.00022638359
FBXO21,0.00022592735
ACAT2,0.00022583315
NFIL3,0.00022555413
MIR3142HG,0.00022544843
UMAD1,0.00022523376
FASTKD2,0.0002250418
SMKR1,0.000225026
CDRT4,0.0002249042
SPECC1,0.00022461903
TRAPPC10,0.00022443982
RNF187,0.00022438473
MRPS6,0.00022408848
RFESD,0.0002240835
PPIL4,0.0002240751
ZNF773,0.00022396746
PAM,0.00022390719
SERPINB8,0.00022386933
SKA1,0.00022374724
THBS3,0.00022371688
MTX3,0.00022365115
CHRM3-AS2,0.00022315844
SEC61G,0.00022309362
WDR36,0.00022277255
PLEKHG2,0.00022259798
PHLPP1,0.00022243282
CLN8,0.00022235021
FGGY,0.00022232716
KIAA1211,0.0002222116
UBXN2A,0.00022220134
ALOX5AP,0.00022210009
SLC5A3,0.00022182078
FLOT1,0.00022156913
ZNF169,0.00022142362
MAGED2,0.00022069627
THBS1,0.00022042087
RAB12,0.00021987953
PDE6D,0.0002198666
COQ6,0.00021976688
HEBP1,0.00021953684
TCTA,0.00021929659
NMB,0.00021929001
PIM1,0.00021905379
PHYH,0.00021899167
MARK4,0.00021876808
PDSS2,0.00021860743
FEM1B,0.00021853829
CEP19,0.00021853062
MICOS10,0.00021839327
GORASP1,0.000218281
CNNM1,0.00021824494
TRAPPC6B,0.00021817411
ZNF326,0.0002180594
ZNF629,0.00021803472
ZNF600,0.00021751541
LOXL1,0.00021746667
REPIN1,0.00021735532
ABITRAM,0.00021727954
CIAPIN1,0.00021719925
DDX47,0.00021697032
LINC01122,0.00021695084
USP5,0.00021692232
HEXA,0.00021679944
EIF2B5,0.00021672096
DOCK7,0.00021649287
UBE2D2,0.00021648874
VPS28,0.00021647614
CEP350,0.00021639923
PYCARD,0.00021634114
MRPL43,0.00021609616
C15orf40,0.00021602938
CDC5L,0.00021546957
PSMC4,0.00021522633
PANX1,0.00021491127
LIMK1,0.00021456063
TWF2,0.0002145335
PDIA3,0.00021448932
CCDC130,0.00021448357
PHC2,0.00021426397
PLAUR,0.00021395151
RPP25L,0.00021381033
FBH1,0.00021368374
CCDC189,0.00021351756
SEC61B,0.00021330183
RBM18,0.00021329403
KAT8,0.00021320193
FAM133B,0.00021291358
TMEM91,0.00021269721
CCDC126,0.00021254127
SNHG20,0.00021241333
TMEM238,0.00021234632
DLST,0.00021227525
AC048341.2,0.000212129
HEMK1,0.0002120678
OSBP,0.00021193443
PAICS,0.00021188834
RELA,0.00021163159
EXD2,0.00021154784
PRMT9,0.00021132997
WAS,0.00021130798
CRLS1,0.00021072639
HK2,0.00021069877
RAB44,0.00021067701
CYBA,0.00021063212
IL17RC,0.00021046461
STAC,0.00021041479
KYNU,0.00021030904
TXNL4B,0.0002101443
ZNF45,0.00021006788
SERF2,0.00021003514
SPICE1,0.00020953619
SLC35E1,0.0002093002
SNAPC5,0.00020924905
GALNT6,0.00020908823
DPY19L3,0.00020897738
PHF11,0.0002089096
AL354740.1,0.00020888023
RBBP8,0.00020887255
DTD1,0.00020874955
NFKBIA,0.00020861057
C11orf96,0.00020843423
KLHDC9,0.00020793831
HERPUD2,0.00020768694
DHRS7B,0.00020763636
PAX8,0.00020763163
ZNF622,0.00020755017
BRD3OS,0.00020746625
SNCA,0.00020724113
TBXA2R,0.00020722055
COQ10B,0.00020704018
DIXDC1,0.0002068831
MSRB3,0.00020687291
PQBP1,0.0002068088
TSC22D3,0.00020678861
MKRN1,0.00020675306
MT-CO2,0.00020664606
ZNF70,0.00020662336
C8orf58,0.00020660536
BCKDK,0.0002062462
CCNJ,0.00020618337
CYB5RL,0.00020616256
TTC13,0.00020616135
STXBP1,0.0002060476
TIMM17A,0.00020571312
CKAP2L,0.00020562536
BBOF1,0.00020560341
TASOR,0.0002055321
OARD1,0.00020548474
SDHC,0.00020544091
RBM43,0.00020528703
UNC119,0.00020516796
NUTF2,0.00020516649
RIPK1,0.00020510235
CHAMP1,0.00020486602
CMIP,0.00020476342
AL049840.5,0.00020416998
AAMP,0.00020402054
CMTM8,0.00020401324
ATG14,0.00020395179
PLCB2,0.00020381679
CCNA2,0.00020350181
AL499604.1,0.00020347383
MFSD12,0.00020334173
DAPK1-IT1,0.00020332093
ZSCAN16-AS1,0.00020317627
ERN1,0.00020316264
LINC00662,0.00020301982
ARHGAP32,0.0002026067
PRG2,0.00020253025
TRAF3IP3,0.00020246588
LINC01578,0.00020231317
NAA30,0.00020227535
SLC27A4,0.00020210654
ADD1,0.0002017776
KIAA0930,0.00020174087
NARS2,0.00020173613
PRKCD,0.00020172005
KIF7,0.00020166044
BLOC1S1,0.00020145219
LDLR,0.00020142806
LYSMD3,0.00020136085
MRPL27,0.00020135895
SLC16A1-AS1,0.00020127853
AC010996.1,0.00020111143
TARBP2,0.00020099276
TRIM14,0.00020091014
CNOT11,0.0002007579
AL354822.1,0.00020074166
AC012063.1,0.00020072688
FADD,0.0002007266
FZR1,0.00020072462
C6orf47,0.00020042916
POLR2M,0.00020042279
EEA1,0.00020036825
AL121944.1,0.00020031232
MBNL1,0.00020000634
ABCF1,0.00019999848
ARID5B,0.00019956593
RPS6KA6,0.0001995108
INF2,0.00019947503
FES,0.00019926392
ETF1,0.00019923552
UPF3B,0.00019918355
DLD,0.00019918285
WDR43,0.00019915451
GCA,0.00019879846
FH,0.00019861557
ENKD1,0.00019858341
TXNL1,0.00019849534
NDUFC2,0.0001984927
MAP9,0.00019841011
SPPL2A,0.00019836547
FRAT1,0.00019829789
AHSA1,0.00019815362
UBFD1,0.00019813702
RPL18A,0.00019796815
PWWP2A,0.00019785752
MAD2L1,0.00019775682
LY75,0.00019768022
DGKA,0.00019765337
LINC02772,0.00019760994
MSL1,0.00019742931
TRADD,0.00019724802
TACC3,0.00019692739
NRIP3,0.0001966029
AC022211.2,0.00019653591
GINS3,0.00019645822
GPATCH4,0.000196344
TSBP1-AS1,0.00019629748
TMEM67,0.00019623335
RAD51-AS1,0.00019621482
LGALS1,0.00019614384
SGTA,0.00019605235
AC074117.1,0.00019592409
HSPA13,0.00019590625
LASP1,0.00019590136
HMGXB4,0.00019586069
ATAD2,0.00019585318
MAPK8IP3,0.00019581025
LSP1,0.00019580862
P3H1,0.00019572332
AC109347.1,0.00019571382
SYCE2,0.00019559516
CEBPG,0.00019552754
THAP6,0.00019529954
MTRR,0.00019523868
LNX1,0.00019518322
AC099522.2,0.00019504645
HENMT1,0.00019497905
BCL2,0.00019495022
CENPE,0.00019487733
CALR,0.00019449733
POLD4,0.00019442973
ALG10B,0.0001944259
CHCHD2,0.00019434073
BRF1,0.00019433044
E2F3,0.00019432783
EIF1,0.00019432296
COMMD4,0.00019425427
NCOA7,0.00019414884
TMEM156,0.0001941166
POLR2C,0.00019396411
EWSR1,0.0001939391
BTF3,0.00019386917
CAHM,0.00019381293
SPEN,0.00019379193
RTL8B,0.00019375178
ZNF225,0.00019369023
AL139274.2,0.00019361982
LANCL1,0.0001935204
CFAP70,0.00019321842
ZSWIM7,0.00019290438
C1RL,0.00019284472
MGST3,0.00019274445
HERPUD1,0.00019267363
PCYT1A,0.00019259915
RNF130,0.00019258015
HIF1AN,0.00019256496
Z93930.3,0.00019253773
RFNG,0.00019246154
PAK1,0.00019235488
MACROD1,0.00019232868
DNTTIP1,0.00019211046
PHF12,0.0001919774
SIAH2,0.00019189622
METTL1,0.00019186846
SPOPL,0.00019184903
SAMD10,0.00019182666
PIAS2,0.00019180946
FMNL1,0.00019155386
FLCN,0.00019150692
WSB1,0.00019147884
DUS4L,0.00019136917
GAR1,0.0001913639
ZFAND3,0.00019125034
SHFL,0.00019118917
RIC1,0.0001909587
MEAK7,0.00019072634
CST7,0.00019070116
ZNF410,0.0001906833
TRNT1,0.00019051674
UCK2,0.00019034682
NDUFS2,0.00019023467
XK,0.0001901029
NT5C2,0.0001899977
ZNF500,0.00018993889
ARL6IP4,0.00018986383
TMPO-AS1,0.00018979837
SOCS5,0.00018974987
XBP1,0.00018952078
ESRRA,0.000189503
AC087752.4,0.00018945357
TMEM70,0.0001894148
ELOC,0.00018937077
FCGR2A,0.0001893623
MAP4K2,0.0001893074
TBC1D15,0.00018927055
LINC00467,0.00018922077
DGAT1,0.00018910879
NUP58,0.0001889668
NKIRAS1,0.00018892328
RAB11FIP1,0.00018891593
ZFYVE16,0.00018885956
CARS,0.00018884502
SELENOP,0.0001887974
CITED2,0.0001887866
FAM49A,0.000188677
PIGBOS1,0.00018863159
OCIAD2,0.00018860899
VWA5A,0.00018859982
MMAA,0.00018835765
ARPC5,0.00018829222
C16orf74,0.00018825865
ECSIT,0.0001881483
SEC61A2,0.00018799346
NMI,0.00018795008
AC092329.4,0.00018794992
CSF3R,0.00018792802
CBX1,0.00018774615
LRP2BP,0.00018768961
ARNTL,0.00018763557
KIF9,0.00018760403
EPOR,0.0001874994
CCNG1,0.00018743733
USF1,0.00018734785
MTREX,0.00018721688
UBR2,0.00018720845
AL356275.1,0.00018705461
DDX1,0.00018702027
KIAA1191,0.00018700206
ASB1,0.00018690851
NUDT21,0.00018685208
EBLN3P,0.00018644477
TTC37,0.00018622825
ANKLE1,0.00018598749
LINC02232,0.00018598678
CLPTM1L,0.00018597157
CHP1,0.00018585238
MORF4L2,0.00018557886
SP100,0.00018541941
KNSTRN,0.00018534868
AC104083.1,0.00018526279
SMIM1,0.00018516037
COX18,0.00018510505
SH3D21,0.00018496161
DNASE1,0.00018487986
NFIA,0.00018464954
ACP6,0.00018453586
FAM149B1,0.00018431632
KRIT1,0.00018428254
FKBPL,0.00018414954
GIGYF2,0.00018403337
BATF,0.00018399938
IFNGR2,0.0001839758
NCOR2,0.00018395923
TMEM87B,0.00018394343
ARL1,0.00018393648
TTC12,0.0001839152
SPSB2,0.00018379012
CLN6,0.00018370396
PSMA3-AS1,0.00018367825
CD300C,0.00018360207
PIK3C2A,0.00018349546
CDCP1,0.00018349414
MBD3,0.0001834278
SIRT5,0.00018337069
FAM114A1,0.00018324223
CLHC1,0.00018303916
CASP2,0.00018303048
AC009005.1,0.00018302431
KLHL22,0.00018285049
SKAP1,0.00018281216
ETFB,0.00018270947
POR,0.00018268812
GPX4,0.00018241213
ZNF8,0.00018234135
NDC80,0.00018217727
RASA2,0.00018200278
NREP,0.00018199618
EIF5A,0.00018193308
HEXIM2,0.00018192781
ENY2,0.00018191835
PEPD,0.00018183864
NME1,0.00018182097
AC008736.1,0.0001818043
ZNF765,0.00018164441
METTL21A,0.00018163623
TBC1D13,0.00018144125
SEPTIN9,0.000181407
RAB39B,0.00018140033
CTSD,0.0001813761
ADAL,0.00018136002
ZADH2,0.00018130435
ZC3H12C,0.0001812938
ZDHHC13,0.00018128645
C15orf39,0.0001810464
SLC4A7,0.00018089876
CNOT8,0.00018076149
GLE1,0.00018075024
MDM1,0.00018071811
DBP,0.00018065846
CXorf38,0.00018064902
HS2ST1,0.00018055746
UBA1,0.00018050251
LSM2,0.00018044998
ADD3,0.00018030265
GAPDH,0.0001801397
OBSL1,0.0001801261
C16orf70,0.00018007528
TNFAIP8,0.00018003995
MFSD5,0.00017982133
VAC14,0.00017961707
MVB12A,0.00017947471
MAP3K2-DT,0.00017936436
PODXL2,0.00017911967
TBC1D14,0.00017909645
RHOH,0.00017902577
ANKS6,0.00017901641
CDKL5,0.00017901062
PEX14,0.00017891875
TMX4,0.00017877942
COPS7B,0.00017870555
ELN,0.00017816333
AC008969.1,0.00017814868
KCNAB2,0.00017811211
SRFBP1,0.00017804021
GPSM2,0.00017803226
ZSWIM8,0.00017795105
KRBA2,0.0001779412
BIVM,0.0001778376
RAB43,0.00017783222
GNG7,0.00017771595
S1PR4,0.00017763459
DHRS13,0.00017758027
ABCB8,0.0001775717
QRSL1,0.00017751986
LPP,0.00017740985
REEP3,0.00017734135
COMT,0.00017728157
LIG3,0.00017728098
PLAGL2,0.00017714052
EMC8,0.00017702677
C19orf48,0.00017693295
PSMB5,0.00017683303
AL109628.2,0.0001768308
GON4L,0.00017670296
TLR2,0.0001766993
CPNE2,0.00017669836
CENPU,0.00017646741
ZNF654,0.0001764635
LYL1,0.00017625384
LARS,0.0001762507
FSD1L,0.00017615812
MORF4L2-AS1,0.00017611319
FAM193A,0.00017598567
PRDM15,0.00017583709
GOSR1,0.00017579971
PNPLA2,0.00017577042
GOLGA2,0.00017528569
CRTC2,0.00017506514
TSPAN33,0.00017502437
PRPF38B,0.00017499262
ZFP57,0.00017497528
RAD18,0.000174957
GABPB1-AS1,0.00017487723
NFU1,0.00017479686
CMTM5,0.00017479007
TMEM126B,0.00017467479
JAML,0.00017462503
AC008771.1,0.00017452503
CYP1B1,0.0001744388
G3BP2,0.00017442851
MGMT,0.0001742597
CANT1,0.00017425542
TBC1D19,0.00017423686
NSMCE2,0.0001740315
RSAD2,0.00017396863
STK32C,0.00017391973
MOB1A,0.00017375576
SCAMP1-AS1,0.00017369888
COA4,0.00017367456
SIRT2,0.00017365151
PHLDB2,0.00017364902
TXNIP,0.00017350224
ASAH1,0.00017345946
ZNF275,0.00017338361
WDR75,0.00017330791
LBR,0.00017328416
BX537318.1,0.00017327319
C9orf16,0.00017326888
SELENON,0.00017323092
SNRNP48,0.0001731066
CD47,0.00017309657
IKBKE,0.00017287841
CHMP5,0.00017284068
PFKP,0.00017281818
FAM78A,0.00017276079
SNX1,0.00017259715
WBP2,0.00017259466
ZNF33B,0.00017256831
ZBTB17,0.00017248199
LIPT2,0.00017243453
EEF1E1,0.00017239366
CBX3,0.00017227588
PPAN,0.00017225894
LOXL1-AS1,0.00017206953
CIZ1,0.00017191768
ZNFX1,0.0001719017
GPRIN3,0.00017180618
CD46,0.00017176602
ACOT2,0.00017161685
BOD1L1,0.00017158246
GTF2E1,0.00017152325
CACYBP,0.00017149457
HPS4,0.0001713004
STPG1,0.00017119174
COX20,0.00017108925
ETS2,0.00017106564
SIRPB1,0.00017106456
AC004812.2,0.00017098774
SRR,0.00017097965
CHML,0.00017092314
PPP1R10,0.00017078301
GGNBP2,0.00017075014
DMC1,0.00017070492
AVP,0.0001706037
SERPINH1,0.00017058305
EIF3J,0.00017055469
ATL3,0.00017054842
RAB29,0.00017053085
PGD,0.0001704834
RAB2B,0.00017032247
C16orf91,0.00017031263
CLCC1,0.00017021471
CLCN1,0.00017014245
PCCA-DT,0.0001701148
UQCR10,0.00016999894
KLHL7,0.00016995179
TNS1,0.00016993092
AL359232.1,0.00016992145
TLE5,0.00016987712
EMC7,0.00016979293
TMEM30A,0.00016972475
ALKBH6,0.00016970847
TNFSF13,0.00016955027
MPND,0.00016934879
ANAPC16,0.0001691773
JMJD6,0.00016917266
TMED3,0.00016911868
H2AFZ,0.0001690959
TNRC6C,0.00016897434
NAP1L4,0.00016889689
UCHL3,0.00016864063
PPID,0.0001686115
SH2B1,0.00016860453
MT-CO3,0.000168588
SUMO3,0.00016850901
ZNF551,0.0001684672
LONRF1,0.00016840997
AIF1L,0.00016832903
TSSC4,0.00016830461
RPL23A,0.00016829898
TRMT10B,0.00016817525
THAP3,0.00016812082
CCDC57,0.00016792961
INTS6,0.00016786605
ATG4A,0.00016777814
BCAP29,0.00016777527
DHX34,0.00016777011
RPS19,0.00016775813
DIDO1,0.00016771117
RBM6,0.00016765897
UBE2D3,0.00016762073
TMA16,0.00016751996
MID1IP1,0.00016745237
GMDS-DT,0.00016745116
ATP5MPL,0.00016738541
IRAK1,0.00016729425
SNRPD2,0.00016729248
LINC02767,0.00016728436
UBE2L6,0.00016725739
RNF5,0.00016714317
KLHL23,0.00016709493
AC010326.3,0.00016707854
GCLC,0.00016687295
SCYL2,0.00016682284
SLC39A9,0.0001668195
PNPLA8,0.00016681704
HEATR5A,0.00016658266
PSMB10,0.00016655176
HNRNPH3,0.00016653203
FANCC,0.00016645118
HMMR,0.00016643982
DNAJA1,0.00016628158
COX10-AS1,0.00016627401
CYTL1,0.00016620742
STK3,0.00016620339
CATSPER1,0.00016608283
CDIPT,0.0001660061
ACTR6,0.00016599552
FAIM,0.00016588248
ERGIC2,0.00016587476
PRRT3,0.00016583673
PPP6R1,0.00016578026
MAU2,0.00016573597
TOP1MT,0.00016564818
CAPG,0.00016562936
ABCB7,0.00016560403
SLC45A3,0.00016552144
AC015982.2,0.00016542154
TPP2,0.00016522387
DAZAP1,0.00016516408
ERH,0.00016515022
TRIM16,0.00016514766
ZNF613,0.00016508806
CD63,0.00016502259
BEX1,0.00016498483
C5orf15,0.00016490117
DPM3,0.00016480063
ALDH18A1,0.00016476937
CDCA7,0.00016474923
TMEM33,0.00016463337
NUP42,0.00016462358
ADCY9,0.00016457947
ALDOA,0.0001645367
ACOT11,0.00016444954
TMEM106B,0.00016438426
IFT57,0.0001643139
LRRC37B,0.00016423005
THAP12,0.00016414889
BICC1,0.00016414539
UBE3C,0.00016402101
TBC1D31,0.00016392954
CHRFAM7A,0.00016378038
CD81,0.00016377715
PLIN2,0.00016371603
SLTM,0.00016369224
MLLT3,0.0001636224
PSTPIP1,0.00016349717
TMSB15A,0.00016345752
SF3B3,0.00016329947
CCDC12,0.00016327384
SDK2,0.00016325695
XPO7,0.00016325209
CCDC122,0.00016318067
NDUFB1,0.00016297995
AASDH,0.0001629252
IFT27,0.00016273947
SLC38A7,0.00016269353
NDUFS4,0.00016246745
HAUS1,0.00016244852
RUVBL2,0.00016239051
MAPKAPK3,0.00016230722
RAB5B,0.00016224042
EVI2B,0.00016208194
TAF11,0.00016197065
CALM1,0.0001619566
MAP1LC3B2,0.00016168575
PADI4,0.00016159302
LEO1,0.00016157457
CLPB,0.00016153106
VPS35L,0.00016149577
B4GAT1,0.00016138148
ZFAND5,0.00016136239
BID,0.00016134122
BNIP3L,0.00016132212
ZNF91,0.00016112102
CEP135,0.00016109277
ZNRD1,0.00016100559
YWHAB,0.00016100338
UBQLN4,0.00016099826
DKC1,0.00016096051
IMMP1L,0.00016089923
AC011933.2,0.00016087781
TTC7B,0.00016084335
SPN,0.00016059067
GDF15,0.00016048148
TCF7L2,0.00016039918
MRPL23,0.00016036346
GOLGA8R,0.00016027244
CHRAC1,0.0001601955
THAP11,0.00016015054
MOK,0.00016008558
CD84,0.0001600834
B4GALT4,0.00016001878
CNOT1,0.00015998456
ANP32A,0.00015994326
PEBP1,0.00015993956
KCTD1,0.00015993523
TUBA1B,0.00015992064
N4BP2,0.00015988061
ZC3H7A,0.00015982776
NR2F6,0.00015971703
IFFO2,0.00015956777
AL691432.2,0.00015953096
POLG,0.00015948903
MGAT2,0.00015946364
SPTSSA,0.00015944213
TIMM23,0.00015943182
AC004540.1,0.00015935654
UBAP2L,0.00015934918
DBF4B,0.00015927652
NCOR1,0.00015920859
ERLIN2,0.00015907722
CCDC85B,0.00015900648
SLC27A5,0.00015892781
AC108488.1,0.00015872295
C4orf48,0.00015871276
C7orf25,0.00015869101
ATP6V0E1,0.00015862631
FABP5,0.00015860007
DAPL1,0.00015856494
TTC14,0.0001585387
TFPI,0.00015853308
TARBP1,0.00015845076
LIAS,0.00015839323
PPP1R15B,0.00015837839
HNRNPH2,0.00015820019
ITPKB,0.00015799295
DENND11,0.00015791296
ILKAP,0.00015783752
HLA-DPB1,0.00015778025
TATDN3,0.00015774305
WBP11,0.00015760986
MANF,0.00015753946
FAM200B,0.00015752592
TCAIM,0.00015745904
GUCY1B1,0.00015743345
SNX17,0.00015743241
SRSF11,0.00015739372
PELO,0.00015695141
MRPS30,0.00015666247
ESCO2,0.00015663881
RNF139,0.00015663364
WDHD1,0.00015657097
SPIN3,0.00015650765
STAT4,0.00015642379
SLC25A28,0.0001564215
B3GNT8,0.00015634757
ZBTB3,0.00015633386
RPL4,0.00015632868
KCNQ1OT1,0.00015632856
USP4,0.00015631838
CELF1,0.00015626731
DNAJB7,0.00015621944
KDM3A,0.00015621791
RAB3D,0.00015615241
SDHAF1,0.00015607802
HEBP2,0.00015598618
HNRNPA2B1,0.00015592693
MAPRE2,0.00015588841
COTL1,0.00015580324
CLTA,0.00015571968
SLC20A2,0.00015564085
DHTKD1,0.00015551934
CSNK1D,0.00015548142
IL4R,0.00015547806
AC004148.1,0.0001554499
PEX10,0.00015543394
SERTAD1,0.00015539084
STAG2,0.00015531435
PALM,0.00015530543
GNAQ,0.0001553043
PMM2,0.00015524171
IL27RA,0.00015498039
WRN,0.00015498036
VOPP1,0.0001549609
TMEM167B,0.00015491358
POLR2E,0.0001548925
AC092171.3,0.00015481446
TWSG1,0.00015479876
NMNAT3,0.00015478938
SIGLEC6,0.00015477517
MRPL33,0.00015469138
CDV3,0.00015468849
TBL3,0.00015464007
CAPZA2,0.00015462034
LTC4S,0.00015461509
DDX46,0.00015449098
TRA2A,0.000154349
MDFIC,0.00015431902
PPP1R21,0.00015426018
GSTM3,0.00015425964
RIDA,0.0001541948
RPS28,0.00015415705
CST3,0.00015399538
CAPRIN1,0.00015393885
CAPN10,0.0001537977
CBX5,0.00015376811
ARRDC3,0.00015375883
GDPD1,0.00015374267
CD96,0.00015372084
DDO,0.00015368116
SSSCA1-AS1,0.00015362319
COPE,0.00015350789
AC124283.1,0.00015349014
MTHFD2,0.00015336668
TRIB3,0.00015329152
ARFGEF1,0.00015320737
GPAT3,0.00015316572
ATAD3B,0.00015314692
NMNAT1,0.00015309508
SMARCA2,0.00015295307
IFNAR2,0.00015292512
MGA,0.00015292194
HAUS4,0.00015291499
LMO4,0.00015288718
VDAC3,0.00015286611
FBXO38,0.00015283101
AL034397.3,0.00015281861
IARS2,0.00015279287
SOCS4,0.00015274179
NPW,0.00015267041
SEMA4A,0.0001526248
KRI1,0.0001525649
CYB5A,0.0001525375
CCDC3,0.00015251161
PAIP2,0.00015244879
NDUFB8,0.00015242679
SMAD4,0.00015240925
RAB3GAP1,0.0001523621
RASSF2,0.00015228569
RAB11A,0.0001522385
TM4SF1,0.00015222939
SOX4,0.00015221768
CCNT2,0.0001521569
TRAPPC12,0.00015214967
AC025159.1,0.00015211433
ARHGAP19,0.00015205181
IDH2,0.00015191556
PLEKHB2,0.00015178604
AC024060.2,0.00015177223
NOL8,0.00015173592
SNHG30,0.00015173136
MBD4,0.0001517243
AC068481.1,0.00015170287
CA8,0.00015159714
GATM,0.0001515644
FGD4,0.00015141032
FHL3,0.00015136006
JUP,0.00015127801
SPAG7,0.00015119875
ADCK1,0.00015119248
MYO5C,0.00015105114
DDX6,0.000150749
ZNF805,0.00015074795
RER1,0.00015049776
LSM4,0.00015048047
C1D,0.00015041888
CCPG1,0.00015037667
VEGFB,0.00015030403
ANAPC11,0.00015028931
AC005523.2,0.00015027828
YJU2,0.00015021044
MT-ND4,0.00015017144
HSF2,0.0001501107
CPSF2,0.00015004742
ZNF428,0.00014988618
TANK,0.00014980564
AP3M2,0.00014980207
VWCE,0.00014978476
VIPAS39,0.00014974605
RPL13,0.00014969968
GNB5,0.00014963192
KIF23,0.00014959976
RAD51C,0.0001493963
MSRB1,0.00014917753
DYNLT1,0.00014914412
TMEM128,0.0001491187
KDELR2,0.0001490951
GTF2B,0.0001490726
RIMKLB,0.00014901128
SIDT2,0.00014897283
TK2,0.00014880596
RNF135,0.00014878459
SUGT1,0.00014858885
NDUFA4,0.00014855427
PPM1D,0.00014855311
NOP16,0.00014850759
PTBP1,0.00014850593
SLC19A1,0.00014848581
BAK1,0.00014846757
PRR11,0.00014834465
CWC25,0.00014831724
HDGF,0.00014831012
TXNRD1,0.00014830813
E2F8,0.0001482673
PPP1R12A,0.00014822606
CDK11B,0.00014822315
ING3,0.00014821746
NAA10,0.00014820858
SESN3,0.00014811396
IER3IP1,0.00014803091
ATP5PD,0.00014791213
BCLAF1,0.00014776358
KTN1,0.00014773806
DNAJC17,0.00014772534
CIC,0.00014770938
PSENEN,0.00014761635
ZNF585B,0.00014754798
ABCA5,0.00014744297
PPP4R3A,0.00014743752
RWDD1,0.00014741077
NIPSNAP3A,0.00014739408
MRPL38,0.00014733452
AJ009632.2,0.00014726094
USP51,0.00014725776
CEBPA,0.00014724299
FLYWCH2,0.00014715747
HNRNPA1P48,0.00014715675
GNPTAB,0.00014714265
WAPL,0.00014713088
DNAJC21,0.00014711948
ZNF22,0.00014708939
MBD1,0.00014708721
TASP1,0.0001470385
CEBPA-DT,0.00014703842
CBLL1,0.00014702168
CFAP36,0.00014684368
C10orf143,0.0001468424
PHRF1,0.00014683939
B3GNT5,0.00014679265
SLC39A7,0.00014673712
TTLL1,0.00014671714
NRDC,0.00014670877
MBTPS1,0.00014667866
STAT1,0.00014663654
NFAT5,0.00014656896
B4GALT7,0.00014651632
ERCC6L2,0.00014649765
COMMD5,0.00014644829
AGPAT3,0.00014643125
CWF19L2,0.0001464302
ARMCX1,0.00014641085
TTLL12,0.00014641017
MKNK1,0.00014634551
PSMD8,0.00014617438
RANBP10,0.00014614554
PSRC1,0.00014605466
FKBP4,0.0001460275
COASY,0.0001459294
NDUFA8,0.0001458918
SSRP1,0.00014586345
RMND5A,0.00014582751
ZNF330,0.00014580689
IFNAR1,0.0001457923
XXYLT1,0.00014570342
COG2,0.00014564891
AC011773.4,0.00014556113
ODF2,0.00014549821
RTRAF,0.00014542777
RPL22L1,0.00014533356
JPT1,0.00014530233
FAM104A,0.00014521606
ZNF267,0.00014518206
FAM106A,0.00014517216
PAFAH1B3,0.00014516915
MRPL40,0.00014514528
MTX2,0.00014513254
SNX4,0.00014503257
NPLOC4,0.00014500286
ARF6,0.00014500142
PPRC1,0.00014499911
DELE1,0.00014492276
WIPI2,0.00014489633
TFB1M,0.00014487271
PAXX,0.0001448719
RANGRF,0.00014484364
ZDHHC21,0.00014474457
OGG1,0.00014472363
MBLAC2,0.00014471912
C9orf139,0.00014468604
AC005052.2,0.00014468221
NPM1,0.0001446795
MARCH1,0.00014467197
ARHGEF19,0.00014463853
DDB2,0.00014455056
AC145207.5,0.00014454623
ARRB1,0.0001444038
ZNF217,0.00014438997
GNA11,0.00014435705
IPO7,0.00014435044
UNC45A,0.00014430658
API5,0.00014425542
RWDD2B,0.00014422397
BSPRY,0.00014410733
SLC30A9,0.00014405418
HNRNPAB,0.00014399721
ZFAS1,0.00014398372
ANXA11,0.00014398209
NDUFA13,0.00014394545
EXOC6B,0.00014389989
DNAJA3,0.00014387775
PRIM2,0.00014382238
SOS1-IT1,0.00014374561
UVRAG,0.00014372986
P2RY1,0.00014371503
TLK1,0.00014356824
MAT2A,0.0001435326
RAN,0.00014351046
EIF5A2,0.00014343057
EXTL3,0.00014338751
BRD4,0.00014336227
MTMR2,0.00014334015
SLU7,0.00014325137
AGPS,0.0001432345
TXNDC5,0.00014319552
TPI1,0.00014318195
MANEA,0.00014316416
HEATR3,0.0001430119
LINC00963,0.00014298067
AGA,0.00014297974
AL049840.2,0.00014294038
PARP11,0.00014293451
PHF23,0.00014291499
PCBD1,0.0001428913
MIF,0.00014273654
EHMT2,0.00014272753
HIPK1,0.0001425995
ZNF41,0.0001425611
MYO1G,0.00014252649
ZNF436-AS1,0.00014244001
VASH2,0.00014242463
SLC4A1AP,0.0001423649
MAPK8,0.00014217844
TOMM40,0.00014215527
RPA3,0.00014203235
HDHD5,0.00014198416
PRRC2B,0.00014196195
MEGF6,0.00014191665
C1orf131,0.00014184916
HINT1,0.00014184728
WDR25,0.00014180089
ANKRD28,0.000141784
CHMP2B,0.00014175558
RNF181,0.00014174811
TRAP1,0.00014171841
ZNF768,0.00014151636
LUC7L,0.00014142107
INKA1,0.00014141339
YEATS4,0.00014139245
LINC00476,0.00014126366
ARFRP1,0.00014103003
ICE1,0.00014080913
CT66,0.00014079717
PRPSAP1,0.00014074349
TWF1,0.00014073908
TSTA3,0.00014072875
PIK3R4,0.00014071215
GTF3A,0.00014070052
OSM,0.00014066172
SLC2A5,0.00014061641
TEC,0.00014059503
CYLD,0.0001405694
ZC3HAV1,0.0001405678
TM6SF1,0.00014049903
BBC3,0.00014047598
SUGP1,0.00014045471
NPDC1,0.00014043611
AL121933.2,0.00014043586
RPS23,0.0001404097
FAM24B,0.00014037517
FGL2,0.00014025123
AARS2,0.00014015101
ZNF286A,0.00014004738
RRP36,0.00014002541
CD164,0.00014000849
THYN1,0.00013995935
ZNF134,0.00013993934
HSPA1A,0.00013991636
AC069222.1,0.00013980381
GNA12,0.00013977283
LSM8,0.0001397514
MIB1,0.00013969185
NUDT4,0.00013955412
PLCL2,0.00013950681
MND1,0.00013949488
NIT2,0.00013948427
CAMKK2,0.00013947346
FAHD2A,0.00013947143
HP1BP3,0.0001394609
NDUFA5,0.0001394166
RMND5B,0.00013937315
LINC00342,0.00013935938
ASCC2,0.00013935764
MKLN1,0.00013930238
PRSS23,0.00013929103
POLR1B,0.00013925026
RAB2A,0.0001392459
PARP4,0.00013923454
HNRNPA1,0.00013916241
SP110,0.00013914239
NPC2,0.0001391109
DERL2,0.00013909777
EFL1,0.00013909001
RPS24,0.00013903894
C19orf12,0.00013884714
RPL39L,0.00013880234
EIF6,0.0001387763
CORO1C,0.00013873616
USP49,0.00013871913
SP2,0.00013866753
DNPEP,0.000138663
MAT2B,0.0001386393
RNF34,0.00013863122
PKD2,0.00013845801
GCSH,0.00013841811
BRD1,0.00013839529
MDK,0.0001383316
NDUFB2,0.0001382658
MRPL37,0.00013822789
MSL3,0.00013813324
LTA4H,0.0001381211
SMC1A,0.00013810354
NOTCH1,0.00013795441
CTSF,0.00013793849
SEC11C,0.00013791515
UBR5,0.00013789284
ZKSCAN1,0.00013773475
AC005083.1,0.00013770672
FOSL1,0.00013769334
COX16,0.00013767551
ANGEL1,0.0001376349
UTP14A,0.00013763197
TMEFF1,0.0001376006
GYPC,0.00013760016
POLR3G,0.00013758561
SAFB2,0.00013748366
ISCU,0.00013746474
GSN,0.00013743674
GNG2,0.00013738913
RAP1A,0.00013727325
TRGC2,0.00013727132
PEMT,0.00013723294
ADA,0.00013722928
FBN1,0.00013722864
TMEM208,0.00013720812
CAMK1,0.0001371688
MZB1,0.00013713705
OIP5-AS1,0.00013709812
NECAP1,0.00013708214
CCDC127,0.00013707114
GRPEL1,0.00013703947
TUBGCP4,0.00013702775
JMJD1C,0.00013701787
RELL1,0.00013700713
COX5B,0.0001369429
RNASET2,0.00013692272
AC026124.1,0.00013691322
PCYOX1,0.00013686313
SH3BP5,0.00013685299
COX7B,0.00013684997
TMEM161A,0.0001368125
RNASEH2C,0.00013680373
MALT1,0.00013680093
TMEM173,0.00013674203
INPP5D,0.00013673231
GOSR2,0.00013667029
ABCF2,0.00013658848
SNX14,0.00013652028
CRTC1,0.00013649737
PDLIM2,0.00013644122
MPST,0.00013638943
AC002454.1,0.00013636031
SPINT1,0.00013631467
MRPS31,0.00013629724
MIR155HG,0.00013625847
HESX1,0.00013624116
MIS18A,0.00013620961
HDAC8,0.00013620185
RBM26,0.00013609929
GTF2E2,0.00013609245
MRPS11,0.00013605933
MRPS18A,0.0001360353
RNF145,0.00013601214
CISH,0.00013600687
MAP3K11,0.00013600603
EZH2,0.00013598421
UBXN1,0.00013597617
TXNL4A,0.00013594916
CMTM6,0.00013591906
HNRNPF,0.00013586784
WBP4,0.00013585485
TRAM1,0.00013576576
FAM50B,0.00013574753
ZNF76,0.00013574689
FUNDC2,0.00013573887
FCF1,0.00013573491
HIGD1A,0.00013572989
BST2,0.00013571676
CCDC58,0.00013569223
RABL2B,0.00013563312
RPL35A,0.0001356075
MAP2K5,0.00013559814
C3orf38,0.00013535966
SFMBT1,0.0001353594
MAPKAPK5,0.00013534437
ALDH1A1,0.00013532215
ZMAT2,0.00013526535
GTPBP10,0.0001352635
TBC1D12,0.00013522815
SLIRP,0.00013519396
RAB21,0.00013506965
CCDC47,0.00013501257
PUM2,0.00013497345
YTHDF2,0.00013497034
ATP6V1D,0.00013495328
PSMB9,0.00013489537
MYCN,0.00013485331
PSMD3,0.00013482588
KLHL26,0.00013474928
NCBP2,0.00013469324
SKP1,0.00013468036
PIP5K1B,0.00013461887
DDX17,0.00013458695
EXO1,0.00013456125
RPGRIP1L,0.00013454769
BCL7A,0.00013453519
RPL30,0.00013451309
HIST2H2AC,0.00013444248
DYNC1H1,0.00013443732
GADD45GIP1,0.00013440009
VBP1,0.00013437512
TRMT61A,0.00013432882
MMS22L,0.00013432719
PARD3,0.00013432693
SRGN,0.00013422762
GALNT2,0.00013422177
DDX39A,0.00013421055
POLR1A,0.00013410815
GSTZ1,0.00013410536
SNX16,0.00013409136
SMARCD1,0.00013406551
PRDM10,0.00013405648
NKAPL,0.00013403416
VHL,0.00013402828
BCAS3,0.00013399844
NKG7,0.00013397545
CD2BP2,0.00013390408
PUM1,0.00013385071
MYC,0.00013384674
MDH2,0.00013370237
PFKM,0.00013370093
PUF60,0.0001336938
AL133410.1,0.00013360842
ATXN10,0.00013359818
BMPR2,0.0001335817
NSMF,0.00013357867
SCAF1,0.00013353261
EIF3F,0.00013349985
CFAP410,0.00013349742
ZBTB10,0.00013347842
RETREG3,0.00013343485
ASB8,0.00013339915
ASH2L,0.00013337441
PDIA6,0.00013335947
PXMP4,0.00013335883
SLC39A10,0.00013325957
JUNB,0.00013324457
PTGES3,0.00013324419
C5orf34,0.00013323034
KCNQ1,0.00013321433
AC002310.1,0.00013315766
TESC,0.00013312696
STK33,0.00013310113
YPEL5,0.00013304768
TBC1D7,0.00013302919
LINC01409,0.00013296997
C2CD5,0.00013296484
LINC01547,0.00013295501
KCNN4,0.00013295095
SNUPN,0.00013294755
SSBP4,0.00013281136
CDC42BPA,0.00013276804
COX15,0.00013263445
MALAT1,0.00013259177
SLC9A7,0.0001325479
NISCH,0.00013252921
MRPS26,0.00013249062
RPUSD3,0.00013246902
STUB1,0.00013244555
HSPA4L,0.00013238455
PMVK,0.0001323839
HIST1H2AJ,0.0001323116
PNP,0.00013230718
SKI,0.00013230201
SP140L,0.0001322542
ZBTB43,0.0001321954
CCDC167,0.00013219407
MCRS1,0.00013209526
AC037459.2,0.00013207385
ZFC3H1,0.00013204405
BEND7,0.00013200055
SYT1,0.00013194945
GALNT10,0.00013191279
FBXO25,0.00013190578
SPINDOC,0.00013189828
CPSF7,0.0001318949
CPEB2,0.00013185178
CAT,0.0001318125
FAHD2B,0.00013180001
ITFG1,0.0001316715
RTN3,0.00013161938
WEE1,0.00013158993
EEF1D,0.00013155515
DCUN1D5,0.00013151798
SKA3,0.00013142511
CINP,0.0001313668
COPA,0.0001313621
CCDC175,0.0001313436
TXLNA,0.00013133114
ELOB,0.00013132047
TSPAN14,0.00013131788
PXN-AS1,0.00013129537
PRPF19,0.00013128835
BBS7,0.00013127124
RSRC2,0.00013125825
SERPINF2,0.00013121651
ZNF142,0.00013118821
SLC39A8,0.0001311691
ELK1,0.00013114516
SF1,0.00013113146
AKT3,0.00013103332
SNHG7,0.00013103026
METTL18,0.00013094397
CTCF,0.00013092768
DDX3X,0.00013089858
SIVA1,0.00013088495
KLRF1,0.000130876
SLC25A10,0.00013082333
STX16,0.00013077733
YTHDC1,0.00013077313
SMC5,0.00013075091
B2M,0.00013073406
LZIC,0.00013072723
TBCCD1,0.00013066933
FTH1,0.0001306345
SBF1,0.00013060003
LINC00667,0.00013057342
WAC,0.00013056907
FRA10AC1,0.00013056226
ATP5ME,0.00013054215
PRMT1,0.00013052807
TOR1AIP2,0.00013050916
EIF2AK4,0.00013046147
TOPORS,0.00013044855
CDK12,0.00013036728
FAM107B,0.00013035527
ZDHHC12,0.00013035437
ATP6V1F,0.00013033464
ZC2HC1A,0.00013026461
DDX49,0.00013026262
C1QBP,0.00013022378
FEN1,0.0001302118
GSTM4,0.00013018503
TRIM21,0.00013012251
WDR13,0.00013011717
TNFAIP1,0.00013011368
EPRS,0.00013010793
KPNA4,0.00013010438
MCU,0.000130081
INVS,0.0001300467
PTPN4,0.00012984293
GTPBP4,0.00012982845
SRP14,0.00012982693
SOCS6,0.00012978118
FAM89A,0.00012976522
TMEM68,0.00012976264
CFAP298,0.00012972402
ATP2B4,0.00012971085
YPEL3,0.00012970362
NDUFC1,0.00012964076
ALKBH7,0.00012959496
MAGOH,0.00012959073
MRPS35,0.00012956756
STK11IP,0.00012954921
SYT11,0.00012953108
C11orf49,0.00012950432
NDUFAF2,0.00012945938
KXD1,0.00012944014
PSMD11,0.00012941987
GRAMD1B,0.00012938585
SCD5,0.0001292755
MRPL42,0.00012922335
ACTN4,0.00012915613
MBP,0.00012912875
CASP1,0.00012904758
RINL,0.00012898771
RCC1L,0.00012893202
NHEJ1,0.00012892846
IL6R,0.00012890252
SRA1,0.0001288653
PRDX6,0.00012885686
AC018521.5,0.00012863359
ESF1,0.00012859271
SURF4,0.00012848905
ERGIC1,0.00012848669
PUS1,0.00012847954
COPS3,0.00012842844
GEMIN8,0.0001284174
CFAP44,0.00012839078
LYRM9,0.00012829709
UBLCP1,0.00012829406
FAM30A,0.00012829031
TPT1,0.00012828417
BAZ1B,0.0001282764
ATRX,0.00012821659
PTPN2,0.00012814775
RPL10,0.00012810843
PTCD3,0.00012803741
C6orf62,0.00012796841
ZNF550,0.00012786774
IFRD2,0.00012786646
C7orf31,0.00012784259
TMX3,0.00012782491
ZNF510,0.00012778262
FANCG,0.00012776908
RBM27,0.00012776646
TMEM115,0.00012775642
UBE2N,0.00012775484
TMEM11,0.00012775398
RRNAD1,0.0001277382
RNF7,0.00012772388
CERS6,0.00012771676
RPS3A,0.00012769624
SRSF8,0.00012763179
CEP97,0.00012758099
NAA20,0.00012753106
OSBPL9,0.00012748942
LRFN1,0.00012740378
DENND3,0.00012737764
KRT8,0.00012736027
AMACR,0.00012731207
ICMT,0.00012730143
ORC2,0.00012724854
EMC6,0.00012723936
ABLIM1,0.00012719736
PRELID2,0.00012719541
ACADSB,0.00012718342
PON2,0.0001271538
MLX,0.00012714235
SIGLEC12,0.00012713314
COL24A1,0.00012708262
ADAM22,0.00012700348
BMP2K,0.00012697035
FGD3,0.0001269618
BCAP31,0.00012695018
MEIOC,0.00012693496
AP003068.2,0.0001269312
TWISTNB,0.00012692295
HNRNPUL2,0.0001268755
RNF216,0.00012686914
LATS1,0.00012686747
ZCCHC8,0.00012685757
AC125437.1,0.00012683644
KMT5B,0.00012676805
FAU,0.00012672071
MARCH2,0.00012669773
PNPO,0.00012667965
CTDSP2,0.00012664833
SPTAN1,0.00012663064
SIPA1L1,0.00012661025
ZNF433-AS1,0.00012659797
LINC00174,0.00012649105
HSPA4,0.00012648126
ZNF700,0.00012635978
TATDN2,0.00012634686
NAPA-AS1,0.00012632413
DEPDC1B,0.00012625768
USP6NL,0.00012622862
ABI2,0.00012620386
SH3BP4,0.00012619594
MRPL15,0.00012616825
FKBP5,0.00012616298
AC005838.2,0.00012605463
SHCBP1,0.00012603885
AC243960.1,0.00012601017
MDM2,0.00012599591
STAMBPL1,0.00012599188
RNF123,0.00012599159
RRS1,0.00012597986
ZNF316,0.00012597235
HSP90AA1,0.00012596624
NEMP2,0.0001259402
SNX6,0.00012590662
PILRB,0.00012588191
C21orf91,0.00012588175
ZNF304,0.00012581548
ERO1A,0.00012579787
SAMSN1,0.00012577351
TIMM8B,0.00012575764
NUP85,0.00012569311
TMED2,0.00012565461
PTER,0.00012563069
ASCC3,0.00012560732
MT-ND1,0.00012549722
GATAD2A,0.00012547147
PPP2CA,0.00012544684
RC3H2,0.00012542747
CLNS1A,0.00012542102
RCN1,0.000125401
EDC4,0.00012539957
PTMA,0.00012537547
BCL11A,0.00012534694
RAP2B,0.00012526326
DYNLRB1,0.00012525379
NLRP2,0.00012522734
TRIM68,0.00012521759
CCDC32,0.00012520551
PITPNM1,0.00012518199
ZNF571,0.00012517057
LDHA,0.00012516702
ENPP4,0.00012514551
PRDX5,0.00012507982
ICE2,0.0001250201
RTN4IP1,0.00012500153
GTF2H5,0.00012495897
DNAAF3,0.00012493775
MX2,0.00012492413
RNF103,0.0001248277
MT-ND6,0.00012479654
SLC25A25,0.00012475326
OAZ1,0.0001246692
SLC27A2,0.00012462074
PLK1,0.00012461853
SLC35F6,0.0001246047
PLRG1,0.00012456517
SEC23A,0.00012450747
DAD1,0.0001244853
LAMTOR4,0.00012448448
HNRNPL,0.00012446412
CHFR,0.00012445055
HIST1H1C,0.00012443171
UBE2M,0.00012438273
STMN1,0.00012437857
TCEAL8,0.00012437283
MAP2K3,0.00012429307
LINC00630,0.00012428378
HIPK3,0.00012424384
HLA-DQB1,0.00012418132
AAGAB,0.00012417001
ERG,0.00012416884
PCBD2,0.00012416072
FYTTD1,0.00012405866
MED13,0.00012401573
HLF,0.00012400142
SLC37A1,0.00012397219
UBE2F,0.00012395447
LAMTOR1,0.00012393888
OXCT1,0.00012392602
RPL3,0.00012391397
HSBP1,0.00012391116
RBM17,0.000123738
LAPTM4A,0.00012369898
RPL11,0.000123644
XAB2,0.00012364212
RTKN2,0.00012361597
ADH5,0.00012357623
TNKS1BP1,0.00012352013
TXNDC16,0.00012341741
SDHAF2,0.00012333866
GOLGA8O,0.00012325686
RPL14,0.00012325453
TIGD5,0.00012324161
NIPSNAP2,0.00012324037
DNM1L,0.00012317547
NDUFV2,0.00012316836
SPNS1,0.00012314215
NDUFS5,0.00012310455
ANKHD1,0.00012303391
UCK1,0.0001230302
MT-CYB,0.00012299334
TMEM14A,0.00012292064
BAIAP2,0.0001229027
ZBTB8OS,0.00012287842
RPP40,0.00012283519
FDXACB1,0.00012282687
WDR41,0.00012276952
LDAH,0.00012275697
SEC24D,0.00012274073
RPS21,0.00012273576
PIN4,0.00012272628
MRPS34,0.00012271665
CRYBG1,0.0001226719
SLC39A4,0.00012265341
GHITM,0.0001226409
RPL36A,0.00012262772
NLRP1,0.00012256955
AC067852.5,0.00012255729
AP001816.1,0.00012253653
HLA-E,0.00012246367
PUS7,0.00012244677
RAC3,0.00012243468
PRKCZ,0.0001223941
SPCS1,0.00012238759
MLLT11,0.00012237862
CENPW,0.0001223613
PPP1R14B,0.00012235093
CRELD1,0.00012233142
LINC01572,0.00012229598
CCDC51,0.00012228909
MLEC,0.00012228567
DDB1,0.00012223664
MYL6,0.00012223578
ZNF761,0.00012222302
H2AFX,0.00012221656
RTN4,0.00012220925
TGFB1,0.0001221848
TSFM,0.00012217935
SPI1,0.00012217005
FAM102B,0.0001221622
APOBR,0.00012215285
BX284668.5,0.00012215218
ATP6V1B2,0.00012212325
CCDC107,0.00012208377
KDM2A,0.00012204388
FANCM,0.00012203599
PPM1F,0.00012201749
EPS15,0.00012201421
MAP3K7,0.000121976875
MGRN1,0.00012196977
PLOD2,0.00012194723
SLC3A2,0.00012194545
NAT14,0.00012190989
DTX3,0.000121854086
C19orf38,0.000121853016
LMO2,0.00012184784
ANKLE2,0.00012183853
TMED1,0.00012181392
BICRAL,0.00012178171
COX5A,0.00012177768
RCOR1,0.00012177088
PSMD12,0.00012175352
AGO3,0.00012174198
GABBR1,0.00012173645
IGSF8,0.00012170719
DCAF8,0.00012170342
PPIF,0.00012169915
NDUFB11,0.00012168438
C12orf75,0.00012168398
AURKAIP1,0.000121678866
NUSAP1,0.000121644385
BUD23,0.000121633035
AP2S1,0.00012161942
CEP250,0.000121606805
RPLP2,0.000121545156
PEX5,0.00012150031
GCN1,0.00012147647
CHAC2,0.000121470606
EIF2B3,0.00012143842
IRF1,0.00012142821
CNTRL,0.00012139265
ECI1,0.000121375684
CSTF1,0.00012134698
TCERG1,0.00012134365
SETD9,0.00012132805
CENPP,0.00012128998
SPINT2,0.00012126908
UBA3,0.000121244986
GMCL1,0.000121224184
TIMMDC1,0.00012121972
NUBP2,0.00012121361
SYNCRIP,0.00012118051
ANP32E,0.0001211593
POLR1E,0.00012111454
APBB1IP,0.00012104251
CSNK2A2,0.00012101987
NUDT7,0.00012100199
MTM1,0.00012093026
NUDT15,0.00012089677
SCOC,0.00012087967
B4GALT5,0.00012084829
HSPH1,0.000120830126
NFKB1,0.00012074964
PRKX,0.00012074524
SLC25A3,0.00012070892
RNF4,0.00012067898
CCSAP,0.000120666584
DCTPP1,0.000120661614
EPN2,0.00012060183
POLDIP3,0.000120554265
ZBTB11-AS1,0.00012053393
MAPK3,0.00012051856
PML,0.00012051605
RPS29,0.000120515055
BFAR,0.000120503246
TLE1,0.0001204949
HOXB3,0.00012047633
NUP155,0.00012038776
TMEM223,0.00012033547
IGF2BP2,0.000120334946
HNRNPLL,0.00012030064
PRSS57,0.00012029837
CKAP2,0.00012025308
DFFB,0.0001202217
METTL9,0.00012021097
TOPBP1,0.00012019589
NDUFS8,0.00012010092
RIOK2,0.00012007195
EIF4ENIF1,0.000120057586
RAPGEFL1,0.00012000894
CHMP4B,0.00012000509
RPL12,0.00012000033
DSCC1,0.00011998175
LCP2,0.00011997771
ZDHHC24,0.00011992661
TRAK2,0.00011992151
PMS1,0.00011990959
ZNF121,0.000119856406
CALM3,0.00011983052
SRP19,0.000119821045
ZFP90,0.00011981708
SLK,0.00011977701
AC016588.2,0.000119776945
C11orf74,0.00011975634
ZNF430,0.00011974742
WDR92,0.00011971956
GLMN,0.00011971613
ARL15,0.000119705495
PTPA,0.000119682314
SF3B6,0.00011965369
STIP1,0.000119653625
RASSF3,0.00011963223
EVI5,0.00011960823
ODC1,0.00011959657
NDUFA1,0.00011952828
PNN,0.00011951981
ZBTB4,0.000119493234
CD68,0.00011947469
ITGA2B,0.00011943677
CYBC1,0.00011938164
PPME1,0.00011935357
TNK2,0.00011934239
ZNF329,0.00011934217
CDC42SE1,0.00011933938
PPP1R18,0.00011928666
BMS1,0.000119255536
TUBA1C,0.00011921428
EIF3M,0.000119175864
CCDC34,0.00011916861
ZFAND2B,0.000119163786
SLC22A4,0.00011915841
ZPR1,0.0001191345
KCTD17,0.000119104734
USP40,0.000119074924
TTYH3,0.00011906242
RPS15A,0.00011902639
EID1,0.00011901318
LSM6,0.000118824944
GAA,0.000118821736
PKP4,0.000118815304
TARSL2,0.00011877056
FANCA,0.00011876645
AC090559.2,0.000118752076
ZNF592,0.000118683776
SP2-AS1,0.00011867029
ARL5A,0.00011866452
ERG28,0.00011864525
FLI1,0.00011863458
TYMSOS,0.000118632444
AC015871.1,0.00011858533
P2RX7,0.00011855673
PRRC2A,0.00011854799
CLDN10,0.00011849756
SETD1B,0.00011849067
BUD31,0.00011849066
TACC1,0.00011845232
COP1,0.00011843443
PSMG2,0.00011840999
MZT2A,0.00011837422
BAG4,0.00011832476
RPS26,0.00011831494
TMEM243,0.000118308846
CNP,0.00011828388
CD74,0.00011828012
TPSB2,0.0001182583
NBDY,0.000118249845
CIAO2B,0.00011824056
EXOC6,0.00011819764
Z95331.1,0.00011817243
DSTN,0.00011814893
POLR3B,0.00011809582
YY1,0.00011809424
ZEB1,0.00011805077
PHF19,0.0001180482
CYP51A1,0.000118033335
STAP1,0.00011800015
ZNF646,0.00011799516
EEF2,0.00011799374
THOC7,0.000117973876
RALY,0.00011791412
KIF3B,0.000117858115
EIF2AK1,0.00011780347
RPL37,0.00011780187
TNKS2-AS1,0.0001177919
UBA52,0.00011778753
RHBDD1,0.000117771495
HLA-DQA1,0.000117769574
NXT2,0.00011776297
WDR76,0.0001177382
NLE1,0.00011763115
DYNC1I2,0.0001176306
LY96,0.00011759474
HIST1H4D,0.0001175735
HMGN3,0.00011757213
PTPRJ,0.00011752741
SELENOW,0.0001175194
TNFAIP2,0.00011751601
CYCS,0.000117512
HABP4,0.000117441516
GON7,0.00011739699
UBN2,0.00011739291
YAF2,0.000117318785
ZNF395,0.000117278396
PLOD1,0.0001172766
FMC1,0.00011723446
USP22,0.00011718226
CNOT9,0.000117167365
LSM5,0.00011711514
TMEM220,0.000117098156
CBFB,0.000117083946
KIF13B,0.00011708262
LZTFL1,0.000117070085
MRPL9,0.000117022086
SLCO3A1,0.00011701491
AHNAK,0.00011695196
AGO1,0.00011693936
MED13L,0.000116937954
THAP9-AS1,0.000116805735
H2AFJ,0.00011679374
KIAA2026,0.00011679321
ZNF775,0.0001167818
RPL23,0.00011675783
MED4,0.0001167235
POU2F1,0.000116715004
PHKA2,0.000116672294
EIF4EBP1,0.000116629184
C1orf43,0.00011660428
ACTN1,0.00011657694
ATP5MC3,0.0001165726
RING1,0.0001165194
CAPZB,0.000116459065
COX6B1,0.00011644654
C14orf28,0.000116437855
OSBPL3,0.00011643729
RPS4X,0.0001164359
CAMTA1,0.00011639269
QPCT,0.00011639076
TMEM160,0.00011635903
ATP5F1D,0.000116359
RSL24D1,0.00011633878
PLEKHA3,0.00011633859
C12orf65,0.00011632946
SCAF8,0.0001163281
AL031280.1,0.00011631717
ITGAE,0.00011628655
PSMD14,0.000116261865
ANKRD39,0.00011621174
NDUFV1,0.000116206844
DBF4,0.00011619613
DUS2,0.00011613301
VDR,0.00011610279
TRIM52,0.000116095405
SNX3,0.000116024734
SKP2,0.00011599453
LAGE3,0.00011597219
NME7,0.00011594512
LINC00528,0.000115915405
BZW2,0.000115863295
TTC9,0.00011582136
CMPK2,0.00011579838
TOMM6,0.00011578833
DPEP2,0.00011573071
PSMD1,0.00011572045
TMEM183A,0.00011570967
EIF2S2,0.00011565471
PDHB,0.000115635994
PIH1D1,0.000115611365
TMEM50A,0.000115609946
ZFP91,0.00011558529
TATDN1,0.000115559305
RPS15,0.00011552344
HSPB1,0.00011551734
CDKL4,0.000115508505
AP3S1,0.000115490526
TRIP10,0.0001154888
STYX,0.000115450595
NAP1L3,0.00011545036
LMAN1,0.00011542853
ATP13A2,0.00011539703
AC098617.1,0.00011537922
PPP4R1,0.00011533457
PGRMC1,0.00011528968
EEF1B2,0.00011523731
ARHGEF3,0.00011516895
EHD1,0.00011516014
RCBTB2,0.00011510917
ZNF470,0.000115102994
HEATR5B,0.00011502555
LMF2,0.00011501011
PNRC2,0.0001149909
MDH1,0.00011498668
RPS4Y1,0.00011498355
PTGS1,0.00011496904
PRR34-AS1,0.00011490803
PSMD9,0.00011487466
BSG,0.000114856295
SRSF6,0.00011480784
MARCH6,0.00011478585
TTI2,0.00011478459
GABPB1-IT1,0.00011476486
MARCKSL1,0.00011473979
C16orf87,0.0001146246
PEX13,0.000114615796
SLC22A17,0.00011451566
ZNF385A,0.000114512666
XPO1,0.00011449578
ILF2,0.00011449043
NYNRIN,0.000114444374
NUDT17,0.00011443036
POLDIP2,0.00011439859
AP002387.2,0.000114338545
ARHGAP30,0.0001143252
ZMPSTE24,0.00011430679
BRD8,0.00011430182
AL133243.2,0.00011426188
GSE1,0.00011425478
TRAF5,0.000114254486
ATP2A3,0.000114254064
CHID1,0.000114225826
CPTP,0.00011421733
NECTIN2,0.0001142053
RPLP1,0.00011419714
EIF1AX,0.00011417588
RAB3GAP2,0.000114171664
SLA2,0.000114132316
FAM161A,0.00011409211
TET1,0.00011408966
NHSL2,0.000114064846
MRPL20,0.000114040355
BNIP3,0.00011400109
SMARCE1,0.00011398155
RABAC1,0.00011397803
MRPL46,0.00011395739
FBXL3,0.000113951784
SRXN1,0.00011394839
CRISPLD1,0.00011390158
AKT1,0.00011388807
APBB1,0.0001138876
RPL5,0.00011385115
PSPC1,0.00011382522
HBQ1,0.00011377327
USP7,0.00011377066
NFKBIZ,0.00011376694
HSPA9,0.00011373893
TTN-AS1,0.000113731665
SEPHS2,0.00011370636
FIP1L1,0.00011368216
HIKESHI,0.000113627706
TIPIN,0.00011360473
ZFP36L2,0.00011358412
AC005332.4,0.0001135773
SRSF5,0.00011351786
IST1,0.000113510556
AASS,0.00011346425
EXOC5,0.00011346423
AC004540.2,0.00011345711
LRRFIP1,0.00011335728
UBE2E3,0.00011334718
RPS11,0.00011327471
IFITM3,0.000113239395
ISY1,0.00011323218
UBE2J1,0.000113216425
MTHFR,0.00011314278
SPATA20,0.00011314202
NSD2,0.00011313129
RNF169,0.00011313088
NELFCD,0.0001131071
AGGF1,0.000113102884
ZMYND8,0.0001130744
AC005076.1,0.000113072805
PITPNA,0.00011305908
TMEM242,0.00011304322
LRRC37A2,0.00011302343
TGIF2,0.000112983034
AC006480.2,0.00011298268
VCL,0.000112981244
CGAS,0.00011296277
YIF1A,0.00011291552
TAPBP,0.000112915295
CHD4,0.00011290859
TK1,0.00011290714
HSPA14.1,0.000112872294
MMD,0.00011285272
GRHPR,0.00011284808
PFDN4,0.00011280959
POLR2D,0.00011276405
PFDN5,0.000112757516
UBE2Q2,0.00011274041
UBE2J2,0.00011272518
GTF2I,0.000112692964
STMP1,0.00011268666
IGHMBP2,0.00011263374
BAG2,0.000112612935
IREB2,0.000112582464
LUC7L3,0.00011256622
ZMYM2,0.00011255384
MFSD14A,0.00011254665
THOC6,0.00011252936
ITM2A,0.00011251558
TNPO1,0.000112513975
FNDC3B,0.0001124928
AC090409.1,0.000112458605
PTPN11,0.0001124421
RBMXL1,0.000112367525
COX8A,0.00011233414
VIRMA,0.00011229244
CDC40,0.00011221071
CMBL,0.00011220247
TTC26,0.000112133566
STARD10,0.000112133246
SRSF1,0.00011207561
RPS27L,0.00011206923
ERICH1,0.00011205438
YWHAQ,0.000112054324
HLA-B,0.0001120516
SIRT3,0.00011204723
PRKDC,0.00011199953
ACOT13,0.000111996866
RPL26L1,0.00011195788
RRAGA,0.00011194724
KLF1,0.00011194404
RPLP0,0.00011188076
TRIM38,0.00011185761
PABPC1,0.00011184509
ADAM10,0.00011183818
NCBP2AS2,0.00011183548
SPRTN,0.00011179918
PPP1CC,0.00011178134
ERVK13-1,0.00011178025
PITPNA-AS1,0.00011177417
SRI,0.00011174645
PLK3,0.00011173655
PURB,0.00011169616
CDC16,0.00011168284
RPL36AL,0.00011167818
TRDMT1,0.000111671456
VARS,0.00011166934
MRPL45,0.00011166452
RNF20,0.0001116258
RABL6,0.00011161424
SERPINE2,0.00011158735
UBE2B,0.00011155803
CTSG,0.00011152391
DPM1,0.00011148061
AMT,0.000111455345
STRBP,0.0001114422
PIGH,0.00011144163
FAH,0.00011143803
LIPT1,0.000111429574
IL15RA,0.00011139675
RAB32,0.000111393754
DBI,0.00011136655
ADSS,0.00011135937
RCAN3,0.000111306705
KATNAL2,0.00011130107
HDAC6,0.00011129873
ATP5PF,0.0001112911
PIBF1,0.000111266854
SNRK,0.00011120994
TAMM41,0.00011115954
NEIL3,0.000111122805
AC138649.1,0.00011111912
ORC6,0.00011109985
RNASEK,0.00011109338
NDEL1,0.00011102632
ARMC10,0.00011101439
DHODH,0.00011100392
HEMGN,0.00011100297
TBC1D32,0.00011099596
SORL1,0.000110978704
GGCX,0.00011094492
PIGF,0.00011093893
COPRS,0.00011089232
RFC5,0.00011088994
PLEKHM1,0.00011088313
ZFP14,0.00011083945
HAX1,0.0001108232
ATPAF1,0.000110812354
CHST2,0.00011080035
POLR3K,0.000110795576
BCL7C,0.00011076186
NAIP,0.000110737725
EIF5,0.00011071816
CAPNS1,0.00011071057
U2AF2,0.00011069868
PHPT1,0.000110640634
NOP9,0.000110628906
ANAPC5,0.0001106261
DCLRE1C,0.000110624336
SEC11A,0.00011062001
ARFGAP2,0.00011059867
TUBB,0.000110581685
ANKFY1,0.00011056988
PAK2,0.00011056968
BRI3,0.00011056836
FARP2,0.00011054664
EIF5B,0.00011052132
SYS1,0.00011051784
AL162390.1,0.000110481335
DEDD,0.00011044778
RBM15,0.0001103989
NIFK,0.00011039461
PSMB3,0.00011037688
DNAJC4,0.000110352965
MRPL51,0.000110284884
ARMC1,0.0001102497
AC121761.2,0.000110206245
TRIM33,0.000110199624
MRPS24,0.00011016494
VRK1,0.00011013901
TFG,0.00011009213
ZNF420,0.00011007467
SREBF2,0.000110054796
HS6ST1,0.00011005021
LIMS1,0.00010996187
EDEM3,0.0001099532
AL355001.2,0.000109933375
PTGR1,0.00010992435
EXOSC5,0.000109914916
GART,0.00010986463
ZNF398,0.000109840585
LLPH,0.000109816014
CAMKMT,0.000109796194
ABCA2,0.000109774075
LBH,0.00010977264
TMEM123,0.00010976527
AP3B1,0.00010976287
PGLS,0.00010974806
MCM7,0.000109741064
UHRF1,0.00010971764
LRPPRC,0.00010971268
ZNF212,0.00010968936
DDX50,0.00010966658
INCENP,0.000109657725
PPHLN1,0.0001096389
CDK6,0.00010962741
PPT2,0.00010960032
NOL10,0.00010959668
PCBP2,0.00010957518
AC090204.1,0.00010957214
STT3A,0.00010953658
GNL3,0.00010952677
GLYR1,0.00010950697
CELF2,0.00010946376
RFX3,0.000109443085
ESYT2,0.000109414315
LINC00847,0.00010940207
NOP56,0.00010939114
CAPN2,0.000109339904
STOML2,0.00010928114
SACM1L,0.000109274
PEF1,0.00010917738
MFN1,0.00010917505
ERVK3-1,0.00010912586
PGBD4,0.00010910841
RMDN1,0.000109093184
NARS,0.0001090505
BIRC5,0.00010903032
UBE3D,0.00010900094
DUSP3,0.00010898184
MSRB2,0.000108972185
MIF4GD,0.00010891545
ZYX,0.00010887675
FAM217B,0.00010887555
HEXD,0.000108852604
KPNA3,0.000108823726
ZNF625,0.00010881698
ATP13A3,0.00010881368
AL683813.1,0.000108797045
AC022137.4,0.000108795786
NT5C3A,0.00010879442
ZNF155,0.00010876458
CTNND1,0.000108759785
GCNT2,0.0001087594
PLP2,0.00010872983
DYNLL1,0.00010869479
ZYG11B,0.000108636894
PPARA,0.0001086146
ADRA2A,0.00010859985
PES1,0.00010849964
SNHG3,0.0001084737
TTLL4,0.00010846852
TYMS,0.00010839219
RINT1,0.00010838176
AL157871.5,0.000108335546
KCNJ12,0.00010831102
TMEM14C,0.00010831002
SLC25A1,0.000108279426
METTL7A,0.00010826698
TEX10,0.000108265034
P4HA1,0.00010825196
BAG1,0.00010825036
CCDC28A,0.000108233064
TST,0.00010819397
HSH2D,0.00010817696
RPS5,0.000108146014
LGALSL,0.00010814399
ZNF660,0.000108143824
TUBE1,0.00010813263
HSPA8,0.00010812062
SUV39H2,0.000108092616
SNX5,0.00010807935
ZKSCAN5,0.00010806453
PAXBP1,0.00010806046
KNTC1,0.000108057844
IGFLR1,0.00010805724
EIF1AY,0.00010804175
NPR3,0.00010800149
FAM78B,0.000107997126
SSR2,0.000107986336
USP19,0.000107984
CLN3,0.000107983244
SERPINB1,0.00010795287
C21orf62-AS1,0.00010793577
AIMP2,0.000107933294
H3F3B,0.00010790527
CHORDC1,0.000107884014
TAGLN,0.00010782224
MEX3A,0.00010781076
NUCKS1,0.00010780079
COG7,0.0001077926
CLIP2,0.000107782726
FAR1,0.00010777948
PLPBP,0.00010769747
UTP6,0.0001076885
FBXO41,0.00010765924
TNFRSF14,0.000107623775
MAP3K13,0.000107604996
DIMT1,0.00010757736
PI4KB,0.000107567896
KAT5,0.00010754999
LZTS2,0.000107535656
RCN2,0.0001075331
ARGLU1,0.000107525964
NUDT2,0.000107523665
SCAMP2,0.000107494976
TAF7,0.00010748804
TPRKB,0.000107482716
SGK3,0.00010740301
ALG5,0.00010739904
EFHD2,0.00010735485
ABCB10,0.00010735079
KIFC1,0.00010734468
MRPL20-AS1,0.0001073256
POLD3,0.00010730876
YIPF4,0.000107298074
ENO2,0.00010726839
VAV1,0.0001072498
FTSJ3,0.000107238826
ASPH,0.00010723198
ZNF816,0.00010723177
CUTC,0.00010723022
PANK3,0.000107201195
GABPB1,0.00010719554
SF3A2,0.00010719032
EIF4A2,0.00010714798
PDE6B,0.00010714334
AHDC1,0.00010713186
ZDHHC7,0.0001071226
RBMS1,0.00010711916
AARSD1,0.00010711866
BZW1,0.000107101514
SRRT,0.00010709667
CUEDC2,0.000107091495
EIF4A3,0.000107087166
TMEM170B,0.00010706836
MS4A4A,0.000107060405
YBX3,0.00010705831
KATNBL1,0.000107051994
FGFR1OP,0.000107037915
NENF,0.00010702275
CCNI,0.00010701958
FOPNL,0.00010700307
MCM2,0.00010695988
CDK11A,0.00010695065
KLF13,0.00010694371
PTGER2,0.000106937245
TIAM1,0.000106934494
PRELID3A,0.00010690308
HLA-DPA1,0.00010689065
C9orf116,0.00010688648
SUB1,0.00010687852
ATP5F1A,0.000106843145
CRIPAK,0.000106823485
ARSB,0.00010681213
HAUS5,0.00010679313
ABHD8,0.0001067925
MST1,0.000106785985
TXNDC9,0.00010675731
WASF2,0.00010673293
IK,0.0001067031
EIF3A,0.00010668884
WDR5,0.00010665181
COPS9,0.000106645704
FNDC10,0.00010662418
TENT4B,0.00010662041
PARL,0.000106616644
ATG4C,0.000106610256
ACSL5,0.000106608095
AL133338.1,0.000106590946
ZNF644,0.00010653576
DESI2,0.000106468615
CLEC16A,0.000106467225
HADH,0.000106461004
RPAP1,0.00010646055
HDAC5,0.00010642578
RUFY1,0.000106425505
BUD13,0.00010640961
ROR2,0.00010639834
NDUFA7,0.00010639076
ZNF674-AS1,0.00010638692
JAGN1,0.00010634056
RPL22,0.00010628709
ETV5,0.00010627301
DDIAS,0.00010626058
ATF7,0.000106250016
TGDS,0.00010623845
SYPL1,0.000106233114
FNIP1,0.000106225525
PAM16,0.00010614775
TCTN2,0.000106141386
TRIR,0.00010611834
TDP1,0.0001061052
N4BP2L2,0.000106102285
BCAS2,0.00010605351
DLGAP5,0.0001060301
XYLT2,0.00010602906
MRPL52,0.000106017804
MRPS33,0.00010601143
EXOSC8,0.000106001506
ACTG1,0.00010597949
MTMR12,0.00010594736
MLF2,0.00010594615
MAPK14,0.000105886415
BRD2,0.00010588243
CAPN15,0.000105877174
GTF2H4,0.0001058614
EIF3G,0.00010584186
HMGB1,0.000105767984
RPAIN,0.00010575991
TTC23,0.0001057487
USP54,0.00010574365
PTDSS1,0.000105736064
MTCH2,0.00010573257
FARS2,0.00010572572
ATP5MC2,0.00010569191
RPL37A,0.00010565784
ATP8A1,0.00010564886
ASXL1,0.00010563441
PPCDC,0.000105631036
AFG3L2,0.00010562561
HACD3,0.0001056247
RPL34,0.00010562415
CCDC28B,0.00010562347
NAA35,0.00010560936
URB1,0.00010559442
CENPX,0.000105590734
NUDC,0.00010557748
SAMD8,0.00010557067
GLS,0.00010554338
LTBP1,0.00010550977
CCDC115,0.00010549993
NDUFAF3,0.00010546852
FAM216A,0.00010545835
AP5S1,0.00010545624
PICALM,0.0001054413
APEX1,0.00010542174
FDPS,0.00010541902
CAST,0.0001054076
COPS2,0.00010536114
POLR1D,0.00010533363
ITM2B,0.0001053137
NUCB2,0.00010530199
KDM1B,0.00010525923
SAMD4B,0.00010524513
DYRK3,0.00010524463
CYTOR,0.0001052326
MORF4L1,0.00010520202
MPI,0.00010518566
PIGT,0.00010515719
RSAD1,0.000105125684
DNAJB6,0.000105017345
ESD,0.000105009065
CNOT7,0.000104994
CEP89,0.000104993225
MAD1L1,0.00010495058
PIP4K2A,0.00010494805
DHRS4L2,0.000104942024
WASHC3,0.00010493357
HMGA2,0.000104933286
CCDC150,0.00010489645
SGO1,0.00010488733
GATD3B,0.00010488402
IRF9,0.000104862695
NDUFA3,0.00010481184
RDM1,0.000104786384
DCUN1D1,0.00010478154
GALK1,0.00010478051
DCLRE1A,0.00010472109
TPM1,0.00010467219
MEPCE,0.000104656465
KDELR1,0.000104634615
RMC1,0.000104598206
LIPE,0.000104590436
PIK3CA,0.000104573
SEC31A,0.00010448477
PDCD11,0.00010448437
ZNF511,0.00010444303
RABGEF1,0.000104407205
ZNF281,0.00010440054
GNB1,0.00010435945
FUT11,0.00010435725
DIPK2A,0.000104349485
ENTPD4,0.00010434668
ZDHHC18,0.00010434208
MAPK1IP1L,0.000104316445
FAM110A,0.00010430453
TRIM11,0.00010428198
DNAJB1,0.000104267994
CEP290,0.00010424304
GNG10,0.00010422605
IMMT,0.000104201106
ATXN2,0.000104187224
UBE2S,0.00010413112
VPS35,0.000104130144
CDK2AP1,0.00010412442
UBAC1,0.000104105675
SS18L2,0.00010409052
FGD6,0.00010406649
XRCC6,0.0001040586
RNF213,0.000104054656
SNAPIN,0.0001040381
PIGP,0.00010403213
CRNKL1,0.00010400681
TMEM250,0.00010399199
ADAM28,0.00010395702
KPNB1,0.00010393037
SELENOS,0.00010390534
LMNB1,0.00010387334
TM2D1,0.00010385442
POLR3C,0.0001038356
ASRGL1,0.00010379209
MRPS7,0.00010378765
RPL7,0.0001037854
CYB5R3,0.00010378375
FAM120A,0.0001037606
PDCD4,0.00010375737
PHKG1,0.0001037536
MED16,0.000103734856
YWHAE,0.00010372744
HELB,0.00010370794
TCF25,0.00010369125
RBM4,0.00010368994
SELENOH,0.00010368612
RBM33,0.000103684746
AEBP1,0.000103661434
REV1,0.00010365638
SLC1A5,0.00010363369
CRAT,0.00010362598
RAB8A,0.000103612394
HLA-DRA,0.00010350534
QKI,0.00010346856
HNRNPUL1,0.00010344187
NPRL3,0.000103426326
TBL2,0.00010339227
NRIP1,0.000103377824
PATZ1,0.0001033751
LINC02256,0.000103375074
KIF3C,0.000103354316
CPNE3,0.00010334715
OLA1,0.000103346596
GNL3L,0.0001033412
ZNF792,0.00010330338
NANS,0.0001032639
ODF2L,0.00010325587
AC012020.1,0.00010325213
NDUFB4,0.00010324465
PRAF2,0.000103242026
LINC00115,0.00010321944
PREPL,0.000103184786
TMEM87A,0.00010316469
SOGA1,0.00010316322
RB1,0.000103153485
ISCA2,0.000103148115
SARS2,0.00010314754
AC010332.3,0.000103136685
MS4A7,0.00010313466
RPL7L1,0.00010310021
B4GALT2,0.00010308011
POLR3F,0.00010307831
STAC3,0.00010307596
MT-ND4L,0.00010307576
DNAJC2,0.000103052436
PAFAH1B2,0.00010303833
EIF2AK2,0.000103031045
SUPT6H,0.000103025195
ARHGDIA,0.000103018516
SLC35G2,0.00010300903
KAT2B,0.00010296325
UQCRC2,0.00010295496
BPHL,0.00010294974
NOL4L,0.00010290653
IDH3A,0.00010289513
UBE2K,0.00010287538
RNF144A,0.00010287259
SCO1,0.00010285267
EIF2B1,0.00010283217
CTU1,0.000102820704
MMGT1,0.000102812905
CD52,0.000102808415
PLXNB2,0.00010279495
MRPL16,0.00010277952
MCUR1,0.00010275964
SUN2,0.00010274016
STAG1,0.00010269719
TMEM209,0.000102686834
TKT,0.00010266126
FBXO45,0.00010264983
SEPHS1,0.00010264599
FKBP15,0.000102628954
DGKZ,0.0001026047
EXOC7,0.00010260393
MGAT3,0.00010259869
SNRPB2,0.000102580314
OBI1,0.00010256847
KATNA1,0.00010256716
PKD1,0.000102562866
ISOC2,0.00010253135
VPS72,0.00010252964
FUT7,0.000102473314
HIPK2,0.00010243964
PARVG,0.00010243816
AC005229.4,0.000102424056
PALM2-AKAP2,0.000102394035
UFSP2,0.000102380254
ABRACL,0.000102355094
INSIG1,0.00010233003
DCP1A,0.00010232108
ZNF480,0.00010232085
ATP2A2,0.00010231718
ANKRD52,0.00010228689
RIF1,0.00010227982
STX6,0.00010226232
ARID1B,0.00010226224
AC026401.3,0.00010224347
SMARCB1,0.00010220002
PARPBP,0.00010217152
ANKRD12,0.00010214807
PSMG1,0.00010214782
PTAR1,0.00010214641
PPCS,0.00010213724
RIPOR2,0.000102124985
IFT88,0.000102083155
FAM83F,0.00010200709
ATF4,0.00010200222
HNRNPU,0.00010199856
ZNF597,0.00010195559
OGFOD1,0.00010195467
C12orf76,0.00010194664
MRNIP,0.00010194248
AP002748.4,0.00010193486
APTX,0.00010191051
NOC3L,0.00010190787
UROS,0.00010187135
UBE2V2,0.00010184057
PGRMC2,0.00010183052
SUMF1,0.000101825826
PPWD1,0.00010180902
TAS2R30,0.000101795726
UBL5,0.00010178875
NDUFV3,0.00010177019
SEPTIN2,0.00010176129
SKA2,0.00010175367
TPR,0.0001017411
PDAP1,0.00010173196
CEP162,0.00010168946
SLC2A1,0.00010167162
B4GALT6,0.00010164674
APOBEC3H,0.00010164198
ACOT9,0.00010163754
RPP21,0.00010162275
PDCD7,0.00010162004
HLA-DMA,0.00010159931
MRPS18C,0.00010159777
NCBP1,0.00010159747
RAB27A,0.00010159558
ASB3,0.00010159409
FOXK2,0.00010156621
MAPK1,0.00010155897
C12orf10,0.000101547856
UBE2I,0.00010153585
GNS,0.00010148968
AKR1B1,0.00010148749
AC106707.1,0.00010147238
ZFAND6,0.00010145902
GCC2,0.000101454636
SUSD1,0.00010142469
RSBN1,0.00010139617
OSGEP,0.00010138728
ARPC3,0.00010135562
HNRNPC,0.00010135522
PRMT6,0.00010130745
MT-ND3,0.0001012656
EXOC8,0.00010125903
PRR3,0.00010123973
SOD2,0.000101229336
MCM6,0.00010121266
ISOC1,0.00010118043
TTF2,0.00010114675
RASGRP2,0.00010113526
RBBP6,0.000101131904
SATB1,0.00010110172
SYAP1,0.00010104982
SMARCA4,0.00010104709
NCDN,0.00010104269
RASGRP4,0.000101040474
UBE2R2,0.00010103557
VCP,0.00010098157
TMIGD2,0.000100946716
SYNGR1,0.00010093659
ESYT3,0.000100914156
LDLRAD2,0.00010089337
MMADHC,0.000100887395
KAT14,0.000100883786
PA2G4,0.00010079825
APRT,0.000100783844
CASP4,0.00010076795
SUPT7L,0.00010075857
HNRNPR,0.000100742654
GPATCH8,0.0001007236
WAC-AS1,0.00010072292
GOPC,0.000100711484
KHSRP,0.00010070824
TUBGCP3,0.00010068693
TBL1XR1,0.000100670404
KCNQ5,0.000100640995
SMYD3,0.000100622536
ITGA6,0.000100601625
FAM228B,0.00010060001
CDC34,0.000100598605
FZD5,0.00010057666
SRSF7,0.00010056607
ZBED4,0.000100534264
CD44,0.00010052881
CYFIP2,0.00010051681
DDX42,0.00010047928
MELK,0.00010047284
OPTN,0.000100464655
GSPT2,0.000100444195
AC100810.1,0.00010041495
CNPY2,0.00010039544
SAMD9,0.00010038691
LSM3,0.00010035688
RBBP4,0.00010034337
DIPK1B,0.000100326
SHPRH,0.00010031741
EIF3L,0.000100312114
TIAL1,0.00010026993
TRA2B,0.00010026721
PLK2,0.00010020444
ACP1,0.000100200195
TMEM131L,0.00010014525
DCTN3,0.000100136764
PER2,0.000100123434
MRPL34,0.00010010372
PVT1,0.00010009381
SMNDC1,0.00010009099
TRIM5,0.000100082325
GMNN,0.000100066514
CTDSPL2,0.00010005026
ATP9A,0.00010001067
SPINK2,9.9998055e-05
ZNF234,9.998525e-05
PPP4R2,9.997974e-05
URM1,9.997057e-05
THRB,9.995953e-05
ARHGEF6,9.994136e-05
AP002360.1,9.993398e-05
RPS17,9.992181e-05
ADAM9,9.991991e-05
CHERP,9.9913144e-05
SMG1,9.991025e-05
RNF13,9.99051e-05
IKBIP,9.982513e-05
UQCRC1,9.9816076e-05
MTHFD2L,9.981593e-05
E2F4,9.981168e-05
DHRS7,9.9796365e-05
LCMT1,9.979052e-05
AC010642.2,9.97742e-05
UBAC2,9.97738e-05
PRPS1,9.977147e-05
MED12,9.975787e-05
ELP2,9.974734e-05
HELLPAR,9.973341e-05
ITGA9-AS1,9.971685e-05
RPL13A,9.970831e-05
BRCA1,9.970619e-05
FERMT3,9.966206e-05
PAXIP1,9.965808e-05
RDH13,9.964716e-05
MRPL12,9.962762e-05
NSRP1,9.961724e-05
TMEM230,9.9554134e-05
HHEX,9.953864e-05
UBE2V1,9.953576e-05
MLC1,9.951762e-05
ARFIP1,9.951297e-05
HIST1H2AL,9.9493795e-05
HMGN1,9.9491255e-05
AQP3,9.944176e-05
AARS,9.944148e-05
UBQLN2,9.943381e-05
AC068473.5,9.940787e-05
DCAF11,9.93977e-05
MTSS1,9.9377496e-05
S100A13,9.935929e-05
SLC29A2,9.934357e-05
BCAT2,9.932138e-05
METAP2,9.931046e-05
SENP5,9.929647e-05
TIMP2,9.928869e-05
ZNF276,9.926612e-05
IL1RAP,9.926612e-05
ATP6V0C,9.924354e-05
CCDC171,9.9228884e-05
ZNF493,9.9227196e-05
MRPL13,9.922289e-05
ING5,9.922182e-05
MGAT1,9.919458e-05
NUMBL,9.9180565e-05
MALSU1,9.914108e-05
NOP2,9.9117045e-05
PHF5A,9.907581e-05
ANKEF1,9.904821e-05
TALDO1,9.9041434e-05
AP001107.1,9.9005614e-05
DLEU2,9.9003584e-05
CNPY3,9.8976096e-05
CBWD3,9.897349e-05
ZCCHC4,9.8953205e-05
CAD,9.894195e-05
LAMTOR2,9.892758e-05
SUV39H1,9.888912e-05
GGA3,9.8887314e-05
PSMB8,9.887273e-05
CNN2,9.8868215e-05
TFIP11,9.886679e-05
CTSB,9.8862016e-05
SHC1,9.883359e-05
AC073896.2,9.883344e-05
ZNF266,9.883257e-05
SNHG11,9.8816854e-05
MRPL55,9.8813216e-05
TIMM21,9.8801785e-05
PTEN,9.87967e-05
NIPA2,9.879008e-05
GNAS,9.876416e-05
REXO1,9.8751436e-05
FKBP1A,9.874769e-05
SCN2A,9.874248e-05
SLBP,9.873956e-05
TMBIM4,9.872802e-05
HBD,9.8707664e-05
HMGB2,9.870218e-05
DTL,9.8701676e-05
ZNF706,9.870044e-05
KDM5B,9.866454e-05
MAP1LC3A,9.8664364e-05
PLAC8,9.8657096e-05
HNRNPA1L2,9.864124e-05
ACADM,9.863955e-05
SNAI3,9.8622106e-05
STRADB,9.862181e-05
IDE,9.860146e-05
NT5C,9.859767e-05
KDM5A,9.857893e-05
EIF3H,9.8518256e-05
RPN1,9.8498924e-05
MTOR,9.845457e-05
MEX3C,9.844543e-05
CEP95,9.843562e-05
SSNA1,9.8431316e-05
MIDN,9.840641e-05
TOMM70,9.837531e-05
GATB,9.835432e-05
ZMAT1,9.835287e-05
CNPPD1,9.8344884e-05
NUDT3,9.832352e-05
M6PR,9.831308e-05
MTPN,9.828528e-05
CDC42,9.828152e-05
ADARB1,9.8253135e-05
PPFIBP1,9.82236e-05
LINC01786,9.8195145e-05
ICAM3,9.818265e-05
TXNDC17,9.811632e-05
GMPPB,9.8081044e-05
BCL2A1,9.807126e-05
EDC3,9.8041004e-05
HIP1,9.802843e-05
WDR77,9.801814e-05
MBOAT2,9.799143e-05
CYC1,9.798646e-05
MICOS13,9.7976466e-05
PDE4DIP,9.794195e-05
KIDINS220,9.791341e-05
ZSCAN5A,9.789719e-05
TMSB10,9.789078e-05
ZNHIT3,9.788664e-05
DNMT3B,9.786038e-05
CTIF,9.782394e-05
TFDP2,9.7823366e-05
DUSP23,9.781683e-05
CSTB,9.778579e-05
ZBTB21,9.776106e-05
MRPL53,9.7755845e-05
KIF1B,9.775487e-05
MRPL2,9.773368e-05
DDX52,9.7725635e-05
HMGCR,9.772437e-05
ST3GAL5,9.769202e-05
SLC9A1,9.768029e-05
ZNF407,9.7653734e-05
HSDL1,9.7633674e-05
AUP1,9.760623e-05
PNISR,9.758773e-05
ARL8A,9.7569726e-05
OTULINL,9.754563e-05
KBTBD4,9.754299e-05
TUT4,9.753624e-05
NSMCE3,9.7510216e-05
HMGB3,9.748532e-05
SAP30,9.747092e-05
ATG3,9.7458906e-05
LMNB2,9.7444754e-05
MRPL50,9.741138e-05
MAFG-DT,9.741054e-05
ZNF573,9.740532e-05
NABP2,9.7404896e-05
PRELID1,9.739607e-05
TUBA1A,9.7369506e-05
STK25,9.736136e-05
ZMYM5,9.734904e-05
AC008982.2,9.734533e-05
MGST1,9.732232e-05
ZBED3,9.731025e-05
ZFP28,9.727211e-05
ADAR,9.72665e-05
ENTPD7,9.725158e-05
SH3BP1,9.725107e-05
TMEM246,9.72397e-05
MARCH7,9.72352e-05
TENT4A,9.7212614e-05
SH3YL1,9.7197866e-05
UHRF1BP1,9.717558e-05
DNAJA2,9.715321e-05
HDDC3,9.7127915e-05
FSCN1,9.710058e-05
TRIM28,9.708979e-05
KAT6B,9.7076e-05
HSDL2,9.707364e-05
INAFM2,9.704993e-05
NUB1,9.703942e-05
PPIB,9.697937e-05
CRY1,9.695726e-05
MLF1,9.693575e-05
METTL26,9.691724e-05
TRIM4,9.691581e-05
CCDC25,9.689367e-05
HIST1H2AI,9.688292e-05
MED10,9.686212e-05
REXO2,9.684725e-05
USP47,9.68412e-05
MAPRE1,9.6828604e-05
DNTTIP2,9.6826174e-05
MCM4,9.682583e-05
PLEK,9.682088e-05
TTLL3,9.681347e-05
GATC,9.6793934e-05
TADA3,9.677936e-05
IL1B,9.677062e-05
KIN,9.676904e-05
EEF2KMT,9.674876e-05
AC083798.2,9.6689946e-05
CHD9,9.6680014e-05
TOP1,9.663531e-05
WDR12,9.663356e-05
CCDC14,9.663278e-05
ANXA5,9.6631535e-05
CCDC113,9.662653e-05
INSR,9.659361e-05
ASAP1,9.659173e-05
SUMO1,9.658236e-05
SVIP,9.655053e-05
CISD2,9.65447e-05
CDC14B,9.651942e-05
MYCBP,9.650333e-05
SCD,9.649946e-05
TRAPPC6A,9.647116e-05
ELL3,9.644799e-05
CHD8,9.641674e-05
IMP3,9.6400756e-05
UBAP2,9.638379e-05
EMB,9.637893e-05
ZFAND1,9.632591e-05
POLE3,9.631992e-05
RAB14,9.6294985e-05
FDXR,9.6266645e-05
CLPP,9.626661e-05
PYGL,9.625735e-05
AC139530.1,9.6256364e-05
PCMTD1,9.625255e-05
TMEM248,9.6251744e-05
ARV1,9.618951e-05
LINC01137,9.618705e-05
REC8,9.613344e-05
FAHD1,9.6099684e-05
NFATC2IP,9.609676e-05
PPP3R1,9.608526e-05
PCNX2,9.607919e-05
RBM15B,9.606206e-05
PIGS,9.604764e-05
TMBIM6,9.6029435e-05
CTSA,9.60104e-05
SAP30BP,9.600209e-05
GLRX,9.599534e-05
DEAF1,9.5983734e-05
TRMT6,9.59588e-05
PPM1H,9.594911e-05
ATP5MF,9.5945754e-05
SCCPDH,9.5938434e-05
FGFR1OP2,9.592559e-05
SNRPC,9.5915944e-05
GEMIN6,9.590638e-05
SLC25A44,9.590303e-05
EIF2A,9.589763e-05
RIOX1,9.584538e-05
LSM14A,9.583726e-05
SP4,9.583146e-05
SLC36A4,9.582914e-05
R3HDM1,9.581115e-05
SRD5A1,9.5804055e-05
CARM1,9.573817e-05
BAX,9.573791e-05
REEP4,9.5726005e-05
PNO1,9.571791e-05
DNAJC10,9.57148e-05
RPSA,9.5705705e-05
HSPD1,9.5703675e-05
PCBP1-AS1,9.569988e-05
MRRF,9.5688774e-05
GTF2F2,9.567725e-05
RUNDC1,9.5632975e-05
TCP1,9.5585114e-05
TTC19,9.558486e-05
PGP,9.558442e-05
GPKOW,9.554944e-05
PRKAR1A,9.554574e-05
HIST1H1D,9.5519965e-05
USP39,9.551702e-05
AL024498.1,9.551027e-05
CREG1,9.549729e-05
UQCC1,9.5489195e-05
UPF2,9.548337e-05
CMAS,9.548197e-05
BORCS8,9.5434814e-05
C1orf50,9.5414245e-05
AC010864.1,9.539357e-05
EXOSC3,9.5372554e-05
CDCA3,9.533471e-05
P4HB,9.53101e-05
CNIH1,9.528968e-05
CMTR1,9.5281524e-05
AL118506.1,9.526467e-05
SLC10A3,9.525453e-05
MPZL1,9.521417e-05
TMA7,9.520709e-05
SMIM3,9.5195974e-05
MT-ATP6,9.519532e-05
EIF4E,9.519501e-05
NUDT12,9.519083e-05
TUBB6,9.5187876e-05
HOOK3,9.515612e-05
DYRK4,9.514364e-05
LINC02604,9.5115036e-05
KIAA1143,9.511283e-05
KIAA1549,9.511022e-05
NCBP3,9.51038e-05
HECTD4,9.5093324e-05
MAEA,9.5089024e-05
PYURF,9.508324e-05
HADHA,9.506573e-05
PREX2,9.506196e-05
MRPL28,9.505208e-05
GYPE,9.5045994e-05
TGFBRAP1,9.5017946e-05
SH3KBP1,9.498975e-05
MECR,9.497947e-05
MKI67,9.486755e-05
HOXB-AS1,9.486467e-05
RAB5C,9.484233e-05
AURKB,9.480089e-05
UTP11,9.477384e-05
CDKN3,9.472586e-05
MOB4,9.4705756e-05
SMIM26,9.470555e-05
MLH3,9.470305e-05
C18orf21,9.469794e-05
UBOX5,9.46892e-05
DTWD2,9.466636e-05
ANKIB1,9.465598e-05
EXOSC9,9.4650415e-05
RPS18,9.463047e-05
SYTL1,9.4592724e-05
ATP8B1,9.458745e-05
SNHG8,9.458095e-05
VAMP7,9.457174e-05
SBNO2,9.456468e-05
USP32,9.456409e-05
C7orf50,9.456068e-05
B3GAT3,9.4541996e-05
CPNE1,9.454123e-05
RETREG1,9.451312e-05
BABAM1,9.448794e-05
CCDC18-AS1,9.448692e-05
UQCR11,9.44824e-05
SLC7A1,9.448112e-05
STXBP4,9.446642e-05
PPP2R1A,9.445929e-05
CBX8,9.4443836e-05
CCT5,9.441426e-05
DCP2,9.4408824e-05
DARS2,9.4383504e-05
UBE3A,9.436448e-05
SMIM8,9.434475e-05
CENPC,9.433694e-05
ROCK1,9.43309e-05
DTD2,9.4326795e-05
VPS13C,9.4320974e-05
RAD51D,9.431719e-05
TMSB4X,9.430647e-05
MAP7,9.430519e-05
MT1X,9.427435e-05
PHKA1,9.426005e-05
VAPB,9.422712e-05
CAVIN1,9.421704e-05
NKIRAS2,9.416975e-05
SDAD1,9.415004e-05
ZNF770,9.4149465e-05
DAPK1,9.413213e-05
TCF12,9.4115334e-05
VTI1A,9.41074e-05
WDR1,9.408541e-05
KPNA2,9.4066185e-05
H2AFY2,9.3995746e-05
ACTR2,9.398461e-05
OSER1,9.395297e-05
AC074032.1,9.3946495e-05
MTR,9.392366e-05
LIMA1,9.3920346e-05
SNRPB,9.389654e-05
YBX1,9.388402e-05
ATP2B1-AS1,9.387023e-05
FAR2,9.3854374e-05
CHCHD3,9.385391e-05
LDHB,9.384659e-05
GLRX3,9.38318e-05
CCSER1,9.38149e-05
POLA2,9.379391e-05
ANXA7,9.378457e-05
UTP3,9.377692e-05
LYPLA1,9.3755385e-05
FBXO7,9.375261e-05
ARID1A,9.374242e-05
RPS25,9.3691495e-05
STAB1,9.366632e-05
MSH6,9.3632945e-05
RNF44,9.362224e-05
ING2,9.358404e-05
RAE1,9.3582974e-05
RAB4A,9.358136e-05
SCO2,9.357605e-05
PIGV,9.3558825e-05
ATOX1,9.354909e-05
CAP1,9.354408e-05
CCT7,9.3536946e-05
MOB2,9.353139e-05
DDX55,9.348574e-05
UQCC2,9.346803e-05
TIMP3,9.346802e-05
TMC6,9.346648e-05
ZNF384,9.345954e-05
GP1BB,9.343672e-05
ZNF620,9.34257e-05
SLC48A1,9.341475e-05
SLC17A9,9.339781e-05
ARL6IP1,9.339491e-05
RHBDD2,9.334563e-05
COPB2,9.3340976e-05
SLC25A40,9.33366e-05
ASPM,9.330929e-05
COMMD6,9.3306204e-05
TXN2,9.3284776e-05
IGBP1,9.326077e-05
UBC,9.3256946e-05
PRR15,9.324804e-05
AP1S1,9.324118e-05
GABARAP,9.321144e-05
AHCYL1,9.319767e-05
FDX1,9.3186565e-05
NME6,9.31845e-05
NDUFA10,9.315651e-05
MBOAT1,9.3140996e-05
CUTA,9.3123366e-05
ZNF460-AS1,9.310228e-05
ZBTB1,9.3077055e-05
SPTLC2,9.3045135e-05
GTF3C6,9.303468e-05
CASP8AP2,9.300024e-05
SMS,9.299602e-05
LINC01184,9.296044e-05
ZNF441,9.2917544e-05
CDCA7L,9.2913775e-05
BST1,9.291006e-05
NDUFB10,9.290748e-05
TMEM126A,9.289803e-05
CKS1B,9.289657e-05
C2orf88,9.28809e-05
SLC9A3R2,9.288024e-05
GLUL,9.286114e-05
UEVLD,9.285456e-05
MYL12B,9.284204e-05
ELAC2,9.275924e-05
GNB4,9.27464e-05
RACK1,9.274614e-05
PLEKHO1,9.27398e-05
AC092944.1,9.2726754e-05
CHCHD10,9.271338e-05
RBBP7,9.2673414e-05
PLD1,9.263249e-05
ZC3H6,9.2631395e-05
NDUFA2,9.261135e-05
CRHBP,9.259907e-05
SNRPD3,9.258679e-05
ATG101,9.2554204e-05
RRM2B,9.2520444e-05
EEF1AKMT3,9.2512615e-05
RPS2,9.2475224e-05
USB1,9.24729e-05
SESN1,9.244092e-05
SFXN1,9.242713e-05
ALG9,9.242429e-05
RNF14,9.240453e-05
BRIX1,9.237876e-05
TSPAN4,9.2378395e-05
SEPTIN11,9.237379e-05
SASS6,9.236888e-05
NAF1,9.236298e-05
ZFP64,9.235577e-05
AKR1C3,9.232356e-05
LYRM1,9.227743e-05
ZBTB22,9.225841e-05
AP2M1,9.224026e-05
ZNRF1,9.222929e-05
NMT1,9.2227885e-05
SVOPL,9.222297e-05
POP7,9.2208174e-05
SH3BGRL,9.2202805e-05
PSMB1,9.219754e-05
SMIM19,9.2179034e-05
TRNP1,9.2164475e-05
ACTR3,9.215598e-05
MSI2,9.2128066e-05
VPS29,9.209711e-05
TBCE.1,9.207691e-05
SCLT1,9.207488e-05
PPIH,9.206391e-05
ACADVL,9.2056864e-05
TOR3A,9.2038266e-05
SPART,9.199952e-05
L2HGDH,9.1981514e-05
MAGEF1,9.198011e-05
ETV6,9.194457e-05
ERC1,9.194107e-05
ATP5MD,9.194028e-05
GABARAPL2,9.192313e-05
ZMIZ1,9.191785e-05
SLC38A2,9.183861e-05
SPIN4,9.183595e-05
BARD1,9.181341e-05
MACF1,9.1772956e-05
CASP10,9.175083e-05
RAP1B,9.173924e-05
C3orf14,9.1720976e-05
TEX30,9.171764e-05
HERC1,9.1706264e-05
PI4KA,9.170423e-05
DERL1,9.169921e-05
PSMG3-AS1,9.167157e-05
RPP38,9.166832e-05
TMEM18,9.166245e-05
CCNB1,9.165812e-05
TRAPPC8,9.162368e-05
PPA1,9.1598726e-05
TCEAL4,9.1575304e-05
PEX1,9.1571026e-05
PECAM1,9.156113e-05
TEFM,9.1555565e-05
RNF8,9.153982e-05
ANP32B,9.1532405e-05
PRDX3,9.148745e-05
POM121,9.148401e-05
EEF1G,9.1470996e-05
SARNP,9.144572e-05
ZNHIT6,9.143596e-05
CLEC11A,9.14238e-05
SESN2,9.1380665e-05
EIF4A1,9.137088e-05
RFC4,9.135468e-05
PRKCI,9.133953e-05
MIR222HG,9.133589e-05
SOS1,9.130576e-05
AKAP10,9.1282556e-05
ABCC4,9.124737e-05
ANXA4,9.124695e-05
CDC25B,9.124481e-05
MAP4K5,9.124405e-05
GRK2,9.12374e-05
MRPS12,9.123047e-05
ELOVL6,9.1229864e-05
RPL29,9.1226895e-05
EXOSC6,9.122486e-05
NAA15,9.121719e-05
TIMM29,9.119813e-05
PSMC3,9.1189584e-05
RCC1,9.118871e-05
VPS16,9.117978e-05
APP,9.117968e-05
HTATSF1,9.115151e-05
PTGES2,9.114828e-05
SND1-IT1,9.1145484e-05
FCER1A,9.113733e-05
ZNF124,9.112738e-05
RAB40B,9.1117174e-05
EIF3D,9.1101734e-05
RANBP1,9.109884e-05
THOC5,9.1079826e-05
SNHG5,9.1059694e-05
WDR59,9.104578e-05
IFITM2,9.1012385e-05
ZNF639,9.100665e-05
ZFPL1,9.100471e-05
NASP,9.0971975e-05
SREK1,9.094903e-05
BLOC1S4,9.087913e-05
PPIG,9.087422e-05
ORMDL2,9.0869566e-05
CKAP5,9.0863155e-05
COX4I1,9.08461e-05
STRN,9.083662e-05
LINC02802,9.0826245e-05
AC092747.4,9.0821304e-05
VPS4A,9.0813104e-05
ZNF670,9.081168e-05
WSB2,9.0803784e-05
RPS27A,9.0782516e-05
ARL3,9.077789e-05
C17orf49,9.07609e-05
THAP7,9.075796e-05
ATP6V0B,9.07554e-05
CCND3,9.072132e-05
GARS,9.071297e-05
RAMP1,9.07073e-05
OSBPL2,9.068775e-05
RPL7A,9.0686204e-05
AC008267.5,9.065849e-05
UBB,9.0641435e-05
PXN,9.0638736e-05
CDK5,9.06241e-05
CORO1A,9.060197e-05
AL117332.1,9.0601345e-05
GSK3B,9.059251e-05
VPS33A,9.055634e-05
APLP2,9.053378e-05
GLCE,9.052486e-05
ATP6V1A,9.0518486e-05
SPG21,9.0514135e-05
UBE2A,9.051408e-05
ABHD12,9.05099e-05
SCAMP1,9.050556e-05
TAF8,9.048184e-05
YIPF3,9.048035e-05
PPP4C,9.0472575e-05
OS9,9.0467314e-05
PRCP,9.0460024e-05
UBALD1,9.0459835e-05
GLOD4,9.04496e-05
PPIA,9.044753e-05
POLR2J,9.043124e-05
CCAR1,9.042909e-05
KRT10,9.0405665e-05
HSPB11,9.040034e-05
AMY2B,9.03982e-05
DHX30,9.038336e-05
HIST1H3G,9.0380534e-05
RBMX,9.037853e-05
HUWE1,9.035879e-05
MTX1,9.033561e-05
OSBPL7,9.0295456e-05
CCDC86,9.028628e-05
SRRM2,9.02486e-05
PPP1R9A,9.024548e-05
CGGBP1,9.0230635e-05
JAK1,9.021839e-05
PSMD7,9.0207366e-05
GNB2,9.019335e-05
ILF3,9.019134e-05
TSR2,9.016988e-05
PSMA6,9.0129244e-05
ELK4,9.012352e-05
CRYL1,9.0088324e-05
ATF6B,9.0055575e-05
CLPX,9.0046684e-05
CTSS,9.003481e-05
HEXB,9.002988e-05
SUPT20H,9.0016125e-05
EMC4,9.0015244e-05
MED28,9.000077e-05
TIFA,8.999298e-05
PTPN6,8.9991605e-05
CTNNB1,8.998448e-05
CENPB,8.998377e-05
XKR8,8.9978974e-05
EHMT1,8.997505e-05
FBXO3,8.997013e-05
CPED1,8.996927e-05
MRPL47,8.9952824e-05
GBP1,8.994831e-05
VASP,8.993369e-05
OTUB1,8.988254e-05
FN3KRP,8.986578e-05
LINC02785,8.984846e-05
AASDHPPT,8.983079e-05
GNAI3,8.9810084e-05
AC147067.1,8.980968e-05
HACD2,8.980958e-05
PAPOLG,8.98045e-05
NCOA6,8.9804234e-05
PARP8,8.978954e-05
PGAM1,8.978718e-05
SENP7,8.977507e-05
RBPJ,8.9769965e-05
ACSM3,8.970899e-05
PHLDA3,8.968841e-05
ZNF257,8.967112e-05
GATAD2B,8.966575e-05
C9orf72,8.963401e-05
SLC25A22,8.96251e-05
SLC16A4,8.9618734e-05
PPP5C,8.961231e-05
GAMT,8.9608795e-05
CCS,8.9590794e-05
BCL9L,8.9581976e-05
MAP4K4,8.95818e-05
MED6,8.957257e-05
ZRANB3,8.956792e-05
FRG1,8.956509e-05
TPM3,8.95369e-05
PGAM5,8.9521505e-05
RPS27,8.9497655e-05
UQCRFS1,8.9485235e-05
NBN,8.94773e-05
IER2,8.9471985e-05
KLHL36,8.9463625e-05
RTL8A,8.945405e-05
ATP5F1E,8.9426365e-05
ZC3H18,8.941887e-05
AC064836.4,8.941634e-05
SLC38A1,8.941586e-05
WDR4,8.936853e-05
MTMR10,8.936496e-05
EMP3,8.936342e-05
RNF126,8.934835e-05
NOSIP,8.9323155e-05
AL162258.2,8.928525e-05
NDUFA12,8.927744e-05
FBRS,8.927075e-05
SNU13,8.9226065e-05
RWDD4,8.919442e-05
NEDD8,8.919423e-05
EHHADH,8.918608e-05
LRMP,8.9185756e-05
ZNF605,8.91855e-05
ADGRE5,8.9178066e-05
UTRN,8.913913e-05
TAF4,8.912784e-05
GATA2,8.9120134e-05
SLC35E2A,8.911398e-05
RAPGEF6,8.911313e-05
USP34,8.911277e-05
NGLY1,8.911234e-05
GRN,8.909304e-05
DHX36,8.907111e-05
MAP4K3-DT,8.90347e-05
NDUFA9,8.9018926e-05
RTL6,8.901423e-05
CDT1,8.901095e-05
VPS13A,8.899108e-05
MAP10,8.897046e-05
SLC43A3,8.8964494e-05
TRIP12,8.894004e-05
RBMX2,8.893803e-05
BAALC,8.892041e-05
EPB41,8.8885354e-05
GPN3,8.888498e-05
VIM,8.886494e-05
NTRK1,8.886236e-05
ANKRD54,8.886132e-05
TIE1,8.88442e-05
ARPC2,8.883527e-05
NDUFB6,8.88321e-05
NPRL2,8.883039e-05
RFLNB,8.8824e-05
ZCCHC7,8.8776214e-05
BLVRA,8.877541e-05
SEM1,8.873344e-05
SBF2,8.873112e-05
KIF2A,8.8710505e-05
CNEP1R1,8.866675e-05
RNASEH2A,8.866293e-05
HSPA5,8.863662e-05
THUMPD2,8.863134e-05
FAM117A,8.860916e-05
SLC25A11,8.860626e-05
USP10,8.859424e-05
BLOC1S5,8.858212e-05
BCL2L12,8.85637e-05
RAD23B,8.855129e-05
CENPF,8.854102e-05
SLC41A3,8.853817e-05
TMEM150A,8.851009e-05
DECR1,8.849878e-05
RPS20,8.849674e-05
PPIP5K2,8.849503e-05
RRP12,8.847437e-05
GLMP,8.84199e-05
RNPS1,8.841939e-05
SNHG4,8.8416484e-05
DLAT,8.8409106e-05
ATAD1,8.8400084e-05
CCNY,8.8395405e-05
E2F7,8.838884e-05
PCF11,8.8370645e-05
GCHFR,8.836483e-05
AK2,8.83607e-05
AC008453.1,8.8326655e-05
CCDC90B,8.831861e-05
COPZ1,8.831134e-05
TEDC2,8.8281005e-05
ATAD5,8.827839e-05
GRK6,8.8275e-05
NIT1,8.826914e-05
FAM111A,8.825759e-05
DRAP1,8.821469e-05
PIK3CD,8.82128e-05
ZNF75A,8.820556e-05
NAP1L1,8.818764e-05
CRYGD,8.816647e-05
PCM1,8.814292e-05
TRIP6,8.814236e-05
YME1L1,8.813787e-05
ZNF451,8.8104374e-05
DEXI,8.810304e-05
PPP2R3C,8.804877e-05
YIF1B,8.800909e-05
RPL24,8.800201e-05
WDR83,8.800134e-05
PRMT2,8.799995e-05
BRK1,8.799215e-05
NAPEPLD,8.798454e-05
ERLEC1,8.797517e-05
TAF15,8.7948625e-05
AZIN1-AS1,8.792131e-05
UBE2G1,8.7893306e-05
COQ8A,8.788708e-05
ATP6V1E1,8.78823e-05
PRRC2C,8.7877284e-05
DCAF13,8.786712e-05
JKAMP,8.786227e-05
RNH1,8.778166e-05
E2F5,8.774183e-05
BROX,8.773992e-05
ATP5F1C,8.772269e-05
RNMT,8.7718225e-05
SLC5A6,8.770679e-05
AK3,8.7705506e-05
DERA,8.7703236e-05
ME2,8.769134e-05
FIBP,8.768717e-05
GAS2L3,8.767806e-05
PLCB3,8.7672626e-05
OST4,8.766031e-05
USP15,8.765792e-05
SLC2A4RG,8.7603825e-05
TIMM13,8.760028e-05
SLC25A38,8.758496e-05
PI4K2A,8.756172e-05
TCP11L1,8.754919e-05
GNG5,8.754826e-05
AKAP12,8.754639e-05
STRADA,8.752848e-05
WNK1,8.750801e-05
FAM241A,8.7504966e-05
RFTN1,8.749251e-05
ZNF3,8.74826e-05
TYK2,8.746363e-05
CTDSP1,8.742515e-05
MCM5,8.7415254e-05
DTYMK,8.7412955e-05
UNG,8.740446e-05
IFT81,8.740135e-05
CEP57,8.738445e-05
HSP90B1,8.736068e-05
EIF4B,8.7359826e-05
GALNT11,8.734587e-05
CRK,8.7342894e-05
GLUD1,8.7339875e-05
AC022144.1,8.733852e-05
CMPK1,8.733563e-05
ARL2BP,8.732049e-05
BPTF,8.732043e-05
TYROBP,8.730103e-05
ATXN3,8.727675e-05
ITCH,8.727664e-05
PLEKHA5,8.727474e-05
AL445524.1,8.7253145e-05
RBM25,8.724362e-05
PTK7,8.724274e-05
CCDC88A,8.7233646e-05
MIR3936HG,8.722179e-05
HELLS,8.72175e-05
MECOM,8.72099e-05
URI1,8.71955e-05
ARF5,8.719207e-05
AC026471.1,8.7177665e-05
ZNF587,8.717447e-05
PSMD5,8.7165805e-05
RPL15,8.714541e-05
EDRF1-DT,8.714074e-05
LYRM4,8.713473e-05
TMEM185A,8.712065e-05
SPAG9,8.712048e-05
AC139887.2,8.709268e-05
RSRC1,8.70558e-05
RPL17,8.704932e-05
TP53I11,8.7027e-05
CROCC,8.70206e-05
TRNAU1AP,8.699577e-05
GOT2,8.698167e-05
RNF41,8.695502e-05
CIAO2A,8.6950684e-05
HOPX,8.693693e-05
RRM2,8.6890046e-05
MON1B,8.686804e-05
RFC1,8.686067e-05
IWS1,8.685385e-05
XPO6,8.685051e-05
PSMA1,8.684512e-05
SNHG15,8.684476e-05
PKM,8.682594e-05
ADI1,8.6789136e-05
EFNA3,8.673533e-05
SERP1,8.6718195e-05
RNF19A,8.671144e-05
UBE2T,8.6709464e-05
RILPL2,8.668911e-05
ASCL2,8.666561e-05
MXD1,8.665196e-05
CKLF,8.656975e-05
EXOSC1,8.655069e-05
DCPS,8.653908e-05
ZNF879,8.651999e-05
MAPK9,8.64991e-05
FAM214B,8.648782e-05
YY2,8.6486376e-05
GM2A,8.647862e-05
RPAP3,8.644341e-05
NCOA4,8.6436514e-05
GSTCD,8.641792e-05
EEF1AKNMT,8.641461e-05
INPP1,8.641438e-05
GNPNAT1,8.6412554e-05
SLC40A1,8.638284e-05
LAMP2,8.6381435e-05
ZEB2,8.637149e-05
EI24,8.637071e-05
JOSD1,8.6366235e-05
CISD1,8.6356966e-05
EIF3J-DT,8.634501e-05
NDUFS3,8.6336775e-05
SLFN11,8.629468e-05
GTF2H3,8.6292894e-05
ZNF638,8.6291904e-05
AC073476.3,8.6251624e-05
TMED4,8.624063e-05
NCKAP1L,8.624043e-05
AFTPH,8.6238746e-05
COX14,8.62374e-05
NT5DC1,8.623199e-05
DARS,8.621029e-05
MAN2B2,8.620505e-05
S100A11,8.620449e-05
IRF3,8.6193984e-05
PWWP3A,8.617325e-05
RNASEH2B,8.6142274e-05
H2AFV,8.612133e-05
PLAGL1,8.6117914e-05
HAUS6,8.6101776e-05
AC009950.1,8.610105e-05
RBM39,8.608881e-05
FPGS,8.608607e-05
RBM5,8.6081716e-05
AC078883.2,8.605665e-05
EIF3E,8.605653e-05
KCNE3,8.605086e-05
PDXP,8.603861e-05
MYO9B,8.6027736e-05
ZNF852,8.6007065e-05
ALDH16A1,8.599519e-05
TUSC2,8.597047e-05
HSP90AB1,8.594763e-05
IRAK3,8.594156e-05
BDH2,8.594064e-05
ITPA,8.593439e-05
CCNB1IP1,8.5927415e-05
HSD17B10,8.592326e-05
RGS2,8.5921354e-05
CTNNBIP1,8.590393e-05
FKBP3,8.587103e-05
AEN,8.582336e-05
EVA1B,8.582333e-05
CTTNBP2,8.581771e-05
MBNL3,8.580072e-05
BCCIP,8.579902e-05
RHEX,8.579658e-05
POLE,8.5784544e-05
LPGAT1,8.578308e-05
CMC1,8.5774074e-05
PNKP,8.577143e-05
SLC25A37,8.575374e-05
ARFGAP3,8.575351e-05
MAX,8.5744534e-05
DENR,8.573955e-05
DNAJC1,8.571193e-05
TESPA1,8.570086e-05
VMA21,8.568214e-05
KRR1,8.568097e-05
LRRC8A,8.567323e-05
STRN3,8.567227e-05
CHEK1,8.566127e-05
MRPL58,8.5653046e-05
DDA1,8.56438e-05
SAV1,8.5605076e-05
NUP188,8.556104e-05
MTDH,8.554064e-05
GTF3C1,8.553844e-05
RPL28,8.553302e-05
ATMIN,8.553069e-05
SLC26A2,8.552529e-05
CBWD2,8.551774e-05
SNRPE,8.550888e-05
CYSLTR1,8.547344e-05
BCORL1,8.545186e-05
AC244502.1,8.5449305e-05
AL359643.3,8.5429296e-05
AKTIP,8.541192e-05
MTFP1,8.539706e-05
PSMB7,8.538819e-05
SNHG16,8.538683e-05
TMEM219,8.5379164e-05
PROSER2,8.536399e-05
LONP2,8.533601e-05
TRAF4,8.5334315e-05
USP16,8.532451e-05
CCT6A,8.531514e-05
RBM12,8.530185e-05
C3orf33,8.5299165e-05
CASP8,8.526594e-05
TRAF3IP2,8.525488e-05
AMOTL1,8.5247884e-05
QTRT2,8.5230575e-05
LRRC14,8.516922e-05
C11orf58,8.515235e-05
PUM3,8.5143154e-05
AL662844.4,8.51429e-05
PCNP,8.5116044e-05
CDC73,8.506995e-05
CYFIP1,8.506672e-05
PRDX4,8.5049964e-05
NR1D2,8.504594e-05
PEX26,8.504166e-05
USP46-AS1,8.502935e-05
NAE1,8.4994215e-05
ATP6V1G1,8.4972286e-05
TMEM147,8.496772e-05
MICU1,8.4960404e-05
PCCB,8.495723e-05
TSEN15,8.4949366e-05
YWHAZ,8.4945845e-05
PXK,8.4934356e-05
WDR33,8.49145e-05
WDR66,8.489576e-05
C8orf88,8.486535e-05
SRSF2,8.4863466e-05
ZNF672,8.486059e-05
FAM198B-AS1,8.485957e-05
BTN2A2,8.485422e-05
TRMT10C,8.48405e-05
CYHR1,8.483952e-05
TOMM5,8.48392e-05
GRAMD4,8.4789805e-05
APPBP2,8.478499e-05
RFXANK,8.476673e-05
DCBLD2,8.476354e-05
SUMO2,8.4729865e-05
BLOC1S6,8.472977e-05
TRIM56,8.47112e-05
KLHL17,8.469579e-05
ZNF714,8.467665e-05
SMIM27,8.467419e-05
EXOSC7,8.463277e-05
GINS2,8.462707e-05
NIPA1,8.461785e-05
SMIM7,8.46115e-05
GOLIM4,8.460865e-05
C12orf57,8.460807e-05
HIST1H4J,8.4603314e-05
PLEKHG5,8.4596286e-05
BAZ1A,8.458998e-05
IKZF1,8.4583524e-05
SRSF4,8.457787e-05
COA1,8.456914e-05
S100A4,8.456518e-05
KDM2B,8.456334e-05
USP11,8.456206e-05
PRKCQ-AS1,8.454286e-05
BTBD7,8.45288e-05
CPXM1,8.4528656e-05
SLC35F2,8.448242e-05
UBP1,8.44779e-05
MICU2,8.447324e-05
AMD1,8.446642e-05
IARS,8.446188e-05
CEP128,8.444878e-05
HIBCH,8.44238e-05
ATP5MC1,8.4421736e-05
SCAND1,8.442039e-05
CDC45,8.441237e-05
TAF9,8.441207e-05
HIST1H4C,8.440904e-05
PTPRC,8.4387706e-05
NDUFAF1,8.4387655e-05
SSX2IP,8.437839e-05
DDX11,8.437616e-05
CEP44,8.436551e-05
TRAIP,8.4364794e-05
MGST2,8.43521e-05
TLK2,8.435132e-05
C15orf65,8.434331e-05
ZNF513,8.432181e-05
TCOF1,8.43155e-05
TMPO,8.4287196e-05
KLHDC2,8.4279396e-05
BRD7,8.424598e-05
SART1,8.422735e-05
HPF1,8.422488e-05
OSTM1,8.420107e-05
EIF2S3,8.4179155e-05
SNHG29,8.416887e-05
HMG20B,8.416507e-05
FAM227B,8.415928e-05
MPHOSPH8,8.4158615e-05
SLC18A2,8.4149164e-05
DHX40,8.413966e-05
GFM1,8.4125924e-05
CLEC2B,8.4106345e-05
HSPA1B,8.409774e-05
MAP3K14,8.409689e-05
CENPH,8.408306e-05
CNOT2,8.407857e-05
ZZEF1,8.407537e-05
ERP29,8.407265e-05
TCF7,8.407015e-05
RGS14,8.406918e-05
HEG1,8.4057174e-05
PAFAH1B1,8.404492e-05
ZNF778,8.403911e-05
PLSCR1,8.403426e-05
KIF18A,8.4013875e-05
NXF1,8.400344e-05
SEC61A1,8.399562e-05
TMEM164,8.399519e-05
PUS3,8.3993305e-05
ALCAM,8.398457e-05
LYRM2,8.3965744e-05
AC008443.1,8.3938015e-05
GMPS,8.393738e-05
TNFRSF4,8.389613e-05
TAF2,8.389197e-05
NFKBID,8.388564e-05
NEMP1,8.3874394e-05
DDX21,8.383585e-05
LAPTM4B,8.3817285e-05
RPF2,8.3808576e-05
DPH5,8.3798936e-05
HSPA14,8.378094e-05
SYNE3,8.374866e-05
NUP88,8.374468e-05
SPIN1,8.373784e-05
LAMTOR5,8.3736464e-05
JARID2,8.372431e-05
AP2B1,8.36898e-05
RGS19,8.36708e-05
ZBTB16,8.364539e-05
SLC25A35,8.364484e-05
CEBPD,8.364281e-05
EIF2S1,8.3640094e-05
RPS10,8.363457e-05
SUZ12,8.362657e-05
SNHG17,8.3624e-05
PITPNC1,8.356857e-05
RSL1D1,8.35671e-05
NSA2,8.356506e-05
CLINT1,8.3562845e-05
TERF1,8.355921e-05
OXLD1,8.3551284e-05
ZNF777,8.354766e-05
MAN2C1,8.3533545e-05
SRM,8.353054e-05
MPPED2,8.352514e-05
POLR2L,8.3504325e-05
ARF1,8.34864e-05
CHKB-DT,8.347638e-05
CROT,8.3471394e-05
ARHGDIB,8.3463136e-05
AL365436.2,8.345951e-05
HLA-A,8.345521e-05
PSMB2,8.344168e-05
PTPRF,8.342462e-05
SON,8.342151e-05
PSMB4,8.341598e-05
HMGN5,8.340689e-05
HOXA10,8.340637e-05
SNRPG,8.339738e-05
U2SURP,8.3394705e-05
ZBTB26,8.339442e-05
FKBP14,8.339405e-05
ZG16B,8.338039e-05
GALNT4,8.337643e-05
GOLGA8B,8.336553e-05
AP1S2,8.3356696e-05
GANAB,8.335223e-05
SUPT5H,8.335104e-05
TRIM22,8.334202e-05
ZNF146,8.331505e-05
SDR39U1,8.3302e-05
RPS3,8.329709e-05
ZDHHC2,8.327456e-05
CSNK2B,8.3246785e-05
SF3A3,8.3246196e-05
AHCY,8.324526e-05
HYLS1,8.32437e-05
TNFSF12,8.3220846e-05
SPSB3,8.319702e-05
UBE2C,8.318629e-05
PPT1,8.318143e-05
TAF5L,8.316348e-05
MINPP1,8.3161416e-05
LACTB,8.3157705e-05
ABHD17B,8.315005e-05
MT-CO1,8.312764e-05
TMEM143,8.3117106e-05
IFT74,8.309154e-05
RREB1,8.3051535e-05
STK4,8.304711e-05
TERT,8.304124e-05
CRCP,8.3013896e-05
SMAD1,8.30119e-05
EIF1AD,8.301083e-05
LRCH3,8.300976e-05
REPS1,8.300945e-05
MPRIP,8.300887e-05
JUN,8.298534e-05
ETFA,8.298285e-05
NOC2L,8.297534e-05
GNL2,8.296656e-05
TMEM268,8.2963874e-05
DHX9,8.2942075e-05
PCLAF,8.293592e-05
ACAA1,8.293458e-05
CREB3L2,8.292929e-05
ITGA4,8.291392e-05
OSBPL8,8.290663e-05
VKORC1L1,8.289878e-05
TSTD1,8.289496e-05
FOXN2,8.288919e-05
DOCK5,8.288685e-05
THUMPD1,8.287311e-05
SENP1,8.286482e-05
ATRIP,8.2849234e-05
ZC3H13,8.2845356e-05
WTAP,8.2844126e-05
APAF1,8.282233e-05
LEPROTL1,8.282155e-05
ABCD3,8.2774255e-05
CD82,8.272794e-05
IBTK,8.271905e-05
N4BP2L1,8.27184e-05
THOP1,8.269942e-05
CYB5B,8.2680715e-05
UBTD1,8.265871e-05
BEX4,8.2628496e-05
SPOP,8.262293e-05
SAFB,8.25916e-05
ZNF250,8.258219e-05
TRPT1,8.2580074e-05
PPP1R9B,8.257927e-05
OXA1L,8.257871e-05
MRPL54,8.253604e-05
FEZ2,8.252402e-05
ADCK2,8.2522e-05
STXBP5-AS1,8.2424194e-05
APPL1,8.242282e-05
GTF2F1,8.2421e-05
C1orf35,8.2387494e-05
RPP30,8.2361745e-05
FAM111B,8.233317e-05
ZFYVE19,8.232912e-05
RBM8A,8.2319275e-05
CCT4,8.231578e-05
ILK,8.23028e-05
ATF7IP,8.229224e-05
PSMD4,8.229111e-05
SERINC3,8.228965e-05
C8orf33,8.223733e-05
DCAF5,8.220362e-05
XRRA1,8.2198756e-05
TLE4,8.219571e-05
UBL7-AS1,8.21953e-05
TBCEL,8.217828e-05
MRGBP,8.217592e-05
H2AFY,8.217446e-05
FRMD4B,8.2169776e-05
LIG4,8.216743e-05
ORC3,8.216059e-05
ZNF230,8.215684e-05
NDUFS7,8.2147766e-05
ANKRD40,8.2143444e-05
TSN,8.207215e-05
ZMAT5,8.205696e-05
CSE1L,8.199613e-05
IMPACT,8.1989405e-05
MCL1,8.196932e-05
CIB1,8.19481e-05
RBBP9,8.194585e-05
GGCT,8.191275e-05
TMEM179B,8.1911065e-05
TRAPPC11,8.189203e-05
MRPS16,8.1880666e-05
RHOT1,8.1862425e-05
HRAS,8.185292e-05
CCSER2,8.185208e-05
SIKE1,8.1845894e-05
ATF6,8.1819104e-05
RUNX1,8.179533e-05
ABHD10,8.178667e-05
POLRMT,8.176371e-05
USP14,8.176036e-05
TNRC18,8.175654e-05
SZRD1,8.17547e-05
SERPINB6,8.174003e-05
ADK,8.173742e-05
ABCC5,8.172148e-05
PCGF5,8.1708095e-05
MIGA1,8.170264e-05
RAD51AP1,8.169912e-05
NDUFAF4,8.168201e-05
FARSA,8.168077e-05
PHF3,8.1675054e-05
MED24,8.166217e-05
ALKBH3,8.164907e-05
SNX11,8.161977e-05
USP8,8.161515e-05
YWHAH,8.159771e-05
KMT2E,8.159593e-05
PWP1,8.159504e-05
HIST1H3F,8.1563674e-05
KLF7,8.155358e-05
PNKD,8.154786e-05
ITPRIP,8.152154e-05
R3HDM2,8.151801e-05
GID8,8.1498416e-05
CHAF1B,8.149407e-05
PTPN1,8.148461e-05
BORA,8.145192e-05
DPF2,8.144434e-05
PSME2,8.142539e-05
NTPCR,8.1366416e-05
UROD,8.136005e-05
TRAPPC2L,8.135279e-05
ALKBH8,8.1323036e-05
TARS,8.1322e-05
RABEP2,8.1307924e-05
RAPH1,8.129685e-05
RELA-DT,8.129482e-05
ACAP2,8.1266684e-05
VSIG10,8.1265986e-05
AC093323.1,8.126441e-05
NGRN,8.1260405e-05
SSB,8.125383e-05
SCAI,8.125244e-05
CACUL1,8.123483e-05
CYP3A5,8.123364e-05
RPS16,8.121896e-05
GLT8D1,8.121622e-05
BMI1,8.12027e-05
PRDX2,8.118584e-05
LPCAT1,8.1164195e-05
NXT1,8.115856e-05
TXK,8.1125596e-05
SUCLG2,8.112488e-05
DCAF7,8.1121805e-05
LAT2,8.1118684e-05
NPEPPS,8.110056e-05
THOC1,8.108656e-05
DPH3,8.1053084e-05
AC005726.5,8.105064e-05
ASF1B,8.099706e-05
FAM3A,8.099636e-05
NAT9,8.099447e-05
CETN3,8.099045e-05
DNAJB11,8.0975384e-05
MRPL57,8.096472e-05
C1S,8.095888e-05
VMP1,8.092797e-05
MEX3B,8.0924474e-05
IQGAP1,8.092139e-05
PLTP,8.090356e-05
TBC1D9B,8.089754e-05
NAXE,8.089187e-05
OAS3,8.08825e-05
MYSM1,8.086765e-05
ARRB2,8.086105e-05
C2orf76,8.085808e-05
AC021188.1,8.085737e-05
NR2C2AP,8.085235e-05
EBP,8.083786e-05
CEP164,8.083701e-05
ALDH9A1,8.083359e-05
STIM1,8.077428e-05
RAB37,8.077359e-05
PHIP,8.076587e-05
TOE1,8.073378e-05
KLF6,8.072713e-05
GRB2,8.072251e-05
STT3B,8.071605e-05
TMF1,8.071558e-05
SRF,8.071286e-05
FAM72A,8.0709775e-05
GIHCG,8.070074e-05
TAGLN2,8.068304e-05
HSPE1,8.0680475e-05
SMDT1,8.065806e-05
TTC3,8.0653364e-05
TSPAN13,8.064975e-05
AC008035.1,8.064889e-05
LSG1,8.061877e-05
COPG1,8.0579084e-05
TMED10,8.0550235e-05
DSE,8.054955e-05
FKBP8,8.052383e-05
PHAX,8.052335e-05
ARMCX6,8.052242e-05
FANCI,8.0516074e-05
TEX15,8.051159e-05
HERC2,8.050103e-05
METTL5,8.049164e-05
AC021321.1,8.048795e-05
SMARCD2,8.047219e-05
KLHL21,8.0470505e-05
RPL31,8.046078e-05
AC016722.2,8.043393e-05
SLC25A4,8.040886e-05
HYAL2,8.040781e-05
MFSD14C,8.038168e-05
MBOAT7,8.0379694e-05
GSTP1,8.03627e-05
CALU,8.035123e-05
FAM104B,8.0347214e-05
CDADC1,8.031553e-05
SAT2,8.031304e-05
PTMS,8.0292455e-05
HNRNPA3,8.024404e-05
CISD3,8.023475e-05
NIPBL,8.023284e-05
NOC4L,8.023044e-05
ECI2,8.022729e-05
PLCG1,8.0212485e-05
CCT3,8.021004e-05
DDX39B,8.0165795e-05
AC068888.2,8.013997e-05
COMTD1,8.012918e-05
THOC2,8.011558e-05
LRRC75A,8.0115155e-05
KBTBD11,8.009392e-05
CD99,8.008241e-05
ENTR1,8.006232e-05
DDRGK1,8.0059515e-05
LYAR,8.005842e-05
RPRD2,8.005739e-05
G3BP1,8.004218e-05
COPS4,8.003355e-05
NDUFB5,8.001348e-05
DENND1B,8.001263e-05
KLHDC4,8.0008154e-05
PIGX,8.000716e-05
AKNA,7.998399e-05
ORMDL1,7.996971e-05
RELT,7.996945e-05
SGSM2,7.9969075e-05
PSME1,7.9960926e-05
NDUFAF8,7.9877515e-05
PARVB,7.985337e-05
SRRD,7.984752e-05
CBY1,7.984035e-05
NUTM2A-AS1,7.983767e-05
AC011462.5,7.981012e-05
FAM120B,7.979612e-05
OSER1-DT,7.9789905e-05
ELOVL5,7.976801e-05
MEAF6,7.975024e-05
ICAM2,7.971835e-05
USP9Y,7.9703226e-05
PAPOLA,7.967234e-05
AL050343.2,7.9666395e-05
ARCN1,7.964369e-05
PRKACB,7.959813e-05
PIK3CB,7.9564845e-05
YWHAG,7.95578e-05
ILVBL,7.954247e-05
GCSAML,7.952145e-05
CDKN1B,7.951239e-05
RHOG,7.9509016e-05
ACBD6,7.950671e-05
FAM234A,7.9489364e-05
MEIS1,7.947169e-05
TMEM167A,7.9471036e-05
SLC31A1,7.946002e-05
AC096667.1,7.9422476e-05
EXOG,7.9415986e-05
ZFR,7.939762e-05
AC005332.6,7.939716e-05
MTURN,7.939506e-05
UBR5-AS1,7.938006e-05
CCDC124,7.936521e-05
PRIM1,7.936262e-05
IMPA1,7.934711e-05
MRPL18,7.9329395e-05
DANCR,7.932782e-05
VWA1,7.932194e-05
MIEF1,7.929528e-05
CCP110,7.927627e-05
RPS7,7.927312e-05
PLSCR4,7.927104e-05
VAV2,7.924536e-05
NHP2,7.923185e-05
ACO2,7.922431e-05
LLGL1,7.921714e-05
FNBP1,7.921656e-05
HMG20A,7.919884e-05
TXLNB,7.918787e-05
RPL35,7.917895e-05
CLK2,7.9177276e-05
ARNT,7.917228e-05
ASL,7.91673e-05
CREB1,7.9147045e-05
SLC23A2,7.9143625e-05
ZNF471,7.912813e-05
RAB9B,7.9121106e-05
HMGA1,7.912007e-05
ACOT8,7.910986e-05
DENND4C,7.910873e-05
GTPBP1,7.910008e-05
MAGT1,7.909118e-05
ENSA,7.908106e-05
PHF10,7.906693e-05
ZNF695,7.905762e-05
NCAPD3,7.902246e-05
RYBP,7.902192e-05
FADS1,7.901766e-05
PROS1,7.90114e-05
MYDGF,7.899603e-05
ATPAF2,7.899363e-05
EXD3,7.897743e-05
ADRM1,7.89761e-05
DLC1,7.896821e-05
NAGA,7.894511e-05
RFK,7.8938705e-05
REXO4,7.893593e-05
XXYLT1-AS2,7.89289e-05
SLFN5,7.892394e-05
DET1,7.889636e-05
ZNF397,7.885265e-05
STOM,7.8852194e-05
CSNK1G1,7.8829275e-05
SLC35F5,7.880412e-05
TUFM,7.8802004e-05
TAF4B,7.8792094e-05
SPTLC1,7.877866e-05
C1orf174,7.875727e-05
MED27,7.868554e-05
TSPYL1,7.8680554e-05
MPO,7.864686e-05
COX7C,7.864177e-05
VAMP5,7.864073e-05
ABCF3,7.863751e-05
SMIM15,7.86223e-05
FBXL8,7.8614255e-05
TIRAP,7.859218e-05
UXT,7.858762e-05
ZNF518A,7.855846e-05
SPDL1,7.8540535e-05
KRT18,7.852757e-05
LRMDA,7.852728e-05
SPATA5,7.849898e-05
PAF1,7.8495905e-05
ZNF33A,7.846632e-05
TMEM19,7.845521e-05
FAM98A,7.844776e-05
GBP4,7.841435e-05
CSDE1,7.8412944e-05
CTSW,7.8406454e-05
SNRPA,7.840091e-05
TMX2,7.835657e-05
TIMM9,7.834867e-05
HSD17B12,7.8307196e-05
MRFAP1,7.8296536e-05
DIAPH1,7.828839e-05
STRAP,7.828603e-05
SPOCK3,7.828349e-05
MCMBP,7.827416e-05
DHX38,7.825382e-05
OTUD6B-AS1,7.825299e-05
FHL1,7.825253e-05
SLA,7.824654e-05
MYO1E,7.8233694e-05
RASAL2-AS1,7.822618e-05
AKAP13,7.8201796e-05
LGALS9,7.8191915e-05
POLR2I,7.8189216e-05
GLRX2,7.817606e-05
TM9SF3,7.8175326e-05
HDGFL2,7.817043e-05
BCL10,7.816667e-05
STX10,7.814991e-05
AHI1,7.8121586e-05
CTNS,7.811671e-05
CCL28,7.810675e-05
DCAF15,7.8101344e-05
CHMP3,7.808972e-05
PCSK7,7.806595e-05
FBXO28,7.8058176e-05
RALGAPA2,7.80534e-05
CDK13,7.804377e-05
CHMP2A,7.803127e-05
TP53I3,7.802092e-05
TBCB,7.8009994e-05
MRPS14,7.800003e-05
UBR1,7.798729e-05
TRMO,7.79806e-05
ZNF23,7.795831e-05
KLHL9,7.794477e-05
BTG2,7.793336e-05
BRPF1,7.792547e-05
AL359513.1,7.79248e-05
ZBTB8A,7.7924065e-05
HDC,7.7907105e-05
COPS6,7.789827e-05
ZNF10,7.789217e-05
TTC9C,7.7876386e-05
TBC1D20,7.785427e-05
MRE11,7.784361e-05
SAR1B,7.7839286e-05
PSMC6,7.7838304e-05
ARRDC1-AS1,7.781531e-05
ACBD3,7.780679e-05
DYNLT3,7.778007e-05
TGOLN2,7.776442e-05
SSBP1,7.7728066e-05
DGKG,7.768174e-05
RPS12,7.76805e-05
STAU1,7.762352e-05
TIPARP,7.760841e-05
RTL8C,7.7586636e-05
PPM1A,7.756192e-05
POLR3H,7.7535085e-05
PCNT,7.7522775e-05
SMC2,7.751722e-05
ISG15,7.751661e-05
BUB3,7.751076e-05
MTF2,7.7505145e-05
POP5,7.747644e-05
FTL,7.746008e-05
HDAC1,7.745467e-05
MIR17HG,7.743027e-05
LAMC1,7.7411874e-05
PITHD1,7.7406956e-05
XPC,7.740124e-05
NIBAN2,7.739922e-05
EIF3I,7.739773e-05
GCAT,7.7355384e-05
SH3BGRL3,7.7354845e-05
PDCD2,7.734256e-05
AC118549.1,7.729279e-05
OSTC,7.727741e-05
ITGB2,7.727029e-05
USP36,7.72667e-05
TAPT1,7.725401e-05
AC004241.3,7.7253244e-05
CEBPZOS,7.723927e-05
MAP2K2,7.722725e-05
SNRPA1,7.72222e-05
C2CD3,7.718945e-05
GALM,7.7189376e-05
C19orf53,7.717283e-05
FASTKD3,7.716156e-05
SNAPC1,7.716035e-05
IL12RB2,7.710272e-05
AP2A1,7.709948e-05
BTN3A2,7.709532e-05
CNOT3,7.7090925e-05
ZCRB1,7.707642e-05
IMPDH2,7.7075536e-05
DLG1,7.705721e-05
AC008105.3,7.7040684e-05
PJA2,7.7036144e-05
FIS1,7.70235e-05
RARS2,7.699123e-05
TMEM141,7.698867e-05
FAM3C,7.696791e-05
NIPBL-DT,7.694637e-05
NT5C3B,7.693551e-05
LIMD2,7.6933815e-05
MFGE8,7.6933604e-05
SEC23IP,7.693208e-05
LYZ,7.6926466e-05
ARG2,7.69201e-05
HNRNPK,7.691961e-05
TAOK3,7.6907294e-05
PIP4K2C,7.6895834e-05
BAHD1,7.6890174e-05
NR2C2,7.6886805e-05
TTC8,7.6880526e-05
FBXW11,7.687748e-05
CDC42SE2,7.687536e-05
ITM2C,7.684838e-05
CCDC88C,7.68271e-05
KBTBD3,7.682658e-05
ARHGAP11A,7.680382e-05
AP000873.2,7.679608e-05
RAD1,7.679101e-05
GPANK1,7.67881e-05
CFL1,7.674114e-05
MGME1,7.6737546e-05
CSNK2A1,7.670214e-05
SAC3D1,7.6672695e-05
SFSWAP,7.667088e-05
NSL1,7.6626915e-05
GADD45A,7.661589e-05
AL158206.1,7.661377e-05
YTHDF1,7.659607e-05
RSPRY1,7.659292e-05
ABHD2,7.657913e-05
TMEM256,7.657632e-05
PRPF6,7.655846e-05
DCK,7.655323e-05
HOXA4,7.655116e-05
NOP10,7.654924e-05
SYK,7.653548e-05
ZBTB44,7.652517e-05
RAB5IF,7.652087e-05
MPV17L2,7.649049e-05
CD48,7.648385e-05
RNF167,7.648289e-05
NSD3,7.6468445e-05
ARHGAP5,7.645804e-05
ILRUN,7.643603e-05
FANCL,7.6416574e-05
DNAJC7,7.641441e-05
QSOX1,7.641187e-05
MCFD2,7.640205e-05
PRELID3B,7.6398406e-05
SAE1,7.6389726e-05
COG1,7.6384e-05
ICA1,7.63642e-05
NPM3,7.6355165e-05
TBC1D1,7.631907e-05
METTL23,7.630311e-05
KIAA0319L,7.629144e-05
JADE3,7.628778e-05
IL3RA,7.628517e-05
NBR1,7.627998e-05
EIF4E2,7.6264754e-05
AC004687.1,7.6264245e-05
TP53BP2,7.6254386e-05
VDAC1,7.625398e-05
DPY30,7.6240285e-05
SFPQ,7.6232885e-05
ZC3H15,7.622911e-05
C20orf27,7.62164e-05
STK17A,7.61875e-05
FAM32A,7.614658e-05
ARHGAP22,7.613982e-05
PAN3,7.612412e-05
PIGN,7.6110264e-05
TADA2A,7.610869e-05
TOGARAM1,7.610772e-05
NACA,7.60867e-05
RHOA,7.608413e-05
TCEA2,7.6077755e-05
DUSP2,7.6069824e-05
CDCA8,7.605463e-05
RALGPS2,7.6033706e-05
RNF24,7.6017e-05
STARD3NL,7.601514e-05
CCNF,7.600136e-05
VAMP2,7.598178e-05
PSMA7,7.596319e-05
ZDHHC9,7.595902e-05
PLXND1,7.595725e-05
MAF1,7.5951924e-05
CNTROB,7.5935764e-05
PIGW,7.590837e-05
XRCC5,7.5893586e-05
IL16,7.588529e-05
RUNX2,7.587827e-05
MOCS2,7.584901e-05
PHC1,7.582894e-05
KATNB1,7.580311e-05
DDX23,7.579749e-05
ZNF593,7.57795e-05
ZNF26,7.57738e-05
CXCR4,7.5769036e-05
CD53,7.576028e-05
DDHD1,7.575801e-05
FOXP1,7.575707e-05
BUB1B,7.571718e-05
HLA-C,7.566989e-05
HECTD1,7.563532e-05
BRMS1,7.562797e-05
GPR85,7.5607924e-05
EP400,7.5602686e-05
RBM42,7.5599135e-05
SNX15,7.551573e-05
EPC2,7.551138e-05
LITAF,7.5510434e-05
MSRA,7.5495336e-05
PLEKHF1,7.5475626e-05
MBTD1,7.54523e-05
ING1,7.544635e-05
MKNK2,7.5438846e-05
TCEAL9,7.542786e-05
FAM204A,7.541997e-05
DCTN1,7.541641e-05
TEX261,7.541339e-05
CIP2A,7.5412965e-05
STARD5,7.538406e-05
RAC2,7.537909e-05
TAF13,7.53768e-05
ESCO1,7.5376214e-05
GMFB,7.537378e-05
ISYNA1,7.537088e-05
SFT2D2,7.5369775e-05
TLR6,7.529606e-05
MRPS25,7.528116e-05
AGPAT2,7.527508e-05
SMCR8,7.5260665e-05
DNAJC8,7.525004e-05
RAB18,7.52292e-05
CNNM3,7.5217766e-05
DEPDC1,7.521741e-05
DDX5,7.520231e-05
GOLM1,7.520001e-05
SNRPD1,7.519964e-05
RESF1,7.5187854e-05
KIAA0087,7.518238e-05
TOX,7.5182e-05
JPX,7.516776e-05
BOLA3,7.516372e-05
MCF2L2,7.514606e-05
CDK4,7.514094e-05
MTHFS,7.513541e-05
GTPBP6,7.51139e-05
DEK,7.511023e-05
VPS41,7.5098884e-05
HSD17B4,7.508752e-05
SSR3,7.5084936e-05
TPM4,7.508069e-05
TSC22D1,7.506038e-05
IGFBP6,7.50384e-05
DDX3Y,7.503461e-05
PAWR,7.501245e-05
WDR83OS,7.5003394e-05
CEP68,7.500312e-05
NSUN6,7.4995194e-05
STN1,7.496856e-05
CHURC1,7.495764e-05
BOD1,7.495402e-05
HLA-DRB1,7.4948606e-05
SRPK1,7.4925374e-05
CD2AP,7.491703e-05
TRIM25,7.49101e-05
EID2,7.486802e-05
CD99L2,7.486189e-05
GPS2,7.4846845e-05
NDUFS1,7.484192e-05
OCRL,7.482941e-05
CXXC5,7.4818505e-05
AC090152.1,7.481619e-05
LINC02334,7.480256e-05
NUP133,7.478249e-05
ITPR2,7.47778e-05
DMXL1,7.475113e-05
HSPBAP1,7.471226e-05
P2RY11,7.471042e-05
SLC25A16,7.470935e-05
AC142472.1,7.4699696e-05
AC006504.7,7.465816e-05
SSBP3,7.462767e-05
ZNF691,7.458985e-05
MESP1,7.458924e-05
TMEM258,7.457642e-05
RRM1,7.457164e-05
TTC27,7.455698e-05
IQGAP2,7.454648e-05
GDI2,7.452591e-05
PPP1R35,7.4516014e-05
SF3B1,7.451159e-05
SELENOT,7.450716e-05
PTPMT1,7.4496864e-05
HIP1R,7.448926e-05
FNDC3A,7.44852e-05
PMF1,7.4482414e-05
RP2,7.442612e-05
EBNA1BP2,7.442472e-05
ANAPC1,7.4420335e-05
TOR1A,7.4414675e-05
AC127521.1,7.441215e-05
SEMA4C,7.440378e-05
DGUOK,7.439843e-05
SRP14-AS1,7.437321e-05
TPST2,7.4349344e-05
AC017100.1,7.434611e-05
SEC22A,7.434164e-05
GLTP,7.4334865e-05
CCDC77,7.4334675e-05
TRIT1,7.4330346e-05
TRAPPC3,7.433033e-05
TSG101,7.430482e-05
TEX264,7.430292e-05
JUND,7.4290525e-05
CSNK1E,7.427801e-05
PGK1,7.4265e-05
DEPDC4,7.4252916e-05
USF2,7.424529e-05
CBL,7.4236894e-05
TTC17,7.422667e-05
MRPS5,7.4224154e-05
MORN1,7.4209616e-05
COQ4,7.420953e-05
MAGI2-AS3,7.4200354e-05
RAMAC,7.419929e-05
PMS2,7.417685e-05
MCM10,7.4154836e-05
ARPC1B,7.415391e-05
ZBTB20,7.4144904e-05
CPT1A,7.4141426e-05
SOX12,7.4140466e-05
DDX18,7.413441e-05
EXTL2,7.40847e-05
LINC02384,7.4079704e-05
ACIN1,7.407702e-05
MESD,7.407457e-05
LSM12,7.407448e-05
MICAL2,7.407019e-05
ALDH3A2,7.406473e-05
TSPAN3,7.4064475e-05
RTCA,7.405521e-05
GAB3,7.398362e-05
RBM14,7.3979165e-05
EIF2D,7.397707e-05
CDC20,7.3947915e-05
CIAO1,7.394778e-05
CCND2,7.394417e-05
RDX,7.394064e-05
MAP1S,7.3932904e-05
AL450306.1,7.391434e-05
CANX,7.39123e-05
AC009120.2,7.391021e-05
USP9X,7.386264e-05
RNF6,7.385355e-05
MTERF2,7.3848816e-05
MAK16,7.382237e-05
PPP1R3D,7.382141e-05
TRIP13,7.3820025e-05
SND1,7.380573e-05
E2F1,7.378234e-05
C11orf71,7.377264e-05
AKAP9,7.375345e-05
CCT8,7.3752446e-05
NEK5,7.3749834e-05
TNPO3,7.372307e-05
AL135925.1,7.3702555e-05
GCLM,7.370083e-05
FBP1,7.369812e-05
ZNF738,7.368795e-05
GPBP1,7.3687355e-05
RNF220,7.367469e-05
GPN2,7.367223e-05
SDF2,7.365919e-05
HDAC7,7.365166e-05
KCTD21,7.3601455e-05
C9orf78,7.358567e-05
USP27X,7.357402e-05
PIK3R5,7.3557036e-05
RBFA,7.355208e-05
GBA,7.354274e-05
UBE2O,7.35377e-05
SLC25A36,7.353367e-05
KLHL42,7.353057e-05
PPP1R8,7.351299e-05
PDCD10,7.348094e-05
TNFRSF1B,7.348059e-05
ZFX,7.3476054e-05
DNMBP,7.346347e-05
DAXX,7.344654e-05
JTB,7.343797e-05
GLRX5,7.338529e-05
MTFMT,7.337966e-05
SLC24A1,7.334211e-05
WDR11,7.3339615e-05
CRTC3,7.333874e-05
MT-ND5,7.333357e-05
KIF1BP,7.332953e-05
NSUN5,7.329082e-05
PCID2,7.32844e-05
BIN1,7.327683e-05
GHDC,7.3270356e-05
TYW3,7.326301e-05
RSBN1L,7.325974e-05
FADS2,7.324906e-05
PLXNC1,7.323894e-05
METTL14,7.323182e-05
AC096677.1,7.323079e-05
BOP1,7.322565e-05
CTSC,7.321601e-05
CDKN2AIPNL,7.320658e-05
PHF20L1,7.3196046e-05
PPP3CA,7.3179406e-05
SLC35A3,7.31705e-05
AL512329.2,7.3164934e-05
NOA1,7.314858e-05
CDCA4,7.3086325e-05
STK38,7.306323e-05
SLC16A10,7.3041745e-05
SHKBP1,7.303222e-05
FOXRED1,7.30214e-05
UQCRH,7.300833e-05
RAB34,7.298634e-05
ERAL1,7.29784e-05
CCDC6,7.297774e-05
ANKRD13D,7.296565e-05
CDK5RAP2,7.2947696e-05
RPN2,7.29394e-05
THRAP3,7.293304e-05
AL118516.1,7.293139e-05
SMIM30,7.292443e-05
SECISBP2L,7.2923205e-05
NDUFAF6,7.2916875e-05
NUF2,7.2909825e-05
RIOK3,7.2905415e-05
MTFR1,7.289543e-05
CAPZA1,7.288252e-05
FYB1,7.28782e-05
COPG2,7.2864335e-05
DPP7,7.286055e-05
ALYREF,7.284766e-05
CASP6,7.2806455e-05
MTAP,7.279624e-05
MCAT,7.279053e-05
DDAH2,7.278903e-05
LMO7,7.278883e-05
TMEM273,7.278532e-05
CCDC59,7.277018e-05
ORAI2,7.275979e-05
REV3L,7.27571e-05
STK10,7.275622e-05
GABARAPL1,7.2736875e-05
RBX1,7.2726514e-05
PPP3CC,7.2694274e-05
TEX2,7.268785e-05
CDIP1,7.267417e-05
ZFY,7.265442e-05
NUP62,7.264009e-05
SHQ1,7.257741e-05
MEST,7.256767e-05
PDCD6IP,7.2554336e-05
NAB1,7.25188e-05
SNX24,7.251206e-05
PBRM1,7.250741e-05
HINT2,7.246016e-05
ZFPM1,7.245439e-05
RHOU,7.244714e-05
ARMH1,7.244138e-05
EIF4G2,7.2435025e-05
HAUS3,7.2408366e-05
PSMG3,7.240422e-05
ITPRIPL2,7.2395684e-05
LAPTM5,7.239183e-05
AP2A2,7.238718e-05
FAM49B,7.236163e-05
BTBD6,7.235823e-05
AMZ2,7.234469e-05
SEC63,7.234117e-05
NRAS,7.233388e-05
LRRC47,7.2332645e-05
ZNF827,7.230808e-05
UBE2D1,7.227528e-05
TP53RK,7.226602e-05
NFATC2,7.2257004e-05
AGAP3,7.2242205e-05
RPL21,7.223629e-05
ATXN7L3B,7.223584e-05
TOMM7,7.222263e-05
DOHH,7.222203e-05
TTPAL,7.218942e-05
SNHG6,7.218005e-05
XPO4,7.21792e-05
GALNT12,7.2161034e-05
YAE1,7.2149065e-05
DDX41,7.214738e-05
BAZ2B,7.2118804e-05
RAB6A,7.20463e-05
NOM1,7.204426e-05
DEF8,7.202435e-05
AC006504.5,7.2020484e-05
RNASE6,7.201624e-05
CHMP4A,7.2007235e-05
ZNF331,7.198471e-05
MPC2,7.198263e-05
MIPEP,7.1981405e-05
CLU,7.198137e-05
COX6C,7.1978466e-05
RNASEH1,7.1965056e-05
DNAH14,7.1950824e-05
CHST12,7.1937684e-05
TMEM203,7.1933275e-05
DDX54,7.190463e-05
TMEM69,7.189246e-05
ARAF,7.188034e-05
PDPR,7.186762e-05
CDKN2D,7.186298e-05
ARL5B,7.184022e-05
ANKRD33B,7.179294e-05
GOLGA3,7.178408e-05
RPS6,7.1776194e-05
WDR82,7.177227e-05
SVBP,7.1766015e-05
SGPL1,7.175833e-05
FLVCR1-DT,7.174935e-05
CCM2,7.173744e-05
NOB1,7.170328e-05
CAND1,7.1689064e-05
ZNF28,7.166256e-05
ENOSF1,7.1649454e-05
HARS,7.164598e-05
DAP,7.164014e-05
LHFPL6,7.162381e-05
HSD17B11,7.161245e-05
TUBGCP5,7.160666e-05
TRAPPC2B,7.160186e-05
NCOA5,7.1601804e-05
NCAPD2,7.159348e-05
UBQLN1,7.158392e-05
PBDC1,7.1581904e-05
POU5F2,7.154757e-05
TFAM,7.154579e-05
MTHFD1,7.154447e-05
KPNA6,7.154125e-05
NCK1,7.151835e-05
EIF4G1,7.150204e-05
SPATS2,7.145759e-05
PLEKHA8,7.142995e-05
FUS,7.142785e-05
ZNF862,7.142064e-05
DCAF1,7.1420465e-05
GUSB,7.1405644e-05
FAM20C,7.1389324e-05
H3F3A,7.1376126e-05
YLPM1,7.137477e-05
PRDM8,7.137408e-05
ELMO1,7.134731e-05
TTC4,7.131823e-05
AKIRIN2,7.131648e-05
DPYSL2,7.129871e-05
INTS2,7.1295195e-05
SEPTIN6,7.1294526e-05
WDSUB1,7.127752e-05
PTBP2,7.126915e-05
IFI30,7.1254944e-05
RMI2,7.125382e-05
PABPN1,7.1248054e-05
SAP18,7.124651e-05
AGFG2,7.1226015e-05
Z97192.2,7.1186405e-05
RPS6KB1,7.1171155e-05
INO80E,7.116002e-05
C5orf51,7.115146e-05
SNX9,7.114449e-05
CDK2,7.11214e-05
ST6GALNAC3,7.1106864e-05
ZBTB48,7.10913e-05
NCF4,7.1076465e-05
VCPKMT,7.1074166e-05
RBM3,7.1058654e-05
NBEAL1,7.1046e-05
DNAJC15,7.104233e-05
FUNDC1,7.104045e-05
SMG7,7.102959e-05
MAFG,7.101414e-05
RPL38,7.10067e-05
PABPC4,7.100233e-05
RTF2,7.0992384e-05
CCDC93,7.098259e-05
UTP23,7.09655e-05
ANTXR2,7.0964226e-05
PPP2R5E,7.094945e-05
STX12,7.092742e-05
MDP1,7.087929e-05
TM9SF2,7.087221e-05
NOL7,7.0871785e-05
TMEM189,7.08676e-05
MAP3K4,7.085516e-05
ACAA2,7.085136e-05
NUP37,7.082987e-05
MMP25-AS1,7.081543e-05
RALGPS1,7.080803e-05
NUTM2B-AS1,7.079212e-05
MRPS30-DT,7.079182e-05
SH3BP2,7.077877e-05
GNAI2,7.076921e-05
PPM1G,7.076904e-05
PSIP1,7.0764094e-05
TM2D2,7.076244e-05
RAPGEF1,7.0750655e-05
SYMPK,7.0748625e-05
CASC4,7.074775e-05
RALA,7.074557e-05
ATF2,7.074209e-05
ZNF516,7.07267e-05
COLGALT1,7.072209e-05
CTPS2,7.071751e-05
TRAPPC2,7.0715236e-05
DRG2,7.071189e-05
PFDN2,7.070469e-05
MYH10,7.070339e-05
TMEM106C,7.069908e-05
NFYC,7.0694005e-05
MRPL48,7.0676986e-05
SPAG16,7.067254e-05
GALT,7.066828e-05
ZNF583,7.0666385e-05
CASC3,7.066628e-05
SNRNP25,7.064896e-05
DNAJB14,7.062642e-05
FAM210A,7.0624985e-05
TAF1C,7.062311e-05
PCYOX1L,7.061813e-05
SMARCC2,7.060871e-05
NOMO1,7.060267e-05
PRKAG1,7.057303e-05
NT5M,7.056911e-05
RPIA,7.0564725e-05
LPXN,7.055838e-05
AAR2,7.0552785e-05
SCMH1,7.0537986e-05
WRNIP1,7.053222e-05
FAAP20,7.05174e-05
GPR108,7.051557e-05
RCE1,7.051431e-05
COPS7A,7.050485e-05
NUBP1,7.0476184e-05
NFIC,7.047203e-05
TMEM165,7.046233e-05
RNASE2,7.0454e-05
THRA,7.041487e-05
RXYLT1,7.039875e-05
CALM2,7.039691e-05
DDOST,7.039188e-05
SELENOK,7.0388705e-05
DUSP10,7.036739e-05
RPL39,7.034384e-05
MRPS18B,7.0329545e-05
AXIN1,7.032542e-05
NR2C1,7.032276e-05
KIAA0232,7.031768e-05
BDH1,7.030394e-05
ZNF174,7.02918e-05
AC010359.3,7.029167e-05
SEMA7A,7.0270544e-05
KIF21A,7.0255126e-05
MED30,7.023919e-05
MTCH1,7.022669e-05
WASHC4,7.022583e-05
PHKB,7.021984e-05
WASIR1,7.0205686e-05
DAAM1,7.019029e-05
CD58,7.0188966e-05
ITGB1BP1,7.018086e-05
GOT1,7.017444e-05
AIF1,7.0161375e-05
SNX27,7.014885e-05
SCRN3,7.014621e-05
RPAP2,7.014432e-05
MYL12A,7.013803e-05
SLC20A1,7.0136426e-05
PLPP5,7.01202e-05
ARPC4,7.010509e-05
ZNF652,7.009943e-05
POLA1,7.00805e-05
MASTL,7.0075585e-05
CHCHD1,7.007479e-05
SLC25A45,7.0052294e-05
PDXDC1,7.00351e-05
CACNA1A,7.0032605e-05
KYAT3,7.001166e-05
ID2,6.9993635e-05
PCNA,6.998955e-05
ABHD18,6.9962996e-05
BX255925.3,6.996044e-05
RAD21,6.995879e-05
ALAD,6.9933565e-05
SSBP2,6.99299e-05
CTNNBL1,6.9925525e-05
DSG2,6.987719e-05
AL355075.4,6.9874084e-05
KEAP1,6.985166e-05
SPC24,6.981612e-05
RFT1,6.9811824e-05
ACSL4,6.9805916e-05
EML4,6.980131e-05
AIG1,6.97919e-05
EDF1,6.9786984e-05
CD34,6.975565e-05
MACO1,6.9738344e-05
MZT1,6.9737645e-05
CFHR1,6.972842e-05
TMEM205,6.972523e-05
AGPAT1,6.9665024e-05
KMT2A,6.9639005e-05
MED15,6.963668e-05
AMER1,6.9627145e-05
EEF2K,6.962514e-05
NUDCD1,6.9619586e-05
C17orf67,6.9604226e-05
CLYBL,6.959953e-05
GTF2H2,6.956665e-05
GMPR,6.9557515e-05
STXBP2,6.955139e-05
PRKAA1,6.952815e-05
UBE4B,6.9524525e-05
DDX51,6.951887e-05
EPG5,6.951735e-05
TOP3A,6.951066e-05
RRP15,6.94916e-05
POGZ,6.9456146e-05
KANSL1,6.944457e-05
CENPV,6.9402864e-05
SBDS,6.939054e-05
RALB,6.938036e-05
GLB1,6.9374066e-05
PLGRKT,6.93691e-05
DPPA4,6.9367015e-05
MARK2,6.93603e-05
ZNHIT2,6.934604e-05
BTG1,6.934207e-05
RAB13,6.931987e-05
NCSTN,6.930554e-05
MTPAP,6.929654e-05
MRPL49,6.929428e-05
HBS1L,6.9288144e-05
DEF6,6.928366e-05
SMURF2,6.928223e-05
ATP23,6.927306e-05
SNHG19,6.9267575e-05
TTC39B,6.925257e-05
AC156455.1,6.925253e-05
TERF2IP,6.9241236e-05
DHCR24,6.923613e-05
PREP,6.923209e-05
SRRM1,6.9227186e-05
TRIAP1,6.92221e-05
PIGM,6.9211485e-05
NADK2,6.920728e-05
UMPS,6.918882e-05
SYNJ2BP,6.916776e-05
SPAST,6.9161935e-05
MIER3,6.915507e-05
SLC25A51,6.9147645e-05
NUDCD3,6.912386e-05
KLF3-AS1,6.911305e-05
ATP6AP1L,6.909577e-05
RPS6KA5,6.909576e-05
SMIM24,6.9092464e-05
NIBAN1,6.909006e-05
SLC39A3,6.907224e-05
ASB16-AS1,6.903855e-05
PEX2,6.901379e-05
ZNF131,6.901011e-05
TAX1BP1,6.899064e-05
ZNF175,6.897842e-05
NUP210,6.897287e-05
NNT-AS1,6.897018e-05
PHACTR2,6.895357e-05
ADNP2,6.8944515e-05
POP4,6.89394e-05
RPL8,6.893892e-05
INTS3,6.8933245e-05
SESTD1,6.891821e-05
NRBF2,6.890231e-05
WDYHV1,6.890223e-05
CUL2,6.8897345e-05
CEBPZ,6.88944e-05
PTS,6.887688e-05
FANCD2,6.887562e-05
CCDC26,6.88554e-05
SIRPA,6.883704e-05
ACYP1,6.883646e-05
CCNL2,6.8835434e-05
NCL,6.8802685e-05
DMAC2L,6.87959e-05
MRPL4,6.8787485e-05
FNBP4,6.876318e-05
KTN1-AS1,6.876105e-05
AL391069.2,6.872854e-05
POM121C,6.870736e-05
NLRC3,6.870113e-05
TMEM161B-AS1,6.86681e-05
SOD1,6.8653324e-05
AKAP8L,6.864496e-05
C1GALT1,6.8644265e-05
STAT5A,6.863563e-05
VPS13D,6.863545e-05
TWNK,6.861506e-05
GSTK1,6.8610025e-05
LRRFIP2,6.859641e-05
FAM162A,6.8595065e-05
NOP53,6.8594185e-05
TGS1,6.858559e-05
C4orf33,6.857564e-05
UBTD2,6.856433e-05
RTF1,6.855324e-05
COMMD7,6.853198e-05
FAM160B1,6.853129e-05
BBIP1,6.851088e-05
ZNF580,6.850799e-05
NOLC1,6.849834e-05
TBC1D16,6.848874e-05
GTF3C4,6.846528e-05
RAB3IP,6.843363e-05
TOMM20,6.842647e-05
MCRIP2,6.842147e-05
UBXN2B,6.84145e-05
DCUN1D4,6.840901e-05
PPP1R7,6.838122e-05
SLC16A1,6.837748e-05
RPL27,6.8369794e-05
SACS,6.832572e-05
ZCCHC2,6.832028e-05
TPCN1,6.8318266e-05
HACL1,6.830448e-05
GTF2IRD2,6.830091e-05
PTPN7,6.828288e-05
DCXR,6.826958e-05
SNX2,6.82574e-05
CWC15,6.8251575e-05
GNPTG,6.824181e-05
ENO1,6.819164e-05
PSMC2,6.8166904e-05
ANTKMT,6.8135436e-05
ITFG2,6.813351e-05
MFSD11,6.812438e-05
AC010615.2,6.811824e-05
MADD,6.8088775e-05
DYRK2,6.808709e-05
KIZ,6.8070556e-05
JMY,6.806905e-05
SENP6,6.805757e-05
DCAF4,6.805741e-05
CCDC66,6.8034155e-05
RAB1A,6.800393e-05
VTI1B,6.80029e-05
AC009318.1,6.800014e-05
PSMC5,6.798892e-05
CPPED1,6.796951e-05
SOCS2-AS1,6.7962224e-05
MRPL11,6.793873e-05
ELP5,6.7933084e-05
BLVRB,6.7924564e-05
CD9,6.790864e-05
TTC21B,6.785078e-05
SLC43A1,6.7831905e-05
NUMB,6.783167e-05
MED18,6.7818844e-05
ELP1,6.781559e-05
OPA1,6.780795e-05
ATG10,6.7794805e-05
ZMIZ2,6.779254e-05
PPDPF,6.77924e-05
ITPR1,6.779237e-05
PRR14,6.7782894e-05
EZR,6.778048e-05
INO80D,6.77723e-05
HNRNPD,6.776398e-05
OTUD4,6.77469e-05
ALDH1B1,6.774613e-05
DDT,6.774471e-05
RABGAP1,6.774403e-05
TOMM22,6.772576e-05
IRGQ,6.7720226e-05
THG1L,6.769602e-05
EXOC3,6.768747e-05
SGO2,6.767562e-05
STAG3,6.764652e-05
MCM3,6.763662e-05
RPL18,6.7634566e-05
HPS5,6.761496e-05
LRRC8D,6.760586e-05
ZFP36,6.7571396e-05
QSER1,6.756592e-05
ZNF83,6.75385e-05
CAPN1,6.75352e-05
IDH3G,6.752126e-05
TMCC1,6.7508285e-05
PARP1,6.7484005e-05
HOMEZ,6.74639e-05
ZC3H8,6.745938e-05
FKBP11,6.744232e-05
GMEB1,6.742934e-05
IQSEC1,6.742011e-05
SBNO1,6.740304e-05
XRN1,6.739263e-05
CHCHD7,6.739229e-05
AC159540.2,6.737289e-05
ZNF708,6.736132e-05
CYB5D1,6.735472e-05
POLR2H,6.7352834e-05
PDZD11,6.7336405e-05
MOSMO,6.732889e-05
LRP2,6.731708e-05
TELO2,6.731695e-05
ELMOD2,6.731573e-05
BRI3BP,6.731302e-05
RUNX3,6.731031e-05
FBXO11,6.7306646e-05
NORAD,6.7283865e-05
APEH,6.727845e-05
SCAF11,6.727744e-05
AFF4,6.722037e-05
IFT52,6.721991e-05
CACNB2,6.720881e-05
C12orf45,6.719358e-05
GAS5,6.71857e-05
CDKN2AIP,6.717731e-05
KANSL1-AS1,6.7168345e-05
ARL4A,6.7145265e-05
AP5M1,6.713913e-05
PRR13,6.713856e-05
CSTF3,6.7124434e-05
RPRD1A,6.709591e-05
YTHDF3,6.7091634e-05
COX7A2,6.706519e-05
PAPSS1,6.705615e-05
CLK1,6.7044326e-05
MPLKIP,6.703722e-05
SGMS1-AS1,6.7031426e-05
UBE2E1,6.702175e-05
ZMYM1,6.702017e-05
GPSM1,6.701362e-05
FAM177A1,6.700488e-05
KDM3B,6.699444e-05
BATF3,6.698942e-05
POLR2K,6.6987624e-05
HNRNPH1,6.697582e-05
HIC2,6.695648e-05
SPRED2,6.695373e-05
ADGRE2,6.694796e-05
TRAF7,6.6943714e-05
H1FX,6.694347e-05
STAT3,6.694333e-05
ZNF92,6.693899e-05
OGFR,6.693889e-05
OIP5,6.69273e-05
ECT2,6.69259e-05
ST3GAL2,6.6925146e-05
SPATC1L,6.692002e-05
LETM1,6.691732e-05
PPP1R11,6.691306e-05
UQCRQ,6.689901e-05
PDE12,6.689416e-05
ACO1,6.6865694e-05
MTFR2,6.6858745e-05
AKAP1,6.6854154e-05
ULK3,6.685352e-05
ZNF283,6.684172e-05
RBM45,6.683865e-05
NME2,6.6833774e-05
AC103810.2,6.682868e-05
RARS,6.6827895e-05
PARTICL,6.682378e-05
PSMD6,6.681561e-05
ARHGEF40,6.681301e-05
IER5,6.6796405e-05
MRPL35,6.67956e-05
ABCC10,6.676542e-05
CHST7,6.676193e-05
TADA1,6.676181e-05
METTL8,6.6742476e-05
ZNF24,6.673842e-05
TIMM10B,6.6727735e-05
FXN,6.6700326e-05
ZDHHC4,6.669895e-05
AFF1,6.668873e-05
MRPS17,6.667095e-05
SEC22C,6.666976e-05
SMARCA5,6.662905e-05
IAH1,6.661182e-05
C1orf220,6.660536e-05
PARK7,6.660436e-05
TBC1D22B,6.6571294e-05
PIKFYVE,6.656893e-05
TICAM1,6.656824e-05
IRF2BP2,6.656473e-05
NFKBIE,6.651628e-05
PEX19,6.650783e-05
MCOLN1,6.6495566e-05
CCNT1,6.647864e-05
ASPHD1,6.6471875e-05
NKTR,6.646984e-05
FNBP1L,6.646226e-05
COX7A2L,6.644436e-05
PTPRE,6.6440254e-05
THOC3,6.6436965e-05
SIPA1,6.64369e-05
TM7SF3,6.643467e-05
SFI1,6.642198e-05
IQCE,6.641819e-05
NUP93,6.639059e-05
TRIM44,6.638848e-05
HNRNPM,6.636214e-05
AC245452.1,6.632412e-05
SCYL3,6.631249e-05
MPG,6.63121e-05
B3GNTL1,6.630619e-05
TGFBR1,6.628149e-05
CLSPN,6.6276254e-05
IGF2BP3,6.6271416e-05
STX8,6.626553e-05
WASF1,6.626546e-05
PPP1CB,6.624646e-05
TARDBP,6.624325e-05
OTULIN,6.622361e-05
TLR1,6.62182e-05
AP003774.2,6.619305e-05
DHPS,6.61862e-05
RBIS,6.6174835e-05
LRRC40,6.615732e-05
PCMTD2,6.611564e-05
MCRIP1,6.609319e-05
ZMYM4,6.608367e-05
FIRRE,6.607006e-05
ARL4C,6.606685e-05
CBX6,6.6047876e-05
COQ2,6.604632e-05
ZNF664,6.60448e-05
ZNF704,6.603063e-05
PSMG4,6.602183e-05
KIF20B,6.601314e-05
SSU72,6.601005e-05
ATP6V0D1,6.600053e-05
GPCPD1,6.59721e-05
OCIAD1,6.595915e-05
GATA3,6.595348e-05
SHF,6.5945234e-05
MRPS22,6.589528e-05
TNFRSF12A,6.587957e-05
PIK3R1,6.587424e-05
COMMD8,6.587319e-05
SNAPC2,6.5822205e-05
LINC00653,6.5809116e-05
LSM1,6.5785214e-05
VRK2,6.578247e-05
C15orf61,6.572131e-05
C2orf68,6.57065e-05
ROMO1,6.569921e-05
DCAF16,6.569841e-05
OTUD7B,6.569743e-05
SUDS3,6.56921e-05
DOCK2,6.5687535e-05
TDRD3,6.5674845e-05
ORAI1,6.56698e-05
IQGAP3,6.566724e-05
COA5,6.566409e-05
SPC25,6.5649554e-05
C20orf194,6.5645254e-05
UBE2L3,6.562607e-05
ACACA,6.562094e-05
HMGXB3,6.559412e-05
ITPRID2,6.55893e-05
VPS39,6.558928e-05
LAIR1,6.5588036e-05
TCF3,6.5567765e-05
KIF4A,6.555664e-05
RTCB,6.555568e-05
AL441992.1,6.5554916e-05
AKR7A2,6.5550696e-05
DVL3,6.549943e-05
RXRB,6.5486616e-05
CLCN6,6.54514e-05
UBXN4,6.5437736e-05
MRPL24,6.543541e-05
CNOT4,6.542252e-05
SYNGR2,6.54112e-05
PDCL,6.540778e-05
AC009971.1,6.5405766e-05
PHF6,6.540227e-05
TCTEX1D1,6.5400454e-05
LCP1,6.5386645e-05
CLIP1,6.5386484e-05
TXLNG,6.5382126e-05
EIF4EBP2,6.537526e-05
RAD17,6.5345055e-05
ZNF222,6.5337816e-05
NDUFS6,6.530487e-05
IDS,6.530162e-05
PKN1,6.528845e-05
MTMR6,6.5274704e-05
NCOA3,6.5262495e-05
PARP14,6.52593e-05
TTC5,6.5254724e-05
AP000845.1,6.524524e-05
PPP2R5D,6.5237444e-05
RABEP1,6.523108e-05
PAK4,6.5214226e-05
RPS9,6.5196975e-05
TP53,6.519473e-05
AL137802.2,6.51872e-05
TPP1,6.518455e-05
CDKAL1,6.517994e-05
HDAC2,6.516502e-05
COPS5,6.516383e-05
RNF19B,6.515321e-05
ZNF787,6.515073e-05
PHB2,6.513623e-05
RHOF,6.512924e-05
SPATA33,6.511917e-05
CTDP1,6.5118846e-05
ZNF256,6.5111075e-05
NFYC-AS1,6.510464e-05
AKR1A1,6.5102526e-05
C4orf3,6.506084e-05
ITSN2,6.50499e-05
SLAIN2,6.504757e-05
AL596202.1,6.499632e-05
COMMD3,6.4980755e-05
NME3,6.497764e-05
FUBP1,6.496815e-05
RCL1,6.493888e-05
SDHB,6.49349e-05
RBM12B,6.492735e-05
PIK3CG,6.491123e-05
MVB12B,6.490924e-05
TSPOAP1-AS1,6.490809e-05
AC084036.1,6.490778e-05
MYADM,6.4899396e-05
PRKAR2A,6.488946e-05
NIN,6.488272e-05
TRRAP,6.488235e-05
SLC2A13,6.487485e-05
CRKL,6.4863554e-05
CAMK2G,6.4856715e-05
RAB7A,6.485461e-05
ALDH2,6.483789e-05
HINFP,6.4809516e-05
SERPING1,6.480686e-05
FAM43A,6.479194e-05
GARNL3,6.4782624e-05
CDK8,6.4753585e-05
ERCC1,6.475102e-05
POLE4,6.473972e-05
CLEC9A,6.473567e-05
ASF1A,6.472411e-05
C1orf216,6.4724096e-05
ZNF581,6.471874e-05
GNB1L,6.4693064e-05
RNF227,6.467739e-05
ADPRHL2,6.467723e-05
IMMP2L,6.465359e-05
EPN1,6.465335e-05
MRM3,6.463224e-05
NAA25,6.462928e-05
MED19,6.462182e-05
AC144652.1,6.460938e-05
GNE,6.4597225e-05
IMPA2,6.45576e-05
CARD9,6.4543405e-05
BAD,6.453555e-05
ZNF699,6.452725e-05
SLC66A3,6.4522515e-05
TSC2,6.451668e-05
TIGD7,6.450075e-05
RABGAP1L,6.448319e-05
AC092718.4,6.4478234e-05
HIST1H1E,6.4455344e-05
BRAT1,6.444717e-05
TMEM181,6.443835e-05
SNX20,6.4406704e-05
MTIF2,6.4367436e-05
CARD19,6.435817e-05
BTBD1,6.4346386e-05
PTBP3,6.434319e-05
AL022311.1,6.4342996e-05
HLA-DOA,6.432463e-05
APEX2,6.430821e-05
RUNDC3A-AS1,6.430683e-05
SPRY2,6.430675e-05
FRYL,6.430352e-05
ZNF143,6.427694e-05
GALNT1,6.424489e-05
KLHDC3,6.423699e-05
AL021368.2,6.422884e-05
CTBS,6.422407e-05
TICRR,6.422193e-05
ARHGAP45,6.421618e-05
CSNK1A1,6.4206826e-05
CHD2,6.420188e-05
MTIF3,6.418614e-05
PPP2CB,6.41712e-05
GATA1,6.416944e-05
PPA2,6.416215e-05
OSTF1,6.415799e-05
PTTG1,6.414975e-05
ZNF77,6.414426e-05
POGLUT1,6.413952e-05
PBLD,6.413782e-05
KIF18B,6.4128e-05
RAB10,6.412581e-05
NAPG,6.412522e-05
EXOC4,6.4113316e-05
NFE2,6.4104526e-05
CCT2,6.410193e-05
PPP1R2,6.4085136e-05
VASH1-AS1,6.408266e-05
TACO1,6.406254e-05
TMED8,6.406061e-05
CHROMR,6.404614e-05
PBX3,6.404059e-05
ZNF207,6.4040374e-05
CHCHD4,6.402665e-05
PLIN3,6.4020474e-05
TP53TG1,6.400696e-05
CLP1,6.397965e-05
RHNO1,6.3969936e-05
AGTRAP,6.396973e-05
ST8SIA6,6.395808e-05
FBXO5,6.3950974e-05
RFFL,6.392853e-05
MORC2,6.3907464e-05
TUG1,6.3906875e-05
FAM207A,6.390619e-05
CNPY4,6.3901236e-05
FAM91A1,6.388185e-05
XPNPEP1,6.388181e-05
AGO2,6.386777e-05
USP13,6.3860396e-05
PEX3,6.384399e-05
MRTO4,6.3835905e-05
FCER1G,6.383487e-05
SEC62,6.3825086e-05
PFDN6,6.381259e-05
MRPL41,6.3812215e-05
REX1BD,6.3807856e-05
TOP2B,6.380349e-05
KIF11,6.378194e-05
STAT5B,6.377335e-05
FBXW8,6.375464e-05
STAM,6.371753e-05
SLC17A5,6.37124e-05
TMEM192,6.371178e-05
NFX1,6.368193e-05
RYK,6.366769e-05
NAALADL1,6.36605e-05
NELFE,6.36504e-05
SF3B2,6.362242e-05
UBE2G2,6.3616484e-05
AC116366.1,6.3580905e-05
RABL3,6.356703e-05
MRPS36,6.3561165e-05
SERBP1,6.355061e-05
CREB3L4,6.354974e-05
NUTM2E,6.352806e-05
DALRD3,6.3523636e-05
ZNF598,6.352194e-05
DHRSX,6.3508036e-05
SENP2,6.346617e-05
CD109,6.3461644e-05
TUBG1,6.345944e-05
MAP4,6.343316e-05
TMEM14B,6.343183e-05
GRSF1,6.342614e-05
ACAD8,6.342509e-05
ECHDC1,6.341709e-05
YARS,6.339284e-05
SARAF,6.33767e-05
ACTA2,6.337449e-05
SRCAP,6.336365e-05
MSTO1,6.3358784e-05
ADAM17,6.3351494e-05
LARP7,6.335135e-05
RPL6,6.33443e-05
ME3,6.3338586e-05
MGAT4A,6.3335094e-05
UBE4A,6.333334e-05
MRPS23,6.3310785e-05
BCL9,6.331004e-05
EDEM1,6.3304906e-05
RNF125,6.3300744e-05
ACADS,6.328784e-05
MLH1,6.3269516e-05
E2F6,6.32611e-05
HOXA9,6.325013e-05
LGALS8,6.323395e-05
AC004943.2,6.3226544e-05
UFD1,6.320447e-05
IFNGR1,6.32023e-05
TOR2A,6.320074e-05
HIGD2A,6.318166e-05
MIR100HG,6.3171414e-05
FASN,6.316251e-05
MUL1,6.314835e-05
TMEM97,6.314696e-05
MSN,6.313574e-05
MEA1,6.311328e-05
NAA38,6.3111554e-05
DLEU1,6.3110114e-05
SLF1,6.310138e-05
SHISA5,6.3096966e-05
EGFL8,6.308185e-05
SPIDR,6.3056985e-05
DDX20,6.3045474e-05
PSMC1,6.302047e-05
RTL10,6.3014624e-05
CD247,6.30143e-05
CFAP97,6.301109e-05
MOSPD3,6.300844e-05
FECH,6.300206e-05
FOXN3,6.299928e-05
AK4,6.2976236e-05
SNRNP40,6.295951e-05
HERC6,6.294616e-05
BEX2,6.293581e-05
MRPL3,6.2935695e-05
HINT3,6.292771e-05
CPVL,6.292465e-05
FBXO44,6.2922714e-05
USP33,6.291048e-05
GTPBP3,6.2910345e-05
AC009779.2,6.289903e-05
SHOC2,6.2896754e-05
CLPTM1,6.285866e-05
WWP1,6.285389e-05
FAAP24,6.283865e-05
KLHL8,6.282757e-05
CCNK,6.282716e-05
ATP5IF1,6.281713e-05
KIF22,6.281588e-05
AC091607.2,6.2811385e-05
ANG,6.279108e-05
GRAMD1A,6.277546e-05
PDCD5,6.2775216e-05
LYN,6.275419e-05
MTA1,6.273758e-05
NELFA,6.2724066e-05
SDF4,6.271816e-05
DPH6,6.2697385e-05
PLEKHO2,6.2684914e-05
AC026691.1,6.267977e-05
XRN2,6.267858e-05
ARPP19,6.267391e-05
DMAP1,6.266198e-05
PLPP6,6.266012e-05
RPS14,6.265622e-05
RAD23A,6.265081e-05
PTCH2,6.264359e-05
INIP,6.263623e-05
MFSD14B,6.259049e-05
ATG2B,6.2561085e-05
CMTR2,6.255549e-05
BTRC,6.255485e-05
C1orf162,6.2551844e-05
USE1,6.254217e-05
LETMD1,6.2533305e-05
DHRS4,6.252771e-05
SOX18,6.252086e-05
SLC22A16,6.248476e-05
ZSCAN18,6.248402e-05
CLTC,6.248386e-05
PLEKHM2,6.245632e-05
IQCG,6.2455474e-05
SFT2D1,6.241731e-05
TFPT,6.2414896e-05
MPP1,6.2406405e-05
ZNF576,6.240406e-05
TASOR2,6.240144e-05
STXBP5,6.239639e-05
CARD16,6.2366074e-05
NAV1,6.236541e-05
ZNF609,6.235223e-05
HECA,6.2335625e-05
CHRNB1,6.233349e-05
C12orf4,6.23283e-05
USF3,6.231601e-05
SURF1,6.2304665e-05
GMFG,6.229393e-05
DMAC2,6.228971e-05
TMTC4,6.228274e-05
TYW1,6.2257524e-05
BACH1,6.225718e-05
HIST1H1A,6.2256746e-05
SNHG1,6.22139e-05
FLII,6.2193605e-05
ABCC1,6.218967e-05
TMEM263,6.218283e-05
NUDT9,6.218217e-05
MRPS21,6.2155465e-05
ASPSCR1,6.2150306e-05
CNNM2,6.214484e-05
MAN1B1-DT,6.214043e-05
GPAA1,6.2131345e-05
TBCD,6.2131105e-05
DUT,6.211303e-05
STK17B,6.211063e-05
ADPGK,6.209806e-05
WASHC2C,6.2076484e-05
SART3,6.207188e-05
FAM160B2,6.206836e-05
CFDP1,6.2044106e-05
OSBPL1A,6.202414e-05
PDGFC,6.199425e-05
SAPCD2,6.198477e-05
ZNF248,6.1967534e-05
UFM1,6.196305e-05
GNA15,6.195081e-05
SH3BP5L,6.1948245e-05
NOP58,6.194116e-05
RBFOX2,6.194075e-05
USP38,6.1917155e-05
IFT20,6.191465e-05
ZNF160,6.189711e-05
INPP5B,6.1889514e-05
CABIN1,6.188705e-05
DIS3L2,6.1876926e-05
TSPO,6.1869585e-05
CBFA2T3,6.186728e-05
KIF1A,6.183912e-05
RIC3,6.1806284e-05
PKN2,6.178308e-05
HDAC3,6.177875e-05
AL590822.3,6.174256e-05
PIK3R2,6.170059e-05
LACC1,6.16966e-05
ZDHHC8,6.169515e-05
LRR1,6.1673134e-05
HAT1,6.1670275e-05
TMEM131,6.16643e-05
ANXA1,6.166081e-05
LMNA,6.164844e-05
STRIP1,6.16407e-05
GALNT3,6.161782e-05
ATG4B,6.161692e-05
SF3B5,6.1615996e-05
GPI,6.160862e-05
CFLAR,6.155401e-05
ZNF66,6.154972e-05
IPO5,6.1548955e-05
TSPYL4,6.152866e-05
CFH,6.1524144e-05
NUP98,6.152233e-05
SLC35D1,6.150047e-05
GNAI1,6.1497114e-05
KCTD20,6.149643e-05
NDFIP1,6.148845e-05
USP53,6.148768e-05
EPB41L3,6.148568e-05
RPE,6.147835e-05
RPS19BP1,6.146829e-05
TBC1D2B,6.146564e-05
TBC1D5,6.145266e-05
C1orf112,6.145178e-05
NPHP3,6.144253e-05
CXXC1,6.144146e-05
CNN3,6.142706e-05
LINC00909,6.142425e-05
EME1,6.141614e-05
GUCY1A1,6.1403305e-05
TNKS2,6.13963e-05
TLN1,6.1388506e-05
CRYZL1,6.137559e-05
GGA1,6.1358915e-05
POLH,6.135126e-05
RRP7A,6.1332175e-05
CNBP,6.1307066e-05
VAMP8,6.1275205e-05
RPUSD1,6.1263956e-05
MAP3K2,6.1241546e-05
TAL1,6.123443e-05
HOXB-AS3,6.120766e-05
EMC9,6.119631e-05
CDC37,6.118592e-05
SMC4,6.1173516e-05
NIFK-AS1,6.117181e-05
ZNF512B,6.1123945e-05
NUP205,6.1106664e-05
TIMM22,6.110469e-05
SLC25A6,6.10856e-05
DHRS11,6.108443e-05
AC023908.3,6.107853e-05
SNX19,6.105857e-05
TBRG4,6.1032784e-05
TTC1,6.1025356e-05
RRAGC,6.096463e-05
LMAN2,6.0961014e-05
SOCS2,6.095954e-05
ADA2,6.0956743e-05
CMTM3,6.093511e-05
MSMO1,6.0929753e-05
GRINA,6.0924962e-05
AK6,6.0918566e-05
HEIH,6.090942e-05
ZBTB37,6.09052e-05
PAQR3,6.0904968e-05
AC008079.1,6.0892926e-05
NDUFA11,6.089284e-05
NDUFAB1,6.0871367e-05
ZNF658,6.0865677e-05
MRPL36,6.086536e-05
ZDHHC5,6.0859995e-05
IGFBP7,6.0857015e-05
SYNJ2,6.0846563e-05
BLM,6.0831335e-05
VEGFA,6.08287e-05
UBA5,6.0827075e-05
PECR,6.082691e-05
AC008124.1,6.081756e-05
NFIB,6.080957e-05
RITA1,6.079877e-05
ATP2B1,6.0797847e-05
SNAP23,6.0795624e-05
RABGGTB,6.075738e-05
POLR2B,6.0723705e-05
EVPL,6.0721133e-05
NSUN3,6.0707265e-05
HM13,6.070353e-05
FAM199X,6.0686685e-05
MFSD8,6.067514e-05
TP53I13,6.0650196e-05
ARRDC1,6.0647282e-05
SMG6,6.0642466e-05
EED,6.063969e-05
C19orf25,6.062932e-05
RAB30-DT,6.061335e-05
SNHG32,6.0611037e-05
RPL36,6.06e-05
SLC39A1,6.0592403e-05
AIFM1,6.0584563e-05
TP53BP1,6.057921e-05
XPOT,6.0572354e-05
CRTAP,6.0542283e-05
LRRCC1,6.0538452e-05
UBAP1L,6.0525446e-05
COPS8,6.0518712e-05
ARHGAP18,6.0517785e-05
AC018926.2,6.0498136e-05
NT5DC2,6.0496517e-05
SLC25A5-AS1,6.0483868e-05
FANCF,6.0481012e-05
HIF1A,6.047981e-05
CHST13,6.0459653e-05
KLHL20,6.0455546e-05
MTMR4,6.0418246e-05
COX6A1,6.0415823e-05
RPL19,6.040543e-05
ANKRD26,6.0398364e-05
SSR1,6.038157e-05
HACD1,6.0377726e-05
DENND1A,6.0376813e-05
PACS1,6.0366187e-05
APH1B,6.0355986e-05
HCFC1,6.034416e-05
HNRNPA0,6.0320188e-05
CLIC2,6.031398e-05
NSF,6.0310336e-05
SHROOM4,6.030257e-05
EMID1,6.02957e-05
RPS8,6.0292674e-05
USP45,6.0279715e-05
FANCB,6.0276972e-05
DCAF17,6.0264967e-05
STXBP3,6.02597e-05
PELP1,6.024431e-05
CLIC1,6.023883e-05
CBR3,6.0237202e-05
RASAL3,6.0213588e-05
TUBB4B,6.0203463e-05
TOP2A,6.0203085e-05
CENPQ,6.0197846e-05
TFAP4,6.019195e-05
ATP5MG,6.0190352e-05
AP000345.2,6.0171245e-05
NKAPD1,6.0166403e-05
LBX2-AS1,6.015234e-05
UBALD2,6.014132e-05
IRAK4,6.013642e-05
AL009179.2,6.0127997e-05
AL603839.3,6.0124825e-05
CD300A,6.0116312e-05
WDR46,6.008819e-05
PSMA4,6.008311e-05
TMEM138,6.0076385e-05
ZSCAN29,6.0071685e-05
RRP1B,6.0068385e-05
SEH1L,6.0067494e-05
AGAP9,6.005715e-05
UFL1,6.0035978e-05
CALN1,6.0023638e-05
PSMA3,6.0008908e-05
CEP76,6.0004502e-05
AKAP8,6.000101e-05
KIF14,5.9990016e-05
PARN,5.9974736e-05
ZFP69B,5.9955306e-05
JADE1,5.9955055e-05
PTP4A2,5.9953483e-05
ANKRD13A,5.9949056e-05
QDPR,5.994361e-05
ZNF236,5.9939044e-05
BTBD11,5.9926235e-05
LENG8,5.9920232e-05
ZNF181,5.991545e-05
SIL1,5.9906684e-05
RPS6KA1,5.989223e-05
SWAP70,5.9890368e-05
TEX9,5.9877606e-05
ELF3,5.9864138e-05
KDM4A,5.9843565e-05
UQCC3,5.9835445e-05
SNHG14,5.982327e-05
MATK,5.982226e-05
GSS,5.982084e-05
CIB2,5.981859e-05
NCKAP5L,5.9808794e-05
DNAJC19,5.9787635e-05
FTX,5.9761267e-05
CYREN,5.9754428e-05
SCFD1,5.974748e-05
TMEM216,5.9742186e-05
SLC25A5,5.9732483e-05
RNF149,5.9726295e-05
NUBPL,5.9723057e-05
ECHS1,5.9716866e-05
PNRC1,5.969783e-05
TMEM59,5.965118e-05
NCAPH,5.963113e-05
COA6-AS1,5.961547e-05
CASZ1,5.9606828e-05
AIP,5.9602484e-05
GAS6-AS1,5.9597256e-05
RNGTT,5.958131e-05
SRD5A3,5.957744e-05
CHD6,5.9571903e-05
DOCK8,5.9564467e-05
RCSD1,5.955452e-05
CD37,5.9536418e-05
PPP1R15A,5.9534817e-05
CD302,5.951515e-05
GSTO1,5.950469e-05
DYNC1LI1,5.9496466e-05
BCAS4,5.9494214e-05
ZDHHC16,5.948652e-05
MYL6B,5.948551e-05
RBM41,5.9474074e-05
ATP1B3,5.9455822e-05
ATP1B1,5.945455e-05
PCSK5,5.943607e-05
TET2,5.9422928e-05
MEF2C,5.9414575e-05
CHD1L,5.939795e-05
EMC1,5.9383154e-05
AL160006.1,5.9382473e-05
RNF146,5.938039e-05
MAP2K4,5.9376398e-05
UTP4,5.9363836e-05
AC005726.3,5.936199e-05
CDK5RAP1,5.935109e-05
KHNYN,5.9337846e-05
CHAF1A,5.933719e-05
KIF2C,5.9335285e-05
NEK6,5.9316695e-05
EMILIN2,5.9312744e-05
URB2,5.929604e-05
AL359762.1,5.929497e-05
ACLY,5.929258e-05
IL18,5.929238e-05
RNASEH1-AS1,5.9263923e-05
GTF3C5,5.9261445e-05
EMD,5.9253438e-05
KLHL6,5.9253187e-05
WDR26,5.9238497e-05
P2RY8,5.923236e-05
NRGN,5.9231832e-05
TIMP1,5.9220933e-05
PSMD13,5.919692e-05
DNAAF5,5.9195143e-05
IGFBP2,5.9193284e-05
TMEM50B,5.9180795e-05
GATD1,5.9166592e-05
MAGOHB,5.91552e-05
ATG13,5.9112368e-05
CNKSR3,5.911124e-05
NUP50-DT,5.9103426e-05
GLO1,5.9089853e-05
COMMD10,5.9075835e-05
DHDDS,5.9069043e-05
PCGF3,5.906879e-05
LAP3,5.90669e-05
NUFIP2,5.904959e-05
COPB1,5.9025864e-05
ABRAXAS2,5.902119e-05
LARP1,5.901766e-05
ETHE1,5.900557e-05
RPF1,5.900139e-05
RNPC3,5.8993755e-05
DHX15,5.8937087e-05
ZNF101,5.891831e-05
CNKSR2,5.8915226e-05
EFR3A,5.8904083e-05
SLC7A5,5.887982e-05
LTV1,5.885479e-05
HECTD3,5.8853017e-05
CREBZF,5.8849277e-05
SYNC,5.8848647e-05
WDR45,5.8844384e-05
CERT1,5.883576e-05
ELK3,5.881985e-05
RGS5,5.8818212e-05
RPS13,5.8817262e-05
MRPL22,5.8815185e-05
KRTCAP2,5.8804555e-05
BLOC1S2,5.8780854e-05
RNF38,5.8747853e-05
RSF1,5.8731268e-05
ZRANB2,5.873059e-05
ZNF527,5.871803e-05
AC073111.4,5.8706875e-05
ACD,5.870182e-05
SRSF10,5.8700036e-05
TMEM9,5.8680456e-05
C2orf74,5.8664733e-05
ATP9B,5.8651432e-05
AC008875.3,5.8648366e-05
UBR4,5.8646358e-05
CTDNEP1,5.864451e-05
GZF1,5.8629463e-05
OFD1,5.860807e-05
LINC-PINT,5.8584385e-05
PARD6B,5.8580357e-05
ATP5PB,5.856949e-05
LINC00884,5.8556037e-05
CNIH4,5.8537407e-05
PRKAB2,5.8531885e-05
DRAM1,5.8531146e-05
FXR1,5.8514735e-05
RAP1GAP2,5.8504498e-05
POLR3E,5.8491707e-05
CNDP2,5.8478312e-05
PTOV1,5.8465845e-05
BCKDHA,5.8459165e-05
ABHD16A,5.845094e-05
PPP6R3,5.844907e-05
AC026748.3,5.8414626e-05
C9orf40,5.8409692e-05
PRADC1,5.8407757e-05
RLIM,5.8399397e-05
KRAS,5.8381884e-05
NAA40,5.8356294e-05
TPX2,5.835369e-05
JMJD4,5.8323574e-05
AC021054.1,5.830981e-05
ELF1,5.829764e-05
NR1H3,5.8293645e-05
ATE1,5.8293484e-05
CLSTN1,5.8286358e-05
TRIM26,5.8269456e-05
ECD,5.8266527e-05
SLC25A21-AS1,5.8266178e-05
NFS1,5.8257247e-05
KRT1,5.8255275e-05
SET,5.8241796e-05
DPY19L4,5.8238464e-05
SUPT3H,5.8238085e-05
RAP2C,5.8211943e-05
ZNF689,5.82109e-05
AL121603.2,5.820223e-05
ZNF138,5.819507e-05
ZNF667-AS1,5.818445e-05
CS,5.8177862e-05
AMN1,5.814353e-05
TMED7,5.8143105e-05
GPATCH11,5.8134065e-05
DENND4A,5.8133544e-05
VRK3,5.8089343e-05
TMEM144,5.808649e-05
GMDS,5.804749e-05
EGFL7,5.8038775e-05
CCNB2,5.80293e-05
PTP4A3,5.800632e-05
RPL32,5.800428e-05
SMU1,5.7998386e-05
RAC1,5.7997317e-05
ATP6AP2,5.799637e-05
POMP,5.7990295e-05
NRM,5.7987498e-05
F8A1,5.7969348e-05
MAPKAPK2,5.7967696e-05
PCYT2,5.7953628e-05
EFHC1,5.7937334e-05
ZNF260,5.7922778e-05
ATRAID,5.7918787e-05
PFKL,5.7916506e-05
SPCS3,5.7900033e-05
SUCLA2,5.7893434e-05
GINM1,5.789242e-05
FBXL19-AS1,5.7881214e-05
PCBP1,5.7879573e-05
GPT2,5.7850586e-05
C8orf76,5.784203e-05
LOXL3,5.783535e-05
TIMELESS,5.783189e-05
LIN54,5.78281e-05
ALDH6A1,5.782149e-05
GPD2,5.7817673e-05
AC015871.7,5.7807392e-05
RBCK1,5.780315e-05
TIA1,5.7803107e-05
TIMM10,5.779266e-05
HCST,5.7778892e-05
POGK,5.7773974e-05
HDDC2,5.775159e-05
ZNF680,5.7743273e-05
BX890604.2,5.772628e-05
PRKCQ,5.769524e-05
PACC1,5.768566e-05
RLN2,5.7663856e-05
PLEKHJ1,5.7654695e-05
PTPN18,5.7653357e-05
ITGB1,5.7636826e-05
NSMAF,5.763584e-05
AC006387.1,5.762894e-05
TIMM8A,5.7624176e-05
RNF144A-AS1,5.7618574e-05
ANKZF1,5.761078e-05
CBX4,5.7607103e-05
NQO2,5.760294e-05
CCDC169,5.7592042e-05
SRSF3,5.7591016e-05
ANPEP,5.756261e-05
WDR20,5.7543883e-05
CCDC88B,5.7537723e-05
POLK,5.7533256e-05
ZFP30,5.751897e-05
NACC2,5.7512865e-05
HCG18,5.7504076e-05
CENPM,5.7495006e-05
AC026356.2,5.7480967e-05
DPH7,5.7477217e-05
ISCA1,5.7464174e-05
HIRIP3,5.7450132e-05
ATG12,5.743561e-05
FGFR1,5.740519e-05
FXYD5,5.739751e-05
PSMA2,5.739583e-05
UCHL5,5.73918e-05
UHRF2,5.7377158e-05
CCDC82,5.736787e-05
CDK1,5.736301e-05
CENPK,5.7359473e-05
GPATCH2L,5.7358367e-05
GLIPR2,5.7345103e-05
OGA,5.7339457e-05
AHCTF1,5.733914e-05
C1QTNF4,5.7328987e-05
SNHG21,5.7320427e-05
TCTE3,5.7314344e-05
ZNF229,5.731139e-05
TAF1D,5.72916e-05
RELCH,5.728096e-05
GUCD1,5.728076e-05
MYB,5.725969e-05
FARSB,5.7256068e-05
ELOF1,5.7225432e-05
RBL2,5.721505e-05
LINC01138,5.7207184e-05
NUDCD2,5.718706e-05
SMARCC1,5.7174464e-05
SLC66A2,5.7174344e-05
ACTB,5.7170284e-05
FRAT2,5.7167566e-05
FBL,5.715619e-05
ZNF730,5.7151425e-05
NSUN2,5.7140194e-05
GATAD1,5.7111585e-05
PTPN9,5.710887e-05
PHF8,5.7095964e-05
GAPT,5.7086276e-05
SRP9,5.7070098e-05
P2RX4,5.705396e-05
PDK1,5.703896e-05
NUP50,5.7005644e-05
RPL9,5.6991925e-05
CPSF6,5.6987687e-05
SQLE,5.6979752e-05
LSM10,5.6969526e-05
UXS1,5.6954137e-05
CDKN2C,5.6936522e-05
PPP1CA,5.6913923e-05
SEC24B,5.6910907e-05
SLC9A8,5.6884583e-05
COA3,5.6871104e-05
SECISBP2,5.686037e-05
ARHGAP25,5.6829358e-05
THAP4,5.6827936e-05
CLDND1,5.6824276e-05
RPS6KA4,5.6814253e-05
AC011921.1,5.6804838e-05
AC004865.2,5.6799123e-05
NUDT1,5.679857e-05
HAGHL,5.6768626e-05
ZWINT,5.6764293e-05
WWC3,5.6757835e-05
TRPC4AP,5.6755616e-05
ID3,5.6754732e-05
HOMER1,5.672851e-05
SIGLEC10,5.6728237e-05
COX19,5.672554e-05
HYAL3,5.671872e-05
RASAL2,5.6709585e-05
NEAT1,5.6701403e-05
CWC27,5.6691926e-05
WDR3,5.6684563e-05
DDX24,5.6682806e-05
TAFA2,5.6669887e-05
MYO15B,5.666863e-05
LTB,5.6657245e-05
CDC25A,5.665128e-05
MTLN,5.664588e-05
ARNTL2,5.6639517e-05
ITGAL,5.6628352e-05
TAB3,5.6612203e-05
TXNRD2,5.660718e-05
AP1AR,5.660111e-05
ARRDC2,5.6601057e-05
HLX,5.652534e-05
UNC50,5.652459e-05
CZIB,5.651897e-05
SERAC1,5.6515826e-05
MORN2,5.6513105e-05
MXD4,5.649353e-05
PFN1,5.6486064e-05
YARS2,5.648441e-05
TIMM17B,5.6479475e-05
ERAP1,5.647922e-05
LKAAEAR1,5.6457713e-05
STIL,5.6439287e-05
NCLN,5.6435827e-05
NPC1,5.643387e-05
MPHOSPH10,5.6432473e-05
PRR7,5.638737e-05
SNW1,5.637865e-05
SMC3,5.636813e-05
CRACR2B,5.635445e-05
RDH14,5.6353827e-05
WDR61,5.632099e-05
CARHSP1,5.6309887e-05
IPO9-AS1,5.6301164e-05
SFT2D3,5.6297336e-05
KHDC4,5.6276353e-05
APOL1,5.6274403e-05
MANBAL,5.6260003e-05
MAN1B1,5.625987e-05
RPS6KA3,5.6253823e-05
MAPK12,5.6252582e-05
FO393401.1,5.6242672e-05
MAP7D3,5.623251e-05
MAP3K9,5.6219065e-05
NOL11,5.6201974e-05
TTI1,5.6200268e-05
CUX1,5.618946e-05
STX17,5.6186218e-05
RUFY3,5.6180463e-05
OGFRL1,5.6161956e-05
RALBP1,5.6161065e-05
RNF168,5.6159566e-05
C3orf80,5.6156918e-05
MYCT1,5.615465e-05
DPP3,5.615455e-05
MLLT10,5.6152785e-05
LEPROT,5.614699e-05
HOXA1,5.614525e-05
BIN2,5.6139615e-05
CCDC159,5.6129775e-05
RMDN3,5.6128727e-05
LMBRD1,5.6109195e-05
BSCL2,5.6106597e-05
RRP9,5.610538e-05
AGPAT5,5.6092522e-05
TBPL1,5.6070072e-05
UNK,5.6062727e-05
MAZ,5.6061584e-05
RPL27A,5.604908e-05
PGM2L1,5.60423e-05
NABP1,5.604197e-05
SRPK2,5.604042e-05
MFAP2,5.602197e-05
PCGF6,5.6015557e-05
STX7,5.6015044e-05
NDUFB7,5.600863e-05
CWF19L1,5.6002587e-05
GUK1,5.5992543e-05
ERAP2,5.5950404e-05
TSC22D2,5.59488e-05
FDX2,5.5920136e-05
PM20D2,5.591593e-05
TCTEX1D2,5.5909568e-05
GALK2,5.5908615e-05
ELAVL1,5.5887256e-05
NME4,5.5886194e-05
ZNF219,5.5881716e-05
RFX7,5.587186e-05
EIF2B4,5.5868237e-05
PRPF40A,5.5853514e-05
PET100,5.5850032e-05
WDR70,5.5849385e-05
POLD2,5.584487e-05
TSEN34,5.5839322e-05
PIGG,5.5802713e-05
NDUFB3,5.5773355e-05
MDC1,5.575964e-05
GRWD1,5.5750534e-05
SDHAF4,5.574972e-05
NUDT5,5.5707373e-05
NEK2,5.5702134e-05
TAF12,5.568673e-05
ROCK2,5.565009e-05
PHGDH,5.5649194e-05
IGHM,5.5642537e-05
MPDU1,5.563839e-05
MAPKAP1,5.563138e-05
VKORC1,5.5613367e-05
NIPAL1,5.5612585e-05
NFE2L1,5.5610282e-05
SETD3,5.5595912e-05
INTS1,5.559343e-05
AKIRIN1,5.5574605e-05
CUL3,5.5572516e-05
TMEM231,5.5549714e-05
FCHSD2,5.5535373e-05
ATP10A,5.5531083e-05
ZBTB40,5.552264e-05
SMARCAL1,5.5519766e-05
NOL9,5.5499662e-05
SRSF9,5.5489578e-05
BBX,5.548743e-05
CCR7,5.5484557e-05
CALML4,5.5473953e-05
TRIM37,5.547251e-05
MYNN,5.5460023e-05
BCDIN3D,5.5455625e-05
PRMT3,5.5437846e-05
TNFAIP8L2,5.5434888e-05
HOTAIRM1,5.5424225e-05
AC010491.1,5.5400436e-05
INTS7,5.5399727e-05
BAHCC1,5.5350276e-05
GCNT1,5.531694e-05
RC3H1,5.5310724e-05
NBPF19,5.5305398e-05
EPDR1,5.529814e-05
FAM13A,5.5278786e-05
DDX27,5.5250508e-05
SLC41A1,5.5248955e-05
ANAPC10,5.5248376e-05
RUVBL1,5.523364e-05
MAP6D1,5.520277e-05
CHD1,5.5177487e-05
SPG11,5.512471e-05
STMN3,5.5123157e-05
COMMD9,5.5092187e-05
CCZ1B,5.5086854e-05
ZNF628,5.5064604e-05
VAV3,5.5051016e-05
EXOSC4,5.5050506e-05
MRPL21,5.504523e-05
ICAM4,5.5024746e-05
RMI1,5.5005494e-05
COX17,5.4965545e-05
VAPA,5.4925273e-05
ZNF746,5.492048e-05
CCDC120,5.4910357e-05
RPL26,5.49008e-05
NEGR1,5.4899294e-05
DHX37,5.4887118e-05
FAN1,5.482475e-05
ZMYM3,5.482413e-05
FAM120AOS,5.482384e-05
STAMBP,5.479643e-05
TMEM109,5.4783344e-05
GCH1,5.4780703e-05
AIMP1,5.476091e-05
CKS2,5.475492e-05
DIS3L,5.4743905e-05
GSEC,5.47426e-05
GNPAT,5.472342e-05
CD55,5.470095e-05
BYSL,5.4688644e-05
MGLL,5.4678607e-05
GTF2A2,5.467493e-05
AC135893.1,5.4674914e-05
TMEM127,5.467114e-05
PITPNM2,5.4663044e-05
WDFY1,5.4658314e-05
NCK1-DT,5.465754e-05
AC245297.3,5.4655717e-05
TMX1,5.463427e-05
GABPA,5.4629472e-05
ARHGEF18,5.462181e-05
DEPTOR,5.460612e-05
S100B,5.460271e-05
TLNRD1,5.4591987e-05
REL,5.4577897e-05
SLC25A15,5.45621e-05
TRAPPC4,5.4544158e-05
PHTF1,5.4543845e-05
HIBADH,5.454074e-05
SLCO4A1,5.4518827e-05
ACSF2,5.4513042e-05
BANF1,5.4511926e-05
NETO2,5.447534e-05
SGF29,5.444016e-05
LONP1,5.4428936e-05
TRMU,5.4420903e-05
ZNF106,5.4397282e-05
BRAF,5.4395987e-05
FOCAD,5.4392396e-05
BEX3,5.4390664e-05
AC025031.4,5.4370466e-05
MALRD1,5.436902e-05
ARPC1A,5.4366403e-05
SLC25A13,5.435878e-05
SORT1,5.4311102e-05
THUMPD3,5.4304866e-05
TRMT13,5.4287902e-05
SCP2,5.428217e-05
SNRNP70,5.426673e-05
LATS2,5.4257853e-05
DGCR6L,5.4251796e-05
PHTF2,5.4248e-05
IPO8,5.424727e-05
CSK,5.4244538e-05
STK39,5.4226417e-05
PDCD6,5.421834e-05
YDJC,5.4209086e-05
HPS1,5.4205997e-05
TIGAR,5.4199078e-05
HPRT1,5.4157714e-05
NUP107,5.4150118e-05
ARHGAP17,5.41414e-05
ADCY6,5.4121265e-05
UHMK1,5.4116706e-05
ZNF688,5.410322e-05
ABI1,5.4100783e-05
FBXO42,5.4091215e-05
KARS,5.4081353e-05
CSGALNACT2,5.4075717e-05
BUB1,5.4043012e-05
EMG1,5.4042914e-05
MBD2,5.402385e-05
WDR27,5.400902e-05
TPCN2,5.4002943e-05
FYN,5.399465e-05
IDH3B,5.399299e-05
ZNF268,5.3989465e-05
EIF3B,5.3987613e-05
CCDC117,5.3985055e-05
AC007114.2,5.3947195e-05
DLG4,5.3946897e-05
DYNC2LI1,5.3913576e-05
AC011043.1,5.3899425e-05
DOK1,5.3859247e-05
MMS19,5.3853204e-05
DESI1,5.3841923e-05
NBEAL2,5.383908e-05
UAP1,5.3823755e-05
MCTP2,5.3819844e-05
ABCE1,5.3813703e-05
AC097359.2,5.3807446e-05
MYO19,5.3797972e-05
C6orf226,5.3790656e-05
BTAF1,5.375347e-05
SRP72,5.3749376e-05
ACTR3B,5.373724e-05
JAM3,5.3688822e-05
EFCAB14,5.3683656e-05
NDUFA6,5.36826e-05
DAP3,5.368133e-05
GSPT1,5.3653537e-05
TMEM199,5.3653028e-05
KDM5C,5.3643445e-05
EARS2,5.364341e-05
TYW5,5.3629552e-05
MED25,5.3629232e-05
ZC3H14,5.3627857e-05
CDC26,5.361479e-05
CARD8-AS1,5.3614112e-05
TDG,5.359394e-05
BRD9,5.3593867e-05
SNHG12,5.359249e-05
INTS14,5.3584125e-05
NHLRC2,5.354894e-05
ZNF358,5.3542895e-05
TAF10,5.3536874e-05
SEC24C,5.3535437e-05
GLIPR1,5.3514825e-05
DDAH1,5.3478994e-05
KRT79,5.346955e-05
TSR3,5.3469306e-05
TNRC6B,5.3467476e-05
RAB11FIP3,5.346244e-05
ATL2,5.342735e-05
GET3,5.3407453e-05
C5orf24,5.3405165e-05
INSIG2,5.340336e-05
SUCO,5.3395986e-05
UBIAD1,5.339406e-05
ABHD14B,5.338975e-05
AC010136.1,5.3389154e-05
TSEN2,5.3364263e-05
DXO,5.3359952e-05
MAP3K20,5.3359618e-05
SIN3B,5.3359552e-05
GPBP1L1,5.3337375e-05
CHCHD6,5.3315976e-05
ENDOV,5.3315205e-05
SFXN4,5.3308126e-05
SV2A,5.3279757e-05
DOP1B,5.3279295e-05
UPF3A,5.327794e-05
BCR,5.3273572e-05
IDO1,5.3273285e-05
ITGB3BP,5.326773e-05
RASSF1,5.325673e-05
ANKRD36,5.325208e-05
MED9,5.3248445e-05
DICER1,5.32132e-05
CC2D1A,5.3198968e-05
LRIF1,5.3191467e-05
PAGR1,5.3190914e-05
DOP1A,5.31903e-05
TRUB2,5.3174885e-05
CSRP1,5.317344e-05
CDKN1A,5.316789e-05
AL512353.1,5.3159314e-05
AL160408.1,5.3154992e-05
XRCC2,5.3140106e-05
MED29,5.3136573e-05
SYNE1,5.3126983e-05
ST13,5.3101634e-05
C17orf75,5.3093645e-05
MINDY2,5.3085027e-05
CEP152,5.3079213e-05
FLAD1,5.3067448e-05
DAPP1,5.3043113e-05
YOD1,5.303632e-05
BBS1,5.303302e-05
BPNT1,5.3031155e-05
LSM7,5.3027547e-05
CBX2,5.302634e-05
FBXW2,5.2997813e-05
RBM22,5.2963274e-05
SMTN,5.2936473e-05
PRORP,5.292687e-05
CCDC43,5.2915617e-05
UBA2,5.2913485e-05
GPN1,5.2907566e-05
LARP4B,5.289821e-05
CPT2,5.2876276e-05
PHF7,5.287173e-05
AQR,5.285634e-05
TEN1,5.2853688e-05
NUMA1,5.28361e-05
YIPF6,5.2827014e-05
CDK19,5.2825224e-05
GDE1,5.2821055e-05
ZNF585A,5.279879e-05
EMC3,5.2783686e-05
DCAF12,5.2775213e-05
TRMT5,5.2770676e-05
SH3PXD2A,5.275599e-05
MIB2,5.2747175e-05
WDR18,5.2735923e-05
SNRPF,5.2729574e-05
PSMC3IP,5.2717973e-05
MTMR14,5.2708823e-05
SSH2,5.2697094e-05
MAVS,5.2663196e-05
KHDRBS1,5.263217e-05
FTSJ1,5.2629908e-05
ALG14,5.2623218e-05
NAPA,5.262031e-05
DCLRE1B,5.261321e-05
KLHL28,5.2609532e-05
LINC01637,5.260118e-05
SCAP,5.2599516e-05
SLC25A19,5.25979e-05
RCC2,5.258275e-05
CIR1,5.2574396e-05
POLM,5.2562846e-05
TRPV2,5.255916e-05
LACTB2,5.2557112e-05
RNF115,5.2528583e-05
DNAAF2,5.2512354e-05
P2RX5,5.249151e-05
TFDP1,5.247526e-05
ENOPH1,5.2462925e-05
SPDYE16,5.245819e-05
NEURL2,5.243396e-05
DNAJC24,5.241049e-05
PXMP2,5.2410018e-05
ELP6,5.2402083e-05
NHLRC3,5.239679e-05
SQSTM1,5.2390613e-05
LINC00539,5.2379022e-05
ZRSR2,5.2370233e-05
RANBP9,5.2361724e-05
CERK,5.2358173e-05
GTF3C3,5.235215e-05
AKIP1,5.2344494e-05
RSU1,5.2319836e-05
IVD,5.2306666e-05
LUC7L2,5.2304305e-05
LRRC42,5.230214e-05
QARS,5.2296396e-05
ERCC5,5.2292165e-05
TIPRL,5.2287498e-05
SLC22A13,5.228693e-05
AL035530.2,5.227342e-05
RILP,5.227199e-05
PGPEP1,5.2257725e-05
MSL2,5.224849e-05
LINC00339,5.2243457e-05
KDSR,5.2241066e-05
USP24,5.2240426e-05
B4GALT3,5.2217496e-05
PROK2,5.2215673e-05
PPP2R1B,5.2208565e-05
KPNA5,5.2192576e-05
TRAPPC5,5.2174364e-05
TBCA,5.2168416e-05
MAP4K3,5.2162286e-05
USP37,5.214908e-05
AL513218.2,5.2147203e-05
ZNF791,5.214188e-05
AP5B1,5.212712e-05
DOK2,5.2124295e-05
TPD52,5.2121435e-05
MARCH8,5.2109815e-05
NFE2L2,5.2105675e-05
MRFAP1L1,5.2014937e-05
ERO1B,5.2001862e-05
RAD51B,5.1985517e-05
LYST,5.198505e-05
TOR1B,5.19701e-05
ERI1,5.19678e-05
MIEN1,5.1955973e-05
ATP7A,5.193211e-05
RGS12,5.193078e-05
TMEM107,5.192558e-05
WDR6,5.1911175e-05
PRPF4,5.190733e-05
CCDC68,5.1897987e-05
MOB1B,5.186425e-05
PIEZO1,5.183313e-05
COIL,5.18271e-05
KIAA1586,5.1819214e-05
LINC02328,5.181911e-05
HCFC1R1,5.1775154e-05
SAMM50,5.176103e-05
PSEN1,5.1676798e-05
TBK1,5.1654737e-05
ADO,5.1640025e-05
CENPVL3,5.162836e-05
TCEANC2,5.161983e-05
MLYCD,5.161657e-05
TDP2,5.1609677e-05
FSBP,5.160957e-05
RRP1,5.1606796e-05
MYO9A,5.1589057e-05
EID2B,5.1582447e-05
POGLUT3,5.1553274e-05
CHCHD5,5.1529696e-05
ZSCAN31,5.152665e-05
RPL41,5.1517432e-05
OGFOD3,5.1517043e-05
PEX7,5.148279e-05
SUCLG1,5.1475323e-05
MZT2B,5.1469644e-05
MFHAS1,5.1467236e-05
SMYD2,5.1457755e-05
HHLA3,5.143891e-05
POLL,5.1433817e-05
MTRES1,5.1417694e-05
GTF2A1,5.1417253e-05
BRD3,5.1394014e-05
HLA-DMB,5.1385392e-05
AC005261.1,5.13578e-05
APH1A,5.1356034e-05
CLCN7,5.1344272e-05
RNF215,5.133272e-05
POC1A,5.131436e-05
SLC35C2,5.1310053e-05
TRIM13,5.1288815e-05
IL9R,5.125476e-05
UTP20,5.124368e-05
ACAD10,5.123491e-05
PRPF31,5.1192008e-05
CLCN3,5.1174986e-05
VDAC2,5.117264e-05
GIT2,5.1160943e-05
PTPRA,5.113237e-05
DBNDD2,5.1124603e-05
PSMB8-AS1,5.1104642e-05
ACTL6A,5.1082137e-05
TFB2M,5.1077728e-05
SIRT7,5.107559e-05
TJAP1,5.107326e-05
ESYT1,5.105818e-05
UGT3A2,5.1046332e-05
AC008555.4,5.1039766e-05
ILF3-DT,5.1030584e-05
SCLY,5.1020314e-05
EXOSC10,5.1005143e-05
TAB2,5.0982646e-05
MYO1F,5.0974064e-05
TMEM9B,5.0970448e-05
WDR90,5.096731e-05
MPV17,5.09628e-05
HDLBP,5.0959192e-05
MAP1A,5.0945535e-05
NUDT16L1,5.0934745e-05
METTL2A,5.0921142e-05
KIF5B,5.0898496e-05
IFI16,5.0883376e-05
NEFH,5.0869567e-05
HMGN4,5.0855797e-05
PDE4B,5.085148e-05
ATXN7L3,5.0850907e-05
RHOBTB1,5.083295e-05
GAPVD1,5.0814026e-05
TFEC,5.0810304e-05
CENPI,5.0808703e-05
SLC12A4,5.0803737e-05
GOLGA5,5.0785555e-05
CD59,5.07723e-05
ATIC,5.0756662e-05
KIAA0586,5.074733e-05
AP002884.3,5.0747076e-05
TAP1,5.0712984e-05
ZNF683,5.0709943e-05
LINC01278,5.0696974e-05
ARL6IP5,5.0676234e-05
NFATC3,5.0659804e-05
RACGAP1,5.063766e-05
ANKRD17,5.0624287e-05
DNPH1,5.061749e-05
TRAPPC1,5.0615963e-05
SASH3,5.0584087e-05
STX2,5.0575334e-05
ZNF684,5.0573093e-05
MYBL2,5.0572165e-05
FAM50A,5.056155e-05
UBTF,5.0554423e-05
LDB1,5.0553524e-05
PPIL1,5.0549017e-05
RWDD3,5.054346e-05
CBWD1,5.0539045e-05
MXD3,5.053901e-05
CCNQ,5.0527564e-05
GOLGB1,5.052701e-05
ZNF586,5.051862e-05
GIMAP2,5.0518083e-05
PJA1,5.051013e-05
ANKMY1,5.049358e-05
TTC39C,5.0487957e-05
CSNK1G2,5.0477098e-05
TRIP4,5.045522e-05
LRRC57,5.0452436e-05
FAF2,5.044836e-05
AL080276.2,5.0425548e-05
TMEM52,5.0422263e-05
ZNF785,5.040819e-05
PRPF4B,5.0398226e-05
ZNF888,5.0393388e-05
FAM53B,5.0392086e-05
CCDC138,5.0358605e-05
NONO,5.0355662e-05
C1orf56,5.0352504e-05
BOLA3-AS1,5.0345232e-05
CASS4,5.033409e-05
PARD6A,5.031779e-05
HOXA7,5.0308256e-05
HDHD2,5.030355e-05
PPIL2,5.0299892e-05
USP46,5.0296916e-05
PTPRG-AS1,5.026934e-05
MAP2K1,5.025751e-05
IDH1,5.0256527e-05
SLC35E3,5.0251892e-05
ATP5F1B,5.024853e-05
NAA80,5.0219067e-05
CTNNA1,5.0214174e-05
ZNF296,5.018014e-05
PCNX4,5.017506e-05
ST6GALNAC6,5.0166534e-05
NSMCE1,5.0143564e-05
FBXO33,5.0132472e-05
BET1,5.013188e-05
EIF1B,5.0127288e-05
MED20,5.012055e-05
ZNF667,5.010191e-05
KAT2A,5.0091454e-05
RETREG2,5.0070437e-05
MAP3K1,5.0065297e-05
FAM98B,5.0060185e-05
FOXO3,5.005848e-05
KRCC1,5.0056682e-05
ACVR2B,5.004115e-05
FBXO46,5.0040537e-05
LNPEP,5.0026367e-05
ACSL3,5.0022198e-05
ZNF579,5.0013718e-05
RAP2A,5.000548e-05
PWWP2B,4.9997936e-05
DIAPH2,4.999225e-05
ABT1,4.998933e-05
SNRNP27,4.9964186e-05
MRPS27,4.9950882e-05
PTK2,4.994355e-05
ARHGAP1,4.993371e-05
ANAPC15,4.9924904e-05
CHST14,4.991474e-05
C11orf24,4.990823e-05
RNF217,4.9901944e-05
EEF1AKMT4,4.9894534e-05
ATG2A,4.9892576e-05
SEPTIN7,4.9879312e-05
FBXL18,4.987716e-05
TMEM237,4.9869526e-05
TINF2,4.9828093e-05
MT2A,4.982751e-05
NARF,4.9826e-05
ZNHIT1,4.9805698e-05
SMAD2,4.980186e-05
GSR,4.979635e-05
ECE1,4.9795057e-05
MFSD10,4.976272e-05
DHX35,4.974063e-05
MINDY1,4.973589e-05
C8orf82,4.9735525e-05
EDEM2,4.9721224e-05
ARID2,4.9710427e-05
MFNG,4.970795e-05
HTR1F,4.969777e-05
RPL10A,4.967244e-05
CSTF2T,4.9665792e-05
RIOK1,4.9664766e-05
PPIL3,4.966415e-05
ZNF823,4.9660353e-05
RFC3,4.96571e-05
U91328.1,4.9652677e-05
VPS26A,4.962961e-05
MDM4,4.959431e-05
ASNSD1,4.958455e-05
CIT,4.9564744e-05
HEATR1,4.9555634e-05
AC008840.1,4.955434e-05
AC079414.3,4.9549326e-05
TBC1D10A,4.9547973e-05
ANGPT1,4.9535112e-05
ANLN,4.950801e-05
TNS3,4.95011e-05
TAOK1,4.9500813e-05
ZNF7,4.9468203e-05
ELMSAN1,4.9457638e-05
PSAP,4.944194e-05
AGBL5,4.944113e-05
CTSZ,4.9425213e-05
PIK3R3,4.9421844e-05
EAPP,4.9416365e-05
AZIN1,4.9411112e-05
DUSP12,4.9410897e-05
SRP68,4.937514e-05
CSF2RB,4.9337585e-05
TCEA1,4.9334187e-05
HAUS8,4.933262e-05
SNHG26,4.92896e-05
THEM6,4.9258415e-05
TOX4,4.924762e-05
LYRM7,4.923984e-05
SNX10,4.92378e-05
CCNDBP1,4.9215847e-05
DDX10,4.9202703e-05
CASP7,4.9202536e-05
CENPJ,4.9200426e-05
UGP2,4.9195405e-05
EDA2R,4.9194652e-05
FBXO31,4.917983e-05
SS18L1,4.9179318e-05
SLC9A3R1,4.9177124e-05
KBTBD6,4.9164955e-05
PRPF18,4.914588e-05
DHRS9,4.9143444e-05
C1orf52,4.9112383e-05
AC016876.1,4.9110717e-05
IGSF10,4.9103295e-05
HIST1H3B,4.9086004e-05
ZSCAN2,4.90714e-05
POLR2F,4.9041377e-05
BNIP1,4.903464e-05
NAGK,4.902363e-05
CEP126,4.9023383e-05
HMGN2,4.9021528e-05
CDKL1,4.897103e-05
TMEM245,4.8961054e-05
MPV17L,4.89522e-05
PRRG4,4.893022e-05
STARD9,4.8920185e-05
IPO4,4.8919283e-05
MAPKAPK5-AS1,4.891668e-05
TRIM59,4.8915903e-05
FHOD1,4.8914982e-05
AC018647.2,4.8868824e-05
MED12L,4.884454e-05
AL133330.1,4.881302e-05
FAM76B,4.881148e-05
TRABD,4.8807986e-05
WDR73,4.8804486e-05
PREX1,4.8803744e-05
CFL2,4.8783037e-05
AC017076.1,4.8774986e-05
PRKCB,4.876748e-05
SUPT4H1,4.875895e-05
POLR3D,4.8724563e-05
ZW10,4.870864e-05
ZHX1,4.865365e-05
CPSF1,4.862067e-05
CTPS1,4.854886e-05
SLC12A6,4.8540027e-05
ZNF883,4.8489095e-05
NVL,4.8486465e-05
ASCC1,4.8475482e-05
RFC2,4.8468766e-05
TOR1AIP1,4.845854e-05
METTL6,4.8446036e-05
SPCS2,4.844324e-05
RNF114,4.8435235e-05
MSANTD4,4.8423408e-05
PDCL3,4.8412865e-05
KIFC3,4.8400023e-05
MAN2B1,4.8363014e-05
PSMB6,4.836119e-05
AC012146.1,4.835846e-05
ABL1,4.8351194e-05
TMEM135,4.8346836e-05
TRIM52-AS1,4.8339578e-05
GOLGA8A,4.830138e-05
PLEKHA1,4.8299564e-05
AL354707.1,4.8261893e-05
NTMT1,4.826082e-05
COX7A1,4.8256985e-05
MMAB,4.8253103e-05
PSMA5,4.824595e-05
HAUS2,4.8240887e-05
NEU1,4.8226048e-05
LRP5,4.8209564e-05
FNIP2,4.8194357e-05
ACYP2,4.8161226e-05
GPS1,4.8158552e-05
USP48,4.8137947e-05
SH3GL1,4.8125727e-05
TFCP2,4.812124e-05
ZNF506,4.811187e-05
TBXAS1,4.807376e-05
SCFD2,4.8069818e-05
ZNF618,4.8057886e-05
UBL3,4.8056776e-05
REXO5,4.803893e-05
PPP1R12B,4.8026148e-05
AUXG01000058.1,4.802518e-05
ORC4,4.8010406e-05
SIRT1,4.7977184e-05
DR1,4.794922e-05
UGCG,4.793543e-05
RRN3,4.7929672e-05
SDHD,4.7922535e-05
AC009299.3,4.788149e-05
PPP6C,4.7879563e-05
FAM200A,4.78679e-05
POLR2J3,4.7827707e-05
UBN1,4.7826547e-05
PIGL,4.7817757e-05
SNRNP200,4.7815014e-05
MTRF1L,4.7768855e-05
C2orf49,4.7768524e-05
PHYKPL,4.7765414e-05
SYNRG,4.7751615e-05
MMP24OS,4.7738493e-05
THUMPD3-AS1,4.7730013e-05
C9orf85,4.772398e-05
GSKIP,4.772113e-05
CEMIP2,4.7718087e-05
PDS5B,4.7708803e-05
RHOT2,4.767111e-05
CLTB,4.766124e-05
SF3B4,4.7652964e-05
HAGH,4.7649854e-05
ATR,4.7625825e-05
SPTY2D1,4.760006e-05
TRMT112,4.7591908e-05
PTPN12,4.7591184e-05
CTBP1,4.7577876e-05
OTUD5,4.754183e-05
CEP57L1,4.7539634e-05
UBXN8,4.7520934e-05
LIMD1-AS1,4.75014e-05
OSBPL5,4.7496975e-05
TBL1X,4.7495076e-05
PI4K2B,4.7472015e-05
CYB5R4,4.7450696e-05
CSNK1G3,4.7445876e-05
SIAH1,4.743627e-05
SMAP2,4.7434143e-05
TRANK1,4.7418886e-05
SLC22A15,4.7418536e-05
BOLA2,4.7415524e-05
CCDC125,4.740226e-05
NFIX,4.7390713e-05
NIP7,4.7385136e-05
PSMF1,4.7377725e-05
ZNF530,4.7359103e-05
RANBP2,4.73224e-05
SCHIP1,4.7307578e-05
CLIC4,4.7294594e-05
PPP2R5A,4.7284502e-05
DYM,4.7265912e-05
COMMD1,4.7253456e-05
LYPLA2,4.7212514e-05
PPAT,4.718829e-05
WWOX,4.7177084e-05
MR1,4.715532e-05
FLOT2,4.714895e-05
KSR1,4.7113444e-05
AGAP4,4.7112837e-05
CAB39,4.7109337e-05
GPR107,4.7091035e-05
CDKL3,4.70898e-05
HK1,4.707669e-05
ST20-AS1,4.7061145e-05
ANKMY2,4.7058984e-05
EMCN,4.701741e-05
RECQL,4.7014393e-05
KLHL24,4.701248e-05
LRPAP1,4.7008765e-05
RGS10,4.7001755e-05
CGN,4.6990823e-05
BICRA,4.6986097e-05
SHMT2,4.6983743e-05
YIPF5,4.6982088e-05
MIR99AHG,4.6975976e-05
SLC1A4,4.6947946e-05
ANKRD18A,4.6943213e-05
TFRC,4.693518e-05
PRMT5,4.6932037e-05
AC025171.4,4.691201e-05
PNPT1,4.69061e-05
MTCP1,4.6902747e-05
SETDB1,4.6892477e-05
CFP,4.6886787e-05
TPT1-AS1,4.6874004e-05
TMEM65,4.6867233e-05
ARIH1,4.6854984e-05
TXN,4.6818743e-05
MBIP,4.680839e-05
MSH2,4.680397e-05
DUSP6,4.6789635e-05
S100A10,4.6773617e-05
TNFRSF10A,4.6772166e-05
CRIP1,4.6760175e-05
ZNF71,4.6759065e-05
RAB33A,4.6757024e-05
PDK3,4.673592e-05
RBM7,4.6735488e-05
ZCCHC17,4.673427e-05
PCGF1,4.6715264e-05
CHD3,4.670987e-05
TRAF3,4.66941e-05
SP1,4.6684087e-05
VPS26C,4.6669167e-05
PRIMPOL,4.6668847e-05
PLSCR3,4.6664183e-05
ACTR1A,4.6663867e-05
UBE2Q1,4.6663732e-05
SPTBN1,4.664525e-05
ETV3,4.6635752e-05
MRTFB,4.6629342e-05
Z97192.3,4.6620757e-05
MYO5A,4.6620662e-05
TRMT1L,4.6606314e-05
PRDM2,4.660142e-05
EPB41L2,4.6597197e-05
RPP25,4.6595505e-05
AC027031.2,4.659351e-05
VPS25,4.6568563e-05
PSD4,4.6562862e-05
LINC01888,4.6546153e-05
MED17,4.6523437e-05
DHDH,4.6521345e-05
TC2N,4.65186e-05
BABAM2,4.650674e-05
HEXIM1,4.6488378e-05
ZNF793,4.648541e-05
TMEM17,4.647697e-05
WWC2,4.6458394e-05
NBPF12,4.6450652e-05
DAGLB,4.643626e-05
ARHGEF37,4.6426794e-05
TTF1,4.6413155e-05
SMUG1,4.6413013e-05
FAM20B,4.6411795e-05
STARD4,4.6401554e-05
TTK,4.6391993e-05
NSD1,4.6380617e-05
SRSF12,4.6377376e-05
SMIM10,4.6374702e-05
KIF20A,4.6374364e-05
PRPF39,4.6350397e-05
PINX1,4.6329136e-05
HELQ,4.6320885e-05
MED8,4.6319947e-05
TCTN3,4.6287572e-05
AC119800.1,4.628196e-05
INTS6L,4.628076e-05
RP9,4.627139e-05
ZCCHC3,4.624988e-05
ENG,4.622295e-05
AKAP17A,4.622136e-05
C18orf32,4.6220695e-05
ARID3A,4.622035e-05
ARHGAP15,4.621897e-05
LEMD3,4.621695e-05
NADK,4.6214423e-05
IPO11,4.61871e-05
DNA2,4.6173736e-05
SLC25A20,4.616852e-05
ZNF195,4.6154546e-05
VTA1,4.6151e-05
NAA16,4.610486e-05
HERC5,4.6085326e-05
CD33,4.6081794e-05
SNX29,4.6080553e-05
SLF2,4.6073616e-05
DHX32,4.605775e-05
ZDHHC3,4.6056e-05
RAB1B,4.6053683e-05
C7orf26,4.6034114e-05
ERI2,4.602984e-05
ARID4B,4.6024703e-05
DHX57,4.6022524e-05
TRAPPC13,4.6019533e-05
DENND2D,4.6013425e-05
THADA,4.600623e-05
CC2D1B,4.597887e-05
OXSR1,4.5972873e-05
TRAF3IP1,4.596822e-05
ISG20L2,4.5965346e-05
FUT4,4.596316e-05
FUBP3,4.5949946e-05
PAIP1,4.5907702e-05
ASMTL,4.5905457e-05
UBASH3B,4.589286e-05
ENTPD1-AS1,4.5883353e-05
ETNK1,4.588215e-05
RPA2,4.5875066e-05
ATAD2B,4.587319e-05
DCTN6,4.5873014e-05
ST3GAL4,4.5863344e-05
EPM2AIP1,4.585924e-05
CLN5,4.5846853e-05
FAM83D,4.582526e-05
TTC38,4.5824196e-05
AC009570.1,4.580512e-05
GALNT14,4.579124e-05
MCTS1,4.5780955e-05
GLG1,4.5779656e-05
ZNF627,4.577049e-05
HSPBP1,4.576498e-05
AP3D1,4.575237e-05
MATR3.1,4.5746085e-05
DDX60L,4.5734294e-05
TTC32,4.569575e-05
MLST8,4.566836e-05
SLC52A2,4.5663823e-05
OTUD3,4.5651323e-05
ZC3H12A,4.5644258e-05
TMEM102,4.5634104e-05
C12orf49,4.5634068e-05
STK11,4.557965e-05
SMIM4,4.557114e-05
RAD50,4.55633e-05
VPS50,4.5546352e-05
ZNF408,4.5543824e-05
NAT10,4.5543322e-05
CDK10,4.5534503e-05
PGM2,4.553126e-05
C9orf43,4.55073e-05
FAF1,4.5500743e-05
NR5A2,4.5498535e-05
RBM28,4.5485587e-05
CBLB,4.547293e-05
PGS1,4.546851e-05
MRPS10,4.543816e-05
MMRN1,4.5419867e-05
LPCAT2,4.541274e-05
ERLIN1,4.539049e-05
PHACTR1,4.5372006e-05
THAP5,4.536963e-05
ZKSCAN7,4.53434e-05
DHRS1,4.534302e-05
PHOSPHO2,4.5330562e-05
GOLT1B,4.5330347e-05
SDHAF3,4.5314464e-05
UGDH,4.5302902e-05
MAN2A2,4.530243e-05
RBM4B,4.525144e-05
EBPL,4.524758e-05
DBR1,4.5246783e-05
TSPAN5,4.522237e-05
PDE7A,4.5216253e-05
STK26,4.5212877e-05
DCTN4,4.5209825e-05
ENDOG,4.520695e-05
DCTN5,4.519422e-05
ARL8B,4.515285e-05
RECK,4.5143657e-05
TRIM47,4.5131463e-05
HIST1H2BE,4.5113582e-05
ZNF711,4.5109464e-05
MINDY3,4.5109195e-05
DAB2,4.51052e-05
ZNF25,4.5089666e-05
AP000254.2,4.5087494e-05
YY1AP1,4.5052122e-05
TAF1B,4.504974e-05
WIZ,4.5027027e-05
LRG1,4.500984e-05
PSMD10,4.50076e-05
RAB22A,4.49904e-05
MARVELD1,4.4978548e-05
PGBD1,4.4965822e-05
SLC12A9,4.4965487e-05
ZCCHC10,4.4951415e-05
TSR1,4.4950193e-05
PLEKHF2,4.4943692e-05
ZNF846,4.4926688e-05
BIRC6,4.492435e-05
ALMS1,4.490674e-05
LOX,4.4889326e-05
THAP1,4.4877037e-05
UQCRB,4.484988e-05
AC092807.2,4.4837157e-05
LRP8,4.4814682e-05
AAAS,4.481214e-05
UFC1,4.4794833e-05
PURA,4.4789642e-05
KDM4D,4.478303e-05
SAMD1,4.477399e-05
COG4,4.4772878e-05
SNHG25,4.477214e-05
C1orf159,4.4768494e-05
IDI1,4.4765588e-05
DUBR,4.475587e-05
FAM172A,4.473959e-05
UBA6,4.473851e-05
ACTR10,4.472692e-05
NOTCH2NLA,4.4723864e-05
AL157895.1,4.4711836e-05
CORO1B,4.4703378e-05
SPPL2B,4.4691802e-05
FCGR1A,4.465828e-05
FBXO43,4.4641507e-05
FUOM,4.4640954e-05
UIMC1,4.4640077e-05
MAN1A2,4.4623353e-05
C18orf54,4.461954e-05
NDC1,4.460863e-05
LINC01694,4.4604894e-05
NUDT6,4.458672e-05
SEC22B,4.454468e-05
LINC02454,4.4535976e-05
YTHDF3-AS1,4.4502103e-05
CNIH3,4.450012e-05
SIK3,4.4491182e-05
AC009996.1,4.447927e-05
ATG9A,4.4464425e-05
HACD4,4.4443485e-05
ZFYVE9,4.4428925e-05
C6orf120,4.4398654e-05
KNOP1,4.438959e-05
AC083900.1,4.4381828e-05
PHB,4.4377557e-05
CRNDE,4.4377124e-05
MUTYH,4.437537e-05
GOLPH3,4.4373253e-05
ALDH5A1,4.4360975e-05
BRF2,4.435791e-05
TMEM134,4.435708e-05
TNPO2,4.434747e-05
GABPB2,4.4328317e-05
MINK1,4.4327604e-05
AAK1,4.4326596e-05
CDCA2,4.4320383e-05
EXOSC2,4.4283668e-05
NGDN,4.4274282e-05
SCARB2,4.425888e-05
RBL1,4.4242253e-05
TRIM24,4.4239616e-05
ARIH2,4.42346e-05
SUPT16H,4.4234548e-05
NRBP1,4.423374e-05
HIST1H1B,4.4233548e-05
CD151,4.42283e-05
MAST4,4.422672e-05
ZNF567,4.4225995e-05
MYEOV,4.4221993e-05
BTN2A1,4.422126e-05
ATP6AP1,4.421314e-05
FAM76A,4.4197368e-05
TMC8,4.418078e-05
F8,4.4178065e-05
EIF3K,4.4168795e-05
LINC00623,4.414609e-05
SDF2L1,4.4132958e-05
MRPS9,4.4112625e-05
TGFBR2,4.410629e-05
BASP1,4.409057e-05
PLEKHA2,4.4084878e-05
SLC10A5,4.407508e-05
AC135050.6,4.4058732e-05
PRPF3,4.4054887e-05
LTBP4,4.4041037e-05
AMFR,4.4040327e-05
OSGIN2,4.4030316e-05
BRAP,4.402558e-05
AC010880.1,4.4017794e-05
PLXDC2,4.4011707e-05
SLC30A5,4.4008073e-05
PCK2,4.397293e-05
TEDC1,4.397153e-05
SLC7A6OS,4.3947457e-05
INTS10,4.3928703e-05
AMMECR1L,4.3904387e-05
INTS5,4.3901997e-05
AC107214.1,4.3901004e-05
HARS2,4.389158e-05
CXCL8,4.3879405e-05
FAM193B,4.3853615e-05
CCZ1,4.3814565e-05
PNMA6A,4.3809e-05
MT-ND2,4.3803615e-05
MOGS,4.3768123e-05
MKS1,4.3765416e-05
AC009237.15,4.3757842e-05
BCL2L11,4.3750733e-05
ARPC5L,4.3741496e-05
CWC22,4.3736905e-05
ARMT1,4.3728804e-05
CLUH,4.3725824e-05
SYVN1,4.3721626e-05
DRAXIN,4.3711312e-05
VGLL4,4.3706634e-05
PRXL2C,4.3689583e-05
ADORA2B,4.3680262e-05
PKD2L2,4.367446e-05
IRF5,4.366636e-05
AC034193.1,4.3627293e-05
PDK2,4.3608772e-05
AKAP7,4.3592296e-05
EFTUD2,4.359095e-05
AC020978.5,4.356812e-05
LPCAT3,4.354715e-05
SULT1A1,4.3532156e-05
ANAPC4,4.3526972e-05
MACC1,4.3524415e-05
IFI35,4.3523327e-05
SNIP1,4.3513588e-05
CD300LF,4.349732e-05
KBTBD2,4.347516e-05
DYNLL2,4.345844e-05
CDC25C,4.3454682e-05
TSPYL5,4.345303e-05
ATXN2L,4.3441054e-05
ZNF804A,4.3382326e-05
DOLPP1,4.338002e-05
CDC23,4.337585e-05
CNST,4.3356893e-05
TAOK2,4.335178e-05
SELENOI,4.3347747e-05
PSME3,4.332604e-05
HOXB4,4.3322718e-05
CYB561D2,4.3301894e-05
JMJD8,4.3284934e-05
PKIA,4.326949e-05
QTRT1,4.326638e-05
EPB41L4A-AS1,4.3243137e-05
DLEU2L,4.324241e-05
DPCD,4.3230168e-05
TIMM50,4.322986e-05
RALGDS,4.3205666e-05
PRKD3,4.320184e-05
PALM3,4.3186094e-05
CEP85,4.3184802e-05
PDHX,4.317648e-05
NANP,4.316796e-05
CCNYL1,4.3143424e-05
PITPNB,4.3132688e-05
MFAP3,4.3118496e-05
PRPF8,4.3110947e-05
ZNF562,4.310629e-05
GFI1,4.310482e-05
NMD3,4.3099666e-05
ZNF449,4.3094584e-05
RARA,4.3059885e-05
NEK1,4.3054974e-05
SRP54,4.3038686e-05
CLK3,4.303412e-05
ARHGEF9,4.3030115e-05
NADSYN1,4.300793e-05
BRWD1,4.2998934e-05
ADAM15,4.2996293e-05
FOSL2,4.298771e-05
EAF2,4.2982374e-05
SINHCAF,4.2938387e-05
S100PBP,4.293432e-05
ORC1,4.292111e-05
SUSD6,4.289682e-05
TRIM8,4.288965e-05
CORT,4.287213e-05
CCDC186,4.281183e-05
ATP6V0A1,4.2795236e-05
ING4,4.2789663e-05
ZNF836,4.276843e-05
ZNF557,4.2761738e-05
CNOT10,4.273983e-05
NTHL1,4.270904e-05
KANSL2,4.269493e-05
WDR31,4.2678606e-05
FER,4.2675747e-05
SMIM10L1,4.267156e-05
TMED5,4.2663425e-05
L3MBTL2,4.263222e-05
DNMT1,4.2630178e-05
XPO5,4.260902e-05
SMCHD1,4.2587522e-05
PRKY,4.2585132e-05
ADAT1,4.2583433e-05
ZNF763,4.2572217e-05
HTT,4.257154e-05
WASL,4.2568263e-05
CENPN,4.2558535e-05
ATP11B,4.2534055e-05
CSF1,4.2527874e-05
NUP214,4.252375e-05
FAM174C,4.2496307e-05
GSDMD,4.2489017e-05
MKRN2,4.2478063e-05
METTL4,4.2463467e-05
C20orf96,4.245584e-05
TAX1BP3,4.2445172e-05
IKBKB,4.243658e-05
DNAJC28,4.242322e-05
LINC00526,4.2420466e-05
NAA50,4.2413183e-05
CACNA1C-AS2,4.239109e-05
GYG1,4.238598e-05
ERCC4,4.237838e-05
PABPC1L,4.236562e-05
LINC00923,4.236363e-05
DUS1L,4.2351065e-05
IFI44L,4.234272e-05
LYPLAL1,4.2342075e-05
PBXIP1,4.231183e-05
PANK2,4.2301166e-05
CRBN,4.2294967e-05
MIR34AHG,4.226953e-05
FBRSL1,4.2221487e-05
CPOX,4.2208227e-05
SKIV2L,4.219541e-05
STEAP3,4.219205e-05
TNFSF13B,4.2177646e-05
AC084198.2,4.2172356e-05
NBAS,4.216689e-05
LRRC58,4.215712e-05
LIN37,4.214997e-05
RAB31,4.214179e-05
CHPT1,4.2139505e-05
ECH1,4.2125062e-05
MRS2,4.2090673e-05
STARD3,4.2083626e-05
MCM8,4.2082906e-05
COA8,4.2076965e-05
IPO13,4.2059397e-05
MAN1A1,4.204424e-05
ZNF512,4.2023552e-05
WARS2,4.2013908e-05
CDK9,4.20071e-05
ZNF891,4.197151e-05
NOTCH2,4.1970987e-05
TCF20,4.1969924e-05
GPAT4,4.1961994e-05
ZBTB38,4.1958385e-05
ANKRD49,4.1927775e-05
MMP2,4.192104e-05
CBWD5,4.191734e-05
KNL1,4.190852e-05
RAP1GDS1,4.1900592e-05
SYF2,4.1895742e-05
IFI6,4.1891693e-05
AC090517.2,4.189006e-05
DNAJC27,4.1884883e-05
LMBR1L,4.1872703e-05
SCAMP4,4.1866635e-05
FAM71D,4.1851046e-05
HCG11,4.1845433e-05
EXOC1,4.184439e-05
AL592078.2,4.1843537e-05
TOM1L1,4.1838783e-05
ABCG2,4.1836407e-05
EHBP1,4.1833955e-05
MTG2,4.1821135e-05
ELF2,4.18087e-05
LINC02805,4.1807838e-05
RAD51,4.180655e-05
SELENOF,4.1802803e-05
TMEM101,4.179431e-05
HDAC9,4.179234e-05
ARHGAP9,4.178807e-05
PHF14,4.178072e-05
NEK4,4.177776e-05
TENT5A,4.1753727e-05
CBR1,4.175271e-05
AC060780.1,4.1742576e-05
RFWD3,4.1739044e-05
FAM214A,4.1738826e-05
AL050341.2,4.1737472e-05
TMEM186,4.1715237e-05
CEBPB,4.17018e-05
DPM2,4.1690062e-05
AL357079.2,4.166697e-05
NRF1,4.164581e-05
DNAJC9,4.1641073e-05
MSH3,4.1624917e-05
FAM136A,4.1624742e-05
UBXN7,4.162282e-05
JDP2,4.1618943e-05
CCNE2,4.1595304e-05
TOMM34,4.157364e-05
PGAP2,4.1562573e-05
AL135999.1,4.15534e-05
RAB35,4.1535055e-05
MAP3K5,4.1512605e-05
PARG,4.149395e-05
AC099791.2,4.1493502e-05
VCPIP1,4.1462088e-05
TMCO1,4.1461186e-05
TNFRSF14-AS1,4.1459367e-05
ZNF277,4.1457643e-05
CCDC181,4.144872e-05
OXER1,4.144823e-05
CENPA,4.1445368e-05
F2R,4.1444175e-05
UBXN10-AS1,4.1438587e-05
CHTOP,4.1417698e-05
ST3GAL3,4.1402305e-05
REST,4.137463e-05
MARCH5,4.1351355e-05
GXYLT1,4.1343195e-05
PDHA1,4.131026e-05
HIST1H2AH,4.1307987e-05
AC103591.3,4.12933e-05
KIF15,4.123881e-05
IKBKG,4.1234416e-05
PUS10,4.1226824e-05
SLC2A11,4.1224663e-05
ASTE1,4.1223087e-05
PITRM1,4.1219882e-05
OVCH1-AS1,4.1214003e-05
ZRANB1,4.1149902e-05
YES1,4.1148433e-05
MRPL30,4.1140767e-05
RAF1,4.113944e-05
ABI3,4.1131978e-05
XPNPEP3,4.1127034e-05
PLK4,4.1108106e-05
ZNF766,4.1108015e-05
NSMCE4A,4.1085143e-05
BEND5,4.1081206e-05
TRAM2,4.1073217e-05
ALPK1,4.107265e-05
LAMTOR5-AS1,4.104299e-05
HADHB,4.1014053e-05
RPS6KB2,4.101094e-05
SLC35A5,4.100917e-05
TMEM222,4.1006264e-05
RB1CC1,4.0999414e-05
STAM2,4.0986546e-05
ENDOD1,4.0972594e-05
C11orf68,4.0955398e-05
LINC01128,4.094566e-05
FAM122A,4.0930197e-05
AMDHD2,4.0917137e-05
DTX3L,4.0905008e-05
UTP18,4.0904237e-05
PDS5A,4.08773e-05
POMGNT1,4.0839117e-05
TRIM6,4.0838037e-05
FLT3LG,4.08346e-05
GTSE1,4.08252e-05
DBNL,4.080558e-05
SRPRA,4.0804956e-05
ATXN1L,4.079896e-05
HBP1,4.076735e-05
LRCH1,4.07543e-05
AHR,4.073514e-05
ZSWIM9,4.072659e-05
LY6E,4.0710387e-05
TMEM98,4.0697036e-05
TNFRSF8,4.0696148e-05
GBE1,4.0684907e-05
VPS9D1-AS1,4.0684277e-05
KCNMB3,4.0681683e-05
BCL7B,4.067736e-05
GFOD2,4.0674688e-05
ALG3,4.066223e-05
LANCL2,4.0660918e-05
WIPF1,4.0651223e-05
GPR52,4.065093e-05
CYTH1,4.064063e-05
LRRC34,4.0628005e-05
FBXW5,4.0622795e-05
TAF6,4.0622686e-05
MIR4435-2HG,4.061598e-05
MPP6,4.060442e-05
NFKBIL1,4.0603656e-05
POLR2A,4.059742e-05
RBBP5,4.0581228e-05
DHX29,4.056874e-05
FBXO9,4.0567935e-05
APLF,4.0567404e-05
KLC1,4.0566498e-05
ZFP36L1,4.055394e-05
EVL,4.0532534e-05
CEP104,4.0526644e-05
NNT,4.0524705e-05
FP565260.1,4.0517527e-05
DTWD1,4.051404e-05
RSRP1,4.051139e-05
SP3,4.0503823e-05
TMEM129,4.0502473e-05
CEPT1,4.0502182e-05
RTEL1,4.0493836e-05
KIAA1522,4.049123e-05
AC245014.3,4.048495e-05
ATF5,4.0469095e-05
MUS81,4.0451298e-05
ESS2,4.0435167e-05
MAGED1,4.0426137e-05
PDRG1,4.0425624e-05
PRKD2,4.0409126e-05
ARMC8,4.0407336e-05
IMPDH1,4.0397383e-05
RMND1,4.0395702e-05
RUBCN,4.0389506e-05
PFKFB3,4.0388666e-05
SLC35C1,4.0372095e-05
PHACTR4,4.037105e-05
DENND4B,4.036725e-05
UCN,4.0345556e-05
SCNM1,4.0344898e-05
INPP5F,4.0326697e-05
TMEM259,4.0311654e-05
PYCR1,4.0276656e-05
VAMP4,4.0270173e-05
DNAJC14,4.026976e-05
ADAT2,4.0238134e-05
PLCG2,4.021905e-05
SIN3A,4.0197447e-05
ZNF682,4.0195424e-05
MCTP1,4.0191633e-05
SAT1,4.019029e-05
DCTD,4.0186904e-05
FGF14-AS2,4.017096e-05
RNF2,4.014937e-05
MICAL1,4.0146497e-05
SMYD4,4.0129482e-05
IGFBP4,4.0128267e-05
HERC4,4.0088384e-05
MED1,4.0087863e-05
LUZP1,4.008062e-05
TTC28-AS1,4.0067833e-05
CHPF,4.0066898e-05
NUDT8,4.003638e-05
CARMIL1,4.003416e-05
BIRC2,4.0024155e-05
ATAD3A,4.000472e-05
FBXO4,4.000074e-05
LYSMD2,3.9993647e-05
SLC2A6,3.9988932e-05
SGSM3,3.9920316e-05
JAK2,3.9911676e-05
AC093157.1,3.990453e-05
PPM1K,3.989133e-05
LNCTAM34A,3.9886756e-05
CAMK1D,3.987508e-05
C1GALT1C1,3.9836603e-05
METTL2B,3.98159e-05
CDC123,3.9801027e-05
SUMF2,3.9791666e-05
ZSCAN30,3.9784903e-05
VPS37B,3.9752336e-05
SNF8,3.974707e-05
SETD2,3.9734645e-05
NEMF,3.973063e-05
KDM1A,3.9729868e-05
UPP1,3.9729413e-05
TSPAN32,3.9723272e-05
MIR4458HG,3.9717885e-05
UBR7,3.9705643e-05
MED31,3.9704242e-05
FASTKD1,3.969466e-05
RPA1,3.9688486e-05
SIGMAR1,3.9687267e-05
RIN3,3.9648476e-05
PRR14L,3.964802e-05
SLC29A1,3.963431e-05
AAMDC,3.9622304e-05
NPIPB5,3.9612372e-05
SH3GLB1,3.9608392e-05
SNX8,3.9604405e-05
BACH2,3.958092e-05
PTPN22,3.9579285e-05
SNX30,3.9569928e-05
GPALPP1,3.9565883e-05
CCDC102B,3.955164e-05
FBXL20,3.9532344e-05
MRI1,3.952879e-05
NECAP2,3.9520968e-05
TMSB15B,3.951249e-05
DOCK11,3.949904e-05
ARAP2,3.9493836e-05
NOCT,3.9478742e-05
LINC01410,3.946733e-05
NRG4,3.946315e-05
RPUSD2,3.9453425e-05
HJURP,3.9452265e-05
TAF1,3.9446575e-05
TRIP11,3.9441693e-05
LINC00641,3.944154e-05
FNTA,3.943891e-05
ZNF141,3.943701e-05
C12orf73,3.9393068e-05
TAF1A,3.9378756e-05
INPP5E,3.9359056e-05
ATXN7L2,3.9355997e-05
AP1G1,3.935069e-05
MKKS,3.9350114e-05
ACTL8,3.933989e-05
RABEPK,3.933083e-05
GNL1,3.9324863e-05
CDC42BPB,3.930844e-05
C16orf95,3.9295937e-05
ENTPD6,3.92934e-05
DNAJC12,3.9286573e-05
OXR1,3.9282353e-05
TPGS1,3.9275423e-05
NEDD1,3.9274688e-05
GIT1,3.927042e-05
CEP63,3.92631e-05
SLC25A33,3.9249448e-05
CSPP1,3.92286e-05
CD3EAP,3.9217597e-05
ZNF32,3.920677e-05
YBEY,3.91931e-05
SOS2,3.9182516e-05
SUMO4,3.9149392e-05
FOXD2-AS1,3.914701e-05
NEURL4,3.9121223e-05
SSR4,3.9110797e-05
SPIN2B,3.907902e-05
TNRC6A,3.9072205e-05
MEN1,3.902841e-05
ZBTB25,3.900948e-05
RAB5A,3.897874e-05
ARHGAP35,3.8977756e-05
AL357079.1,3.8963757e-05
MSH5,3.894783e-05
ZNF85,3.8933173e-05
ASH1L,3.8930353e-05
MEF2A,3.8898466e-05
BTD,3.889342e-05
ARMC5,3.888739e-05
EPSTI1,3.8884886e-05
IL23A,3.8847826e-05
METAP1,3.8824383e-05
MFSD4B,3.8787683e-05
MCCC2,3.877161e-05
DNAL4,3.8758604e-05
PEA15,3.875214e-05
OGT,3.8725113e-05
DNAJC30,3.871192e-05
MRPL44,3.8707793e-05
CUL4A,3.870576e-05
EMC1-AS1,3.87033e-05
BTBD2,3.8697657e-05
ST8SIA4,3.8681283e-05
ARHGEF26,3.8661023e-05
PROSER3,3.8655777e-05
PRR12,3.865087e-05
ANGPTL6,3.864985e-05
AC019129.2,3.8643466e-05
AQP10,3.8638e-05
CIITA,3.8637932e-05
NIPAL3,3.8617258e-05
TRIM41,3.8608563e-05
JPT2,3.860535e-05
HIST3H2A,3.860066e-05
SLC33A1,3.8597875e-05
SLC35B4,3.8578517e-05
MRPS2,3.857736e-05
PIP4P1,3.8576185e-05
AC105760.1,3.857589e-05
SREK1IP1,3.8569047e-05
PLA2G12A,3.856818e-05
ATP6V1H,3.8553528e-05
SLC8B1,3.8551618e-05
AL035461.2,3.8536036e-05
TTTY14,3.853258e-05
CLC,3.851218e-05
AC084782.1,3.8490787e-05
RHOBTB3,3.8478775e-05
ZNF253,3.847497e-05
DIS3,3.8469534e-05
RNFT1,3.846434e-05
ERP44,3.8452843e-05
SMIM20,3.845215e-05
P4HTM,3.844525e-05
AC004847.1,3.8440794e-05
SPOUT1,3.8439248e-05
PSMD2,3.8426155e-05
ZNF626,3.8420094e-05
PRMT7,3.8417093e-05
C1orf21,3.8412047e-05
GALNT7,3.8407565e-05
ALG12,3.840488e-05
SLC35E2B,3.8379585e-05
NFATC1,3.8371476e-05
COX11,3.835228e-05
AFG1L,3.8342878e-05
MAP4K1,3.8335744e-05
ZNF302,3.832842e-05
IP6K2,3.8316062e-05
TNFRSF21,3.8283008e-05
TMEM265,3.824096e-05
PTRHD1,3.8200847e-05
SMIM29,3.818774e-05
C16orf58,3.8169346e-05
FBXO48,3.8126793e-05
ALPP,3.8097252e-05
ZNF771,3.8075596e-05
GEN1,3.8049697e-05
SAR1A,3.8036727e-05
KCTD5,3.802648e-05
ELAC1,3.801632e-05
SRPRB,3.7987807e-05
CDK5RAP3,3.797557e-05
POLE2,3.7971953e-05
BTN3A3,3.7943806e-05
CDC6,3.7932972e-05
RAB40C,3.7930906e-05
GFOD1,3.792976e-05
CHKB,3.791682e-05
WRAP73,3.7906528e-05
ZNF333,3.7897065e-05
NCAPG,3.787414e-05
P3H4,3.7818125e-05
YRDC,3.7815593e-05
TNKS,3.779097e-05
MYBBP1A,3.775895e-05
ZNF529-AS1,3.7746442e-05
AATF,3.771022e-05
TMEM35B,3.7695532e-05
ABHD3,3.7687634e-05
MYH9,3.7678314e-05
TRIM69,3.7671896e-05
COQ10A,3.7671525e-05
GFM2,3.766801e-05
NPM2,3.766536e-05
AC114488.3,3.7642058e-05
NEDD4,3.763694e-05
ACVR2B-AS1,3.7625163e-05
ST6GAL1,3.757811e-05
CCDC71,3.7569516e-05
CHKA,3.755327e-05
HPDL,3.7548292e-05
NKAIN2,3.754597e-05
RNF141,3.7519454e-05
SAPCD1,3.7517966e-05
CRELD2,3.748716e-05
AC008443.5,3.748472e-05
MAP3K12,3.7483245e-05
CCDC91,3.7464306e-05
HTATIP2,3.744028e-05
DPYD,3.742343e-05
PRKACA,3.7421127e-05
SLC35B1,3.7408274e-05
ST7L,3.7383285e-05
RICTOR,3.7380356e-05
NUP153,3.737865e-05
PDSS1,3.7361027e-05
WDR62,3.7349313e-05
AC091563.1,3.734256e-05
CSTF2,3.7339378e-05
NUDT16,3.7338785e-05
LINC00173,3.733013e-05
GPR173,3.7329304e-05
GAL,3.729965e-05
LARP1B,3.729378e-05
TMEM63A,3.729079e-05
ZSCAN20,3.728816e-05
KANSL3,3.7244066e-05
ZDHHC6,3.723998e-05
C11orf54,3.722671e-05
PPIE,3.7208767e-05
SPRED1,3.720597e-05
AP001505.1,3.719983e-05
B3GNT2,3.7176673e-05
HDGFL3,3.7132817e-05
ALKBH2,3.709007e-05
WDR37,3.7068425e-05
GPSM3,3.7064947e-05
TUT7,3.7048067e-05
ERI3,3.7041416e-05
CERS5,3.703561e-05
OXTR,3.7029447e-05
CAMLG,3.7014648e-05
GOLGA4,3.7012305e-05
C1orf141,3.700439e-05
PIAS3,3.6993417e-05
ZNF568,3.6992707e-05
LPIN1,3.6985235e-05
BTG3,3.6965877e-05
ASGR1,3.6964255e-05
LRRC8B,3.6934816e-05
CLASRP,3.6920424e-05
RPARP-AS1,3.6908034e-05
SH2B3,3.690379e-05
ATP1A1,3.689432e-05
CDK7,3.6892892e-05
CERS2,3.688384e-05
STX18,3.684024e-05
LINC01600,3.683227e-05
CCR1,3.6831272e-05
MAP1LC3B,3.682301e-05
LDLRAD4,3.6820835e-05
CORO7,3.6813282e-05
CCNH,3.679555e-05
CEP78,3.6793826e-05
NCK2,3.6765912e-05
AC103691.1,3.6752812e-05
LIN7C,3.6693826e-05
AFF2,3.6685997e-05
ETAA1,3.6666388e-05
RNF214,3.6634705e-05
CCDC106,3.6604604e-05
AL356055.1,3.659766e-05
OCEL1,3.6569978e-05
PDZD8,3.656623e-05
IFT46,3.653886e-05
RAB38,3.653758e-05
MOB3A,3.6523765e-05
GINS4,3.6523066e-05
AURKA,3.65214e-05
C1orf122,3.6510228e-05
ABCA7,3.6505357e-05
CEP55,3.649658e-05
KMT2C,3.6494544e-05
DOT1L,3.6474703e-05
LNX2,3.646935e-05
SDCBP,3.6460093e-05
EPC1,3.6454156e-05
CHIC1,3.6442038e-05
NUDT14,3.6435933e-05
KDM5D,3.6432873e-05
P2RX1,3.641203e-05
PACSIN2,3.639545e-05
OBSCN,3.6332236e-05
GMEB2,3.6327998e-05
TSPAN31,3.631774e-05
RCOR3,3.631715e-05
HIST1H2AC,3.6309597e-05
LPIN2,3.6299512e-05
SAAL1,3.6280737e-05
TLCD3A,3.626247e-05
GFER,3.6259444e-05
PHF20,3.6246565e-05
NUDT18,3.6246194e-05
PIGC,3.6237238e-05
AL391001.1,3.6230016e-05
HGS,3.6202953e-05
ZNF724,3.62005e-05
ANKRD31,3.618933e-05
TMEM80,3.616263e-05
SIPA1L3,3.614711e-05
PARD3-AS1,3.6141497e-05
NEU3,3.6077385e-05
MEGF9,3.6056794e-05
CHTF18,3.6054218e-05
GPR183,3.6051308e-05
FBXO34,3.604307e-05
AC093627.5,3.6042547e-05
YTHDC2,3.6041078e-05
ZBTB24,3.6039346e-05
UBE2W,3.6037778e-05
CYP2U1,3.6034926e-05
AGAP5,3.6025103e-05
TSNAX,3.597831e-05
USP44,3.595118e-05
SLC39A14,3.594714e-05
GOLPH3L,3.592762e-05
POLR3A,3.592614e-05
ARF3,3.592208e-05
S100A16,3.5911617e-05
RERE,3.5903257e-05
INTS8,3.5879457e-05
SNAPC3,3.587088e-05
TSC22D4,3.58624e-05
AL390195.1,3.584984e-05
C21orf58,3.5834368e-05
WDR89,3.582635e-05
PGGT1B,3.5789162e-05
ZNF737,3.578252e-05
DDX11-AS1,3.5767334e-05
SURF6,3.5761463e-05
PCMT1,3.5759655e-05
ID1,3.5741537e-05
BORCS7,3.5735004e-05
CYP2R1,3.5732035e-05
LIG1,3.571519e-05
CKB,3.5714245e-05
TRMT61B,3.5691428e-05
PEX6,3.5691195e-05
MTG1,3.568649e-05
TSC1,3.568352e-05
NCOA1,3.5676203e-05
ATF7IP2,3.5671677e-05
METTL15,3.566164e-05
APMAP,3.5657027e-05
BLZF1,3.564755e-05
EID3,3.5624293e-05
CHUK,3.5611916e-05
LINC01150,3.560918e-05
PROM1,3.5594985e-05
ANKRD36C,3.559005e-05
ATP8B3,3.5586025e-05
RALGAPB,3.5578676e-05
BCL2L13,3.5578487e-05
CASP3,3.557577e-05
VPS51,3.5574845e-05
COQ3,3.5572957e-05
PHF13,3.554581e-05
CSAD,3.554382e-05
MARF1,3.5542234e-05
MRPL32,3.552551e-05
PLAA,3.549494e-05
MGAT4B,3.5470675e-05
ALKBH4,3.546932e-05
WDR35,3.5452143e-05
CMSS1,3.5447236e-05
DTNBP1,3.543675e-05
GEMIN5,3.5370675e-05
GIMAP6,3.53355e-05
LINC01140,3.5331694e-05
WDR5B,3.532601e-05
GPR88,3.5300094e-05
RASA3,3.5297802e-05
PYCR3,3.5291276e-05
LARP4,3.5225363e-05
PNMA1,3.5215668e-05
LRCH4,3.5199264e-05
ARMCX3,3.5183515e-05
CCDC137,3.517241e-05
UPK3BL1,3.5167883e-05
NDN,3.5166042e-05
NDUFB9,3.515794e-05
FAM118A,3.5142624e-05
WDR55,3.5139867e-05
AC016831.5,3.513544e-05
TEX38,3.5093246e-05
ASXL2,3.5082292e-05
SMPD4,3.508057e-05
TMEM170A,3.5055993e-05
PNPLA6,3.502895e-05
DCAKD,3.5023615e-05
BTF3L4,3.5021672e-05
CNOT6L,3.5018238e-05
RANGAP1,3.4986242e-05
GIGYF1,3.493631e-05
LRRC28,3.49339e-05
FBXO6,3.49326e-05
AF131215.6,3.493215e-05
SFMBT2,3.4908757e-05
VWA8,3.4888995e-05
USP1,3.4879322e-05
DIP2A,3.4869827e-05
TOMM40L,3.484399e-05
LINC02610,3.4838562e-05
ALOX12-AS1,3.4832003e-05
IL2RG,3.4810448e-05
H6PD,3.4805733e-05
DROSHA,3.479944e-05
SAP130,3.479726e-05
AL158152.1,3.4788445e-05
SLMAP,3.4740708e-05
HEATR6,3.4738503e-05
MRPL19,3.473293e-05
THEM4,3.472727e-05
ZNF200,3.470276e-05
ANAPC7,3.4700675e-05
FAAP100,3.4693254e-05
CYP1B1-AS1,3.4690474e-05
C12orf43,3.4664055e-05
DDX28,3.4649784e-05
APOBEC3C,3.4649427e-05
INTS13,3.464191e-05
MCPH1,3.4634053e-05
NRAV,3.4624496e-05
FAM192A,3.462335e-05
MRPL14,3.4598474e-05
SUFU,3.458429e-05
PREB,3.458104e-05
WDR48,3.458002e-05
MON2,3.457736e-05
PRKAG2,3.457541e-05
KLB,3.456645e-05
GTSF1,3.4566372e-05
EIF2B2,3.455544e-05
DPAGT1,3.453715e-05
SLC39A6,3.4535955e-05
RAB11B,3.4534907e-05
RAB9A,3.4531597e-05
ZNF180,3.447855e-05
CRACR2A,3.4467306e-05
PRKRIP1,3.4463184e-05
ZNF444,3.44539e-05
FZD7,3.4435205e-05
AL449106.1,3.44285e-05
NKAIN1,3.4411954e-05
TENT2,3.4409994e-05
FGD5-AS1,3.439448e-05
AL590226.1,3.439015e-05
CR1,3.4372533e-05
CRYBG2,3.436495e-05
ADGRG1,3.4333538e-05
ATP13A1,3.4332134e-05
HPS6,3.4303714e-05
ARMCX2,3.430211e-05
DIP2B,3.4282097e-05
UBXN6,3.427566e-05
KCTD3,3.4268505e-05
MAML3,3.4232533e-05
CTNNAL1,3.423157e-05
TMEM41B,3.4229815e-05
ELOA,3.4203968e-05
AP1G2,3.420112e-05
AC012360.3,3.4195382e-05
ZNF136,3.419316e-05
WIPF2,3.4187055e-05
C11orf65,3.4174198e-05
RNF138,3.4167606e-05
CENPT,3.4143522e-05
KDM6B,3.41346e-05
XPA,3.4104454e-05
SETD5,3.4097757e-05
NELFB,3.4087898e-05
FOXJ2,3.4084813e-05
CD40,3.4063876e-05
AL591721.1,3.4059503e-05
TPD52L2,3.4057695e-05
ARL17B,3.4045344e-05
ERBIN,3.403679e-05
GPAT2,3.403485e-05
IGSF3,3.403371e-05
ARL14EP,3.4028028e-05
SSH3,3.402668e-05
PGM1,3.402256e-05
DIAPH3,3.401403e-05
LRRC41,3.4001954e-05
AC019197.1,3.3981494e-05
PRKCSH,3.3974604e-05
ACSF3,3.3969845e-05
GATA2-AS1,3.395004e-05
PRKAR2B,3.393797e-05
NUP160,3.393748e-05
IBA57,3.3929682e-05
AC004803.1,3.392084e-05
ATAD3C,3.3916793e-05
ADAM8,3.3912063e-05
MMP11,3.390998e-05
ATP6V1E2,3.3881523e-05
CTDSPL,3.387445e-05
PAX8-AS1,3.3844375e-05
ZNF311,3.3839595e-05
SHARPIN,3.3777156e-05
TMTC3,3.3744323e-05
ZNF790-AS1,3.3728713e-05
TRIM23,3.372413e-05
SRBD1,3.3700147e-05
VAT1,3.3695957e-05
KATNAL1,3.369096e-05
C22orf39,3.3690387e-05
MTA3,3.3687673e-05
DHX8,3.368687e-05
CFAP20,3.368082e-05
TRIM9,3.368015e-05
MAD2L2,3.367014e-05
HIST1H2AE,3.3661472e-05
MIER1,3.365803e-05
NACC1,3.3653003e-05
SKAP2,3.3641107e-05
CREB3,3.3609977e-05
STIMATE,3.3603523e-05
AC112907.3,3.3590244e-05
DNAJC6,3.357226e-05
ZNF263,3.3559052e-05
SEC23B,3.3547778e-05
HOXA10-AS,3.3521865e-05
KPTN,3.3517586e-05
JRKL,3.351708e-05
LRWD1,3.3510292e-05
ZSWIM6,3.348429e-05
COG8,3.347993e-05
PRH1,3.3479388e-05
TMEM38B,3.3467415e-05
SRGAP2B,3.3466167e-05
USP42,3.3452074e-05
WDTC1,3.3435437e-05
TTC34,3.343155e-05
C16orf72,3.3430133e-05
GLB1L,3.341799e-05
PHC3,3.3393306e-05
ZNF468,3.336365e-05
MRPL10,3.3332268e-05
ZBTB5,3.331898e-05
DCTN2,3.3318276e-05
AL109627.1,3.3315373e-05
DPP9,3.329512e-05
RFXAP,3.327562e-05
ODR4,3.325647e-05
HGSNAT,3.3238368e-05
AP1M1,3.323674e-05
TMEM158,3.321475e-05
DRAM2,3.319817e-05
POFUT1,3.319237e-05
DENND10,3.3188793e-05
RHBDL2,3.3165594e-05
CLOCK,3.3149063e-05
CCL23,3.3112065e-05
AL390195.2,3.310667e-05
AC005540.1,3.3101875e-05
MFN2,3.3095967e-05
ZC3H11A,3.306214e-05
HCLS1,3.305695e-05
PUDP,3.303554e-05
FAM89B,3.3028053e-05
MRPL17,3.302513e-05
AC034236.2,3.3021766e-05
HIST1H2AM,3.301816e-05
SLC12A7,3.3016455e-05
HIVEP1,3.3011525e-05
CTBP1-DT,3.2993892e-05
ASH1L-AS1,3.2980806e-05
VPS4B,3.2971464e-05
PMPCA,3.2962784e-05
UBAP1,3.296055e-05
NR3C1,3.295283e-05
LYPLAL1-DT,3.293387e-05
TTLL7,3.293084e-05
TIMM44,3.2927128e-05
SNHG10,3.2909535e-05
MED14,3.2895477e-05
AGO4,3.2879438e-05
VPS45,3.2853743e-05
MRPL1,3.2852815e-05
PIP5K1A,3.2822663e-05
LINC01806,3.281097e-05
MAIP1,3.281072e-05
TMEM44,3.2800643e-05
ZNF721,3.279376e-05
LNPK,3.2792857e-05
CCHCR1,3.278775e-05
MIR3945HG,3.278151e-05
PFDN1,3.275802e-05
SDHA,3.275362e-05
IGHD,3.274523e-05
ACOT7,3.2740638e-05
MAST2,3.2733526e-05
TCF15,3.2731194e-05
ARIH2OS,3.2718945e-05
ABHD17A,3.2716012e-05
AC007390.2,3.271285e-05
SFXN5,3.2710443e-05
ARID4A,3.2707667e-05
PDP1,3.270385e-05
TMEM159,3.2697593e-05
ZNF37A,3.26629e-05
APOO,3.266051e-05
SLC16A7,3.260109e-05
METTL17,3.259861e-05
TRIM27,3.257267e-05
PRSS21,3.257212e-05
TRIO,3.2551987e-05
DAZAP2,3.253218e-05
IRF2BPL,3.251237e-05
SH3RF1,3.2489632e-05
HMOX2,3.2487693e-05
CCDC24,3.2484553e-05
NCAPG2,3.247718e-05
RAD54L,3.246518e-05
FGR,3.241163e-05
ZNF502,3.2409327e-05
NEURL1,3.2407486e-05
TMEM8A,3.2403896e-05
INTS9,3.239595e-05
IFT43,3.238383e-05
GBA2,3.238206e-05
RECQL5,3.237248e-05
AL596214.1,3.236344e-05
FAM218A,3.235087e-05
HOXA6,3.2320484e-05
BLCAP,3.2302687e-05
PKIG,3.227965e-05
TCEAL3,3.226171e-05
JOSD2,3.2213713e-05
PRKCA,3.2208132e-05
STAT2,3.217756e-05
ETFRF1,3.213654e-05
RO60,3.213398e-05
NDE1,3.2119784e-05
SNAP47,3.209881e-05
AC009948.2,3.2095282e-05
BAP1,3.2064836e-05
WASHC2A,3.2063526e-05
FAM229B,3.20311e-05
PARS2,3.202672e-05
BCLAF3,3.2017553e-05
AKT2,3.2012857e-05
ZNF417,3.19924e-05
DEDD2,3.1991705e-05
RIC8A,3.1986463e-05
KIAA0100,3.1933672e-05
LINC02609,3.181834e-05
AP006621.3,3.1795913e-05
LFNG,3.178926e-05
MIR181A1HG,3.178034e-05
NXPE3,3.1779346e-05
RHEB,3.1763997e-05
KCTD2,3.1744723e-05
RHOQ,3.1742584e-05
SLC25A24,3.171316e-05
AL023581.2,3.1709318e-05
POC1B,3.1703097e-05
SLC38A10,3.1701307e-05
TNFRSF18,3.1699015e-05
CENPS,3.169294e-05
PRSS53,3.168427e-05
CLCA4-AS1,3.1666263e-05
LINC02591,3.163239e-05
XIRP2,3.1627693e-05
RFX1,3.1611533e-05
GEMIN4,3.1585954e-05
CDH26,3.158561e-05
B3GALNT2,3.1567477e-05
TAB1,3.1562206e-05
PTPN23,3.1547046e-05
ERCC3,3.153433e-05
PIGU,3.1528223e-05
FURIN,3.1524312e-05
HMCES,3.150936e-05
TAF9B,3.149636e-05
TPRG1L,3.1491574e-05
CGREF1,3.147584e-05
PRPSAP2,3.1475614e-05
BECN1,3.1465446e-05
LRP12,3.14444e-05
ATP8B2,3.1435e-05
SLC2A3,3.1426385e-05
NAAA,3.1392337e-05
NUS1,3.1357784e-05
KCTD9,3.13479e-05
TMEM201,3.1317875e-05
VPS37C,3.1311785e-05
HIST1H2AG,3.129756e-05
TNK2-AS1,3.127662e-05
CPSF4,3.127187e-05
C20orf197,3.1211956e-05
CEP72,3.1209674e-05
HSD17B8,3.1195694e-05
PICK1,3.116328e-05
RIMKLA,3.11176e-05
E2F2,3.1110787e-05
MLLT6,3.1105497e-05
RIPK2,3.1075244e-05
SETDB2,3.1043404e-05
FBXL17,3.1042735e-05
MAPK6,3.1025425e-05
LSS,3.1022875e-05
FGFBP3,3.1021915e-05
FOXK1,3.100765e-05
DMTN,3.1006904e-05
POP1,3.099982e-05
TYSND1,3.099735e-05
FADS3,3.0997096e-05
ARHGEF7,3.0991574e-05
PCNX3,3.0988394e-05
CCNC,3.097549e-05
AC103706.1,3.0971558e-05
MPIG6B,3.095302e-05
AL390955.2,3.0941883e-05
SERINC1,3.0924835e-05
TES,3.092341e-05
DMTF1,3.0918647e-05
EP300,3.0856027e-05
MANBA,3.0850537e-05
NR1I3,3.0832438e-05
IKZF5,3.0818268e-05
UBE2E2,3.0808154e-05
AL136984.1,3.0804695e-05
LMLN,3.0803792e-05
PYHIN1,3.0795924e-05
FBXW4,3.0794272e-05
UBA7,3.0791827e-05
MATR3,3.077413e-05
GEMIN7,3.0766983e-05
AL627171.2,3.075293e-05
VPS26B,3.074378e-05
OPA3,3.0731677e-05
EREG,3.072378e-05
OGDH,3.069932e-05
ZNF584,3.067696e-05
PPM1M,3.0666863e-05
CAAP1,3.065995e-05
FNTB,3.065236e-05
LRRC59,3.063007e-05
SLC25A48,3.0621955e-05
AC007952.4,3.060762e-05
PYGO2,3.0591877e-05
TRBC2,3.0579726e-05
CAB39L,3.0575367e-05
LTN1,3.0570907e-05
SKIL,3.056785e-05
CXorf56,3.0559077e-05
AC005670.3,3.0554573e-05
USP3,3.0540155e-05
SH3GLB2,3.053325e-05
IDUA,3.0529554e-05
MDN1,3.0505942e-05
CXCL3,3.0493822e-05
FAM53C,3.0492294e-05
ZFP62,3.049152e-05
SERTAD2,3.0487834e-05
CHIC2,3.0482883e-05
CDC42EP3,3.045529e-05
CYSTM1,3.036496e-05
TOR4A,3.0363612e-05
LINC00324,3.035888e-05
MTF1,3.0303001e-05
CNTLN,3.0247964e-05
SLC19A2,3.0240832e-05
POLR3GL,3.0236894e-05
CDC14A,3.0232137e-05
CRIPT,3.0226032e-05
SERGEF,3.019621e-05
AC103702.1,3.0192152e-05
BSDC1,3.019068e-05
HSD17B7,3.017918e-05
GAK,3.0178231e-05
SARS,3.0170735e-05
EPB41L4A,3.0168927e-05
SCAF4,3.0111152e-05
COG5,3.0080204e-05
ZBED3-AS1,3.0064319e-05
PRXL2B,3.0012032e-05
DNAJB12,2.9998655e-05
PARP9,2.9992074e-05
L3MBTL3,2.997752e-05
EPHA1-AS1,2.994389e-05
CHMP1A,2.9931787e-05
DUSP22,2.9923649e-05
COQ9,2.9916926e-05
MAN2A1,2.9897665e-05
MGAT5,2.989492e-05
NPAT,2.9876961e-05
SMPDL3B,2.9874347e-05
RPS6KC1,2.9856143e-05
COQ5,2.9855692e-05
SCAMP3,2.9852936e-05
TUSC1,2.984251e-05
ZNRD2,2.9804667e-05
TUBGCP2,2.9784278e-05
C17orf80,2.9781557e-05
DLGAP4,2.9781502e-05
ALG1,2.9774112e-05
OAZ2,2.974709e-05
SLC25A29,2.972569e-05
ARL17A,2.9718682e-05
ASAP3,2.9712959e-05
PBX2,2.9710744e-05
CCDC144A,2.9707557e-05
ABCB1,2.9704895e-05
HSCB,2.968809e-05
ADCY3,2.9675053e-05
GDAP1,2.9662748e-05
ZGPAT,2.9658624e-05
NBPF1,2.9653718e-05
POLR2G,2.9638402e-05
NRN1L,2.960684e-05
PRKG2,2.960473e-05
ZNF614,2.9587285e-05
DHRS4-AS1,2.9583975e-05
NLN,2.9573137e-05
IFT80,2.957088e-05
PTTG1IP,2.9568628e-05
UBE2D4,2.9562134e-05
PMPCB,2.9539748e-05
ZSCAN26,2.9534775e-05
MPHOSPH6,2.9521501e-05
ZNF16,2.9483252e-05
ZNF362,2.9477515e-05
SHLD1,2.9447565e-05
C5orf22,2.943879e-05
AC109454.2,2.9416753e-05
STIM2,2.9391418e-05
TCF4,2.936819e-05
ZGRF1,2.9364826e-05
GIPC1,2.9361581e-05
ITGAV,2.9349247e-05
MAGI3,2.934063e-05
FAM168A,2.932587e-05
FAM135A,2.9322604e-05
SEC31B,2.9305902e-05
AGL,2.9305722e-05
FAS,2.9287661e-05
POT1-AS1,2.9281651e-05
MPC1,2.927906e-05
OR10Z1,2.9274068e-05
UCP2,2.925447e-05
PAQR8,2.9252036e-05
EPS15L1,2.9232482e-05
HSPG2,2.9228742e-05
FUCA2,2.9222505e-05
PAAF1,2.9217268e-05
CCDC112,2.9216806e-05
SMCO4,2.920932e-05
ESAM,2.920404e-05
BDP1,2.9202016e-05
AC091057.6,2.9201392e-05
PRNP,2.9192437e-05
APOL6,2.9173067e-05
C14orf93,2.9159368e-05
RANBP3,2.9158908e-05
EPHB6,2.9118204e-05
ATAT1,2.9110237e-05
RECQL4,2.9099667e-05
KLF11,2.909179e-05
ZNF668,2.908631e-05
WDR81,2.906391e-05
CTBP2,2.9044135e-05
PLCB1,2.9025183e-05
TMEM39A,2.9022776e-05
WDR34,2.901668e-05
RRBP1,2.9000299e-05
IFIT3,2.8976861e-05
LCLAT1,2.8946228e-05
IKZF2,2.8937808e-05
PRKRA,2.8929686e-05
QSOX2,2.8927418e-05
USO1,2.8862321e-05
AC092954.1,2.8860517e-05
ACAP3,2.885543e-05
ACE,2.884666e-05
EBAG9,2.8824203e-05
PXDC1,2.8816417e-05
ABCG1,2.8811008e-05
AL161421.1,2.8788028e-05
FBXL6,2.8784221e-05
NLRC4,2.8759621e-05
YIPF2,2.8754392e-05
ULK4,2.8751929e-05
RUFY2,2.8708759e-05
THNSL1,2.869609e-05
MFSD1,2.8694496e-05
AL136038.5,2.8689543e-05
C18orf25,2.8653849e-05
NET1,2.865028e-05
WDR45B,2.8647464e-05
SHB,2.8609142e-05
TNFAIP8L1,2.8585919e-05
PLOD3,2.8583037e-05
IP6K1,2.858016e-05
AC021016.2,2.8539398e-05
AL138724.1,2.8505161e-05
GPR135,2.850406e-05
ERCC8,2.8487068e-05
TRMT11,2.8475588e-05
MED23,2.8473949e-05
PIP5K1C,2.8462986e-05
SEC14L1,2.8456261e-05
PGM3,2.8456114e-05
METTL3,2.844982e-05
AL021155.5,2.842688e-05
IQCC,2.8408358e-05
MUSTN1,2.8408283e-05
ZNF43,2.8404585e-05
AL136988.2,2.8400122e-05
LINC02762,2.8395969e-05
SRGAP2C,2.8393388e-05
ELOVL1,2.8363756e-05
HSF1,2.8335702e-05
MFF,2.8334858e-05
CARNMT1,2.8330001e-05
R3HCC1L,2.8318096e-05
TRIM73,2.8297225e-05
SLC10A7,2.8258779e-05
IFI27L1,2.8253446e-05
DNAJC5,2.8251476e-05
ATP6V0A2,2.8220122e-05
AP4M1,2.8201071e-05
CPNE8,2.8200191e-05
SLC66A1,2.8186443e-05
TYMP,2.8181374e-05
EMILIN1,2.8181172e-05
AC107464.3,2.8114318e-05
ALS2,2.8113142e-05
SNTB1,2.810952e-05
LIX1L,2.8099475e-05
CUL1,2.807989e-05
RGS16,2.8063123e-05
RALGAPA1,2.8061546e-05
DPH2,2.8049355e-05
HHAT,2.8045417e-05
WBP1L,2.803394e-05
ZNF487,2.802929e-05
HIPK1-AS1,2.8025797e-05
IFI44,2.8015183e-05
DDX19A,2.7987691e-05
ATM,2.7936327e-05
HARBI1,2.7929778e-05
BORCS6,2.7925402e-05
TMEM94,2.7924265e-05
FLG-AS1,2.7909282e-05
ANKRD27,2.7898162e-05
WASHC1,2.7871507e-05
JAK3,2.7855456e-05
IVNS1ABP,2.7838421e-05
GBGT1,2.7834732e-05
EIF4EBP3,2.782758e-05
TCF19,2.7820026e-05
AC005697.2,2.777642e-05
LINC01006,2.7775533e-05
NUCB1,2.7774084e-05
ANKRD36B,2.7757109e-05
C16orf54,2.7752803e-05
CLEC5A,2.775071e-05
IQCB1,2.7743787e-05
SUSD3,2.7743243e-05
FCGRT,2.7740803e-05
SPPL3,2.7728971e-05
KLHDC10,2.7726299e-05
AC010969.2,2.771668e-05
GMPR2,2.7715088e-05
AC012065.4,2.7682609e-05
SUGP2,2.7676524e-05
ARHGEF1,2.7640042e-05
TRAF3IP2-AS1,2.7631571e-05
CAMKK1,2.7630556e-05
FAM72D,2.7601849e-05
MRC2,2.7594728e-05
SETX,2.7591268e-05
LHPP,2.7580902e-05
PPP1R26,2.7569991e-05
CETN2,2.7568994e-05
AL359921.2,2.7530868e-05
SLAIN1,2.7525102e-05
ZNF561,2.7512217e-05
LRBA,2.7511394e-05
ZMAT3,2.744748e-05
ULK1,2.7441813e-05
C16orf46,2.742913e-05
STON2,2.7418062e-05
ATG7,2.7395756e-05
FAM120C,2.7394326e-05
NEPRO,2.738797e-05
SNX7,2.7363756e-05
AC090948.3,2.7322769e-05
LSM14B,2.731711e-05
NOD1,2.7294926e-05
FOXL2,2.7276585e-05
PACRGL,2.725939e-05
TSHZ1,2.7248981e-05
DBT,2.7242972e-05
CENPO,2.7240216e-05
PIGK,2.7196069e-05
GINS1,2.717752e-05
IQCJ-SCHIP1,2.715986e-05
NCF1,2.7155545e-05
LINC02595,2.7154616e-05
AC067930.3,2.7125818e-05
KAT7,2.711149e-05
ASH1L-IT1,2.710091e-05
MAP7D1,2.7095677e-05
RNF185,2.7092728e-05
AL137796.1,2.7082124e-05
AFDN,2.705307e-05
DHX16,2.7032824e-05
AC009403.1,2.7024313e-05
EYS,2.6975133e-05
ZNF484,2.6973565e-05
B4GALT1,2.6960119e-05
SOAT1,2.6906326e-05
PTPRU,2.689705e-05
IFT140,2.6884223e-05
SLC38A9,2.6880138e-05
ZNF655,2.6874297e-05
C11orf80,2.6867534e-05
DNAJB4,2.6844344e-05
NCR3,2.6837542e-05
PRDM16,2.6826741e-05
CDR2,2.6824091e-05
MED7,2.6805921e-05
ZNF710-AS1,2.6778569e-05
RAD54L2,2.6763159e-05
CAVIN2,2.6724787e-05
OAT,2.6696263e-05
LINC01176,2.6672418e-05
B3GLCT,2.6646107e-05
ARSD,2.664242e-05
BX323046.2,2.66327e-05
TPGS2,2.6629234e-05
CD27-AS1,2.6627766e-05
AL031283.1,2.6588792e-05
RNF113A,2.6580841e-05
CAPN7,2.6566708e-05
PARP3,2.6556021e-05
MCEE,2.6546266e-05
PPP6R2,2.6544378e-05
WDR24,2.6533944e-05
NUDT22,2.652898e-05
TXNRD3,2.6489315e-05
DONSON,2.6481204e-05
CDK14,2.6455285e-05
PPP4R3B,2.642253e-05
SPON2,2.6396474e-05
CLASP1,2.6389842e-05
KIF3A,2.6380323e-05
KLHL13,2.6368654e-05
TBRG1,2.6353102e-05
AC024560.5,2.633202e-05
AL390728.6,2.6322356e-05
AC122710.2,2.632222e-05
ETFBKMT,2.631034e-05
DNAL1,2.6300295e-05
MAP2K7,2.6294605e-05
GPR180,2.6281701e-05
ACAT1,2.6273052e-05
CTU2,2.6268484e-05
CDYL,2.6257612e-05
ZNF790,2.6253398e-05
INPPL1,2.6250696e-05
STX3,2.6250535e-05
TRAK1,2.6235772e-05
KAZN,2.6233196e-05
GGH,2.6189287e-05
SLC39A11,2.6183807e-05
ACP2,2.6150141e-05
RDH11,2.6136446e-05
RANBP6,2.61215e-05
RBSN,2.6104888e-05
MRPS15,2.6066173e-05
ZNF140,2.6054537e-05
VEZT,2.6021276e-05
AL355488.1,2.6012827e-05
SLC25A32,2.6004735e-05
PSPH,2.5987194e-05
SWSAP1,2.5980687e-05
NCS1,2.5964544e-05
STRN4,2.5933163e-05
MNAT1,2.5923791e-05
C2orf69,2.5909825e-05
NRARP,2.5881089e-05
RFX2,2.5866037e-05
HIST1H3D,2.5857116e-05
ZRANB2-AS2,2.5857104e-05
TMEM168,2.5834677e-05
ELOA-AS1,2.5821595e-05
INPP4B,2.5804206e-05
STK19,2.5774521e-05
CENPL,2.5773856e-05
PYCR2,2.5754982e-05
PRRC1,2.5730136e-05
DEPDC5,2.5728903e-05
TJP2,2.5727562e-05
AL442003.1,2.5716578e-05
GTF2H1,2.5710602e-05
IFT122,2.569048e-05
DIPK1A,2.568831e-05
FOXN3-AS1,2.5666639e-05
ELP4,2.566228e-05
OAZ3,2.5659894e-05
SH2D3C,2.5639123e-05
MBD5,2.559282e-05
NCEH1,2.5584932e-05
LEPR,2.5577832e-05
CD72,2.5575917e-05
SELL,2.5568856e-05
CLEC2D,2.5559722e-05
STX11,2.551233e-05
C6orf163,2.5510179e-05
ZNF350,2.5496836e-05
APBB2,2.5464737e-05
ZFAND2A,2.5436006e-05
PHF21A,2.5411933e-05
AC104461.1,2.5377507e-05
CCAR2,2.5376994e-05
PRR22,2.5367352e-05
LCORL,2.5359004e-05
CCDC50,2.5355595e-05
VPS37A,2.5351444e-05
PLAAT1,2.5343228e-05
MIA3,2.5341791e-05
CASK,2.5310474e-05
AL136454.1,2.5291325e-05
MCM3AP,2.5281961e-05
IPO9,2.5270763e-05
TAGAP,2.5266423e-05
CELA2B,2.5259498e-05
ARHGEF2,2.5254767e-05
ICA1L,2.5243984e-05
AFF3,2.5237754e-05
TMEM161B,2.5232073e-05
PCIF1,2.5220845e-05
TMUB1,2.5212727e-05
EXT2,2.5135567e-05
DGCR2,2.5131649e-05
CYTIP,2.51218e-05
SPECC1L,2.5117142e-05
TKFC,2.5102197e-05
DHX33,2.5096067e-05
ORC5,2.508246e-05
NIPAL2,2.504398e-05
WDR74,2.5024905e-05
TERF2,2.5012025e-05
AL512306.2,2.4996505e-05
LRRC45,2.4948764e-05
FAM13B,2.4942245e-05
EML3,2.4927613e-05
TCEA3,2.492403e-05
CES2,2.4900388e-05
RBM38,2.4838366e-05
FEM1A,2.4837715e-05
SCN9A,2.4829575e-05
PDP2,2.482128e-05
AP002495.1,2.4786224e-05
TXNDC15,2.478285e-05
ZNF718,2.475918e-05
MRTFA,2.4730303e-05
FOXP4,2.4729297e-05
GBP5,2.4696245e-05
LDLRAP1,2.467222e-05
RAB28,2.4659983e-05
SLFN13,2.4645957e-05
AC019069.1,2.4629308e-05
DUS3L,2.4624409e-05
NKAP,2.4606104e-05
KLHL2,2.457886e-05
TRAPPC9,2.457791e-05
SURF2,2.4570694e-05
ANKS1A,2.4550387e-05
AL451050.2,2.452662e-05
HTRA2,2.4522973e-05
AKT3-IT1,2.4495992e-05
AC072028.1,2.4495219e-05
ZFR2,2.4473295e-05
PGAP3,2.4461258e-05
BRCC3,2.4456043e-05
SLC35A4,2.4424995e-05
SOCS7,2.4402294e-05
ZNF184,2.4399336e-05
BNIPL,2.4374784e-05
ZDHHC14,2.4368203e-05
SLC25A26,2.4342833e-05
RBM48,2.4335633e-05
FASTK,2.4314584e-05
MRM2,2.4285839e-05
ATF3,2.4284016e-05
TMEM251,2.4263516e-05
ZNF570,2.423317e-05
DGKE,2.4207578e-05
ATP6V0E2,2.4204162e-05
CCNG2,2.4202602e-05
AKAP11,2.4197741e-05
AC097448.1,2.4195657e-05
LINC01144,2.4182627e-05
AL162458.1,2.4161236e-05
U2AF1,2.4149613e-05
SNX18,2.4128596e-05
GEMIN2,2.4079727e-05
EIPR1,2.4061634e-05
TRIM58,2.4037485e-05
ZNF154,2.403056e-05
OXNAD1,2.4025609e-05
WHAMM,2.402273e-05
TTC30A,2.4009785e-05
DPP8,2.3965906e-05
PLAG1,2.3937915e-05
G6PD,2.391338e-05
SEMA4D,2.39035e-05
MTERF4,2.3869927e-05
STX5,2.3860832e-05
RPP14,2.385585e-05
PTRH2,2.3787876e-05
COL2A1,2.3783134e-05
PSKH1,2.3738578e-05
AGMAT,2.3737284e-05
ZNF213-AS1,2.373611e-05
RNF121,2.3734725e-05
TNNT1,2.372712e-05
ARSA,2.3714265e-05
FAM110D,2.3692859e-05
BCAT1,2.3688066e-05
ANKS3,2.3673478e-05
C12orf29,2.3654009e-05
MINDY4,2.3641245e-05
ABCD4,2.3622966e-05
AIDA,2.3612236e-05
CCNL1,2.3594248e-05
LAMP1,2.359204e-05
PET117,2.3578574e-05
TRMT1,2.3566385e-05
DFFA,2.3542407e-05
LAS1L,2.3539966e-05
RNF40,2.353086e-05
AC010618.3,2.3526629e-05
STBD1,2.3513818e-05
AC009107.2,2.3501008e-05
C12orf66,2.3483297e-05
ZNF720,2.347752e-05
ERCC2,2.3475766e-05
GGA2,2.3463157e-05
ZNF701,2.3460203e-05
SBNO1-AS1,2.3454844e-05
E4F1,2.3443774e-05
TMEM62,2.3428633e-05
ABRAXAS1,2.3425404e-05
AC008781.2,2.3425344e-05
GDPD3,2.3411698e-05
SLC30A6,2.3406457e-05
ZRANB2-AS1,2.340441e-05
EIF4H,2.3399483e-05
TSEN54,2.338739e-05
AC073508.3,2.3372231e-05
FGD5,2.3360819e-05
FAM86C1,2.3346092e-05
AC073332.1,2.3309909e-05
MED14OS,2.3302231e-05
AC005562.1,2.328399e-05
WDFY4,2.3235789e-05
EFCAB11,2.3232817e-05
SNAP29,2.3230697e-05
HIST2H3D,2.3212082e-05
FAM117B,2.3206603e-05
RLF,2.3194798e-05
ASPN,2.319478e-05
NPIPA1,2.31829e-05
IFIT1,2.3159293e-05
PYM1,2.3151606e-05
APOLD1,2.3134515e-05
C17orf58,2.3108494e-05
AGFG1,2.3092703e-05
RNF11,2.3084827e-05
FAM210B,2.306067e-05
LINC00665,2.3050536e-05
ENOX2,2.3048467e-05
MTBP,2.304018e-05
TRIM62,2.3037472e-05
GCFC2,2.3031034e-05
ZNF431,2.3022454e-05
RHEBL1,2.3019451e-05
TRIM65,2.295963e-05
DDHD2,2.2933407e-05
MBD6,2.2911228e-05
EEF1AKMT1,2.2895987e-05
TMEM71,2.2860057e-05
ARMC9,2.2824834e-05
APIP,2.281141e-05
PYROXD1,2.2776121e-05
ATL1,2.2762697e-05
AC090517.5,2.2745398e-05
C1orf53,2.2728063e-05
KRBOX4,2.2720178e-05
C11orf1,2.2683373e-05
DISC1,2.2681945e-05
MANEAL,2.2657707e-05
ANAPC2,2.2626627e-05
IQCH,2.2608107e-05
ZBED1,2.2594577e-05
KIF13A,2.2491506e-05
ALKBH5,2.2489505e-05
RBM19,2.2455912e-05
TSPAN11,2.2453974e-05
AC010654.1,2.2452401e-05
AL031595.3,2.2431965e-05
ZNF496,2.2423508e-05
KANK4,2.2419334e-05
AVEN,2.2383552e-05
FRY,2.2332128e-05
AP3M1,2.2330316e-05
SNX12,2.232661e-05
ZNF546,2.2312248e-05
PAN3-AS1,2.2295271e-05
RRAGB,2.2285853e-05
INPP5A,2.226684e-05
LENG8-AS1,2.226374e-05
VPS52,2.2258731e-05
AL356488.3,2.2257465e-05
TAP2,2.2250933e-05
ABHD11,2.2245933e-05
HIST1H2BM,2.2216025e-05
ZNF789,2.2099128e-05
RAVER2,2.2090495e-05
TUBB3,2.2049922e-05
SHANK3,2.2001934e-05
IRF2,2.1990649e-05
POMC,2.1988137e-05
AC010359.2,2.1964734e-05
MICAL3,2.1963018e-05
TRMT12,2.1907357e-05
PPTC7,2.1867923e-05
DUSP18,2.1864718e-05
CCDC22,2.1843489e-05
TNFAIP3,2.1837153e-05
VPS53,2.1798562e-05
CHSY1,2.178963e-05
MTERF1,2.1757207e-05
UNC13D,2.17449e-05
LINC01237,2.1737631e-05
SPACA9,2.1734568e-05
CNOT6,2.1681528e-05
TCHP,2.1652808e-05
SWI5,2.16447e-05
FZD3,2.1569616e-05
AMMECR1,2.1560592e-05
PTGER4,2.1559548e-05
ABHD14A,2.1546886e-05
AL353708.3,2.1521919e-05
DERL3,2.149441e-05
EIF5AL1,2.1447708e-05
SPAG5,2.1443535e-05
AC004069.1,2.1434642e-05
CYP4V2,2.1415251e-05
AC087854.1,2.1407071e-05
TMEM104,2.138939e-05
AC131009.3,2.1374999e-05
RAPGEF2,2.1354717e-05
NOMO3,2.1345602e-05
NR4A1,2.1298234e-05
SMARCAD1,2.1293605e-05
XYLB,2.1285847e-05
HIST1H3H,2.1258174e-05
RRAS,2.1193373e-05
PARP10,2.1190259e-05
PIGO,2.118744e-05
OMA1,2.118531e-05
DUSP7,2.118529e-05
AL139260.1,2.1181804e-05
LINC01963,2.116671e-05
AL117335.1,2.1149917e-05
NF2,2.114841e-05
GRB10,2.114633e-05
FLVCR1,2.1114703e-05
PSTPIP2,2.1111327e-05
AL365361.1,2.1097085e-05
KMT5A,2.1094682e-05
SYTL4,2.106048e-05
ANXA6,2.1041604e-05
BCL2L1,2.1032554e-05
CYYR1,2.1015008e-05
TRIL,2.0995389e-05
RNF31,2.096839e-05
ITSN1,2.09657e-05
RABIF,2.0959853e-05
LRRC8C-DT,2.09162e-05
ZNF182,2.0884438e-05
TPRA1,2.0880625e-05
VPS11,2.083356e-05
REEP5,2.0815673e-05
ZNF587B,2.0802983e-05
R3HCC1,2.0778998e-05
ZCCHC18,2.073041e-05
MXI1,2.0721674e-05
KCNAB3,2.0719765e-05
KIFAP3,2.0708492e-05
EYA3,2.0687157e-05
RIOX2,2.0684418e-05
PROSER1,2.0654623e-05
COA7,2.0653371e-05
DUSP14,2.059319e-05
DNLZ,2.057021e-05
NBL1,2.0568734e-05
AACS,2.0556126e-05
ZNF594,2.0498492e-05
HOXB2,2.0493097e-05
GALNT5,2.0490203e-05
LAX1,2.04395e-05
SETD1A,2.0437294e-05
OLIG2,2.0410438e-05
AL358472.2,2.040994e-05
PKMYT1,2.0394895e-05
FBXL12,2.0385809e-05
HCCS,2.0383543e-05
CHD5,2.0369756e-05
RFX5,2.036565e-05
ANKAR,2.0350026e-05
LTBP3,2.0346244e-05
LINC01534,2.034132e-05
ZNF287,2.0338834e-05
ADGRG6,2.02991e-05
IFIH1,2.0294177e-05
PELI2,2.0271196e-05
TMEM234,2.024948e-05
TMEM214,2.0225682e-05
RAB4B,2.0211924e-05
NTAN1,2.0185049e-05
ZNF223,2.0184156e-05
CEP192,2.0146987e-05
CCND2-AS1,2.0131367e-05
AC110769.2,2.0108962e-05
DVL2,2.007431e-05
AL139339.2,2.0035242e-05
SNAPC4,2.001632e-05
AC245014.1,1.9990186e-05
MRPS28,1.9980316e-05
TESMIN,1.9958688e-05
HYI,1.9947549e-05
VPS8,1.9930609e-05
CEP83,1.9911018e-05
TNFRSF13C,1.9908974e-05
ZNF503,1.9886238e-05
C1orf109,1.9842559e-05
CDK16,1.9834617e-05
CDK2AP2,1.9772502e-05
AC069185.1,1.974682e-05
PFAS,1.971881e-05
OTUD6B,1.9699775e-05
UBE2D3-AS1,1.9690886e-05
MED26,1.9683057e-05
TMCO3,1.9644827e-05
ADRB2,1.962549e-05
TAF6L,1.9591376e-05
Z94721.3,1.9569574e-05
RAD54B,1.9565412e-05
ZC3H4,1.9560419e-05
USP28,1.9529572e-05
TMSB4Y,1.9494924e-05
ANKRD50,1.9485975e-05
APOL3,1.9476563e-05
TMEM163,1.9472413e-05
TONSL,1.9466584e-05
UBE2H,1.946451e-05
SERPINI1,1.9457808e-05
CCDC71L,1.9425781e-05
MMP28,1.9389985e-05
PIN1,1.936778e-05
C14orf119,1.935175e-05
AC234917.3,1.9336512e-05
KBTBD8,1.9312716e-05
NOP14,1.931142e-05
RAB27B,1.9241594e-05
C10orf25,1.9215673e-05
CBR4,1.9205036e-05
FIZ1,1.9200566e-05
LMBR1,1.919286e-05
TFEB,1.9155377e-05
MICB,1.9149644e-05
MFSD4A,1.9141982e-05
PTCD1,1.9114017e-05
RDH5,1.9098718e-05
ABHD5,1.9092444e-05
DUSP1,1.9080373e-05
SUPV3L1,1.9063502e-05
CLUAP1,1.9059908e-05
ZNF574,1.9058423e-05
NDFIP2,1.8986819e-05
MTO1,1.8945191e-05
TMEM39B,1.8940671e-05
ZNF462,1.893367e-05
LENG1,1.8932957e-05
VAMP1,1.8882294e-05
GORASP2,1.886605e-05
NKX3-1,1.883407e-05
SMAGP,1.8827812e-05
GOLGA7,1.882459e-05
KIAA1328,1.8813698e-05
JAM2,1.8809938e-05
SFXN2,1.8799676e-05
DNASE2,1.8796089e-05
AC006329.1,1.8785557e-05
FKBP10,1.8745646e-05
IFIT5,1.8696626e-05
SDE2,1.8662446e-05
ARL6IP6,1.8660965e-05
CCT6B,1.8640547e-05
SORD,1.861105e-05
STK16,1.8592087e-05
AP4S1,1.85903e-05
MTFR1L,1.8575529e-05
SAP30L,1.8574787e-05
SDCCAG8,1.855177e-05
H1F0,1.8546256e-05
CERCAM,1.8539069e-05
DUSP11,1.849085e-05
GOLGA8N,1.847488e-05
SEC13,1.8467817e-05
PUSL1,1.8435261e-05
MLLT1,1.8427145e-05
CCL1,1.8422244e-05
DBN1,1.8368208e-05
OPN3,1.8365052e-05
TVP23C,1.8364191e-05
SCRIB,1.8358201e-05
CCDC134,1.8356299e-05
ASB7,1.8263896e-05
KMT2B,1.8243234e-05
AC018755.4,1.8226756e-05
AL162424.1,1.8211347e-05
RBM23,1.8197132e-05
MED22,1.8196646e-05
ACOX1,1.8181245e-05
FANCE,1.8177874e-05
MTRF1,1.8122057e-05
ABHD17C,1.8085213e-05
AL627309.5,1.8074154e-05
SETMAR,1.8073712e-05
RAB8B,1.8073259e-05
MIR4453HG,1.7890145e-05
CFD,1.7871884e-05
METTL16,1.7870636e-05
HPS3,1.7854922e-05
FIGN,1.7853437e-05
FBXW9,1.7830764e-05
ZNF525,1.7819502e-05
C6orf89,1.7818997e-05
CRPPA,1.7818189e-05
XRCC4,1.777408e-05
MOV10,1.7755514e-05
CHM,1.7623888e-05
SLC44A1,1.7621553e-05
SLC4A2,1.757482e-05
DGLUCY,1.753038e-05
ZBED5-AS1,1.7514001e-05
TBC1D4,1.7481683e-05
CUL5,1.7453336e-05
GARS-DT,1.7446158e-05
ATF1,1.7391947e-05
NAPRT,1.7374772e-05
COA6,1.7327175e-05
DTX2,1.7319027e-05
TENT5C,1.72977e-05
GPR35,1.7289034e-05
FAM215B,1.7265545e-05
JAZF1,1.7263903e-05
AL356599.1,1.7240247e-05
ENAH,1.7224931e-05
ZNF81,1.7212868e-05
TMEM184B,1.7196717e-05
AL136038.3,1.7184138e-05
BICD1,1.7162942e-05
RNPEPL1,1.7146554e-05
AC108863.2,1.7133176e-05
PPP1R37,1.7104803e-05
ZNF814,1.70961e-05
GSTA4,1.7077788e-05
MLKL,1.6982933e-05
FKBP9,1.6960961e-05
JADE2,1.692799e-05
C8orf37,1.6922058e-05
EGLN1,1.6851232e-05
FOS,1.6804022e-05
ITGA2,1.6759292e-05
DYNC1LI2,1.6677941e-05
TBC1D10C,1.6656939e-05
AC242426.2,1.6637308e-05
GSTM5,1.6626165e-05
NEK8,1.6620319e-05
PYGM,1.661209e-05
PDE1C,1.6583937e-05
B3GALT6,1.657828e-05
CMTM7,1.6564702e-05
AF305872.2,1.6533735e-05
ABHD4,1.6529786e-05
PRDM4,1.6511873e-05
ATP11C,1.6507633e-05
GALE,1.6501595e-05
KLF9,1.6494221e-05
GDAP2,1.6485312e-05
NIF3L1,1.6475808e-05
ZNF687,1.6459717e-05
RAVER1,1.6458656e-05
ZNF324B,1.6434442e-05
PTDSS2,1.640654e-05
FUCA1,1.6390703e-05
TECPR1,1.6334547e-05
DNAJC3-DT,1.628796e-05
ZNF148,1.6281285e-05
S1PR2,1.6278393e-05
NAIF1,1.6231372e-05
POLD1,1.6210435e-05
RASGRP3,1.617966e-05
EEF1AKMT2,1.6167382e-05
UBA6-AS1,1.6162729e-05
VPS54,1.6110871e-05
EHD2,1.61106e-05
FOXO4,1.6057596e-05
IPMK,1.6034683e-05
DLL3,1.6019396e-05
KIAA1324L,1.601458e-05
TMEM64,1.6009655e-05
ANO10,1.6004573e-05
DPY19L2,1.5927028e-05
SLC15A2,1.5730928e-05
FOXJ3,1.5702555e-05
ICAM5,1.5661537e-05
HUS1,1.5658932e-05
SRGAP3,1.565098e-05
RTCA-AS1,1.5614338e-05
PPM1B,1.5600783e-05
LURAP1,1.5585778e-05
ACBD5,1.5570831e-05
OSGEPL1,1.550997e-05
ACTR1B,1.548728e-05
HOXA3,1.545555e-05
MFAP1,1.5430678e-05
ZBTB11,1.5429041e-05
CUL9,1.5406631e-05
PIK3R6,1.536415e-05
ENO1-AS1,1.533637e-05
PHF2,1.5289896e-05
GCDH,1.5249893e-05
SLC30A7,1.5244363e-05
GBP2,1.5160668e-05
CEP131,1.5156284e-05
SNRPN,1.511009e-05
STARD7-AS1,1.5080298e-05
KLF12,1.5052477e-05
AL078587.2,1.4974952e-05
EXO5,1.49618145e-05
ELOVL7,1.4909198e-05
ANKRD10-IT1,1.4904789e-05
LZTR1,1.4898343e-05
STOX1,1.4870326e-05
CREBRF,1.4822436e-05
FAM114A2,1.4802627e-05
SPEF2,1.4784217e-05
AC026471.2,1.4781411e-05
CCDC18,1.4756012e-05
PPP2R2A,1.4749657e-05
PLEC,1.4711675e-05
FAM122B,1.47082665e-05
LARP6,1.4703179e-05
RHBDD3,1.4677812e-05
ANO6,1.4666792e-05
AC116158.3,1.4648375e-05
ZNF280C,1.4598516e-05
CHMP6,1.4558181e-05
TUBGCP6,1.4551588e-05
ATP11A,1.4534081e-05
LEMD2,1.4493404e-05
FHL2,1.4489419e-05
KBTBD7,1.4470915e-05
VWDE,1.4399142e-05
TCEAL1,1.4377609e-05
POLR1C,1.43532625e-05
F11R,1.4344107e-05
ZNF518B,1.4337538e-05
KLF3,1.4333891e-05
TMBIM1,1.4309858e-05
AL080250.1,1.4306474e-05
PBX1,1.4304461e-05
ZNF100,1.4220284e-05
TANC2,1.4214922e-05
NEK3,1.4190251e-05
IRF7,1.4147321e-05
ZNF799,1.41384735e-05
INTS12,1.4094421e-05
DAPK3,1.4077966e-05
TXNDC11,1.4033932e-05
LINC01089,1.4024988e-05
AL096870.8,1.3953504e-05
BET1L,1.3880194e-05
ATN1,1.381891e-05
BEX5,1.3762495e-05
DNAJC11,1.3732111e-05
MX1,1.372045e-05
RELB,1.3692685e-05
MEMO1,1.3565324e-05
FUT8,1.3544588e-05
NFRKB,1.3530119e-05
PAQR4,1.3499548e-05
NBR2,1.3457357e-05
TESK2,1.3312632e-05
LAMTOR3,1.3300279e-05
NSUN4,1.3295996e-05
RBM10,1.3248099e-05
SLC35A1,1.3233331e-05
ARFGEF2,1.3101049e-05
BCOR,1.3068172e-05
PDIK1L,1.3022588e-05
LINC01473,1.297899e-05
GRIPAP1,1.2969315e-05
VSIR,1.29610735e-05
RAB33B,1.28913725e-05
ZNF524,1.2850219e-05
AC007566.1,1.2817323e-05
PIMREG,1.27987705e-05
DMXL2,1.2779898e-05
ZFAT,1.2715585e-05
HMGA2-AS1,1.265518e-05
AC127502.2,1.2622196e-05
AL138756.1,1.2618415e-05
ANK1,1.2578469e-05
ANKRD10,1.2522187e-05
NF1,1.2478355e-05
SATB1-AS1,1.2475264e-05
CAND2,1.2467283e-05
BMT2,1.2449428e-05
DENND6A,1.2412264e-05
NEURL1B,1.2352701e-05
AC092279.1,1.2215847e-05
ETFDH,1.217021e-05
DNMT3A,1.213465e-05
ZNF875,1.1956946e-05
ZSCAN9,1.1758229e-05
VMAC,1.1744087e-05
PBK,1.1731348e-05
PRDM11,1.1729921e-05
PTPN13,1.1684899e-05
HDHD3,1.1610617e-05
IL10RB,1.1600424e-05
SPATA5L1,1.153727e-05
UNC5B,1.1468309e-05
RBPMS,1.1407804e-05
YEATS2,1.1338299e-05
MSANTD3,1.1286739e-05
NBPF14,1.127731e-05
MARCKS,1.1268483e-05
RUSC1,1.1238478e-05
TMEM177,1.1225413e-05
ANKRD13C,1.1216193e-05
TUT1,1.11394675e-05
BRPF3,1.11087365e-05
HAUS7,1.09982475e-05
GRK3,1.0988598e-05
TMEM86B,1.09206585e-05
ANXA2,1.0738814e-05
AHCYL2,1.0715604e-05
RHOC,1.07108635e-05
DCAF6,1.0612097e-05
ZNRF3,1.0532293e-05
GAS7,1.0441202e-05
XPR1,1.0426529e-05
AC019080.6,1.0278131e-05
DUSP28,1.01918195e-05
S100Z,1.017817e-05
PLEKHM3,1.0170293e-05
APOL2,1.011223e-05
TRPM7,1.0038956e-05
MORC2-AS1,9.99819e-06
AGAP2,9.983232e-06
UHRF1BP1L,9.980403e-06
AP4B1,9.953859e-06
HMBS,9.953494e-06
SEPTIN8,9.883679e-06
HIST1H2BC,9.880436e-06
ZNF317,9.728175e-06
GET1,9.719733e-06
DYRK1A,9.700121e-06
CARS2,9.656783e-06
ZMYND11,9.52707e-06
ATG16L2,9.509044e-06
PASK,9.498509e-06
ZNF385D,9.4720535e-06
ELF4,9.431914e-06
TOB2,9.368535e-06
ATP7B,9.363553e-06
ST3GAL1,9.337314e-06
ALG10,9.270705e-06
TMEM182,9.234933e-06
R3HDM4,9.224562e-06
LINC01003,9.15402e-06
SMPD1,9.101635e-06
HBB,9.059269e-06
TNIP2,9.049051e-06
NUP35,8.986774e-06
GBP3,8.871857e-06
MPP7,8.858161e-06
TMUB2,8.744192e-06
BTBD3,8.722086e-06
ZNF548,8.718051e-06
MTA2,8.670608e-06
RAB6B,8.658904e-06
CYP20A1,8.644954e-06
CMC2,8.513489e-06
TDRKH,8.40633e-06
AC116913.1,8.399536e-06
MYO18A,8.381449e-06
AC091729.3,8.372379e-06
AC012615.1,8.363002e-06
RIC8B,8.333889e-06
ZNF84,8.285064e-06
ST6GALNAC4,8.273662e-06
DDI2,8.214175e-06
GLI4,8.10589e-06
MORC3,8.068041e-06
PER3,8.066543e-06
MPPE1,8.032457e-06
ATXN7,7.946744e-06
MCM9,7.908612e-06
GPR65,7.850076e-06
KLHL15,7.845818e-06
CHST10,7.798527e-06
PKNOX1,7.780847e-06
LMAN2L,7.723712e-06
PDIA5,7.6016013e-06
TARS2,7.5570583e-06
TRIM34,7.5174876e-06
CCND1,7.439715e-06
TMEM218,7.3093734e-06
RAD52,7.2451285e-06
GPATCH1,7.164823e-06
KMT2D,7.162295e-06
BRWD3,7.1214704e-06
ACACB,7.066489e-06
ZNF429,7.0234482e-06
NFYA,6.8784134e-06
SHMT1,6.7879505e-06
TMEM43,6.746689e-06
AKT1S1,6.693094e-06
MAP3K8,6.639478e-06
ADPRH,6.595659e-06
NLK,6.5674076e-06
MT-ATP8,6.417668e-06
LHFPL2,6.320127e-06
CKMT2-AS1,6.255585e-06
C5orf56,6.239795e-06
SSH1,6.151895e-06
ATP6V1C1,6.132967e-06
NCOA2,5.878796e-06
GDF11,5.7402335e-06
METRN,5.7028283e-06
GPATCH2,5.6678255e-06
TMEM41A,5.6496788e-06
MIER2,5.6041763e-06
ZNF354A,5.561302e-06
SCPEP1,5.5324667e-06
CALCOCO1,5.4839984e-06
HIST2H2BF,5.4005554e-06
ADGRA3,5.3991507e-06
ERF,5.351999e-06
KCNH2,5.3197177e-06
NR1H2,5.249049e-06
TSPAN2,5.1912075e-06
RGS18,5.141366e-06
DNAJC25,5.0780554e-06
AOPEP,5.0676153e-06
ABHD13,4.9831488e-06
EVI2A,4.9671894e-06
ZNF621,4.951293e-06
BTBD8,4.908117e-06
HLCS,4.829211e-06
COG3,4.7944154e-06
ABL2,4.777913e-06
FBXL5,4.6797936e-06
RPUSD4,4.65442e-06
ZNF107,4.5693364e-06
ZFYVE27,4.424333e-06
FAM222B,4.3101595e-06
ALDH3B1,4.2559145e-06
GLA,4.2376014e-06
ZBTB33,4.17521e-06
NUDT19,4.093011e-06
AMZ1,4.0822893e-06
AL161772.1,4.0336154e-06
GNA13,4.032986e-06
ARMC6,4.0289788e-06
KDM4B,3.942828e-06
ERMP1,3.9273564e-06
AC093462.1,3.8927765e-06
MIGA2,3.860927e-06
HIST1H2BL,3.7609598e-06
AC019205.1,3.6556894e-06
DDIT4,3.6551492e-06
SLC35B2,3.6510257e-06
KAT6A,3.6045815e-06
ARL11,3.5725081e-06
AK9,3.498739e-06
ZNF486,3.3175893e-06
SPARC,3.2722214e-06
SPATA6,3.2428395e-06
MFSD2A,3.2035323e-06
TUBA4A,3.1921227e-06
LRP10,3.1872753e-06
PLCB4,3.1540296e-06
A1BG,3.1196705e-06
SLC11A1,3.0580052e-06
HS3ST1,3.0017102e-06
DSTYK,2.8943675e-06
G2E3,2.7493534e-06
SAMD13,2.7318251e-06
AZI2,2.6822854e-06
ACSS1,2.663514e-06
TXNDC12,2.4754265e-06
CPD,2.4428568e-06
CEP85L,2.2836846e-06
CYB561A3,2.1655808e-06
LINC02245,2.16052e-06
NRROS,2.034111e-06
ATPSCKMT,2.0064954e-06
SYDE2,1.9520546e-06
SLC39A13,1.8981307e-06
UBR3,1.6881348e-06
HPSE,1.6618468e-06
SCYL1,1.5559804e-06
CDS2,1.5478782e-06
CABLES2,1.1235629e-06
MICU3,9.730927e-07
DOCK1,9.434018e-07
MAN1C1,7.079622e-07
TBCC,6.8919235e-07
LTBR,3.1380458e-07
CDC42-IT1,9.726341e-08
SS18,9.149857e-08
GIPC3,0.0
CHMP7,0.0
CDH7,0.0
SH2D4A,0.0
CACTIN,0.0
PLGLB1,0.0
DOK6,0.0
CD226,0.0
SERPINB10,0.0
SERPINB2,0.0
AC021701.1,0.0
FGFRL1,0.0
RNF212,0.0
AC092535.2,0.0
AC092535.5,0.0
CD8A,0.0
CD8B,0.0
CTBP1-AS,0.0
KF456478.1,0.0
RTTN,0.0
FBXO15,0.0
EFCAB7,0.0
AC009704.2,0.0
CNDP1,0.0
AC015819.1,0.0
AC018413.1,0.0
C18orf65,0.0
LINC00683,0.0
FGF17,0.0
PATJ,0.0
GFRA2,0.0
L1TD1,0.0
AC096708.3,0.0
ALG6,0.0
LINC01943,0.0
AC009802.1,0.0
AC021613.1,0.0
TRIM35,0.0
EPHX2,0.0
SCARA3,0.0
ELP3,0.0
AC103923.1,0.0
ANGPTL3,0.0
PNOC,0.0
AC068279.2,0.0
AC092651.3,0.0
FBXO16,0.0
CSGALNACT1,0.0
TNFRSF10A-AS1,0.0
AC100861.1,0.0
AC100861.2,0.0
PNMA2,0.0
RNF152,0.0
AC027514.1,0.0
TNFRSF11A,0.0
SHISAL2A,0.0
ARFGEF3,0.0
PERP,0.0
AC044849.1,0.0
AC064801.1,0.0
AC022726.1,0.0
DUSP4,0.0
AC022726.2,0.0
AC007673.1,0.0
AC036176.1,0.0
AC012076.1,0.0
LINC01909,0.0
RBM44,0.0
STARD6,0.0
POLI,0.0
NAT8L,0.0
RAX2,0.0
POLN,0.0
CACHD1,0.0
PIAS4,0.0
ONECUT2,0.0
SIRT6,0.0
LINC01359,0.0
AL357078.2,0.0
WDR7,0.0
TCF4-AS2,0.0
LINC01415,0.0
AL591167.1,0.0
AC023394.2,0.0
DSEL,0.0
AC015971.1,0.0
AC040896.1,0.0
LINC01358,0.0
AC093425.1,0.0
AL592429.2,0.0
AC093424.1,0.0
HOOK1,0.0
CYP2J2,0.0
NFIA-AS2,0.0
AC099791.4,0.0
AL031772.1,0.0
ECT2L,0.0
GVQW2,0.0
AC105094.2,0.0
AC027097.1,0.0
AC027097.2,0.0
NEDD4L,0.0
AC005944.1,0.0
APBA3,0.0
AC104971.1,0.0
AL590617.2,0.0
NHSL1,0.0
TLE2,0.0
ZNF532,0.0
CDH20,0.0
TLE6,0.0
AC119403.1,0.0
ZNF57,0.0
AC090409.2,0.0
AC100847.1,0.0
AC025062.3,0.0
AL023806.1,0.0
HYMAI,0.0
AC011322.1,0.0
PHACTR2-AS1,0.0
AMH,0.0
JSRP1,0.0
AGAP1,0.0
TNFRSF10C,0.0
AC107959.2,0.0
PEAK3,0.0
TNFRSF10B,0.0
LINGO3,0.0
RHOBTB2,0.0
AC107959.1,0.0
PEBP4,0.0
TNFRSF10D,0.0
TMEM61,0.0
SLC26A1,0.0
DGKQ,0.0
AC016949.1,0.0
TMEM175,0.0
NCBP2-AS1,0.0
AC139887.5,0.0
MEX3D,0.0
PSD3,0.0
PIGZ,0.0
REEP6,0.0
PCSK4,0.0
AC027307.2,0.0
APC2,0.0
AC027307.3,0.0
AC005329.1,0.0
AC005329.3,0.0
ADAMTSL5,0.0
GADD45B,0.0
AC092068.2,0.0
YIPF1,0.0
LINC01771,0.0
AC092068.3,0.0
AL355483.1,0.0
AL606760.1,0.0
EGR3,0.0
AC079140.6,0.0
ZNF732,0.0
AC253576.2,0.0
AC006538.1,0.0
ZNF595,0.0
ZNF556,0.0
ZNF554,0.0
ZNF555,0.0
AC092574.1,0.0
AC104530.1,0.0
SORBS3,0.0
TMPRSS9,0.0
AC005329.2,0.0
EFNA2,0.0
CIRBP-AS1,0.0
AC004221.1,0.0
CBARP,0.0
SSBP3-AS1,0.0
AC055764.2,0.0
AC024560.4,0.0
AC005306.1,0.0
LINC01775,0.0
KLF16,0.0
AC012615.6,0.0
AC012615.2,0.0
IZUMO4,0.0
LMLN-AS1,0.0
AC018529.1,0.0
AC093330.1,0.0
AC027575.2,0.0
IGKC,0.0
TEKT4,0.0
ZNF236-DT,0.0
PRTN3,0.0
PLPP3,0.0
PLPPR3,0.0
FSTL3,0.0
FGF22,0.0
AC005775.1,0.0
AC103563.9,0.0
ZNF514,0.0
MADCAM1,0.0
SHC2,0.0
AZU1,0.0
FGFR3,0.0
AC016773.1,0.0
HR,0.0
FAM53A,0.0
UVSSA,0.0
RBFADN,0.0
AC090360.1,0.0
HSBP1L1,0.0
AC018529.2,0.0
AC114341.1,0.0
KCNG2,0.0
AC021594.2,0.0
EIF2AK3-DT,0.0
AC068473.3,0.0
AC104423.1,0.0
AC062029.1,0.0
AC125437.3,0.0
AC114341.2,0.0
AC009309.1,0.0
GNRH1,0.0
SMCO1,0.0
AC041005.1,0.0
ADAMDEC1,0.0
WDR53,0.0
LINC01063,0.0
PLPP2,0.0
LOXL2,0.0
MROH7,0.0
KISS1R,0.0
ELANE,0.0
LINC02777,0.0
TACSTD2,0.0
DAB1,0.0
PRKAA2,0.0
AC104561.4,0.0
LINC01002,0.0
AC092192.1,0.0
AC139100.2,0.0
PARD6G,0.0
PARD6G-AS1,0.0
CPLX1,0.0
AC139887.4,0.0
SLC49A3,0.0
REEP1,0.0
AC107464.1,0.0
AC005264.1,0.0
CELF5,0.0
DHCR24-DT,0.0
TTC22,0.0
AC105206.3,0.0
AC105206.1,0.0
BMP1,0.0
MYL5,0.0
AC007126.1,0.0
AC007370.2,0.0
AC006230.1,0.0
AP000919.3,0.0
AP000919.2,0.0
AP000919.4,0.0
AP005136.3,0.0
AP005136.4,0.0
AC024560.3,0.0
ADCYAP1,0.0
AP000894.4,0.0
AP001020.2,0.0
AP001020.3,0.0
AP001178.2,0.0
AP001178.1,0.0
AP005205.2,0.0
L3MBTL4-AS1,0.0
AP001021.1,0.0
LINC00470,0.0
METRNL,0.0
AC087222.1,0.0
AC024361.1,0.0
FN3K,0.0
CPEB2-DT,0.0
AC124067.2,0.0
RNF122,0.0
FUT10,0.0
AC067838.1,0.0
LINC00504,0.0
AC067817.1,0.0
AC087623.3,0.0
LETM2,0.0
AC087623.2,0.0
AC087362.2,0.0
AC084024.4,0.0
STAR,0.0
AC084024.1,0.0
AP006545.2,0.0
PURG,0.0
AC006566.1,0.0
AP000897.1,0.0
PTPRM,0.0
LAMA1,0.0
ARHGAP28,0.0
LINC02447,0.0
TADA2B,0.0
CCDC96,0.0
AP005059.1,0.0
AC097382.1,0.0
AC097382.3,0.0
AP005432.2,0.0
AP001033.3,0.0
AP001033.1,0.0
AP001033.2,0.0
NDUFV2-AS1,0.0
AP005899.1,0.0
AL031429.1,0.0
AC097382.2,0.0
AP005671.1,0.0
AP001496.1,0.0
DLGAP1-AS3,0.0
AP002478.1,0.0
DLGAP1-AS2,0.0
DLGAP1-AS1,0.0
DLGAP1,0.0
TGIF1,0.0
AP005329.1,0.0
AP001094.3,0.0
MYOM1,0.0
AL354872.2,0.0
CTH,0.0
AL353771.1,0.0
LRRC7,0.0
AL035412.1,0.0
AP000864.1,0.0
MTCL1,0.0
AP001094.2,0.0
AP005329.3,0.0
AC009630.1,0.0
LINC01725,0.0
GIPC2,0.0
FGFBP2,0.0
AC116651.1,0.0
CC2D2A,0.0
AC098829.1,0.0
AC145207.2,0.0
AC144831.1,0.0
PPP1R27,0.0
GCGR,0.0
AC139530.3,0.0
ARL16,0.0
PDE6G,0.0
TSPAN10,0.0
TNNI3K,0.0
AL513166.1,0.0
DCXR-DT,0.0
AC145207.3,0.0
AC127496.1,0.0
AC019130.1,0.0
AC104662.1,0.0
SEPSECS-AS1,0.0
LINC01971,0.0
AC110285.2,0.0
AC110285.5,0.0
AC027601.6,0.0
AC027601.4,0.0
AC009630.2,0.0
TTLL7-IT1,0.0
WAKMAR2,0.0
SLC35D3,0.0
AC092620.1,0.0
AC114763.1,0.0
PLAT,0.0
AC103724.4,0.0
AC027702.1,0.0
AC009630.4,0.0
AL359504.2,0.0
SLC44A5,0.0
AC135803.1,0.0
CLNK,0.0
AC005674.2,0.0
SLC2A9,0.0
AC105916.1,0.0
AC073648.7,0.0
AC108519.1,0.0
AC105345.1,0.0
NOTUM,0.0
AC124283.3,0.0
NARF-IT1,0.0
NARF-AS1,0.0
AC132938.3,0.0
AC132938.6,0.0
AP001178.3,0.0
CLUL1,0.0
COLEC12,0.0
AC139099.2,0.0
AC024361.2,0.0
NPB,0.0
AC145207.6,0.0
FAM184B,0.0
AC006160.1,0.0
LDB2,0.0
AC006427.2,0.0
TAPT1-AS1,0.0
AC132938.2,0.0
AC132938.1,0.0
AC093433.2,0.0
SECTM1,0.0
CD7,0.0
AC132872.1,0.0
LINC01970,0.0
AC132872.5,0.0
AC132872.3,0.0
AC132872.2,0.0
AC093575.1,0.0
AK5,0.0
TEX19,0.0
RETSAT,0.0
AC026979.4,0.0
AC026979.2,0.0
GNG12,0.0
AL133320.2,0.0
WDR78,0.0
SGIP1,0.0
GRK4,0.0
PTGER3,0.0
AL121750.1,0.0
ZFYVE28,0.0
AC116447.1,0.0
AC011815.1,0.0
AC011815.2,0.0
AC015967.1,0.0
DTNA,0.0
ASXL3,0.0
GAREM1,0.0
NOP14-AS1,0.0
LINC002481,0.0
LINC02482,0.0
WFS1,0.0
AC011825.2,0.0
AC011825.4,0.0
AC009831.3,0.0
AC009831.1,0.0
AC021549.1,0.0
DSG3,0.0
AC062037.3,0.0
AC006249.1,0.0
DIRAS3,0.0
AC108449.2,0.0
HMBOX1,0.0
INTS9-AS1,0.0
EXTL3-AS1,0.0
RBPMS-AS1,0.0
AC026979.3,0.0
GNLY,0.0
DSC2,0.0
AC011139.1,0.0
MIR924HG,0.0
AC015961.2,0.0
CELF4,0.0
AC015961.1,0.0
AC016493.1,0.0
CFAP53,0.0
MYO5B,0.0
SNHG22,0.0
AC023043.4,0.0
AC016866.1,0.0
SMAD7,0.0
AC012254.3,0.0
AC090241.3,0.0
AC090241.2,0.0
RNF165,0.0
COL6A3,0.0
ACKR3,0.0
IQCA1,0.0
AC100778.2,0.0
MOCOS,0.0
AC023043.1,0.0
AC118757.1,0.0
AC090229.1,0.0
AC090220.1,0.0
AC007998.3,0.0
ZNF396,0.0
ZBTB49,0.0
ADRA2C,0.0
AC099845.1,0.0
HTT-AS,0.0
SIGLEC15,0.0
SLC14A1,0.0
SLC14A2,0.0
SETBP1,0.0
AC120049.1,0.0
LINC00907,0.0
AC087683.2,0.0
AC021504.1,0.0
MSANTD1,0.0
AP005482.1,0.0
AP005482.3,0.0
MBOAT4,0.0
HIVEP2,0.0
AL035446.1,0.0
LINC01625,0.0
HNMT,0.0
DARS-AS1,0.0
S100P,0.0
LCT,0.0
AP006545.3,0.0
AP006545.1,0.0
ADGRA2,0.0
AC138356.1,0.0
ZNF703,0.0
SPIRE1,0.0
AP001029.2,0.0
AP001542.3,0.0
AC011893.1,0.0
CHMP1B-AS1,0.0
GNAL,0.0
PIEZO2,0.0
AC006238.1,0.0
TXNDC2,0.0
PPP4R1-AS1,0.0
AP005432.1,0.0
AC105345.2,0.0
ACOX3,0.0
AP002449.1,0.0
HTRA3,0.0
SH3TC1,0.0
AC112254.1,0.0
AFAP1,0.0
AP005131.3,0.0
AP005131.1,0.0
AP005131.6,0.0
AP005131.4,0.0
LDLRAD4-AS1,0.0
AC104825.1,0.0
LINC01587,0.0
STK32B,0.0
MSX1,0.0
STX18-AS1,0.0
LINC01915,0.0
AC007922.1,0.0
HRH4,0.0
AC023983.2,0.0
AC023983.1,0.0
AP001269.1,0.0
CABYR,0.0
CDH2,0.0
PCAT18,0.0
AC007996.1,0.0
AC121320.1,0.0
PSMA8,0.0
AC110603.1,0.0
AC105114.2,0.0
ZNF521,0.0
AC090772.3,0.0
AP001269.2,0.0
AP001269.4,0.0
AC090772.2,0.0
LAMA3,0.0
ANKRD29,0.0
AC011731.1,0.0
TMEM241,0.0
AC090912.3,0.0
AC090912.2,0.0
EVC2,0.0
MIR133A1HG,0.0
AC106037.3,0.0
GREB1L,0.0
AP005901.5,0.0
AP006565.1,0.0
AC006557.3,0.0
C4orf50,0.0
CRMP1,0.0
EVC,0.0
AC090912.1,0.0
GIMAP7,0.0
GIMAP8,0.0
LINC00996,0.0
RARRES2,0.0
LRRC61,0.0
PROM2,0.0
AC092835.1,0.0
ZNF2,0.0
AC016245.2,0.0
PRKAG2-AS1,0.0
AC093583.1,0.0
LRRC25,0.0
KCNMB2-AS1,0.0
AC117453.1,0.0
AC026355.2,0.0
LINC00501,0.0
YJEFN3,0.0
TSSK6,0.0
AC006017.1,0.0
LINC01238,0.0
NEU4,0.0
AC114730.2,0.0
IQCN,0.0
AC008397.1,0.0
PDE4C,0.0
AC005759.1,0.0
RAB3A,0.0
IL12RB1,0.0
GIMAP4,0.0
KDM4A-AS1,0.0
AC005197.1,0.0
CERS1,0.0
COMP,0.0
TMEM59L,0.0
CRLF1,0.0
AC005253.2,0.0
AC005253.1,0.0
ELL,0.0
SLC5A5,0.0
NOS3,0.0
AOC1,0.0
GIMAP1,0.0
GMIP,0.0
LPAR2,0.0
AC002306.1,0.0
PBX4,0.0
CILP2,0.0
ZNF90,0.0
HAPLN4,0.0
AC011477.3,0.0
AC011477.2,0.0
NAALADL2,0.0
NLGN1,0.0
AC055714.1,0.0
AC092919.1,0.0
AC010300.1,0.0
AC074135.1,0.0
ZNF728,0.0
ZNF93,0.0
MEF2B,0.0
SLC25A42,0.0
KLF17,0.0
AL139220.2,0.0
SLC6A9,0.0
ARTN,0.0
TNIK,0.0
CLDN11,0.0
GPR160,0.0
ATG9B,0.0
AC008040.1,0.0
LINC00663,0.0
ZNF14,0.0
KRBA1,0.0
CCDC170,0.0
MTHFD1L,0.0
PLEKHG1,0.0
AC010973.2,0.0
ASIC3,0.0
SEC62-AS1,0.0
CALR3,0.0
AC020917.3,0.0
KLF2,0.0
AC020911.2,0.0
AC020911.3,0.0
AC020911.1,0.0
CPAMD8,0.0
F2RL3,0.0
LINC01238.1,0.0
AC024075.1,0.0
AC024075.2,0.0
AC008764.2,0.0
AC008764.7,0.0
AC008764.8,0.0
AC021097.1,0.0
SMARCD3,0.0
CHPF2,0.0
AC021097.2,0.0
TMEM38A,0.0
CYP4F2,0.0
UCA1,0.0
LINC01764,0.0
OR10H1,0.0
AC004597.1,0.0
CYP4F3,0.0
CYP4F22,0.0
PGLYRP2,0.0
AC005785.1,0.0
C19orf44,0.0
EPHX3,0.0
NOTCH3,0.0
AC003956.1,0.0
LAMP3,0.0
MCCC1-AS1,0.0
MCCC1,0.0
AC092953.2,0.0
SOX2-OT,0.0
AC008764.6,0.0
AC005776.2,0.0
ANO8,0.0
AC010463.3,0.0
INSL3,0.0
B3GNT3,0.0
FCHO1,0.0
UNC13A,0.0
NIBAN3,0.0
BTBD19,0.0
TCTEX1D4,0.0
RNF32,0.0
AL592166.1,0.0
CCDC39,0.0
AC007687.1,0.0
PEX5L,0.0
AC090425.3,0.0
AC007620.3,0.0
AC007620.2,0.0
IL5RA,0.0
LINC01266,0.0
BEST4,0.0
SHH,0.0
AC009403.2,0.0
PAXIP1-AS1,0.0
AC093726.2,0.0
PAXIP1-AS2,0.0
AC006348.1,0.0
AC008764.3,0.0
AC131235.2,0.0
AC131235.3,0.0
PLVAP,0.0
AC007823.1,0.0
ERI3-IT1,0.0
AC010618.2,0.0
SLC27A1,0.0
TMEM221,0.0
AC010319.3,0.0
AC010319.4,0.0
BISPR,0.0
CCDC194,0.0
YEATS2-AS1,0.0
ZBBX,0.0
AC112491.1,0.0
HIVEP3,0.0
EDN2,0.0
OVOL3,0.0
THAP8,0.0
CLIP3,0.0
AC002116.2,0.0
ZNF723,0.0
TAS2R41,0.0
EPHA1,0.0
FAM178B,0.0
ANKRD23,0.0
CNNM3-DT,0.0
PPP1R14C,0.0
ULBP3,0.0
ULBP1,0.0
ULBP2,0.0
SYNE4,0.0
IL12A-AS1,0.0
AC002128.1,0.0
LSR,0.0
FXYD7,0.0
FXYD1,0.0
FXYD3,0.0
HPN,0.0
SCN1B,0.0
AC020907.3,0.0
SERPINI2,0.0
U2AF1L4,0.0
ZBTB32,0.0
UPK1A-AS1,0.0
UPK1A,0.0
ETV2,0.0
GAPDHS,0.0
CD22,0.0
HAMP,0.0
WDR49,0.0
AD000671.3,0.0
CCDC30,0.0
ZMYND12,0.0
AC080013.1,0.0
RARRES1,0.0
AC080013.6,0.0
LXN,0.0
SHOX2,0.0
SLC66A1L,0.0
PTX3,0.0
RAET1G,0.0
AC020928.2,0.0
AC020928.1,0.0
ZNF850,0.0
AC074138.1,0.0
ZNF569,0.0
AC016590.2,0.0
AC016590.3,0.0
LINC01535,0.0
AC010632.2,0.0
VEPH1,0.0
RAET1E,0.0
LRP11,0.0
AL355312.2,0.0
NUP43,0.0
LRFN3,0.0
APLP1,0.0
ARHGAP33,0.0
AC002398.1,0.0
HSPB6,0.0
AC098484.4,0.0
ZNF382,0.0
AC092295.2,0.0
ZNF566,0.0
ZFP82,0.0
AC092296.2,0.0
ZNF565,0.0
ERMAP,0.0
TMEM269,0.0
AC098484.2,0.0
ZNF461,0.0
ZNF675,0.0
LINC01224,0.0
RGS9BP,0.0
AC007773.1,0.0
ZNF507,0.0
TSHZ3,0.0
AC008507.4,0.0
AC008507.2,0.0
LRRIQ4,0.0
IL12A,0.0
AC078795.3,0.0
AC078795.1,0.0
AC078802.1,0.0
ACTRT3,0.0
TERC,0.0
AC008738.2,0.0
AC008738.3,0.0
LRP3,0.0
SLC7A9,0.0
AC078795.2,0.0
ZNF99,0.0
AC024563.1,0.0
ZNF492,0.0
ZNF98,0.0
ZNF208,0.0
AC123912.4,0.0
AC123912.1,0.0
LINC00664,0.0
AC007849.1,0.0
ZNF681,0.0
AC069243.1,0.0
AC079822.1,0.0
AC007786.2,0.0
AC007786.1,0.0
AC006504.1,0.0
AC073534.2,0.0
ZNF254,0.0
AC011503.2,0.0
AC011503.1,0.0
LINC02082,0.0
SLC2A1-AS1,0.0
TDRD12,0.0
ZNF30,0.0
ZNF30-AS1,0.0
AC008555.1,0.0
LINC01801,0.0
ZNF599,0.0
AC020910.5,0.0
AC020910.2,0.0
HYI-AS1,0.0
SCGB1B2P,0.0
WTIP,0.0
AC008747.1,0.0
PDCD2L,0.0
KIAA0355,0.0
CHST8,0.0
PPM1L,0.0
AC069224.1,0.0
LINC01100,0.0
SCGB2B2,0.0
SZT2-AS1,0.0
SZT2,0.0
AC073314.1,0.0
ZNF783,0.0
ZNF425,0.0
ZNF786,0.0
GHET1,0.0
AC073140.1,0.0
ZBED6CL,0.0
TMEM125,0.0
AC006008.1,0.0
AC092666.1,0.0
AC092681.3,0.0
ATP6V0E2-AS1,0.0
AC004877.1,0.0
SSPO,0.0
ZNF467,0.0
AL139289.2,0.0
MPL,0.0
ACTR3C,0.0
AC010336.8,0.0
CTXN1,0.0
AC010336.2,0.0
TGFBR3L,0.0
AC010336.1,0.0
LRRC8E,0.0
PRR36,0.0
MCEMP1,0.0
AC008894.2,0.0
PCP2,0.0
ZDHHC19,0.0
AC124944.3,0.0
AC011451.3,0.0
ZNF177,0.0
ZNF559,0.0
AC011451.1,0.0
OR7D2,0.0
AC008734.2,0.0
RETN,0.0
AC046143.2,0.0
AC046143.1,0.0
CAMSAP3,0.0
PEX11G,0.0
SLC35G5,0.0
AF131216.1,0.0
MTMR9,0.0
AF131216.4,0.0
AF131215.7,0.0
RAB3B,0.0
EIF2AK3,0.0
THNSL2,0.0
AC108479.3,0.0
RGPD2,0.0
PLGLB2,0.0
AC133644.2,0.0
MTMR7,0.0
AC079193.2,0.0
AL513218.1,0.0
AF131215.2,0.0
ATP13A4,0.0
MB21D2,0.0
FGF12,0.0
AC020931.1,0.0
OLFM2,0.0
AC104964.2,0.0
AC104964.1,0.0
AC104964.3,0.0
AC023385.1,0.0
ZNF558,0.0
AC034111.2,0.0
AC130352.1,0.0
AC068587.4,0.0
FAM86B2,0.0
AC087203.3,0.0
FAM66A,0.0
AC145124.1,0.0
FAM86B1,0.0
FAM66D,0.0
AC034111.1,0.0
ADAMTS10,0.0
RAB11B-AS1,0.0
ANGPTL4,0.0
CCL25,0.0
AC008946.1,0.0
AC010336.6,0.0
SLC5A9,0.0
FOXD2,0.0
AL135960.1,0.0
LINC02028,0.0
LINC00853,0.0
CYP4A22-AS1,0.0
AC008752.2,0.0
AC008752.1,0.0
ZNF426-DT,0.0
AC008567.3,0.0
ZNF560,0.0
HES1,0.0
AC080129.2,0.0
PDZK1IP1,0.0
TM4SF19-AS1,0.0
SLC51A,0.0
AC005339.1,0.0
SEMA6B,0.0
PLIN5,0.0
PLIN4,0.0
AC011498.1,0.0
AC011498.6,0.0
AC022517.1,0.0
AC090018.2,0.0
ARRDC5,0.0
AC027319.1,0.0
AC005523.1,0.0
AC005594.1,0.0
DPP9-AS1,0.0
FGF20,0.0
TUSC3,0.0
SGCZ,0.0
C8orf48,0.0
PTPRS,0.0
LINC02012,0.0
MELTF-AS1,0.0
MELTF,0.0
AC011498.3,0.0
AC007292.1,0.0
AC007292.2,0.0
AC007292.3,0.0
STAP2,0.0
FSD1,0.0
ESPNL,0.0
EBI3,0.0
ANKRD24,0.0
AL606760.3,0.0
AL606760.2,0.0
ECHDC2,0.0
ZYG11A,0.0
AC012485.3,0.0
HES6,0.0
ERFE,0.0
SHD,0.0
TINCR,0.0
AL050343.3,0.0
AC104170.1,0.0
TTC39A,0.0
LINC01562,0.0
AC119396.1,0.0
ADGRE1,0.0
SH2D3A,0.0
TNFSF14,0.0
TRMT9B,0.0
TNFSF9,0.0
AC010503.1,0.0
TUBB4A,0.0
DENND1C,0.0
SLC25A23,0.0
LINC01983,0.0
MUC20,0.0
AC233280.1,0.0
ACAP2-IT1,0.0
CD70,0.0
LINC01277,0.0
AL355304.1,0.0
AC124242.3,0.0
AC124242.1,0.0
MTUS1,0.0
PDGFRL,0.0
SLC7A2,0.0
TM4SF19,0.0
AC093802.1,0.0
HSD11B1L,0.0
HDAC4,0.0
SLC25A41,0.0
PSPN,0.0
AC011471.2,0.0
AC011444.2,0.0
CAPS,0.0
AC104532.2,0.0
FUT6,0.0
NRTN,0.0
HDAC4-AS1,0.0
AC005534.1,0.0
AL031056.1,0.0
UST,0.0
SAMD5,0.0
LUADT1,0.0
AL138916.1,0.0
GRM1,0.0
FBXO30,0.0
AC025857.2,0.0
GPC1,0.0
LINC02043,0.0
AC068631.1,0.0
MISP3,0.0
AC022098.2,0.0
AC022098.4,0.0
PODNL1,0.0
C19orf57,0.0
NANOS3,0.0
AF287957.1,0.0
AC008543.5,0.0
CRYGS,0.0
IGF2BP2-AS1,0.0
LIPH,0.0
AC099661.1,0.0
MAST1,0.0
AC018761.2,0.0
HOOK2,0.0
AC010422.2,0.0
PTPRN2,0.0
AC010422.1,0.0
AC010422.4,0.0
ZNF564,0.0
ZNF709,0.0
AC138474.1,0.0
DAND5,0.0
AC092069.1,0.0
VIPR2,0.0
WDR60,0.0
AC010422.7,0.0
AC004908.2,0.0
ZNF596,0.0
LINC01842,0.0
AC011509.3,0.0
ADGRL1,0.0
AC022098.1,0.0
AC022098.3,0.0
SYDE1,0.0
SLC1A6,0.0
AC020916.1,0.0
IPP,0.0
CCDC17,0.0
MMACHC,0.0
CCDC163,0.0
C3orf70,0.0
AC107294.2,0.0
CLCN2,0.0
FAM131A,0.0
CIB3,0.0
AL604028.1,0.0
ZSWIM4,0.0
AC008686.1,0.0
AC011446.2,0.0
AC011446.1,0.0
AC005546.1,0.0
CAMK2N2,0.0
ZSWIM5,0.0
PTGER1,0.0
AC008569.2,0.0
AC004908.3,0.0
AC009237.14,0.0
KCNIP3,0.0
AC019257.1,0.0
AC019257.9,0.0
ARHGEF10,0.0
AC100810.3,0.0
AC129915.3,0.0
DLGAP2,0.0
TDRP,0.0
ADRA2B,0.0
KANK2,0.0
XKR5,0.0
MCPH1-AS1,0.0
AL358852.1,0.0
AL078581.2,0.0
ZC3H12D,0.0
AF131215.4,0.0
AF131215.5,0.0
AC011008.1,0.0
ZNF491,0.0
SOX7,0.0
RP1L1,0.0
AC104964.4,0.0
PRSS51,0.0
DNM2,0.0
SLC44A2,0.0
ATG4D,0.0
AC011461.1,0.0
AC104841.1,0.0
AC105001.1,0.0
ELAVL4,0.0
AGBL4,0.0
PDE4A,0.0
ZGLP1,0.0
AC011511.5,0.0
ICAM1,0.0
AC011511.3,0.0
TMEM44-AS1,0.0
AC108676.1,0.0
DOCK6,0.0
LINC00887,0.0
LINC02037,0.0
LINC02036,0.0
CCDC151,0.0
AC024575.1,0.0
PLPPR2,0.0
AC011472.3,0.0
AC011472.2,0.0
TSPAN16,0.0
GP5,0.0
PRAG1,0.0
FAM66B,0.0
AF233439.1,0.0
CLDN16,0.0
P3H2,0.0
TPRG1,0.0
LPP-AS2,0.0
RTP4,0.0
ZNF442,0.0
ANO7,0.0
ZNF44,0.0
ZNF20,0.0
ZNF844,0.0
ZNF878,0.0
ZNF433,0.0
AC008770.3,0.0
ZNF69,0.0
ZNF439,0.0
ZNF440,0.0
ZNF563,0.0
SNED1,0.0
CAPN10-DT,0.0
AC008543.1,0.0
ACP5,0.0
ZNF653,0.0
ELAVL3,0.0
MKNK1-AS1,0.0
FAAH,0.0
AL358075.2,0.0
CLDN23,0.0
AC016065.1,0.0
AC246817.2,0.0
MYOM2,0.0
KBTBD11-OT1,0.0
AC021242.3,0.0
AC022784.6,0.0
AC022784.1,0.0
AC022784.5,0.0
PPP1R3B,0.0
ANGPT2,0.0
AC093484.2,0.0
AC093484.3,0.0
AC122129.1,0.0
TOM1L2,0.0
SREBF1,0.0
AC122129.2,0.0
SMCR5,0.0
RAI1,0.0
SMCR2,0.0
ZNF383,0.0
RASD1,0.0
OVGP1,0.0
PIFO,0.0
CHI3L2,0.0
AL355816.2,0.0
SNCA-AS1,0.0
AC093866.1,0.0
AC104785.1,0.0
TIGD2,0.0
AC020558.1,0.0
NCALD,0.0
AP001330.4,0.0
AP003469.4,0.0
AC027373.1,0.0
ANKRD46,0.0
SPAG1,0.0
AC107909.1,0.0
MTTP,0.0
AP002026.1,0.0
AC127540.1,0.0
AL360270.3,0.0
AL360270.1,0.0
AL360270.2,0.0
KCNA3,0.0
AC055811.3,0.0
PLD6,0.0
MPRIP-AS1,0.0
AC104024.4,0.0
ZNF624,0.0
AC019131.2,0.0
GRAP,0.0
FAM83G,0.0
SLC5A10,0.0
AC107982.3,0.0
TVP23B,0.0
TRIM16L,0.0
FOXO3B,0.0
LGALS9C,0.0
LINC02076,0.0
FAM13A-AS1,0.0
BMPR1B,0.0
PDLIM5,0.0
AC109925.2,0.0
LGALS9B,0.0
AC008088.1,0.0
AC005730.2,0.0
AC005730.3,0.0
AC015726.1,0.0
ULK2,0.0
EVPLL,0.0
NAP1L5,0.0
HERC3,0.0
PIGY-DT,0.0
AC127537.1,0.0
AC068189.2,0.0
AC087752.3,0.0
TP53INP1,0.0
AP003692.1,0.0
AP002982.2,0.0
DRC3,0.0
CPQ,0.0
MTERF3,0.0
AP003465.1,0.0
AC083836.1,0.0
C8orf37-AS1,0.0
MIEF2,0.0
AC087164.1,0.0
MYO15A,0.0
GID4,0.0
AP003117.1,0.0
COL10A1,0.0
AL357141.1,0.0
FRK,0.0
FZD6,0.0
AC025370.1,0.0
BAALC-AS1,0.0
BAALC-AS2,0.0
TMEM88,0.0
DNAH2,0.0
AP002907.1,0.0
AC129492.4,0.0
PER1,0.0
HES7,0.0
AC129492.1,0.0
ALOX12B,0.0
AC129492.2,0.0
ALOX15B,0.0
GUCY2D,0.0
LINC01218,0.0
EFNB3,0.0
INKA2-AS1,0.0
INKA2,0.0
LINC01160,0.0
ADORA3,0.0
TMIGD3,0.0
INHA,0.0
TMEM198,0.0
ASIC4,0.0
GMPPA,0.0
Z84488.1,0.0
AC053503.2,0.0
PTPRN,0.0
DNAJB2,0.0
VPS13B-DT,0.0
ERICH5,0.0
AP003352.1,0.0
MATN2,0.0
DCBLD1,0.0
RSPH4A,0.0
AC053503.5,0.0
COX10,0.0
AC005304.3,0.0
AC005304.1,0.0
HS3ST3A1,0.0
ARHGAP44,0.0
ZNF18,0.0
AC005410.2,0.0
AC015908.2,0.0
AC015908.4,0.0
LINC01217,0.0
AC002553.2,0.0
AC015922.3,0.0
PMP22,0.0
AC005224.2,0.0
AC005224.3,0.0
MIR3150BHG,0.0
TPD52L1,0.0
RNF217-AS1,0.0
AP002852.1,0.0
AC002553.1,0.0
AC097460.1,0.0
SLC4A3,0.0
TMEM220-AS1,0.0
ADPRM,0.0
AC002347.1,0.0
MYH3,0.0
USP43,0.0
AC087501.4,0.0
NTN1,0.0
HS3ST3B1,0.0
AC002091.2,0.0
MFSD6L,0.0
CCDC42,0.0
RNF222,0.0
AC135178.4,0.0
AC114811.2,0.0
AC019077.1,0.0
STPG2,0.0
AC096585.1,0.0
AC002091.1,0.0
PIP4P2,0.0
NECAB1,0.0
AC106038.1,0.0
LINC01030,0.0
AC023632.2,0.0
AC023632.5,0.0
GEM,0.0
MIR378D2HG,0.0
AC010834.3,0.0
ALDH3A1,0.0
FAM92A,0.0
LINC00535,0.0
CELSR2,0.0
AL356488.2,0.0
AC130324.1,0.0
AC127024.6,0.0
AC079336.5,0.0
MYO1D,0.0
CDK5R1,0.0
AC120053.1,0.0
AC127024.5,0.0
AC127024.4,0.0
CRLF3,0.0
AC127024.2,0.0
SLC6A4,0.0
AC104984.5,0.0
AC104984.3,0.0
EFCAB5,0.0
AC104982.2,0.0
CYB561D1,0.0
WDFY3,0.0
CDS1,0.0
AC138207.9,0.0
ADAP2,0.0
AC130324.3,0.0
GSTM2,0.0
AMPD2,0.0
GNAT2,0.0
AMIGO1,0.0
AC023389.1,0.0
AC084809.1,0.0
RASL10B,0.0
PEX12,0.0
AC015911.6,0.0
SLFN14,0.0
SLFN12L,0.0
SLFN12,0.0
AC060766.4,0.0
AC022706.1,0.0
AC005899.8,0.0
AC139722.1,0.0
IRS1,0.0
AC073052.2,0.0
FAM124B,0.0
AC073641.1,0.0
AC243829.1,0.0
CCL4,0.0
CCL3,0.0
CCL5,0.0
RASGEF1B,0.0
AC005899.5,0.0
AC005899.7,0.0
AC005899.6,0.0
AC116407.1,0.0
AC116407.2,0.0
RAB11FIP4,0.0
OMG,0.0
AC079915.1,0.0
AC138207.7,0.0
AC084809.2,0.0
AP1S3,0.0
SCG2,0.0
SGPP2,0.0
AC004223.2,0.0
AC004223.4,0.0
TMEM132E,0.0
CCL2,0.0
AC004147.2,0.0
AC024610.2,0.0
AC138207.4,0.0
AC090774.2,0.0
CCDC144NL,0.0
AC015818.2,0.0
AC093827.4,0.0
C4orf36,0.0
MAPK10,0.0
ARHGAP24,0.0
WDFY3-AS2,0.0
AC061975.8,0.0
AC068025.2,0.0
LINC02586,0.0
ALX3,0.0
AL450468.2,0.0
RSKR,0.0
SPAG5-AS1,0.0
ALDOC,0.0
AC005726.1,0.0
AC015917.2,0.0
SLC46A1,0.0
RBM15-AS1,0.0
AC115989.1,0.0
SLC47A1,0.0
MFAP4,0.0
MAPK7,0.0
B9D1,0.0
AC007952.5,0.0
AC007952.6,0.0
GRAPL,0.0
AC000032.1,0.0
CCDC144NL-AS1,0.0
AC015688.6,0.0
AC069366.2,0.0
AC026254.2,0.0
MTRNR2L1,0.0
AC068418.3,0.0
LINC02693,0.0
NATD1,0.0
AC087294.1,0.0
AC087393.2,0.0
GSTM1,0.0
AC024267.6,0.0
AC024267.1,0.0
AC010761.2,0.0
TLCD1,0.0
AC010761.1,0.0
AC010761.3,0.0
AC005726.2,0.0
AC114781.2,0.0
AC073840.1,0.0
AC002094.4,0.0
TMEM150C,0.0
AC124016.1,0.0
AC124016.2,0.0
AC104564.5,0.0
CORO6,0.0
AC104564.4,0.0
ANKRD13B,0.0
AC104564.3,0.0
AC068025.1,0.0
THAP9,0.0
SARM1,0.0
TRIQK,0.0
TTC31,0.0
CCDC142,0.0
AC005041.5,0.0
INO80B,0.0
AL354936.1,0.0
SMPDL3A,0.0
PKIB,0.0
AC024267.4,0.0
AL078600.1,0.0
FAM184A,0.0
AL137009.1,0.0
AC002094.2,0.0
SPP1,0.0
HSD17B13,0.0
CRYBA1,0.0
TIAF1,0.0
SEZ6,0.0
PIPOX,0.0
GJA1,0.0
AC138028.1,0.0
AC138028.2,0.0
AC138028.4,0.0
AC138028.6,0.0
SNAI3-AS1,0.0
MVD,0.0
ZNF469,0.0
AC134312.1,0.0
BANP,0.0
AL049557.1,0.0
AC126696.3,0.0
AC010536.1,0.0
CAMK2D,0.0
ANK2,0.0
AC109347.2,0.0
ENPEP,0.0
AC137932.3,0.0
AC009113.1,0.0
SLC22A31,0.0
CA5A,0.0
FGF2,0.0
BBS12,0.0
KIAA1109,0.0
TRPC3,0.0
AC010536.3,0.0
JPH3,0.0
AC105429.1,0.0
AC010531.5,0.0
AC010531.6,0.0
GALNS,0.0
MTHFSD,0.0
AC009108.3,0.0
AC135012.1,0.0
LINC02132,0.0
IRF8,0.0
AC018695.6,0.0
AC092127.1,0.0
AC092384.2,0.0
PABPN1L,0.0
AC010531.4,0.0
GAS8,0.0
DBNDD1,0.0
CENPBD1,0.0
MC1R,0.0
DENND2C,0.0
SYT6,0.0
LINC01268,0.0
Z97989.1,0.0
AL008730.1,0.0
CDH15,0.0
AC016405.3,0.0
HAS2-AS1,0.0
HAS2,0.0
AC068413.1,0.0
AC104958.2,0.0
AC104958.1,0.0
COL14A1,0.0
OLFML3,0.0
BCL2L15,0.0
AC016405.2,0.0
LINC00304,0.0
AC135782.3,0.0
AC135782.1,0.0
AC092384.1,0.0
AC092384.3,0.0
SPIRE2,0.0
VPS9D1,0.0
SPATA2L,0.0
LINC02166,0.0
FAM157C,0.0
AC092123.1,0.0
AC092120.1,0.0
AC137932.2,0.0
AC137932.1,0.0
METTL14-DT,0.0
PRSS12,0.0
TRAM1L1,0.0
UGT8,0.0
AC133919.1,0.0
AC010538.1,0.0
LINC01227,0.0
DYNLRB2,0.0
AC105411.1,0.0
MAFTRR,0.0
LINC01229,0.0
AC009159.3,0.0
MAF,0.0
AC092376.2,0.0
AC009145.2,0.0
AC021205.3,0.0
AC027279.2,0.0
AC027279.1,0.0
DNAAF1,0.0
AC040169.3,0.0
OSGIN1,0.0
AC009119.1,0.0
SDR42E1,0.0
AC099524.1,0.0
AC092139.1,0.0
AC009145.1,0.0
FBXO32,0.0
AC068228.3,0.0
AC104316.2,0.0
ZHX2,0.0
AC092652.2,0.0
AC092652.1,0.0
AC092652.3,0.0
AC079793.1,0.0
AC103718.1,0.0
CDYL2,0.0
LINC00824,0.0
CASC11,0.0
PRNCR1,0.0
CASC19,0.0
AC025287.3,0.0
LINC02615,0.0
AC093591.2,0.0
ARLNC1,0.0
AC092332.1,0.0
AC103833.2,0.0
TRIM45,0.0
AL445231.1,0.0
PTGFRN,0.0
CD2,0.0
AL390066.1,0.0
LINC01762,0.0
ATP1A1-AS1,0.0
AP005717.1,0.0
AP005717.2,0.0
GAN,0.0
CCN3,0.0
AC021733.4,0.0
LINC00964,0.0
AC100858.3,0.0
AC090198.1,0.0
RNF139-AS1,0.0
AC090192.2,0.0
AC090921.1,0.0
FER1L6,0.0
ENPP2,0.0
AC009148.1,0.0
AC092718.1,0.0
AC092718.6,0.0
AC092718.2,0.0
PRDM5,0.0
AC073475.1,0.0
PDE5A,0.0
AC093752.2,0.0
AC093752.3,0.0
AL358072.1,0.0
NHLH2,0.0
VANGL1,0.0
LINC01765,0.0
AC133540.1,0.0
LINC00311,0.0
KIAA0513,0.0
CRISPLD2,0.0
WFDC1,0.0
AC092127.2,0.0
SYNPO2,0.0
ZFP3,0.0
KIF1C,0.0
AC004771.3,0.0
AC004771.4,0.0
CAMTA2,0.0
ENO3,0.0
CHRNE,0.0
PLD2,0.0
AC233723.1,0.0
AP4B1-AS1,0.0
MIR497HG,0.0
ALOX12,0.0
AC040977.1,0.0
XAF1,0.0
C17orf100,0.0
AC004706.3,0.0
KIAA0753,0.0
PITPNM3,0.0
WSCD1,0.0
BCL6B,0.0
CTHRC1,0.0
PLN,0.0
AL080317.2,0.0
AC092653.1,0.0
AC074008.1,0.0
ALMS1-IT1,0.0
SAMD12,0.0
EXT1,0.0
AARD,0.0
ZNF232,0.0
SEC24B-AS1,0.0
AC107071.1,0.0
RPL34-AS1,0.0
LEF1-AS1,0.0
LEF1,0.0
AC096564.2,0.0
SCIMP,0.0
AC087500.1,0.0
USP6,0.0
RAD21-AS1,0.0
SLC16A11,0.0
SLC16A13,0.0
SLC35G6,0.0
FGF11,0.0
NLGN2,0.0
TNK1,0.0
KCTD11,0.0
YBX2,0.0
AC096577.1,0.0
MIS12,0.0
WRAP53,0.0
SHBG,0.0
FXR2,0.0
SOX15,0.0
SENP3,0.0
AC016876.3,0.0
WNT2B,0.0
CTTNBP2NL,0.0
KCND3,0.0
CXXC4-AS1,0.0
AC015727.1,0.0
CXXC4,0.0
SLC9B2,0.0
SLC9B1,0.0
AC018797.3,0.0
AF213884.3,0.0
AC098487.1,0.0
BANK1,0.0
SLC2A4,0.0
ASGR2,0.0
AP003696.1,0.0
GASAL1,0.0
AP002851.1,0.0
ABRA,0.0
AC021546.1,0.0
ZFPM2,0.0
RIMS2,0.0
AC012213.2,0.0
CLDN7,0.0
AP003354.1,0.0
MIR22HG,0.0
TLCD2,0.0
AC130343.2,0.0
AC005696.2,0.0
AC006435.1,0.0
MNT,0.0
AC090617.1,0.0
HIC1,0.0
AC090617.10,0.0
AC012213.3,0.0
RTN4RL1,0.0
TRPS1,0.0
SYBU,0.0
PKHD1L1,0.0
AC104248.1,0.0
TMEM74,0.0
MAL2,0.0
AC023590.1,0.0
AC073263.1,0.0
DPH1,0.0
SCARF1,0.0
INPP5K,0.0
MYO1C,0.0
AC032044.1,0.0
ABR,0.0
NXN,0.0
AC087392.5,0.0
AC087392.3,0.0
C17orf97,0.0
SERPINF1,0.0
RPH3AL,0.0
AC240565.1,0.0
LINC02193,0.0
ABCB6,0.0
SLC23A3,0.0
IHH,0.0
WNT6,0.0
CYP27A1,0.0
BCS1L,0.0
AC141424.1,0.0
AC096564.1,0.0
SGMS2,0.0
AC092445.1,0.0
AC109361.1,0.0
AL354760.1,0.0
AC091153.3,0.0
AC091153.2,0.0
ALOX15,0.0
SMTNL2,0.0
TET3,0.0
SPNS3,0.0
AC087742.1,0.0
CYB5D2,0.0
CXCL16,0.0
AL137856.1,0.0
LRIG2-DT,0.0
AL390242.1,0.0
PPM1J,0.0
AL603832.1,0.0
AC118754.1,0.0
AC073046.1,0.0
DGUOK-AS1,0.0
AC073046.4,0.0
HDAC2-AS2,0.0
EGF,0.0
RRH,0.0
AC126283.1,0.0
CFI,0.0
AC004067.1,0.0
AC005696.1,0.0
SHPK,0.0
AC027796.1,0.0
TRPV1,0.0
TRPV3,0.0
ASPA,0.0
AC087498.1,0.0
OR3A1,0.0
OR3A2,0.0
AC015921.1,0.0
AC005696.4,0.0
HASPIN,0.0
SCN4A,0.0
CD79B,0.0
GH1,0.0
MAP3K3,0.0
AC005828.5,0.0
CYB561,0.0
AC005828.3,0.0
SHISA3,0.0
AC111006.1,0.0
AC015849.4,0.0
NPPC,0.0
NMUR1,0.0
LINC00471,0.0
AC017104.3,0.0
AC134407.1,0.0
AC110921.1,0.0
AC007448.4,0.0
AC007448.5,0.0
CEP112,0.0
AC106052.1,0.0
AC005856.1,0.0
LINC01999,0.0
C17orf64,0.0
AC099568.2,0.0
AC099568.1,0.0
LRRC8C,0.0
AC099063.4,0.0
B3GNT7,0.0
AC017104.1,0.0
PRR29-AS1,0.0
GPR55,0.0
DCAF4L1,0.0
AC005828.1,0.0
AC005972.3,0.0
AC005821.1,0.0
AC080038.1,0.0
AC080038.2,0.0
AC008026.3,0.0
AC018628.2,0.0
HTR2B,0.0
PRR29,0.0
RBM47,0.0
LINC02265,0.0
AC095057.3,0.0
AC108471.2,0.0
SMIM14,0.0
AC021148.2,0.0
UGDH-AS1,0.0
AC092807.3,0.0
RGS9,0.0
AC005332.7,0.0
AC005332.5,0.0
AC005332.3,0.0
AC145343.1,0.0
ARSG,0.0
AC005332.1,0.0
PKN2-AS1,0.0
LINC02801,0.0
AL049597.2,0.0
AC005332.2,0.0
AC037487.2,0.0
AC090186.1,0.0
MAP3K19,0.0
AL024508.2,0.0
AL023284.4,0.0
AL138828.1,0.0
AL360178.2,0.0
AC120042.1,0.0
AC022182.2,0.0
AC005803.1,0.0
LINC01301,0.0
AC105150.1,0.0
FAM110B,0.0
AC104051.2,0.0
LINC01606,0.0
IMPAD1,0.0
AC037487.1,0.0
AC103810.5,0.0
LRRC37A3,0.0
CHD7,0.0
ERVMER34-1,0.0
AC104066.4,0.0
TSPOAP1,0.0
AC004687.3,0.0
AC005962.2,0.0
LPO,0.0
AC005962.1,0.0
EPX,0.0
OR4D1,0.0
C17orf82,0.0
AC015813.1,0.0
CUEDC1,0.0
AC007431.1,0.0
AC007114.1,0.0
AC004584.3,0.0
AC107398.3,0.0
AC096586.1,0.0
AC096586.2,0.0
GNPDA2,0.0
AC015813.3,0.0
AC006141.1,0.0
AC005920.1,0.0
TOB1-AS1,0.0
ANKRD40CL,0.0
AC005921.2,0.0
ABCC3,0.0
EPN3,0.0
AC021491.2,0.0
MYCBPAP,0.0
RASL11B,0.0
AC106858.1,0.0
ANKFN1,0.0
PCTP,0.0
AC007638.1,0.0
AC007638.2,0.0
AC007485.1,0.0
AC110792.2,0.0
AC110792.3,0.0
AC023154.1,0.0
AC021491.4,0.0
SEPTIN4,0.0
SEPTIN4-AS1,0.0
HSF5,0.0
RNF43,0.0
AC025048.2,0.0
AC025048.4,0.0
RNFT1-DT,0.0
TUBD1,0.0
AC040904.1,0.0
YPEL2,0.0
SLC10A4,0.0
CNGA1,0.0
NFXL1,0.0
AC107068.1,0.0
AC107068.2,0.0
ATP10D,0.0
AC107398.4,0.0
BRIP1,0.0
NACA2,0.0
AC091271.1,0.0
SMG8,0.0
AC099850.3,0.0
AC099850.1,0.0
AC100832.2,0.0
PPM1E,0.0
AC107952.2,0.0
AC018607.1,0.0
XKR4,0.0
AC027250.2,0.0
TEX14,0.0
SLC2A12,0.0
SLC18B1,0.0
VNN2,0.0
VNN1,0.0
ENPP1,0.0
CTAGE9,0.0
ENPP3,0.0
AC100812.1,0.0
AC055822.1,0.0
AC100821.2,0.0
SEL1L3,0.0
SAG,0.0
ATG16L1,0.0
SOCS3,0.0
LINC01993,0.0
C17orf99,0.0
TNRC6C-AS1,0.0
AC021683.5,0.0
AC021683.6,0.0
LINC02795,0.0
AC021683.3,0.0
AC111182.1,0.0
MGAT5B,0.0
LINC02080,0.0
MXRA7,0.0
AC005837.1,0.0
ST6GALNAC1,0.0
SLC26A11,0.0
SGSH,0.0
AC021683.2,0.0
TIGD1,0.0
CHRNG,0.0
ECEL1,0.0
ALPG,0.0
GALR2,0.0
ZACN,0.0
CDK3,0.0
FBF1,0.0
AC087289.2,0.0
FOXJ1,0.0
AC015802.4,0.0
PRCD,0.0
CYGB,0.0
RHBDF2,0.0
AANAT,0.0
SPHK1,0.0
QRICH2,0.0
RNF157,0.0
RNF157-AS1,0.0
AC015802.6,0.0
SEPSECS,0.0
LGI2,0.0
CCDC149,0.0
KCNIP4,0.0
AC093898.1,0.0
AC016245.1,0.0
RPTOR,0.0
NPTX1,0.0
AC120024.1,0.0
CCDC40,0.0
AC124319.2,0.0
AC124319.1,0.0
NEXN,0.0
NEXN-AS1,0.0
AC027601.2,0.0
TEPSIN,0.0
AATK,0.0
BAIAP2-DT,0.0
AC127496.5,0.0
RNF213-AS1,0.0
LINC01977,0.0
RBFOX3,0.0
ENGASE,0.0
LGALS3BP,0.0
CEP295NL,0.0
AC022966.1,0.0
AC022966.2,0.0
ZMAT4,0.0
ADAM32,0.0
AC061992.2,0.0
AC005034.5,0.0
AC005034.3,0.0
AC007681.1,0.0
TACR1,0.0
POMK,0.0
RNF170,0.0
SCAT1,0.0
DNAH17-AS1,0.0
DNAH17,0.0
HTRA4,0.0
ST18,0.0
AC064807.2,0.0
AC064807.4,0.0
AC064807.1,0.0
AC103769.1,0.0
MAP2K6,0.0
ABCA10,0.0
ABCA6,0.0
FAM20A,0.0
AC073254.1,0.0
SLC16A6,0.0
C4orf19,0.0
AC104078.1,0.0
STIM2-AS1,0.0
CDR2L,0.0
GRIN2C,0.0
AC064805.2,0.0
CD300LB,0.0
GPRC5C,0.0
WIPI1,0.0
CCN1,0.0
AC108210.1,0.0
LIMCH1,0.0
NSUN7,0.0
CDC42EP4,0.0
AC087301.1,0.0
AC097641.2,0.0
SSTR2,0.0
LINC00511,0.0
AC113139.1,0.0
KCNJ2-AS1,0.0
AC002546.1,0.0
TCF7L1,0.0
AC022210.2,0.0
TRABD2A,0.0
DNAH6,0.0
AC005034.4,0.0
AC005034.6,0.0
RGS20,0.0
KCNJ2,0.0
AC090739.1,0.0
AC083973.1,0.0
AL360178.1,0.0
PDE7B,0.0
LINC00271,0.0
AL049552.2,0.0
AL049552.1,0.0
MYB-AS1,0.0
AC044893.1,0.0
KIF19,0.0
AC021236.1,0.0
AC024451.4,0.0
MCOLN3,0.0
WDR63,0.0
MCOLN2,0.0
LPAR3,0.0
SNORC,0.0
KCNJ13,0.0
EFHD1,0.0
AC026904.1,0.0
TTYH2,0.0
AC100786.1,0.0
SPATA1,0.0
LLGL2,0.0
CASKIN2,0.0
AC022211.1,0.0
ARMC7,0.0
SLC16A5,0.0
WDR19,0.0
CHRNA6,0.0
KLHL5,0.0
TLR10,0.0
AC027607.1,0.0
AC087289.5,0.0
ITGB4,0.0
SMIM6,0.0
SMIM5,0.0
AL360219.1,0.0
AL078459.1,0.0
AC087533.1,0.0
AC079921.1,0.0
S1PR1,0.0
AC093157.2,0.0
AC104506.1,0.0
AC099670.3,0.0
HAP1,0.0
KRT17,0.0
KRT15,0.0
TMEM99,0.0
AC110615.1,0.0
AC027271.1,0.0
PARM1,0.0
BTC,0.0
EPGN,0.0
AC093677.2,0.0
NAGLU,0.0
AC067852.3,0.0
AC107993.1,0.0
AC099811.5,0.0
AC099811.1,0.0
CDKL2,0.0
PPBP,0.0
PF4,0.0
CXCL1,0.0
AC004585.1,0.0
TNS4,0.0
OLFM3,0.0
LINC01607,0.0
HEY1,0.0
LINC02605,0.0
AC009686.1,0.0
IL7,0.0
AC068700.2,0.0
AC009902.2,0.0
AC009902.3,0.0
PAG1,0.0
AC012533.1,0.0
AC009812.4,0.0
AC009812.3,0.0
AC009812.1,0.0
AC083837.1,0.0
CCDC200,0.0
TMEM106A,0.0
RND2,0.0
PTGES3L,0.0
AOC3,0.0
RDH10,0.0
LINC01293,0.0
LINC01291,0.0
SEMA4F,0.0
AC099811.4,0.0
AL356124.1,0.0
LAMA2,0.0
PTPRK,0.0
C6orf58,0.0
SOGA3,0.0
KIAA0408,0.0
AC009686.2,0.0
AC036214.2,0.0
AC036214.1,0.0
M1AP,0.0
HCRT,0.0
KCNH4,0.0
HSPB9,0.0
DHX58,0.0
C17orf113,0.0
ZNF385C,0.0
TTC25,0.0
KLHL11,0.0
AC053527.2,0.0
LINC00910,0.0
SLC4A4,0.0
JCHAIN,0.0
CNTD1,0.0
WNK4,0.0
EZH1,0.0
AC100793.2,0.0
CCR10,0.0
PLEKHH3,0.0
HSD17B1,0.0
ADAMTS3,0.0
CHMP4C,0.0
RTKN,0.0
AC005041.4,0.0
C2orf81,0.0
DCTN1-AS1,0.0
SLC4A5,0.0
AC073263.2,0.0
AC104211.1,0.0
RUNX1T1,0.0
CXCL5,0.0
LRRC69,0.0
AC243773.2,0.0
LHX1,0.0
AC243830.1,0.0
AC243830.2,0.0
CCL3L1,0.0
AC112253.1,0.0
ANXA3,0.0
FAM47E,0.0
SLC26A7,0.0
WDR47,0.0
AKNAD1,0.0
AL160171.1,0.0
AL359258.2,0.0
VAV3-AS1,0.0
AC015849.3,0.0
C17orf50,0.0
AC006237.1,0.0
GPR179,0.0
LINC02235,0.0
AC243585.2,0.0
AC243654.1,0.0
C17orf78,0.0
AC244093.3,0.0
AC244093.4,0.0
CA3-AS1,0.0
CA3,0.0
CA1,0.0
CA13,0.0
TBC1D3L,0.0
AC100801.2,0.0
AC100801.1,0.0
CA2,0.0
PLXDC1,0.0
AC010980.1,0.0
EPHA4,0.0
AC021127.1,0.0
LINC01088,0.0
AC098818.2,0.0
LINC00672,0.0
GJD3,0.0
RARA-AS1,0.0
NR1D1,0.0
GSDMA,0.0
ORMDL3,0.0
GSDMB,0.0
IKZF3,0.0
ERBB2,0.0
CXCL2,0.0
AC080112.1,0.0
C17orf98,0.0
PCGF2,0.0
AC006449.2,0.0
EPOP,0.0
AC244153.1,0.0
ARHGAP23,0.0
PNMT,0.0
TCAP,0.0
AC009283.1,0.0
ATP6V0D2,0.0
CACNB1,0.0
AC091178.2,0.0
TMEM200A,0.0
SAMD3,0.0
AL355581.1,0.0
LINC00534,0.0
AF117829.1,0.0
MMP16,0.0
AC103760.1,0.0
AC005288.1,0.0
THRA1/BTR,0.0
SKAP1-AS1,0.0
AC004477.3,0.0
AC004477.1,0.0
COPZ2,0.0
AC018521.2,0.0
AC018521.7,0.0
SP6,0.0
SCRN2,0.0
AOC2,0.0
TBKBP1,0.0
DLX4,0.0
FLJ45513,0.0
AC091180.2,0.0
AC004797.1,0.0
PHOSPHO1,0.0
GNGT2,0.0
HOXB9,0.0
HOXB7,0.0
LRRC46,0.0
DNAJC5B,0.0
AL353596.1,0.0
ALDH8A1,0.0
AL078590.2,0.0
AL355881.1,0.0
SGK1,0.0
DQX1,0.0
TLX2,0.0
LBX2,0.0
AC036222.1,0.0
AC022893.1,0.0
MSC,0.0
MSC-AS1,0.0
XKR9,0.0
ARL9,0.0
SP140,0.0
SLC16A14,0.0
FBXO36,0.0
CCL20,0.0
SBSPON,0.0
AC084082.1,0.0
TMEM92,0.0
COL1A1,0.0
AC015909.2,0.0
SAMD14,0.0
ITGA3,0.0
AC004707.1,0.0
AC104836.1,0.0
EPHX4,0.0
HOXB6,0.0
CDC7,0.0
HFM1,0.0
AL391497.1,0.0
AC068620.1,0.0
AC022267.1,0.0
AC110611.2,0.0
AC110611.1,0.0
SPATA18,0.0
SGCB,0.0
TGFBR3,0.0
HOXB5,0.0
NMU,0.0
AC024243.1,0.0
AC069200.1,0.0
SRD5A3-AS1,0.0
AC098868.1,0.0
PDGFRA,0.0
AC110792.4,0.0
TMEM92-AS1,0.0
AC009879.4,0.0
CYP7B1,0.0
AC011978.2,0.0
TTPA,0.0
PPP1R42,0.0
MCMDC2,0.0
MYBL1,0.0
VXN,0.0
ADHFE1,0.0
RRS1-AS1,0.0
AC100814.1,0.0
SLC4A1,0.0
AC003102.1,0.0
LRRC39,0.0
AC118553.1,0.0
FRRS1,0.0
AC015936.1,0.0
GJC1,0.0
ADAM11,0.0
AC091152.2,0.0
BCAR3,0.0
AC103703.1,0.0
FAM171A2,0.0
RUNDC3A,0.0
LACTB2-AS1,0.0
AC022730.4,0.0
AC079089.1,0.0
SLCO5A1,0.0
AC021321.2,0.0
AC068700.1,0.0
FZD2,0.0
PF4V1,0.0
CXCL6,0.0
RASSF6,0.0
ALB,0.0
DPYD-IT1,0.0
TLCD4,0.0
AC105942.1,0.0
ASB16,0.0
C17orf53,0.0
AC069307.1,0.0
AC007993.3,0.0
MPP2,0.0
CD300LG,0.0
MPP3,0.0
CFAP97D1,0.0
ARL4D,0.0
AC104806.2,0.0
AC111197.1,0.0
IGFBP7-AS1,0.0
LINC01976,0.0
PLCD3,0.0
TM4SF20,0.0
AC097662.1,0.0
COL4A4,0.0
AC068620.2,0.0
AC040934.1,0.0
EFCAB13,0.0
AC068234.2,0.0
ITGB3,0.0
PKIA-AS1,0.0
AC002558.3,0.0
RPRML,0.0
AC005670.1,0.0
AC015674.1,0.0
AC025682.1,0.0
F3,0.0
AC118469.2,0.0
ARHGAP29,0.0
AL049796.1,0.0
AC002558.2,0.0
AC011029.1,0.0
JPH1,0.0
AC022868.2,0.0
STAU2,0.0
STAU2-AS1,0.0
SULT1E1,0.0
SULT1B1,0.0
UGT2B28,0.0
UGT2B11,0.0
ACBD4,0.0
WNT3,0.0
LRRC37A,0.0
MAPT,0.0
AC091132.4,0.0
ARHGAP27,0.0
SPATA32,0.0
MAP3K14-AS1,0.0
AC008105.1,0.0
AC138150.2,0.0
AC138150.1,0.0
AC111000.4,0.0
CLCNKB,0.0
UQCRHL,0.0
C1QTNF6,0.0
AL031587.1,0.0
AL031587.3,0.0
C22orf23,0.0
MICALL1,0.0
GALR3,0.0
FAM83A,0.0
EAF1,0.0
SH3BP5-AS1,0.0
ITIH4,0.0
NPTXR,0.0
AL021707.7,0.0
AL021707.6,0.0
AL021707.1,0.0
AL021707.8,0.0
AL021707.5,0.0
EAF1-AS1,0.0
GTF2IRD2B,0.0
CASTOR2,0.0
AC211433.1,0.0
GTF2IRD1,0.0
AC005081.1,0.0
ACTR8,0.0
AC012467.2,0.0
IL17RB,0.0
CHDH,0.0
EPHA2,0.0
AC090948.2,0.0
SEMA3G,0.0
CDC42EP1,0.0
CARD10,0.0
CYTH4,0.0
LINC01783,0.0
LINC01772,0.0
SPATA21,0.0
CPLANE2,0.0
CACNA1D,0.0
AL022238.2,0.0
Z83847.1,0.0
Z82206.1,0.0
GRAP2,0.0
ENTHD1,0.0
AL022326.1,0.0
PDGFB,0.0
AL031846.2,0.0
CBX7,0.0
AL021707.2,0.0
APOBEC3F,0.0
APOBEC3D,0.0
APOBEC3B,0.0
AL450998.3,0.0
AL121992.1,0.0
AL121992.3,0.0
DNAJC16,0.0
CASP9,0.0
CELA2A,0.0
APOBEC3G,0.0
KDELR3,0.0
IL1RN,0.0
IL37,0.0
AC079753.2,0.0
IL1A,0.0
MLXIPL,0.0
FZD9,0.0
FKBP6,0.0
SPDYE9P,0.0
SLC16A8,0.0
AC211476.2,0.0
TYW1B,0.0
AUTS2,0.0
SPDYE21P,0.0
MAFF,0.0
AL022322.2,0.0
PLA2G6,0.0
AL022322.1,0.0
BAIAP2L2,0.0
AC211476.6,0.0
SEC14L2,0.0
CASTOR1,0.0
AC004264.1,0.0
LIF,0.0
SLC35E4,0.0
TCN2,0.0
AL137127.1,0.0
ALDH4A1,0.0
PADI3,0.0
AC211486.5,0.0
BX284668.6,0.0
HTD2,0.0
METTL27,0.0
STX1A,0.0
LINC02572,0.0
AC012306.3,0.0
AC012306.2,0.0
LIMS2,0.0
SPDYE5,0.0
PADI2,0.0
AC074024.1,0.0
MAGI2,0.0
TMEM60,0.0
GSAP,0.0
CCDC146,0.0
ZP3,0.0
SSC4D,0.0
AL031186.1,0.0
KREMEN1,0.0
AC004832.5,0.0
ZNRF3-IT1,0.0
ARF4-AS1,0.0
AC092418.2,0.0
SPATA12,0.0
LRTM1,0.0
CACNA2D3,0.0
AL137798.1,0.0
AC004832.6,0.0
AC004832.4,0.0
ZNRF3-AS1,0.0
MB,0.0
HMOX1,0.0
TOM1,0.0
LARGE1,0.0
SYN3,0.0
RFPL3S,0.0
AL008723.2,0.0
C22orf24,0.0
IL2RB,0.0
RGPD8,0.0
FOXRED2,0.0
Z82215.1,0.0
APOL4,0.0
Z95114.4,0.0
AC102953.2,0.0
MICALL2,0.0
AC073957.2,0.0
GPR146,0.0
AC108463.3,0.0
PVALB,0.0
ABHD6,0.0
FLNB,0.0
DENND6A-DT,0.0
DENND6A-AS1,0.0
AL096701.4,0.0
AL096701.3,0.0
LINC01521,0.0
PIK3IP1-AS1,0.0
PIK3IP1,0.0
Z82217.1,0.0
INPP5J,0.0
SELENOM,0.0
AC005005.3,0.0
AC005005.4,0.0
AC004542.2,0.0
AC090948.1,0.0
AC090946.1,0.0
AC090945.1,0.0
COLQ,0.0
LIMK2,0.0
CELSR1,0.0
GTSE1-DT,0.0
CDPF1,0.0
FP325332.1,0.0
AL121672.2,0.0
RASSF1-AS1,0.0
AC116096.1,0.0
SGO1-AS1,0.0
EFHB,0.0
TMEM51,0.0
AL022328.3,0.0
PANX2,0.0
MOV10L1,0.0
BX539320.1,0.0
AL671710.1,0.0
AL117328.2,0.0
Z98885.2,0.0
AC004854.2,0.0
LINC01952,0.0
AC061958.1,0.0
AC073210.3,0.0
AC073349.1,0.0
ZNF273,0.0
ARHGAP8,0.0
PRR5,0.0
AL031595.2,0.0
AL033543.1,0.0
PNPLA3,0.0
KCNH8,0.0
TBC1D22A,0.0
AC104451.2,0.0
MIRLET7BHG,0.0
AL121672.3,0.0
PRR34,0.0
LINC00899,0.0
AL031293.1,0.0
DHRS3,0.0
AL096840.2,0.0
TBC1D22A-AS1,0.0
AC132807.2,0.0
ODF3B,0.0
NCAPH2,0.0
ADM2,0.0
DENND6B,0.0
MAPK11,0.0
HDAC10,0.0
AL022328.2,0.0
AL022328.1,0.0
SELENOO,0.0
AC092171.5,0.0
ASMTL-AS1,0.0
LINC00106,0.0
CSF2RA,0.0
CRLF2,0.0
AL672277.1,0.0
AL732314.4,0.0
AL732314.6,0.0
PPP2R3B,0.0
LINC00685,0.0
AL022328.4,0.0
AC092171.4,0.0
AC092171.1,0.0
AC093620.1,0.0
ELFN1-AS1,0.0
ELFN1,0.0
TMEM184A,0.0
MAFK,0.0
AC073270.2,0.0
AC092634.8,0.0
KLHDC7B,0.0
AC118758.3,0.0
NUPR2,0.0
Z97192.4,0.0
Z97192.1,0.0
C22orf34,0.0
AL078622.1,0.0
TAFA5,0.0
CPT1B,0.0
SYCE3,0.0
LINC02848,0.0
AC016745.2,0.0
AL035681.1,0.0
EP300-AS1,0.0
FBLIM1,0.0
SLC25A34,0.0
WBP2NL,0.0
SEPTIN3,0.0
LINC00634,0.0
SREBF2-AS1,0.0
ZNF117,0.0
AL008582.1,0.0
TEF,0.0
ZC3H7B,0.0
DNAH1,0.0
GLYCTK-AS1,0.0
GLYCTK,0.0
C3orf18,0.0
CYB561D2.1,0.0
CACNA2D2,0.0
MEI1,0.0
TMEM51-AS1,0.0
SLC25A17,0.0
MRTFA-AS1,0.0
AC006252.1,0.0
TLR9,0.0
AC097637.3,0.0
ACY1,0.0
PCBP4,0.0
CHADL,0.0
KCTD7,0.0
AC104129.1,0.0
ADAP1,0.0
AC073957.3,0.0
GET4,0.0
SUN1,0.0
AC147651.4,0.0
PDGFA,0.0
AC027644.3,0.0
AC006001.2,0.0
AC016769.5,0.0
GRM2,0.0
AC099050.1,0.0
DOCK3,0.0
C1orf167,0.0
LINC01589,0.0
FBLN1,0.0
RIBC2,0.0
SMC1B,0.0
AL008718.3,0.0
ZMYND10,0.0
PHF21B,0.0
ZNF713,0.0
COBL,0.0
AC005153.1,0.0
NT5DC4,0.0
AC012442.1,0.0
TPST1,0.0
AC093582.1,0.0
ERV3-1,0.0
Z82243.1,0.0
Z93241.1,0.0
SERHL2,0.0
NFAM1,0.0
LINC01315,0.0
OGFRP1,0.0
CYP2D6,0.0
NDUFA6-DT,0.0
AL021878.2,0.0
PHETA2,0.0
AC115284.4,0.0
SULT4A1,0.0
Z97055.2,0.0
EFCAB6,0.0
MPPED1,0.0
SCUBE1,0.0
BIK,0.0
AL022476.1,0.0
A4GALT,0.0
ATP5MGL,0.0
Z99716.2,0.0
COL18A1,0.0
LINC00205,0.0
POFUT2,0.0
AC002456.1,0.0
CLDN12,0.0
CFAP69,0.0
STEAP2,0.0
STEAP1,0.0
LINC01106,0.0
SEMA3C,0.0
MALL,0.0
LINC01123,0.0
RGPD5,0.0
SOWAHC,0.0
SEPTIN10,0.0
SH3RF3,0.0
SH3RF3-AS1,0.0
EDAR,0.0
AL844908.2,0.0
NPHP1,0.0
AP001065.3,0.0
LRRC3,0.0
LRRC3-DT,0.0
TRPM2-AS,0.0
TRPM2,0.0
AP001059.1,0.0
AP001059.2,0.0
AP001059.3,0.0
ICOSLG,0.0
PCBP3,0.0
AC108749.1,0.0
AC107204.1,0.0
VGLL3,0.0
CADM2,0.0
COL6A2,0.0
COL6A1,0.0
AJ239328.1,0.0
AJ011931.1,0.0
AL133492.1,0.0
LINC01678,0.0
AC016027.1,0.0
AC016027.2,0.0
AC016026.2,0.0
AC007666.1,0.0
HDHD5-AS1,0.0
LINC01664,0.0
TMEM121B,0.0
AC097634.3,0.0
FOXP1-IT1,0.0
ITGB2-AS1,0.0
MITF,0.0
LMOD3,0.0
AC000068.1,0.0
HIRA,0.0
AC000085.1,0.0
CLTCL1,0.0
LINC01311,0.0
AC004461.2,0.0
DGCR11,0.0
AC097634.2,0.0
LINC01424,0.0
TSPEAR-AS2,0.0
AC006946.2,0.0
XKR3,0.0
AP000547.3,0.0
AP000525.1,0.0
DUXAP8,0.0
DIP2A-IT1,0.0
AP000471.1,0.0
TUBA8,0.0
AP001469.2,0.0
MCM3AP-AS1,0.0
FTCD,0.0
DGCR9,0.0
PRODH,0.0
DGCR6,0.0
RIMBP3,0.0
TMEM191B,0.0
USP18,0.0
AP001469.3,0.0
ST3GAL6-AS1,0.0
AC021660.4,0.0
AP001042.1,0.0
LINC00114,0.0
AP001037.1,0.0
AP001437.1,0.0
AP001437.2,0.0
AP001412.1,0.0
CNR2,0.0
LINC01355,0.0
TBP,0.0
AL008628.1,0.0
DLL1,0.0
LINC01624,0.0
AC002451.1,0.0
AC002429.2,0.0
PEG10,0.0
SGCE,0.0
CASD1,0.0
MYO7B,0.0
STX19,0.0
ARL13B,0.0
CBR3-AS1,0.0
AP000688.2,0.0
AP000688.1,0.0
SETD4,0.0
AP000331.1,0.0
LINC01426,0.0
CLIC6,0.0
ST3GAL6,0.0
AP001432.1,0.0
DSCR9,0.0
AP001429.1,0.0
RIPPLY3,0.0
AP000704.1,0.0
AP000695.2,0.0
AP000695.1,0.0
AP000692.1,0.0
AP000692.2,0.0
RCAN1,0.0
HSF2BP,0.0
FRGCA,0.0
CBS,0.0
PDE9A,0.0
AP001625.2,0.0
UBASH3A,0.0
LINC02050,0.0
ROBO1,0.0
ZNF717,0.0
GNG11,0.0
LINC02018,0.0
EBLN2,0.0
GXYLT2,0.0
AC097369.2,0.0
GATD3A,0.0
PWP2,0.0
AATBC,0.0
ZNF436,0.0
AL109936.6,0.0
LINC00960,0.0
SAMD9L,0.0
AC000065.1,0.0
UMODL1-AS1,0.0
UMODL1,0.0
ZNF295-AS1,0.0
C2CD2,0.0
FAM3B,0.0
PLAC4,0.0
BACE2,0.0
AP001053.1,0.0
SH3BGR,0.0
BRWD1-AS2,0.0
BRWD1-IT1,0.0
AF129408.1,0.0
AF064858.1,0.0
TEX46,0.0
WNT4,0.0
CDC42-AS1,0.0
LINC01635,0.0
LINC00323,0.0
ABCB4,0.0
AC004023.1,0.0
AC253536.3,0.0
AC253536.6,0.0
DDTL,0.0
GSTT2B,0.0
AP000350.6,0.0
MIF-AS1,0.0
PTPRG,0.0
SH2D5,0.0
C3orf67-AS1,0.0
C3orf67,0.0
FAM3D,0.0
ACOX2,0.0
KCTD6,0.0
AC135507.1,0.0
AL022329.1,0.0
AL008721.2,0.0
AL008721.1,0.0
FHIT,0.0
AL022323.3,0.0
KIAA1671,0.0
SGSM1,0.0
AP000356.2,0.0
GGT1.1,0.0
UPB1,0.0
ADORA2A,0.0
GGT5,0.0
SUSD2,0.0
RUNDC3B,0.0
TMEM120A,0.0
AC093627.4,0.0
AL672310.1,0.0
AL031259.1,0.0
ZNF804B,0.0
AC002069.2,0.0
STEAP4,0.0
AC003991.1,0.0
AC003991.2,0.0
STYXL1,0.0
CRYBA4,0.0
CRYBB1,0.0
Z95115.1,0.0
ASPHD2,0.0
SEZ6L,0.0
AC003681.1,0.0
MTMR3,0.0
CABP7,0.0
AC004882.1,0.0
AL022324.3,0.0
AC002059.1,0.0
RASL10A,0.0
GAS2L1,0.0
AC092645.2,0.0
AC093675.1,0.0
MERTK,0.0
AC017002.1,0.0
AC017002.3,0.0
AC068491.3,0.0
RFPL1S,0.0
CRYBB2,0.0
AL022323.4,0.0
AL022337.1,0.0
MYO18B,0.0
AL022329.2,0.0
CDA,0.0
UBXN10,0.0
AKR7A3,0.0
SCAANT1,0.0
MIAT,0.0
THOC7-AS1,0.0
C3orf49,0.0
Z93930.2,0.0
CHEK2,0.0
TTC28,0.0
MN1,0.0
LINC01422,0.0
MIATNB,0.0
Z99774.1,0.0
AC104162.2,0.0
FZD1,0.0
AC002458.1,0.0
AC000068.3,0.0
AC134508.2,0.0
LINC00877,0.0
GPR27,0.0
EIF4E3,0.0
AC097634.1,0.0
AC007663.4,0.0
AC245060.6,0.0
LINC00896,0.0
CCDC188,0.0
AC006547.2,0.0
DGCR8,0.0
AC006547.3,0.0
AC006547.1,0.0
RAP1GAP,0.0
NBPF3,0.0
AL031728.1,0.0
RTN4R,0.0
KIF17,0.0
PINK1-AS,0.0
PINK1,0.0
TANGO2,0.0
ARVCF,0.0
TBX1,0.0
SEPTIN5,0.0
CLDN5,0.0
AC000068.2,0.0
GCC2-AS1,0.0
GRM3,0.0
SEMA3A,0.0
PCLO,0.0
CACNA2D1,0.0
AL603783.1,0.0
AL354892.3,0.0
ERMARD,0.0
AL354892.1,0.0
AL354892.2,0.0
AC005009.2,0.0
TMEM191C,0.0
P2RX6,0.0
THAP7-AS1,0.0
AC109587.1,0.0
EOGT,0.0
SUCLG2-AS1,0.0
AC098969.2,0.0
AP000350.7,0.0
AP000350.5,0.0
AL031005.1,0.0
VPREB3,0.0
PCAT14,0.0
RAB36,0.0
GNAZ,0.0
RSPH14,0.0
PRAME,0.0
ZNF280B,0.0
AC245060.2,0.0
AC245060.5,0.0
C22orf15,0.0
AL031005.2,0.0
LRIG1,0.0
MAGI1-IT1,0.0
MAGI1,0.0
ADAMTS9,0.0
AC012557.2,0.0
PSMD6-AS1,0.0
AC012557.1,0.0
PSMD6-AS2,0.0
RIMBP3C,0.0
AIFM3,0.0
AC007731.5,0.0
AC007731.2,0.0
AC007663.3,0.0
VPREB1,0.0
TOP3B,0.0
YPEL1,0.0
AP000553.2,0.0
CCDC116,0.0
AC002470.1,0.0
TBC1D8B,0.0
RADX,0.0
TMSB15B.1,0.0
NPHP4,0.0
LINC01134,0.0
POMGNT2,0.0
GASK1A,0.0
ZNF662,0.0
PLCXD1,0.0
AC099329.2,0.0
ACKR2,0.0
AC099329.1,0.0
LINC02158,0.0
CCDC13,0.0
AC006059.5,0.0
GSDME,0.0
STK31,0.0
FAM221A,0.0
KRBOX1,0.0
ARMCX5-GPRASP2,0.0
ARMCX5,0.0
TCEAL2,0.0
AL365330.1,0.0
TP73,0.0
AL513320.1,0.0
ARHGEF16,0.0
TMSB15B-AS1,0.0
PLP1,0.0
MORC4,0.0
AL021308.1,0.0
RAB40A,0.0
Z69733.1,0.0
SERTM2,0.0
CHRDL1,0.0
AMMECR1-IT1,0.0
KCNE5,0.0
VSIG1,0.0
NUP62CL,0.0
TMEM31,0.0
WDR44,0.0
DANT2,0.0
PLS3,0.0
ZCWPW2,0.0
SNRK-AS1,0.0
AL139246.5,0.0
HES5,0.0
PANK4,0.0
PLCH2,0.0
TFCP2L1,0.0
XIAP,0.0
GRIA3,0.0
GLUD2,0.0
RHOXF1,0.0
SOWAHD,0.0
EIF1B-AS1,0.0
MYRIP,0.0
MOBP,0.0
AC099332.2,0.0
AL513477.2,0.0
AC068282.2,0.0
AC068282.1,0.0
CNTNAP5,0.0
AC011246.1,0.0
CREB5,0.0
AC005091.1,0.0
HOXA11-AS,0.0
HOXA11,0.0
ZBTB47,0.0
IL13RA1,0.0
IL13RA2,0.0
AMOT,0.0
LHFPL1,0.0
TRPC5OS,0.0
AC004000.1,0.0
SLC25A43,0.0
AC004973.1,0.0
LONRF3,0.0
LINC01285,0.0
LRCH2,0.0
RNF207,0.0
PABPC5,0.0
RSPH10B2,0.0
ZNF12,0.0
AC073343.2,0.0
ZNF853,0.0
AC010976.1,0.0
PROC,0.0
AC018648.1,0.0
AL035427.1,0.0
AC018645.3,0.0
AVL9,0.0
AQP1,0.0
AC006027.1,0.0
SATL1,0.0
HDX,0.0
GPR174,0.0
AL022151.1,0.0
FAM133A,0.0
LINC00997,0.0
P2RY10,0.0
LPAR4,0.0
RTL3,0.0
PGAM4,0.0
FGF16,0.0
MAGEE1,0.0
ZDHHC15,0.0
UPRT,0.0
NEXMIF,0.0
LINC00337,0.0
AL353804.2,0.0
AL353804.1,0.0
NAP1L2,0.0
FAM226B,0.0
AC097639.1,0.0
GPD1L,0.0
OSBPL10,0.0
AC096921.2,0.0
GPR153,0.0
SLC16A2,0.0
Z93943.1,0.0
RAB40AL,0.0
Z68871.1,0.0
BHLHB9,0.0
GPRASP2,0.0
AL035427.2,0.0
AC004080.4,0.0
HOXA-AS3,0.0
HOXA-AS2,0.0
TNFRSF25,0.0
AC007285.1,0.0
SCRN1,0.0
WIPF3,0.0
AC007255.1,0.0
AC004593.2,0.0
CHN2,0.0
AC004593.3,0.0
AC005162.3,0.0
GPRASP1,0.0
AC007036.5,0.0
ESPN,0.0
AL031848.2,0.0
ZNF445,0.0
AC104187.1,0.0
CCR4,0.0
TRIM71,0.0
AC234775.4,0.0
AC234775.3,0.0
ARMCX4,0.0
NXF3,0.0
DRP2,0.0
TRMT2B,0.0
SRPX2,0.0
TSPAN6,0.0
DIAPH2-AS1,0.0
RPA4,0.0
AL117327.1,0.0
TCEAL7,0.0
TCEAL5,0.0
TAF7L,0.0
ETV1,0.0
SCIN,0.0
AC006042.4,0.0
AC004948.1,0.0
MIOS,0.0
AC004982.2,0.0
AC004982.1,0.0
AC005532.1,0.0
GPNMB,0.0
APLN,0.0
KLHL7-DT,0.0
ZFP92,0.0
PNMA3,0.0
ZNF185,0.0
BX546450.2,0.0
VILL,0.0
ITGA9,0.0
C3orf35,0.0
AC126118.1,0.0
AC005082.1,0.0
LINC00894,0.0
CXorf40B,0.0
PRKCZ-AS1,0.0
AL590822.2,0.0
AL109917.1,0.0
FO704657.1,0.0
MMP23B,0.0
CXorf40A,0.0
LINC00893,0.0
MEOX2,0.0
AFF2-IT1,0.0
RENBP,0.0
ARHGAP4,0.0
SRPK3,0.0
PLXNB3,0.0
ABCD1,0.0
SLC6A8,0.0
DUSP9,0.0
SOSTDC1,0.0
AC244197.2,0.0
AC005014.2,0.0
AC005014.3,0.0
AC245140.3,0.0
AC245140.1,0.0
MYD88,0.0
DLEC1,0.0
PLCD1,0.0
AL390719.3,0.0
AC004556.3,0.0
AC011816.2,0.0
AL592183.1,0.0
LINC00266-4P,0.0
RPS4Y2,0.0
TTTY10,0.0
AC010889.2,0.0
FAM41C,0.0
AL627309.1,0.0
PCDH11Y,0.0
LINC00278,0.0
AC240274.1,0.0
AL691432.4,0.0
AL645728.1,0.0
TMEM240,0.0
ANKRD65,0.0
AL391244.2,0.0
TMEM187,0.0
AC145212.1,0.0
BX004987.1,0.0
GDI1,0.0
AC010082.1,0.0
AC245140.2,0.0
ARPP21,0.0
AC112220.2,0.0
FBXL2,0.0
SUSD5,0.0
TMPPE,0.0
MAFIP,0.0
AC005062.1,0.0
TWIST1,0.0
DNASE1L1,0.0
SLC25A14,0.0
AL139234.1,0.0
AL023653.1,0.0
XPNPEP2,0.0
AL022162.1,0.0
AC006059.1,0.0
VIPR1,0.0
ZNF619,0.0
ENTPD3-AS1,0.0
AF274853.1,0.0
AL136169.1,0.0
MOSPD1,0.0
FAM122C,0.0
PLAC1,0.0
LINC00629,0.0
AC002407.1,0.0
GPC3,0.0
HS6ST2,0.0
RAP2C-AS1,0.0
SMIM10L2B-AS1,0.0
SMARCA1,0.0
TENM1,0.0
SH2D1A,0.0
AL121601.1,0.0
AC007029.1,0.0
AC060834.2,0.0
AC007009.1,0.0
AC006042.1,0.0
GLCCI1,0.0
MMEL1,0.0
HOXA2,0.0
LINC02860,0.0
AC004947.1,0.0
NFE2L3,0.0
AC010719.1,0.0
AC005165.1,0.0
AC003093.1,0.0
PRDM16-DT,0.0
AL592464.3,0.0
AC006042.2,0.0
INTS6L-AS1,0.0
SMIM10L2A,0.0
ZNF75D,0.0
SMIM10L2B,0.0
FMR1NB,0.0
FMR1-IT1,0.0
FMR1-AS1,0.0
SLITRK4,0.0
SPANXA2-OT1,0.0
FRMD7,0.0
LINC00632,0.0
MCF2,0.0
FGF13,0.0
CD40LG,0.0
AC104850.2,0.0
CX3CR1,0.0
AC092053.4,0.0
AC092053.2,0.0
AC092053.3,0.0
LDOC1,0.0
Z82195.3,0.0
CSRNP1,0.0
TTC21A,0.0
SCN11A,0.0
LINC00892,0.0
SLC9A6,0.0
SAGE1,0.0
AC005682.2,0.0
STEAP1B,0.0
THORLNC,0.0
DNAH11,0.0
ITGB8,0.0
AC004130.2,0.0
GLI2,0.0
INHBB,0.0
TMEM185B,0.0
EPB41L5,0.0
TMEM37,0.0
STEAP3-AS1,0.0
RAPGEF5,0.0
DMD,0.0
AC112496.1,0.0
GK-IT1,0.0
GK,0.0
CXorf21,0.0
AL139423.2,0.0
AL354956.1,0.0
AL139424.1,0.0
AL139424.2,0.0
CLEC3B,0.0
RBP7,0.0
AL357140.2,0.0
PCYT1B,0.0
GPR34,0.0
LINC02601,0.0
AC092268.2,0.0
AC092198.1,0.0
MID1IP1-AS1,0.0
AF241728.2,0.0
AL139424.3,0.0
AP5Z1,0.0
AC092428.1,0.0
AC072054.1,0.0
SDK1,0.0
REPS2,0.0
GRPR,0.0
AMIGO3,0.0
BSN,0.0
DAG1,0.0
UBE2E1-AS1,0.0
CXorf58,0.0
PHEX,0.0
MBTPS2,0.0
KLHL34,0.0
NEK10,0.0
OXSM,0.0
RARB,0.0
THRB-AS1,0.0
THRB-IT1,0.0
NICN1,0.0
SLC26A6,0.0
COL7A1,0.0
PFKFB4,0.0
AC234772.2,0.0
LINC01204,0.0
KDM6A,0.0
EFHC2,0.0
MAOB,0.0
MAOA,0.0
AC012447.1,0.0
SYN1,0.0
LINC01560,0.0
ZNF157,0.0
INE1,0.0
RGN,0.0
LINC01545,0.0
ZNF674,0.0
AC137630.1,0.0
AC137630.2,0.0
GPR82,0.0
FAM220A,0.0
CYTH3,0.0
DPP10,0.0
LINC01191,0.0
AC104653.1,0.0
AC104653.2,0.0
AC017074.1,0.0
RABL2A,0.0
AL078621.4,0.0
CELSR3,0.0
CAMK2B,0.0
RPGR,0.0
SRPX,0.0
CYBB,0.0
LANCL3,0.0
AL592156.2,0.0
CFAP47,0.0
NCKIPSD,0.0
AC141002.1,0.0
PGM5P4-AS1,0.0
ADCY1,0.0
NACAD,0.0
DHRSX-IT1,0.0
AL683807.2,0.0
AL683807.1,0.0
GPR143,0.0
ANOS1,0.0
AC079142.1,0.0
PNPLA4,0.0
RADIL,0.0
BX842570.1,0.0
ARSE,0.0
ARSD-AS1,0.0
LSMEM2,0.0
SEMA3B,0.0
U73166.1,0.0
U73169.1,0.0
SEMA3F,0.0
GPM6B,0.0
STS,0.0
ACR,0.0
MAPK8IP2,0.0
U62317.3,0.0
SEMA3F-AS1,0.0
RBM5-AS1,0.0
AC105935.1,0.0
MST1R,0.0
CDHR4,0.0
GYG2,0.0
AC087175.1,0.0
LINC00102,0.0
CARD11,0.0
AC004938.2,0.0
DDX56,0.0
AC009404.1,0.0
DPP10-AS1,0.0
DDC,0.0
ABCA13,0.0
SUN3,0.0
XG,0.0
PIGA,0.0
ASB9,0.0
MOSPD2,0.0
AC137630.4,0.0
MAP7D2,0.0
MAP3K15,0.0
ADGRG2,0.0
AL732509.1,0.0
PHKA2-AS1,0.0
TCEANC,0.0
YKT6,0.0
GCK,0.0
LINC00957,0.0
AC004951.1,0.0
SPDYE1,0.0
SLC29A4,0.0
RBAKDN,0.0
RBAK,0.0
PAPOLB,0.0
SCML1,0.0
EGFL6,0.0
AC073529.1,0.0
MID1,0.0
FBXO2,0.0
EXOSC10-AS1,0.0
AL109811.1,0.0
AL109811.2,0.0
MASP2,0.0
RHOA-IT1,0.0
VEGFD,0.0
CCDC36,0.0
LAMB2,0.0
QRICH1,0.0
AC137630.3,0.0
INE2,0.0
CA5B,0.0
CLTRN,0.0
BMX,0.0
PIR,0.0
AC121247.1,0.0
TRO,0.0
FGD1,0.0
WNK3,0.0
Z98884.2,0.0
VAMP3,0.0
CAMTA1-IT1,0.0
CAMTA1-DT,0.0
AL034397.2,0.0
ZC3H12B,0.0
PRKAR2A-AS1,0.0
MTMR8,0.0
ASB12,0.0
SPIN4-AS1,0.0
ZXDA,0.0
ZXDB,0.0
FAM155B,0.0
STARD8,0.0
OPHN1,0.0
AR,0.0
ZC4H2,0.0
Z83745.1,0.0
SPIN2A,0.0
AL022157.1,0.0
AL354793.1,0.0
KLF8,0.0
AL050309.1,0.0
PAGE2B,0.0
AC018647.3,0.0
AC005400.1,0.0
PFKFB1,0.0
RSPH10B,0.0
OCM,0.0
AC006483.2,0.0
AC092171.2,0.0
AMPH,0.0
TRGV5,0.0
TRG-AS1,0.0
TRGV6,0.0
ALAS2,0.0
BBS9,0.0
ELMO1-AS1,0.0
AC007349.1,0.0
AC007349.4,0.0
AOAH,0.0
KIAA0895,0.0
SEPTIN7-AS1,0.0
CXorf65,0.0
SLC7A3,0.0
EDA,0.0
HEPH,0.0
ERCC6L,0.0
RTL5,0.0
LINC00891,0.0
CXCR3,0.0
GCNA,0.0
ITGB1BP2,0.0
CCR9,0.0
LIMD1,0.0
LARS2,0.0
CITED1,0.0
VSIG4,0.0
RERE-AS1,0.0
ERRFI1,0.0
AL034417.3,0.0
AL034417.4,0.0
TNFRSF9,0.0
Z98884.1,0.0
TMEM42,0.0
ZNF501,0.0
GPR141,0.0
ZNF197-AS1,0.0
ZNF197,0.0
AL590764.1,0.0
NLGN3,0.0
ZNRF2,0.0
AC007036.1,0.0
AC007036.3,0.0
AC007036.2,0.0
NME8,0.0
AC124045.1,0.0
TRGV8,0.0
AC006033.2,0.0
TRGV9,0.0
TRGC1,0.0
SFRP4,0.0
URGCP,0.0
AC010132.4,0.0
INHBA-AS1,0.0
INHBA,0.0
FAAH2,0.0
AC072061.1,0.0
LINC00265,0.0
AC004837.4,0.0
SPSB1,0.0
AC134772.1,0.0
PLXNB1,0.0
ZNF589,0.0
CAMP,0.0
AC232271.1,0.0
SUGCT,0.0
AC112512.1,0.0
CSPG5,0.0
AC099778.1,0.0
GPR157,0.0
TBC1D25,0.0
PORCN,0.0
AF196972.1,0.0
SLC38A5,0.0
AC244636.3,0.0
TRGV7,0.0
UXT-AS1,0.0
PCSK1N,0.0
ERAS,0.0
GLOD5,0.0
AL357140.1,0.0
PIK3CD-AS2,0.0
PIK3CD-AS1,0.0
LINC02606,0.0
BX323043.1,0.0
ZNF630,0.0
LINC01284,0.0
CCNB3,0.0
AKAP4,0.0
CLCN5,0.0
USP27X-AS1,0.0
AC232271.2,0.0
RIBC1,0.0
IQSEC2,0.0
KDM5C-IT1,0.0
PPP1R3F,0.0
FAM156A,0.0
KLHL18,0.0
KIF9-AS1,0.0
MYL3,0.0
PRSS45P,0.0
TMIE,0.0
ALS2CL,0.0
LRRC2-AS1,0.0
LRRC2,0.0
TSPYL2,0.0
AC232271.3,0.0
FOXP3,0.0
CACNA1F,0.0
SYP-AS1,0.0
SYP,0.0
PRICKLE3,0.0
MAGIX,0.0
TFE3,0.0
KCND1,0.0
AC233976.1,0.0
SLC35A2,0.0
LTF,0.0
CCRL2,0.0
CCR2,0.0
CXCR6,0.0
FYCO1,0.0
NUDT11,0.0
EZHIP,0.0
AL158055.1,0.0
PIM2,0.0
FPR3,0.0
FPR2,0.0
FPR1,0.0
CEP70,0.0
MRAS,0.0
NME9,0.0
DZIP1L,0.0
ZNF808,0.0
DHFR2,0.0
ZNF528,0.0
ZNF528-AS1,0.0
ZNF880,0.0
ZNF610,0.0
AC010320.3,0.0
AC010320.2,0.0
AC010320.1,0.0
ZNF415,0.0
AC010487.2,0.0
ZNF578,0.0
CCNT2-AS1,0.0
AC110620.2,0.0
AC097532.3,0.0
AC097532.2,0.0
C2orf27A,0.0
VSIG10L,0.0
IGLON5,0.0
SIGLEC7,0.0
SIGLEC9,0.0
ZNF577,0.0
ZNF616,0.0
ZNF841,0.0
AC011468.1,0.0
AC011468.5,0.0
ZNF432,0.0
ZNF615,0.0
ZNF350-AS1,0.0
ZNF649,0.0
ZNF649-AS1,0.0
KLK1,0.0
AC016831.1,0.0
LINC00513,0.0
AC016831.7,0.0
AC234644.2,0.0
AC007938.3,0.0
AC007938.2,0.0
MESTIT1,0.0
AC007938.1,0.0
CEP41,0.0
ZNF320,0.0
TFAP2E,0.0
ZMYM4-AS1,0.0
ZMYM6,0.0
AC245052.7,0.0
LILRB3,0.0
TMC4,0.0
AC245052.4,0.0
OSCAR,0.0
VSTM1,0.0
AL139286.3,0.0
ZNF611,0.0
AC022150.4,0.0
AC022150.2,0.0
AC022150.1,0.0
AC023481.1,0.0
LMCD1-AS1,0.0
AC069277.1,0.0
AC046134.2,0.0
AC024933.1,0.0
PRRT4,0.0
EPHB1,0.0
AMOTL2,0.0
AC080128.2,0.0
ZNF845,0.0
ZNF677,0.0
ZNF665,0.0
FAM71F2,0.0
AC018638.7,0.0
AC090114.2,0.0
AC092969.1,0.0
BPGM,0.0
AC009275.1,0.0
LRGUK,0.0
SLC6A16,0.0
TRPM4,0.0
HRC,0.0
C19orf73,0.0
KCNA7,0.0
GYS1,0.0
ACMSD,0.0
AC026191.1,0.0
SSUH2,0.0
LMCD1,0.0
TBC1D17,0.0
PTOV1-AS2,0.0
PTOV1-AS1,0.0
AC006942.1,0.0
FUZ,0.0
ADM5,0.0
LHFPL4,0.0
AC026304.1,0.0
PAQR9-AS1,0.0
AC011495.2,0.0
PRRG2,0.0
RCN3,0.0
CCDC155,0.0
AC010643.1,0.0
TEAD2,0.0
AC011450.1,0.0
CALD1,0.0
TUBA3D,0.0
AC008264.2,0.0
MKLN1-AS,0.0
AC058791.1,0.0
AC083862.3,0.0
AC083862.2,0.0
TMEM140,0.0
AGBL3,0.0
AC083870.1,0.0
CCDC74A,0.0
STK40,0.0
AL591845.1,0.0
COL8A2,0.0
TEKT2,0.0
AL139286.2,0.0
HAS1,0.0
SPACA6,0.0
SIGLEC14,0.0
SIGLEC5,0.0
SPIB,0.0
AC008750.2,0.0
AC008750.7,0.0
C19orf84,0.0
CLDND2,0.0
CPA2,0.0
AC087071.1,0.0
AC073320.1,0.0
AL589693.1,0.0
CLDN20,0.0
SIGLEC8,0.0
NAPSA,0.0
KCNC3,0.0
AC010624.5,0.0
AC010624.2,0.0
AC010624.1,0.0
ZNF473,0.0
IL4I1,0.0
PXYLP1,0.0
SPSB4,0.0
OSCP1,0.0
CLSTN2,0.0
AC022382.2,0.0
AC010325.2,0.0
AC010325.1,0.0
SHANK1,0.0
SYT3,0.0
LRRC4B,0.0
AC020909.3,0.0
FAM71E1,0.0
AC121333.1,0.0
CADPS2,0.0
TBC1D8,0.0
SMIM17,0.0
AC005498.3,0.0
AC005498.2,0.0
ZNF582-AS1,0.0
ZNF671,0.0
ZNF211,0.0
AC003682.1,0.0
CACNG8,0.0
ZNF416,0.0
ZNF549,0.0
ZNF419,0.0
AC003005.2,0.0
ZNF772,0.0
VN1R1,0.0
AC004076.2,0.0
ZNF749,0.0
ZNF17,0.0
ZIK1,0.0
AC010525.1,0.0
AC008735.1,0.0
TF,0.0
AC022296.4,0.0
BFSP2,0.0
ZNF547,0.0
AC005261.2,0.0
ZNF543,0.0
ZNF460,0.0
IQUB,0.0
PEG3,0.0
ZIM2,0.0
AC006115.2,0.0
ZNF835,0.0
LINC01393,0.0
AC073348.2,0.0
LRRC4,0.0
FSCN3,0.0
GCC1,0.0
AURKC,0.0
TRH,0.0
AC012313.7,0.0
ZNF446,0.0
ZNF324,0.0
AC012313.8,0.0
ZNF132,0.0
AC012313.5,0.0
AC012313.1,0.0
ZNF837,0.0
TMCC1-AS1,0.0
LAMB1,0.0
AC002467.1,0.0
SLC26A4,0.0
SLC26A4-AS1,0.0
AC004839.2,0.0
LYG2,0.0
TSPAN12,0.0
ANKRD7,0.0
CFTR,0.0
AC005046.1,0.0
EFCAB12,0.0
H1FX-AS1,0.0
AC137695.3,0.0
LCK,0.0
FAM167B,0.0
ZNF606,0.0
C19orf18,0.0
ZNF418,0.0
ZNF552,0.0
ALG1L2,0.0
ZNF135,0.0
ZSCAN1,0.0
FNDC5,0.0
ZBTB8B,0.0
FAM229A,0.0
TSSK3,0.0
COL6A5,0.0
AC130888.1,0.0
LINC02021,0.0
AC020915.2,0.0
TTYH1,0.0
LILRB2,0.0
IL11,0.0
COX6B2,0.0
KMT5C,0.0
AC020922.4,0.0
TMEM150B,0.0
BRSK1,0.0
AC010327.5,0.0
NLRP11,0.0
PTPRH,0.0
TNNI3,0.0
AC010327.8,0.0
PPP1R12C,0.0
EPS8L1,0.0
AL513327.1,0.0
AL513327.3,0.0
AL662907.3,0.0
AZIN2,0.0
AC010327.7,0.0
AC008440.2,0.0
NLRP12,0.0
AC016252.1,0.0
IL20RB,0.0
AC096992.2,0.0
AC117382.2,0.0
AC072039.2,0.0
GP6,0.0
AC011476.3,0.0
AC245884.10,0.0
KIR3DL2,0.0
KIR2DL4,0.0
LILRB1,0.0
LILRA1,0.0
LILRA2,0.0
LAIR2,0.0
CDC42EP5,0.0
LENG9,0.0
AC245884.8,0.0
NCR1,0.0
ACKR4,0.0
ACPP,0.0
AC107027.1,0.0
AC107027.3,0.0
AC010210.1,0.0
NEK11,0.0
AC008735.2,0.0
DLGAP3,0.0
GJA4,0.0
AL020995.1,0.0
AL513327.2,0.0
AC006116.11,0.0
AC006116.10,0.0
ZNF582,0.0
AC006116.9,0.0
AC006116.6,0.0
AC006116.5,0.0
EDDM13,0.0
LINC01864,0.0
SMIM12,0.0
TMEM54,0.0
ZNF784,0.0
AC008735.4,0.0
LONRF2,0.0
AC092667.1,0.0
AC018690.1,0.0
LYG1,0.0
AC078846.1,0.0
STRIP2,0.0
NPHP3-AS1,0.0
ATP6V1FNB,0.0
KCP,0.0
FLNC,0.0
CCDC136,0.0
AC018638.6,0.0
ZNF865,0.0
SSC5D,0.0
SHISA7,0.0
TMEM108,0.0
SMO,0.0
ITPR1-DT,0.0
BMP8B,0.0
CCDC97,0.0
AXL,0.0
CYP2S1,0.0
CYP2F1,0.0
AC011462.3,0.0
AC011462.4,0.0
B9D2,0.0
SLC9A9,0.0
MYCL,0.0
AL033527.4,0.0
AL033527.3,0.0
OXCT2,0.0
AC104472.1,0.0
PLCH1,0.0
MME,0.0
GSK3A,0.0
ZNF526,0.0
COL9A2,0.0
EGLN2,0.0
AC008537.4,0.0
MIA,0.0
C19orf54,0.0
ITPKC,0.0
SPTBN4,0.0
SERTAD3,0.0
AC010271.2,0.0
PRX,0.0
EGOT,0.0
C19orf47,0.0
AC118344.1,0.0
MAP3K10,0.0
ARHGEF26-AS1,0.0
AC026202.3,0.0
AC026202.2,0.0
BHLHE40,0.0
BHLHE40-AS1,0.0
AC018816.1,0.0
PLD3,0.0
LIPE-AS1,0.0
CNFN,0.0
MEGF8,0.0
TMEM145,0.0
PRR19,0.0
P2RY13,0.0
GPR87,0.0
AC078816.1,0.0
P2RY14,0.0
AC010247.2,0.0
SIAH2-AS1,0.0
POU3F1,0.0
AC006213.1,0.0
C2orf92,0.0
AC073869.3,0.0
ARHGEF4,0.0
TIAM2,0.0
AL357075.4,0.0
IPCEF1,0.0
GPR171,0.0
AC010247.1,0.0
POU2F2,0.0
GRIK5,0.0
ATP1A3,0.0
CD79A,0.0
CEACAM6,0.0
CEACAM4,0.0
CEACAM21,0.0
LINC01480,0.0
CXCL17,0.0
LYPD5,0.0
SMG9,0.0
CADM4,0.0
SRRM5,0.0
PINLYP,0.0
ZNF575,0.0
PHLDB3,0.0
LYPD3,0.0
CEACAM1,0.0
ERICH4,0.0
OR2A1,0.0
OR2A1-AS1,0.0
AC004889.1,0.0
ARHGEF35,0.0
CTAGE6,0.0
TCAF2,0.0
ZNF540,0.0
ZNF571-AS1,0.0
AC022148.1,0.0
LEKR1,0.0
ZNF793-AS1,0.0
KCNQ4,0.0
RIMS3,0.0
ZFP69,0.0
AL031985.3,0.0
LGALS4,0.0
CAPN12,0.0
RYR1,0.0
SPRED3,0.0
AC022148.2,0.0
ZNF829,0.0
ZNF345,0.0
AC080013.5,0.0
AC080013.3,0.0
AC011479.4,0.0
DPF1,0.0
AC011479.2,0.0
AC011479.3,0.0
AC008395.1,0.0
ARHGEF5,0.0
AC093227.1,0.0
ZNF607,0.0
ZNF781,0.0
TRBC1,0.0
PRSS2,0.0
TRBV28,0.0
TRBVB,0.0
AC073140.2,0.0
CNTNAP2,0.0
AC093227.3,0.0
AC005393.1,0.0
LGALS14,0.0
TMEM178B,0.0
NDUFB2-AS1,0.0
RAB19,0.0
SLC37A3,0.0
KDM7A-DT,0.0
KDM7A,0.0
CNNM4,0.0
CATSPERG,0.0
AC093673.1,0.0
FAM131B,0.0
TMEM139,0.0
AC073342.1,0.0
KEL,0.0
AC011445.2,0.0
AC011443.1,0.0
LINC00881,0.0
LINC02029,0.0
ARID5A,0.0
KCNK6,0.0
C19orf33,0.0
LINC00886,0.0
TIPARP-AS1,0.0
KCNAB1,0.0
AC104472.5,0.0
AC104472.4,0.0
FBXO27,0.0
AC011455.6,0.0
DYRK1B,0.0
CCER2,0.0
FOXO6,0.0
AC093151.3,0.0
SLFNL1,0.0
SLFNL1-AS1,0.0
CITED4,0.0
AC005614.1,0.0
ZNF780A,0.0
ZNF780B,0.0
FBXO17,0.0
AC008532.1,0.0
AC008622.2,0.0
FKRP,0.0
DACT3,0.0
GNG8,0.0
AC010331.1,0.0
ZNF541,0.0
AC073548.2,0.0
MEIS3,0.0
TRBV7-3,0.0
PLXNA4,0.0
PODXL,0.0
AL355297.4,0.0
AL355297.3,0.0
AL512658.1,0.0
RGS17,0.0
VIP,0.0
ESR1,0.0
ZC3HAV1L,0.0
C5AR2,0.0
PARP12,0.0
KLRG2,0.0
AC083880.1,0.0
C2orf15,0.0
TSGA10,0.0
KIAA1211L,0.0
LINC02611,0.0
INPP4A,0.0
ZAP70,0.0
CCDC9,0.0
CCDC61,0.0
IRF2BP1,0.0
FOXA3,0.0
AC092301.1,0.0
DMWD,0.0
CP,0.0
CPB1,0.0
AGTR1,0.0
INAFM1,0.0
AC007785.3,0.0
CA11,0.0
SPHK2,0.0
AC022154.1,0.0
FAM83E,0.0
SULT2B1,0.0
LMTK3,0.0
CYTH2,0.0
KCNJ14,0.0
TULP2,0.0
AKR1D1,0.0
HSD17B14,0.0
FUT1,0.0
IZUMO1,0.0
RASIP1,0.0
MAMSTR,0.0
FUT2,0.0
NTN5,0.0
LNCSRLR,0.0
AC107021.2,0.0
PLEKHA4,0.0
C5AR1,0.0
AC011317.1,0.0
ERICH6-AS1,0.0
PFN2,0.0
WWTR1,0.0
TM4SF1-AS1,0.0
GRIN2D,0.0
SYNGR4,0.0
CCDC114,0.0
RASA2-IT1,0.0
ZNF114-AS1,0.0
AC011466.1,0.0
PLA2G4C,0.0
AL929472.2,0.0
DNALI1,0.0
PCOLCE2,0.0
PLS1,0.0
AC109992.2,0.0
ATP1B3-AS1,0.0
ZNF114,0.0
AC023480.1,0.0
LRRN1,0.0
AC034195.1,0.0
AC026347.1,0.0
MBNL1-AS1,0.0
AC108718.1,0.0
SUCNR1,0.0
AC011481.2,0.0
BCAM,0.0
AC009542.1,0.0
CEACAM19,0.0
PVR,0.0
AC243964.3,0.0
ZNF285,0.0
ZNF112,0.0
ZNF233,0.0
ZNF235,0.0
ZNF226,0.0
AC138470.2,0.0
BCL3,0.0
MGAM,0.0
TAS2R5,0.0
TAS2R4,0.0
WEE2,0.0
WEE2-AS1,0.0
AC004918.4,0.0
AC004918.1,0.0
AGK,0.0
AC006213.5,0.0
AC023483.1,0.0
ZNF221,0.0
AC006213.3,0.0
AC006213.7,0.0
AC006213.2,0.0
HEYL,0.0
PABPC4-AS1,0.0
BMP8A,0.0
AL442071.2,0.0
GJA9,0.0
AC006213.4,0.0
PPM1N,0.0
RTN2,0.0
FOSB,0.0
PPP1R13L,0.0
PTGIR,0.0
AC093503.1,0.0
AC011484.1,0.0
PNMA8B,0.0
PPP5D1,0.0
AC021092.1,0.0
PNMA8C,0.0
CCDC8,0.0
AC007193.1,0.0
HIF3A,0.0
CHRM2,0.0
AC078845.1,0.0
AC015987.1,0.0
AC091736.1,0.0
SLC13A4,0.0
PNMA8A,0.0
ZNF284,0.0
KLC3,0.0
CKM,0.0
EXOC3L2,0.0
BLOC1S3,0.0
NKPD1,0.0
GEMIN7-AS1,0.0
AC011481.1,0.0
APOC2,0.0
EML2,0.0
APOC1,0.0
APOE,0.0
DMPK,0.0
AC074212.1,0.0
SIX5,0.0
BHMG1,0.0
QPCTL,0.0
GIPR,0.0
EML2-AS1,0.0
APOC4,0.0
GPATCH3,0.0
AL512408.1,0.0
AL513365.2,0.0
UBXN11,0.0
NECTIN3,0.0
MORC1,0.0
TRAT1,0.0
DZIP3,0.0
ST7-OT4,0.0
AL109840.2,0.0
AL121917.2,0.0
AL121917.1,0.0
AL132655.1,0.0
GNAS-AS1,0.0
AL132655.2,0.0
NPEPL1,0.0
APCDD1L-DT,0.0
NKILA,0.0
LINC01215,0.0
AC022001.3,0.0
ECRG4,0.0
AC010978.1,0.0
AC108058.1,0.0
ACHE,0.0
UFSP1,0.0
SLC12A9-AS1,0.0
EPHB4,0.0
ZAN,0.0
FAM209A,0.0
TFR2,0.0
PCOLCE,0.0
AC083855.2,0.0
AC108693.2,0.0
SIDT1,0.0
AC078785.1,0.0
AL109955.1,0.0
BMP7,0.0
FAM209B,0.0
EPO,0.0
AL121832.2,0.0
LAMA5,0.0
AL135910.1,0.0
AL009176.1,0.0
THBS2,0.0
BX322234.1,0.0
AFDN-DT,0.0
C7orf61,0.0
ZCWPW1,0.0
PMEPA1,0.0
SPDYE3,0.0
CASTOR3,0.0
SULT1C4,0.0
SULT1C2,0.0
ST6GAL2,0.0
CD8B2,0.0
RGPD3,0.0
AL137077.2,0.0
AL162457.1,0.0
PILRA,0.0
CDH4,0.0
MIR646HG,0.0
SYCP2,0.0
PHACTR3,0.0
ZNF831,0.0
TUBB1,0.0
CD200,0.0
AC112487.1,0.0
SLC9C1,0.0
AL121832.3,0.0
GCSAM,0.0
C3orf52,0.0
PLCXD2,0.0
NTSR1,0.0
SLCO4A1-AS1,0.0
AL357033.1,0.0
BX640514.2,0.0
MIR1-1HG,0.0
MIR1-1HG-AS1,0.0
TBILA,0.0
AGPAT4,0.0
AL139393.3,0.0
AIRN,0.0
IGF2R,0.0
PNLDC1,0.0
SOD2-OT1,0.0
FNDC1,0.0
AL356417.1,0.0
CLDN15,0.0
SYN2,0.0
MATN4,0.0
SLPI,0.0
KCNS1,0.0
STK4-AS1,0.0
SLC12A5,0.0
SLC12A5-AS1,0.0
MMP9,0.0
ZNF335,0.0
ZSWIM1,0.0
SDC4,0.0
AL118522.1,0.0
KCNK15,0.0
CCN5,0.0
KCNK15-AS1,0.0
LINC01260,0.0
AL020997.5,0.0
LINC02574,0.0
BX293535.1,0.0
GPR3,0.0
AC092849.3,0.0
TMEM40,0.0
TNNC2,0.0
WFDC3,0.0
WFDC2,0.0
AL031663.3,0.0
AL021578.1,0.0
FBXO24,0.0
SAP25,0.0
NYAP1,0.0
MAP3K6,0.0
AL133227.1,0.0
AC074044.1,0.0
CD200R1,0.0
CCDC80,0.0
LINC01270,0.0
CEBPB-AS1,0.0
LINC01273,0.0
LINC01275,0.0
SNAI1,0.0
ZSWIM3,0.0
KCNB1,0.0
CSE1L-AS1,0.0
DOK5,0.0
AL157838.1,0.0
SALL4,0.0
MOCS3,0.0
ADNP-AS1,0.0
RIPOR3,0.0
AL133230.1,0.0
SPATA2,0.0
SNX21,0.0
AC128687.3,0.0
CCDC191,0.0
ZDHHC23,0.0
AC128687.2,0.0
GRAMD1C,0.0
HDAC11,0.0
AC034198.2,0.0
AL133342.1,0.0
ELMO2,0.0
SULF2,0.0
AL031666.1,0.0
AL031666.3,0.0
AL031666.2,0.0
SLC2A10,0.0
AL031055.1,0.0
AL133520.1,0.0
SLC13A3,0.0
ZNF334,0.0
AL035106.1,0.0
ADAMTS1,0.0
CYYR1-AS1,0.0
AP001596.1,0.0
AP001442.1,0.0
AP000224.1,0.0
LNP1,0.0
AC129803.1,0.0
FILIP1L,0.0
HUNK,0.0
AL160412.1,0.0
AP000253.1,0.0
AP000251.1,0.0
AP000238.1,0.0
GRIK1,0.0
BACH1-IT3,0.0
BACH1-IT2,0.0
BACH1-AS1,0.0
AP000240.1,0.0
BACH1-IT1,0.0
AP000255.1,0.0
ASNS,0.0
DLX6-AS1,0.0
DYNC1I1,0.0
PDK4,0.0
TCP10L2,0.0
CCR6,0.0
Z94721.1,0.0
RAMACL,0.0
RPS6KA2,0.0
AF165147.1,0.0
AL022069.3,0.0
ZSCAN21,0.0
LINC01684,0.0
LINC02573,0.0
CHODL,0.0
BTG3-AS1,0.0
CXADR,0.0
AF129075.2,0.0
N6AMT1,0.0
AL022069.1,0.0
LMTK2,0.0
LINC02793,0.0
NCMAP-DT,0.0
RCAN3AS,0.0
LINC00159,0.0
KCNE1,0.0
SMIM11A,0.0
AP000320.1,0.0
AP000317.1,0.0
MAP3K7CL,0.0
AP000569.1,0.0
LINC00649,0.0
IL10RB-DT,0.0
OLIG1,0.0
C21orf62,0.0
PAXBP1-AS1,0.0
CRYBG3,0.0
ARL6,0.0
MTRNR2L12,0.0
LINC00310,0.0
AF129075.3,0.0
AF129075.1,0.0
TCP10L,0.0
EVA1C,0.0
MIS18A-AS1,0.0
AP000265.1,0.0
RHCE,0.0
RHD,0.0
AL031432.3,0.0
BAIAP2L1,0.0
AL031432.4,0.0
AC000120.1,0.0
LRRD1,0.0
AC003086.1,0.0
AC004834.1,0.0
SMURF1,0.0
AC004893.3,0.0
TMEM130,0.0
NPTX2,0.0
AL031432.5,0.0
AC004522.5,0.0
GJC3,0.0
TMEM225B,0.0
AC012360.1,0.0
AC012360.2,0.0
GPC2,0.0
GAL3ST4,0.0
MAP11,0.0
MBLAC1,0.0
AC079781.5,0.0
PTK6,0.0
LINC01990,0.0
LINC00882,0.0
AC020651.1,0.0
SIK1B,0.0
FP236315.1,0.0
CU633967.1,0.0
FP565260.6,0.0
FP565260.3,0.0
AC073842.2,0.0
IMPG2,0.0
ABI3BP,0.0
TMEM45A,0.0
EEF1A2,0.0
KCNQ2,0.0
ARFGAP1,0.0
AL096828.3,0.0
HAR1A,0.0
HAR1B,0.0
FNDC11,0.0
TCFL5,0.0
COL9A3,0.0
LINC00659,0.0
AL121845.1,0.0
LIME1,0.0
AL121845.4,0.0
TNFRSF6B,0.0
MHENCR,0.0
HELZ2,0.0
AL117379.1,0.0
USP25,0.0
AF127577.1,0.0
LINC02246,0.0
AF127936.2,0.0
SAMSN1-AS1,0.0
RBM11,0.0
CR381653.1,0.0
LINC01666,0.0
FP236383.3,0.0
LINC00266-1,0.0
CNKSR1,0.0
AL391650.1,0.0
PAFAH2,0.0
CCDC174,0.0
AC090952.2,0.0
GRIP2,0.0
AC093495.1,0.0
AP000223.1,0.0
LINC00158,0.0
SMIM11B,0.0
MYT1,0.0
AL121581.2,0.0
OPRL1,0.0
C20orf204,0.0
UCKL1-AS1,0.0
UCKL1,0.0
ABHD16B,0.0
PAQR7,0.0
AUNIP,0.0
CU633906.5,0.0
AL606491.1,0.0
FP236241.1,0.0
CU634019.5,0.0
CU638689.5,0.0
CU638689.4,0.0
U2AF1L5,0.0
CBSL,0.0
CU633906.2,0.0
CU633906.1,0.0
AL020996.1,0.0
LINC01752,0.0
JAG1,0.0
SNAP25,0.0
LAMP5,0.0
ADGRB2,0.0
COL16A1,0.0
TINAGL1,0.0
LINC01226,0.0
FABP3,0.0
AL008725.1,0.0
GHRL,0.0
LINC00852,0.0
IRAK2,0.0
BFSP1,0.0
AL049794.1,0.0
KIF16B,0.0
FLRT3,0.0
MACROD2,0.0
NDUFAF5,0.0
GHRLOS,0.0
DNAJB9,0.0
NRCAM,0.0
LAMB4,0.0
LINC01565,0.0
AC080005.1,0.0
AL449214.1,0.0
KBTBD12,0.0
ABTB1,0.0
AL137857.1,0.0
AL109837.3,0.0
MATN1,0.0
AL021396.1,0.0
BMP2,0.0
FERMT1,0.0
AL118505.1,0.0
CHGB,0.0
AL109935.1,0.0
LINC00654,0.0
AL121890.5,0.0
MATN1-AS1,0.0
PANTR1,0.0
LINC01796,0.0
IL18R1,0.0
IL1RL1,0.0
ROPN1B,0.0
ALG1L,0.0
HRH1,0.0
SLC6A11,0.0
ATP2B2,0.0
AL121782.1,0.0
AL121772.1,0.0
AL035252.3,0.0
AL035661.2,0.0
SYNDIG1,0.0
NAPB,0.0
LINC01431,0.0
AL390037.1,0.0
THBD,0.0
LINC01747,0.0
PYGB,0.0
SPTLC3,0.0
AL035448.1,0.0
AL121830.1,0.0
AL049647.1,0.0
SLC24A3,0.0
AL136090.2,0.0
LINC00652,0.0
DZANK1,0.0
ZNF133,0.0
AC068057.1,0.0
AC079848.1,0.0
AC005050.1,0.0
AC007032.1,0.0
CDHR3,0.0
ATXN7L1,0.0
AC073073.2,0.0
GPR22,0.0
LINC01918,0.0
LINC01114,0.0
ZXDC,0.0
AC012313.9,0.0
CPNE9,0.0
GP9,0.0
EFCC1,0.0
KIAA1257,0.0
ACAD9,0.0
AC112484.5,0.0
AC112484.3,0.0
SDCBP2,0.0
AC073326.1,0.0
TMEM74B,0.0
AL110114.1,0.0
DCDC2B,0.0
AL049795.1,0.0
ZNF343,0.0
AL121899.1,0.0
STK35,0.0
AL109809.5,0.0
SIRPG,0.0
SNPH,0.0
ST7,0.0
MET,0.0
CAV1,0.0
CAV2,0.0
AC012313.6,0.0
ZNF497,0.0
A1BG-AS1,0.0
ZSCAN22,0.0
AC020915.1,0.0
ZBTB45,0.0
AL445248.1,0.0
AL136115.1,0.0
AL136115.2,0.0
AL354919.1,0.0
SLC52A3,0.0
NRSN2-AS1,0.0
AC016629.2,0.0
MZF1,0.0
MZF1-AS1,0.0
AL049795.2,0.0
PCED1A,0.0
EBF4,0.0
AL121890.2,0.0
AL121890.3,0.0
AL133396.2,0.0
ADRA1D,0.0
LINC01433,0.0
SMOX,0.0
AL031670.1,0.0
SIRPD,0.0
IL1R1,0.0
RFX8,0.0
AL356417.3,0.0
RSPH3,0.0
C6orf99,0.0
LSMEM1,0.0
IFRD1,0.0
DOCK4,0.0
LRRN3,0.0
AL353194.1,0.0
SIRPB2,0.0
AL136531.1,0.0
SDCBP2-AS1,0.0
AC108673.3,0.0
AC108673.2,0.0
PRRT3-AS1,0.0
AC018809.1,0.0
IL17RE,0.0
AC022382.1,0.0
OXT,0.0
PLXNA1,0.0
SPEF1,0.0
HSPA12B,0.0
ATRN,0.0
AL109976.1,0.0
SLC4A11,0.0
LZTS3,0.0
FASTKD5,0.0
UBOX5-AS1,0.0
AC023593.1,0.0
AL035420.3,0.0
CNBD2,0.0
SPAG4,0.0
MMP24,0.0
FBXO40,0.0
POLQ,0.0
AC079841.2,0.0
STXBP5L,0.0
AC072026.2,0.0
AL133325.3,0.0
TGM2,0.0
RPRD1B,0.0
VSTM2L,0.0
AL109614.1,0.0
NNAT,0.0
SRC,0.0
MROH8,0.0
AL136172.1,0.0
TLDC2,0.0
FSTL1,0.0
MYH7B,0.0
AL353622.1,0.0
PTAFR,0.0
AC005096.1,0.0
Z97205.2,0.0
AL078602.1,0.0
PACRG,0.0
PRKN,0.0
EFCAB10,0.0
EPB41L1,0.0
AC005070.3,0.0
KMT2E-AS1,0.0
LINC01004,0.0
AC007384.1,0.0
NFE4,0.0
LRRC17,0.0
THEMIS2,0.0
AL020997.3,0.0
AL020997.2,0.0
AC004884.2,0.0
SPDYE6,0.0
SH2B2,0.0
AC005072.1,0.0
PPP1R16B,0.0
ACTR5,0.0
AL391095.3,0.0
AL391095.1,0.0
TENT5B,0.0
FITM2,0.0
DSN1,0.0
SGK2,0.0
L3MBTL1,0.0
AL031667.3,0.0
PLCG1-AS1,0.0
POPDC2,0.0
AC073352.2,0.0
CD80,0.0
AC073352.1,0.0
ARHGAP31-AS1,0.0
Z98752.4,0.0
NDRG3,0.0
MYL9,0.0
DLGAP4-AS1,0.0
AC026341.1,0.0
ZBTB20-AS4,0.0
ZBTB20-AS3,0.0
ZBTB20-AS2,0.0
ZBTB20-AS1,0.0
TIGIT,0.0
RASA4B,0.0
AL023803.1,0.0
AL023803.2,0.0
NAT16,0.0
VGF,0.0
SERPINE1,0.0
AC105446.1,0.0
MUC12,0.0
SPDYE2,0.0
UPK3BL2,0.0
AL023803.3,0.0
XKR7,0.0
FBXL13,0.0
AC105052.5,0.0
POLR2J2,0.0
AC105052.4,0.0
RASA4,0.0
SYTL3,0.0
AL360169.2,0.0
TULP4,0.0
PROCR,0.0
AL117344.2,0.0
AC004492.1,0.0
TTLL9,0.0
DUSP15,0.0
MYLK2,0.0
ABALON,0.0
AL117381.1,0.0
AL034550.2,0.0
AL034550.3,0.0
AL139330.1,0.0
INSM1,0.0
RIN2,0.0
AL110115.2,0.0
HM13-IT1,0.0
AL110115.1,0.0
REM1,0.0
LINC01597,0.0
FAM182A,0.0
AL390198.1,0.0
AL031658.2,0.0
ZNF337-AS1,0.0
NINL,0.0
AL121772.3,0.0
AC092902.4,0.0
OSBPL11,0.0
SLC12A8,0.0
ITGB5,0.0
KALRN,0.0
MYLK,0.0
AL031673.1,0.0
AL121906.2,0.0
SNTA1,0.0
BPIFB4,0.0
BPIFB2,0.0
AL035071.1,0.0
C20orf203,0.0
ACSS2,0.0
GGT7,0.0
TP53INP2,0.0
AL034550.1,0.0
AL356299.2,0.0
AL035458.2,0.0
AC112503.1,0.0
AC112503.2,0.0
LINC02035,0.0
SLC49A4,0.0
AC092910.3,0.0
NR1I2,0.0
MAATS1,0.0
AL109923.1,0.0
AL121583.1,0.0
AL049539.1,0.0
CCM2L,0.0
TMEM200B,0.0
AL360012.1,0.0
LINC01715,0.0
RAB42,0.0
AC022007.1,0.0
AC018809.2,0.0
C20orf144,0.0
LINC02614,0.0
CSTA,0.0
CD86,0.0
ILDR1,0.0
ASIP,0.0
AL031668.2,0.0
RALY-AS1,0.0
ZNF341,0.0
ACTL10,0.0
AC092903.2,0.0
MAMDC4,0.0
PNPLA7,0.0
NOXA1,0.0
STPG3-AS1,0.0
FAM166A,0.0
CYSRT1,0.0
RNF208,0.0
AL355385.1,0.0
AC024896.1,0.0
AC009053.2,0.0
ASDURF,0.0
COL5A2,0.0
GULP1,0.0
AC024940.6,0.0
AC010198.2,0.0
AC010198.1,0.0
CAPRIN2,0.0
AC012673.1,0.0
TMTC1,0.0
EFCAB9,0.0
SSPN,0.0
BHLHE41,0.0
RASSF8,0.0
RASSF8-AS1,0.0
AC087239.1,0.0
AC092794.1,0.0
CASC1,0.0
AC022079.2,0.0
AC022364.1,0.0
TRAF2,0.0
MANSC4,0.0
AC009509.4,0.0
REP15,0.0
SMCO2,0.0
ARNTL2-AS1,0.0
C12orf71,0.0
LCN12,0.0
C8G,0.0
AL807752.5,0.0
AC009511.2,0.0
C5orf58,0.0
INSYN2B,0.0
FBLL1,0.0
WWC1,0.0
AC026689.1,0.0
GABRA1,0.0
GABRB2,0.0
TGFB2,0.0
SPATA17,0.0
AC009318.2,0.0
AC046130.2,0.0
AC046130.1,0.0
PKP2,0.0
LRRK2,0.0
AC079630.1,0.0
LINC02406,0.0
MARC1,0.0
MARC2,0.0
C1orf115,0.0
CPNE8-AS1,0.0
AC009318.3,0.0
AC009318.4,0.0
AC012150.2,0.0
AC012150.1,0.0
AC022079.1,0.0
AC087588.3,0.0
AC084824.4,0.0
AC084824.3,0.0
AC084824.5,0.0
LINC01366,0.0
AC048344.4,0.0
AC016957.2,0.0
LINC02422,0.0
H3F3C,0.0
AC023157.3,0.0
DENND5B-AS1,0.0
AC068792.1,0.0
DENND5B,0.0
AC024940.1,0.0
AC026356.1,0.0
AC008115.4,0.0
CREBL2,0.0
AC007619.1,0.0
DUSP16,0.0
LOH12CR2,0.0
MANSC1,0.0
STC2,0.0
AC008378.1,0.0
AC008429.1,0.0
AC022509.4,0.0
AL513314.2,0.0
AL356108.1,0.0
ERP27,0.0
MGP,0.0
ART4,0.0
AC007655.2,0.0
C12orf60,0.0
EPS8,0.0
RERG,0.0
SH3PXD2B,0.0
TAS2R43,0.0
TAS2R46,0.0
TAS2R31,0.0
TAS2R19,0.0
TAS2R20,0.0
TAS2R50,0.0
TAS2R14,0.0
PRH2,0.0
TAS2R13,0.0
GPR19,0.0
TAS2R10,0.0
HIST4H4,0.0
AC010168.2,0.0
EMP1,0.0
GSG1,0.0
FAM234B,0.0
AC023790.2,0.0
GPRC5D-AS1,0.0
AC008115.3,0.0
PRR4,0.0
AC139493.2,0.0
HRH2,0.0
MSX2,0.0
LINC01411,0.0
AC023510.2,0.0
AC053513.2,0.0
ST8SIA1,0.0
KCNJ8,0.0
GYS2,0.0
PDE6H,0.0
PDE3A,0.0
AC007529.1,0.0
AC007529.2,0.0
LMO3,0.0
AC007528.1,0.0
CALCRL,0.0
AC007319.1,0.0
FAM171B,0.0
AC017071.1,0.0
SLCO1B3,0.0
AC138393.3,0.0
TLR5,0.0
DISP1,0.0
AL392172.1,0.0
AL592148.3,0.0
KLC4,0.0
CUL7,0.0
AL136304.1,0.0
GNMT,0.0
SIMC1,0.0
AKR1C2,0.0
AKR1C1,0.0
AKR1E2,0.0
PITRM1-AS1,0.0
AL731533.2,0.0
LINC02645,0.0
AL355597.1,0.0
ADARB2,0.0
TAF1A-AS1,0.0
AL035587.1,0.0
AC008121.2,0.0
AC008147.2,0.0
POU6F1,0.0
PTPN14,0.0
ANGEL2,0.0
SPATA45,0.0
SAP30L-AS1,0.0
FCN1,0.0
AL645768.1,0.0
MARK1,0.0
RXRA,0.0
LINC02247,0.0
BX649601.1,0.0
CRIP3,0.0
AL133375.1,0.0
CCDC183-AS1,0.0
CCDC183,0.0
LCN6,0.0
LCN10,0.0
COL5A1,0.0
AC009413.2,0.0
AC007317.2,0.0
SLC8A1,0.0
TMEM178A,0.0
AC007684.2,0.0
AC019171.1,0.0
ARHGEF33,0.0
AJM1,0.0
POLH-AS1,0.0
SLC11A2,0.0
AC125611.3,0.0
AC010173.1,0.0
AC011603.2,0.0
AC011337.1,0.0
FAT2,0.0
SLC36A1,0.0
CCDC69,0.0
AC092803.1,0.0
CSRNP2,0.0
AC125611.4,0.0
ITGB7,0.0
ZNF740,0.0
TNS2,0.0
AC068888.1,0.0
KRT78,0.0
KRT4,0.0
KRT77,0.0
KRT2,0.0
KRT73,0.0
AL590226.2,0.0
SYNPO,0.0
NDST1,0.0
PDGFRB,0.0
CSF1R,0.0
TIGD6,0.0
SLC30A1,0.0
AL590101.1,0.0
AC023794.6,0.0
HOXC4,0.0
MYOZ3,0.0
LINC01933,0.0
AC091982.3,0.0
AC011374.2,0.0
CLMAT3,0.0
KRT81,0.0
KRT86,0.0
KRT7,0.0
SMIM41,0.0
GRASP,0.0
RARG,0.0
FIGNL2,0.0
AC068987.2,0.0
AC068987.1,0.0
SCN8A,0.0
SLC4A8,0.0
CELA1,0.0
AC139768.1,0.0
PCBP2-OT1,0.0
AMHR2,0.0
AC068987.3,0.0
AC004466.2,0.0
AC004466.3,0.0
AC004466.1,0.0
RAPGEF3,0.0
AC004241.1,0.0
PCED1B-AS1,0.0
PCED1B,0.0
AMIGO2,0.0
AC008014.1,0.0
C9orf163,0.0
AL355802.3,0.0
DLK2,0.0
ZNF318,0.0
AL035587.2,0.0
AL035587.3,0.0
PRPH2,0.0
TRERF1,0.0
NDOR1,0.0
LRRC26,0.0
AC025031.3,0.0
ZC3H11B,0.0
AC096642.1,0.0
AL360093.1,0.0
AC097500.1,0.0
FSIP2,0.0
FGF18,0.0
KCNMB1,0.0
MFSD6,0.0
AC013468.1,0.0
MUC19,0.0
AC009248.2,0.0
NELL2,0.0
TMEM117,0.0
AC079601.1,0.0
PRICKLE1,0.0
AC079684.1,0.0
AC090630.1,0.0
PDZRN4,0.0
CNTN1,0.0
AC009464.1,0.0
CCDC65,0.0
RND1,0.0
CACNB3,0.0
ADCY6-DT,0.0
OSGEPL1-AS1,0.0
ADAM19,0.0
AC008676.1,0.0
AC016571.1,0.0
FNDC9,0.0
UAP1L1,0.0
ASIC1,0.0
AQP2,0.0
BCDIN3D-AS1,0.0
FMNL3,0.0
FAM186B,0.0
PRPF40B,0.0
KCNH3,0.0
TROAP,0.0
NALT1,0.0
GPD1,0.0
CLIC3,0.0
ZBED8,0.0
CCNJL,0.0
AC006460.2,0.0
AC108047.1,0.0
AC093388.1,0.0
ITK,0.0
HAVCR2,0.0
AC008625.1,0.0
WNT10B,0.0
TEX49,0.0
AC024257.4,0.0
ZNF641,0.0
AC024257.5,0.0
AC024257.3,0.0
AC074029.3,0.0
AC004801.6,0.0
DDN-AS1,0.0
DDN,0.0
AC117498.1,0.0
CCDC15,0.0
CCDC15-DT,0.0
ROBO4,0.0
AP003501.1,0.0
ROBO3,0.0
AP000866.1,0.0
AP000866.6,0.0
MSANTD2,0.0
AP000866.2,0.0
AC134349.1,0.0
AC009315.1,0.0
AC021851.2,0.0
AC021851.1,0.0
DUSP19,0.0
NCKAP1,0.0
PDE1A,0.0
PPP1R1C,0.0
GUCA1B,0.0
C6orf132,0.0
VSIG2,0.0
SCGB3A1,0.0
GFPT2,0.0
SPA17,0.0
SIAE,0.0
ZNF202,0.0
SCN3B,0.0
CLMP,0.0
AP000926.2,0.0
JHY,0.0
SLC37A2,0.0
AP002762.3,0.0
AP000977.1,0.0
SC5D,0.0
TECTA,0.0
GRIK4,0.0
TLCD5,0.0
DDX25,0.0
PATE2,0.0
ACRV1,0.0
CRTAM,0.0
AP001783.1,0.0
KIRREL3,0.0
AC136604.3,0.0
C5orf60,0.0
AC136604.2,0.0
FSIP2-AS1,0.0
AC004765.1,0.0
LINC02455,0.0
NINJ2,0.0
AL512274.1,0.0
AC007406.5,0.0
AC007406.3,0.0
AC026369.1,0.0
AC026369.3,0.0
IQSEC3,0.0
GLB1L2,0.0
AP001775.2,0.0
LINC02731,0.0
IGSF9B,0.0
B4GALNT3,0.0
TREML2,0.0
TREML1,0.0
APOBEC2,0.0
UNC5CL,0.0
TDRG1,0.0
AL731559.1,0.0
AL512770.1,0.0
AP001318.2,0.0
FAM118B,0.0
ETS1,0.0
CDON,0.0
ZBTB44-DT,0.0
ST14,0.0
LINC00167,0.0
TMEM45B,0.0
C11orf45,0.0
KCNJ1,0.0
SENCR,0.0
AP001122.1,0.0
AP001893.1,0.0
CD3E,0.0
MPZL2,0.0
MPZL3,0.0
IL10RA,0.0
TMPRSS13,0.0
EXOC2,0.0
AL512308.1,0.0
IRF4,0.0
C2CD2L,0.0
FLT4,0.0
AP003392.4,0.0
AP003392.3,0.0
AP003392.1,0.0
CCDC84,0.0
FOXR1,0.0
PROSER2-AS1,0.0
ECHDC3,0.0
AL512631.2,0.0
CELF2-AS1,0.0
AP003392.5,0.0
AP000880.1,0.0
NCAM1,0.0
AL365272.1,0.0
AC008443.8,0.0
AC008443.6,0.0
TRIM7,0.0
LINC01962,0.0
OR2V1,0.0
FXYD6,0.0
CD3D,0.0
AP000892.3,0.0
BACE1-AS,0.0
BACE1,0.0
TMEM25,0.0
TTC36,0.0
AP001267.3,0.0
AP001267.2,0.0
AP001267.4,0.0
AP001267.1,0.0
FXYD2,0.0
AL627308.3,0.0
THY1,0.0
USP2-AS1,0.0
USP2,0.0
RNF26,0.0
MCAM,0.0
CCDC153,0.0
NLRX1,0.0
AP003390.1,0.0
AL136320.1,0.0
AP003393.1,0.0
OBSCN-AS1,0.0
IBA57-DT,0.0
GJC2,0.0
AL136379.1,0.0
LINC02809,0.0
WNT9A,0.0
AL731702.1,0.0
AC022413.2,0.0
NECTIN1,0.0
CELF2-AS2,0.0
CRIM1,0.0
CRIM1-DT,0.0
AC008170.1,0.0
AC017050.1,0.0
AC019127.1,0.0
LINC00486,0.0
PRICKLE4,0.0
PGC,0.0
ZNF678,0.0
CXCR5,0.0
AP004609.3,0.0
AP002954.2,0.0
PHLDB1,0.0
AC008610.1,0.0
RASGEF1C,0.0
AC010285.3,0.0
AC008393.1,0.0
CBY3,0.0
UPK2,0.0
AC009961.4,0.0
AC009961.1,0.0
AC009506.1,0.0
CCDC148,0.0
AC013731.1,0.0
ACVR1,0.0
LINC02649,0.0
IL2RA,0.0
RAB24,0.0
AP003486.1,0.0
FGFR4,0.0
ZNF346-IT1,0.0
FAM66C,0.0
CLEC4A,0.0
C3AR1,0.0
AC006511.4,0.0
AC006511.6,0.0
AC006517.2,0.0
SLC2A14,0.0
AC146507.3,0.0
GPRIN1,0.0
ARL10,0.0
AC138956.2,0.0
AC138956.1,0.0
AC092809.4,0.0
U47924.2,0.0
U47924.3,0.0
LRRC23,0.0
GNB3,0.0
PLA2R1,0.0
GPR162,0.0
C1R,0.0
AL591895.1,0.0
EPHX1,0.0
LINC02765,0.0
IDI2-AS1,0.0
IDI2,0.0
AL359878.1,0.0
DIP2C,0.0
P3H3,0.0
AC092111.1,0.0
AC092111.2,0.0
STYK1,0.0
EIF2S3B,0.0
AC022075.1,0.0
TMEM52B,0.0
CLEC7A,0.0
CLEC12B,0.0
CLEC1B,0.0
NANOG,0.0
CLECL1,0.0
AC010186.3,0.0
AC010186.1,0.0
KLRB1,0.0
AC092821.3,0.0
LINC02367,0.0
LRP6,0.0
LINC01252,0.0
AC244131.2,0.0
AC091814.1,0.0
GDF3,0.0
CD163,0.0
CD163L1,0.0
AC018653.3,0.0
RBP5,0.0
C1RL-AS1,0.0
AC009533.3,0.0
AC010175.1,0.0
LINC00987,0.0
FAM90A1,0.0
A2M-AS1,0.0
KLRG1,0.0
A2ML1,0.0
AC092490.1,0.0
MFAP5,0.0
AICDA,0.0
LINC00937,0.0
AC092745.4,0.0
LINC02449,0.0
A2M,0.0
LINC01703,0.0
AC009962.1,0.0
CERKL,0.0
AC136628.4,0.0
ZNF354C,0.0
GRM6,0.0
ZNF454,0.0
ANO2,0.0
AC005833.2,0.0
TSPAN17,0.0
AKAP3,0.0
FGF23,0.0
AC005842.1,0.0
TSPAN9,0.0
AC125807.2,0.0
TEAD4,0.0
AC005911.1,0.0
TULP3,0.0
NRIP2,0.0
GALNT8,0.0
ZFP2,0.0
ZNF354B,0.0
COL23A1,0.0
N4BP3,0.0
AL512343.2,0.0
LEFTY2,0.0
DCP1B,0.0
AC005342.2,0.0
CACNA2D4,0.0
MIXL1,0.0
FBXL14,0.0
WNT5B,0.0
CACNA1C-AS1,0.0
AC005342.1,0.0
AL353689.3,0.0
PSEN2,0.0
ITPKB-AS1,0.0
STUM,0.0
LIN9,0.0
AC005343.1,0.0
AC005840.2,0.0
SCNN1A,0.0
PLEKHG6,0.0
VWF,0.0
CD4,0.0
LAG3,0.0
AC125494.2,0.0
AC125494.1,0.0
ACRBP,0.0
ITFG2-AS1,0.0
AC006064.2,0.0
IFFO1,0.0
AC006064.4,0.0
AC006064.5,0.0
AC005840.4,0.0
FAM153CP,0.0
AC106795.5,0.0
AC106795.2,0.0
AC139795.2,0.0
LPAR5,0.0
LINC02371,0.0
AC139795.3,0.0
AC145098.1,0.0
PDLIM7,0.0
PRR7-AS1,0.0
SLC34A1,0.0
TAPBPL,0.0
CD27,0.0
AL137186.2,0.0
AC006369.1,0.0
AL365356.1,0.0
ASB13,0.0
TUBAL3,0.0
LINC02663,0.0
GATA3-AS1,0.0
TAF3,0.0
LINC02656,0.0
RMDN2,0.0
LINC00211,0.0
AL596094.1,0.0
AC013264.1,0.0
ANKRD44,0.0
PGAP1,0.0
LINC01234,0.0
SDSL,0.0
SDS,0.0
PLBD2,0.0
AC089999.2,0.0
IQCD,0.0
HOXC6,0.0
KSR2,0.0
AC026368.1,0.0
AC127164.1,0.0
AC083806.2,0.0
HRK,0.0
RNFT2,0.0
AC125603.2,0.0
LINC02457,0.0
AL157935.1,0.0
CFAP73,0.0
SMIM33,0.0
ECSCR,0.0
DNAJC18,0.0
SPATA24,0.0
RASAL1,0.0
DTX1,0.0
OAS2,0.0
OAS1,0.0
AC073575.1,0.0
ANKRD44-IT1,0.0
TMEM116,0.0
ATXN2-AS,0.0
LINC02356,0.0
PHETA1,0.0
LINC01405,0.0
HVCN1,0.0
REEP2,0.0
RFTN2,0.0
AC010746.2,0.0
AC073575.2,0.0
AC026367.3,0.0
AC026367.1,0.0
AC131238.1,0.0
AC131159.1,0.0
AC131159.2,0.0
NME5,0.0
AC113382.1,0.0
KLHL3,0.0
SPOCK1,0.0
PIP5KL1,0.0
PLA2G1B,0.0
SIRT4,0.0
AC004263.1,0.0
AC004263.2,0.0
SHISA4,0.0
AL645504.1,0.0
IGFN1,0.0
AC069234.1,0.0
UNC119B,0.0
AC112178.1,0.0
AK1,0.0
ZER1,0.0
HMGA1P4,0.0
AL356481.2,0.0
AC018682.1,0.0
EPAS1,0.0
AC130895.1,0.0
AC009731.1,0.0
LRRTM2,0.0
AC026367.2,0.0
EGR1,0.0
AL358473.1,0.0
KIF21B,0.0
INAVA,0.0
CAMSAP2,0.0
DDX59-AS1,0.0
BICDL1,0.0
PRKAB1,0.0
AC002070.1,0.0
AC034243.1,0.0
APPL2,0.0
ALDH1L2,0.0
TMCO6,0.0
CD14,0.0
APBB3,0.0
ELF3-AS1,0.0
AC007570.1,0.0
USP30-AS1,0.0
USP30,0.0
AC113361.1,0.0
AC007569.1,0.0
SELPLG,0.0
AL592211.1,0.0
DOLK,0.0
PHYHD1,0.0
KYAT1,0.0
AL158207.2,0.0
USP20,0.0
ASB6,0.0
AC087893.2,0.0
AC008438.1,0.0
HBEGF,0.0
AC011379.1,0.0
AC011379.2,0.0
IGIP,0.0
MALINC1,0.0
NRG2,0.0
AC089985.1,0.0
SLC41A2,0.0
NUAK1,0.0
HCFC2,0.0
GLT8D2,0.0
AC007695.1,0.0
AC079385.3,0.0
AC079385.2,0.0
RFX4,0.0
TCP11L2,0.0
AC079174.2,0.0
CKAP4,0.0
AC089983.1,0.0
GPR37L1,0.0
TCTN1,0.0
RAD9B,0.0
AC007546.1,0.0
AC084876.1,0.0
FAM222A,0.0
PSD2,0.0
PRKCE,0.0
SLC3A1,0.0
C9orf50,0.0
AL355353.1,0.0
TDRD6,0.0
SLC25A27,0.0
CYP39A1,0.0
ENPP5,0.0
AL035701.1,0.0
AL096865.1,0.0
AL592211.2,0.0
AC008667.4,0.0
ABCG8,0.0
LINC01503,0.0
C9orf106,0.0
AL161785.1,0.0
AL158151.1,0.0
AL158151.3,0.0
AC008119.1,0.0
FICD,0.0
CMKLR1,0.0
AC007622.2,0.0
SYT2,0.0
PROB1,0.0
SLC23A1,0.0
AC135457.1,0.0
AC011405.1,0.0
MVK,0.0
KCTD10,0.0
CYB5R1,0.0
PCAT6,0.0
AC104463.2,0.0
AC007541.1,0.0
SLC15A4,0.0
AC079949.1,0.0
LINC00944,0.0
LINC02826,0.0
LINC00939,0.0
THRIL,0.0
AC073593.2,0.0
SCARB1,0.0
SLC22A5,0.0
AC069234.4,0.0
P4HA2,0.0
CSF2,0.0
ACSL6,0.0
AC127070.2,0.0
AC127070.1,0.0
LINC02361,0.0
AC137590.2,0.0
AC137590.1,0.0
MMP17,0.0
PDLIM4,0.0
ABCB9,0.0
AC073592.1,0.0
AC068790.9,0.0
RFLNA,0.0
AC068790.6,0.0
AC068790.5,0.0
AC068790.2,0.0
AC068790.3,0.0
AC068790.7,0.0
PIWIL1,0.0
SEC24A,0.0
AC104109.2,0.0
AC008608.2,0.0
FSTL4,0.0
LINC02415,0.0
LINC01257,0.0
AC073912.2,0.0
AC073912.1,0.0
RIMBP2,0.0
DNAH10OS,0.0
IL4,0.0
AC097717.1,0.0
FTCDNL1,0.0
LINC01877,0.0
SATB2-AS1,0.0
SATB2,0.0
AL590096.1,0.0
GJB2,0.0
GJA3,0.0
AC073578.1,0.0
B3GALT2,0.0
RGS13,0.0
RGS1,0.0
AL136987.1,0.0
LINC00621,0.0
AL136962.1,0.0
FGF9,0.0
ZDHHC20,0.0
LINC01046,0.0
KCNT2,0.0
AL390957.1,0.0
PSPC1-AS2,0.0
TPTE2,0.0
LINC00421,0.0
AC026786.2,0.0
GDF9,0.0
OLFML2A,0.0
MIR181A2HG,0.0
NR6A1,0.0
CCNI2,0.0
CRB2,0.0
MIR600HG,0.0
ICK,0.0
TRAM2-AS1,0.0
AL132799.1,0.0
CRISP3,0.0
LINC01119,0.0
LINC01118,0.0
SHROOM1,0.0
NR5A1,0.0
AL034374.1,0.0
C1GALT1C1L,0.0
AL359091.5,0.0
AL359091.4,0.0
DNM1,0.0
LCN2,0.0
AL590708.1,0.0
FAM102A,0.0
MORN3,0.0
OGFOD2,0.0
AC069209.1,0.0
AC069209.2,0.0
OASL,0.0
AC022092.1,0.0
TIFAB,0.0
C5orf66,0.0
PITX1,0.0
CATSPER3,0.0
AC069503.1,0.0
KDM2B-DT,0.0
AC069234.5,0.0
AC069234.2,0.0
RNF10,0.0
AC063943.1,0.0
C2orf66,0.0
HECW2-AS1,0.0
GFRA3,0.0
NEK7,0.0
CRB1,0.0
KLHL31,0.0
AC069503.4,0.0
AC084018.2,0.0
AC084018.1,0.0
TMEM120B,0.0
AC084018.4,0.0
TTC7A,0.0
BEND6,0.0
FAM83B,0.0
LRRC1,0.0
ZBTB41,0.0
LEAP2,0.0
CCDC92,0.0
DNAH10,0.0
TMED2-DT,0.0
AC145423.3,0.0
AC145423.2,0.0
CFAP157,0.0
AL162426.1,0.0
LRSAM1,0.0
DDX59,0.0
AL162586.1,0.0
AL162586.2,0.0
AC092650.1,0.0
AC079807.1,0.0
KCNK12,0.0
EPCAM,0.0
EPCAM-DT,0.0
RILPL1,0.0
AC068768.1,0.0
ZNF79,0.0
LINC00862,0.0
LINC01222,0.0
AC096631.1,0.0
AL157402.2,0.0
AC027290.1,0.0
CCDC62,0.0
AC026333.4,0.0
AC127002.2,0.0
CLIP1-AS1,0.0
AC010240.3,0.0
AC048338.2,0.0
B3GNT4,0.0
LRRC43,0.0
SMAD5-AS1,0.0
AC114296.1,0.0
SLC25A48-AS1,0.0
CXCL14,0.0
AC034206.1,0.0
AC113410.4,0.0
DIABLO,0.0
NDUFA4L2,0.0
AC137834.2,0.0
GPR151,0.0
PLAC8L1,0.0
SH3RF2,0.0
ARHGAP26,0.0
AC005592.2,0.0
SPRY4-AS1,0.0
SPRY4,0.0
AC079907.1,0.0
AC025165.4,0.0
AC025165.5,0.0
AVIL,0.0
CYP27B1,0.0
MARCH9,0.0
FCMR,0.0
IL24,0.0
IL19,0.0
AL591846.2,0.0
AC005740.4,0.0
AC010883.1,0.0
LINC01126,0.0
AC010883.3,0.0
AC010883.2,0.0
LINC02580,0.0
LINC01819,0.0
AC016735.1,0.0
MIP,0.0
AC024884.2,0.0
AC126614.1,0.0
PAN2,0.0
AGAP2-AS1,0.0
AC025165.2,0.0
B4GALNT1,0.0
ARHGEF25,0.0
KIF5A,0.0
DDIT3,0.0
GLI1,0.0
AC022506.2,0.0
APOF,0.0
TMEFF2,0.0
MYO1B,0.0
AC079866.2,0.0
SRGAP1,0.0
AC084357.2,0.0
AC026116.1,0.0
CR1L,0.0
PFKFB2,0.0
C1orf116,0.0
AVPR1A,0.0
AC107308.1,0.0
AC026124.2,0.0
WIF1,0.0
TBC1D30,0.0
AC078962.3,0.0
AC135279.4,0.0
PCDH12,0.0
ARAP3,0.0
FCHSD1,0.0
FCAMR,0.0
AC048341.1,0.0
LINC01465,0.0
AC078789.1,0.0
AC090629.1,0.0
DDX31,0.0
NTNG2,0.0
AL358781.2,0.0
AL358781.1,0.0
CACFD1,0.0
AC096647.1,0.0
STKLD1,0.0
CAPN11,0.0
LRIG3,0.0
AC011370.1,0.0
JAKMIP2,0.0
DPYSL3,0.0
PPP2R2B,0.0
DNAH7,0.0
LINC01825,0.0
ADAMTS13,0.0
AL355574.1,0.0
PPP1R26-AS1,0.0
OLFM1,0.0
LPGAT1-AS1,0.0
TNIP1,0.0
ZNF300,0.0
IRGM,0.0
ABLIM3,0.0
SH3TC2-DT,0.0
PLEKHH2,0.0
AC114939.1,0.0
SPINK9,0.0
AC011346.1,0.0
MMP19,0.0
AC073487.1,0.0
ITGA7,0.0
METTL7B,0.0
PDE1B,0.0
AC068789.1,0.0
SH3TC2,0.0
AC023509.2,0.0
NPFF,0.0
AC023509.3,0.0
ITGA5,0.0
GPR84,0.0
AC079313.2,0.0
AC078778.1,0.0
SCAT2,0.0
AC092803.3,0.0
LINC02846,0.0
AL360091.3,0.0
AL360091.2,0.0
HAAO,0.0
PKDCC,0.0
SARDH,0.0
DBH-AS1,0.0
AC174065.1,0.0
CCDC187,0.0
AL138781.1,0.0
AL360091.1,0.0
LAMB3,0.0
PLXNA2,0.0
MIR29B2CHG,0.0
AC034102.5,0.0
AC034102.6,0.0
NXPH4,0.0
LRP1,0.0
NAB2,0.0
MYO1A,0.0
ZC3H10,0.0
ZBTB39,0.0
RDH16,0.0
RBMS2,0.0
GLS2,0.0
AL109615.4,0.0
AL109615.2,0.0
C6orf223,0.0
AL109615.3,0.0
AL136131.3,0.0
TAC3,0.0
AC034102.4,0.0
AC034102.8,0.0
IKZF4,0.0
SUOX,0.0
AC025162.1,0.0
PMEL,0.0
AC025162.2,0.0
PDE6A,0.0
CARMN,0.0
HSD11B1-AS1,0.0
GRPEL2,0.0
AFAP1L1,0.0
AC073896.3,0.0
KCNH1,0.0
AL034351.4,0.0
UTP25,0.0
IRF6,0.0
C1orf74,0.0
G0S2,0.0
AC131025.1,0.0
AC005618.4,0.0
SLC25A2,0.0
PCDHB5,0.0
PCDHB4,0.0
PCDHB2,0.0
PCDHA10,0.0
PCDHA4,0.0
DND1,0.0
LRRN2,0.0
RELL2,0.0
PIK3C2B,0.0
CEP83-DT,0.0
CDK18,0.0
BLACAT1,0.0
KLHDC8A,0.0
NUAK2,0.0
TMCC2,0.0
TMEM81,0.0
CNTN2,0.0
AL512306.3,0.0
RASSF9,0.0
LRRIQ1,0.0
SLC6A15,0.0
TMTC2,0.0
METTL25,0.0
AC073655.2,0.0
AC073655.1,0.0
AC073655.3,0.0
AC123567.2,0.0
AC005618.1,0.0
AC012085.2,0.0
CRADD,0.0
AC124947.1,0.0
LINC02413,0.0
AC025164.1,0.0
LUM,0.0
AC009522.1,0.0
AC025034.1,0.0
POC1B-AS1,0.0
AC012464.2,0.0
CFAP54,0.0
AC008149.2,0.0
AC008149.1,0.0
HAL,0.0
AMDHD1,0.0
CCDC38,0.0
TMCC3,0.0
PLEKHA6,0.0
GOLT1A,0.0
AL158151.4,0.0
SOX13,0.0
ZBED6,0.0
FMOD,0.0
LINC01136,0.0
LINC01353,0.0
PPFIA4,0.0
AC012555.1,0.0
AC025265.1,0.0
PMCH,0.0
ETNK2,0.0
CRISP2,0.0
RHAG,0.0
C6orf141,0.0
MMUT,0.0
AL353138.1,0.0
PLPP7,0.0
AL157938.4,0.0
AL157938.3,0.0
AL157938.2,0.0
LINC02453,0.0
FIBCD1,0.0
QRFP,0.0
NFASC,0.0
PCDHGA5,0.0
PCDHGB2,0.0
PCDHGA3,0.0
PCDHGA2,0.0
SYCP3,0.0
AC010205.1,0.0
LAMC3,0.0
PCDHGA9,0.0
PCDHGB5,0.0
PCDHGA8,0.0
PCDHGB4,0.0
PCDHGA7,0.0
PCDHGA6,0.0
PCDHGB3,0.0
AC092881.2,0.0
LINC01481,0.0
NTS,0.0
AC244034.2,0.0
C1orf147,0.0
AC244035.1,0.0
CAPS2,0.0
AC025257.1,0.0
TRHDE-AS1,0.0
TRHDE,0.0
AC089984.1,0.0
THAP2,0.0
AC025263.1,0.0
AC008781.1,0.0
HECW2,0.0
AC114760.2,0.0
AVPR1B,0.0
CTSE,0.0
RAB7B,0.0
AC119673.2,0.0
FRS2,0.0
AC020656.1,0.0
PCDHGB6,0.0
CPM,0.0
AC025423.4,0.0
AC025423.1,0.0
AC090061.1,0.0
AC078777.1,0.0
AC078983.1,0.0
GRIP1,0.0
PCDHGB7,0.0
PCDHGA10,0.0
AC020656.2,0.0
RSPH9,0.0
MAD2L1BP,0.0
GTPBP2,0.0
ABO,0.0
AL445645.1,0.0
AK8,0.0
BBS10,0.0
AC011611.4,0.0
PHLDA1,0.0
AC090116.1,0.0
AC121761.1,0.0
GLIPR1L2,0.0
AC010201.1,0.0
AC010201.2,0.0
AC024909.1,0.0
LINC02458,0.0
AC024941.2,0.0
KITLG,0.0
C12orf50,0.0
AC011611.2,0.0
LGR5,0.0
PTPRR,0.0
PTPRB,0.0
KCNMB4,0.0
AC067945.4,0.0
PCDHGC3,0.0
PCDHGA12,0.0
PCDHGA11,0.0
ACSS3,0.0
AL136141.1,0.0
PPP1R12A-AS1,0.0
AC073569.1,0.0
AC073569.3,0.0
AC027288.3,0.0
AC128707.1,0.0
CSRP2,0.0
AC107032.3,0.0
AC107032.2,0.0
PRDM12,0.0
ASS1,0.0
LIN7A,0.0
SLC22A18AS,0.0
CDKN1C,0.0
CD81-AS1,0.0
C11orf21,0.0
H19,0.0
LINC01219,0.0
TNNT3,0.0
PRR33,0.0
TNNI2,0.0
AP002840.2,0.0
ART5,0.0
AC127526.4,0.0
AC127526.2,0.0
AC127526.5,0.0
AC131971.1,0.0
PHLDA2,0.0
SLC22A18,0.0
TRIM39,0.0
HCG17,0.0
CHRNA10,0.0
TOLLIP-AS1,0.0
AC130814.1,0.0
NT5C1B,0.0
AC079148.1,0.0
AC079148.3,0.0
AL513534.2,0.0
B3GALT4,0.0
HCG25,0.0
AL645940.1,0.0
AL662791.1,0.0
CHST3,0.0
AC073370.1,0.0
C10orf105,0.0
KCNS3,0.0
AC010745.5,0.0
AC010745.2,0.0
MYCNOS,0.0
HLA-F-AS1,0.0
HLA-F,0.0
SPOCK2,0.0
TSPAN15,0.0
HBG1,0.0
AC104389.2,0.0
OR52I1,0.0
LINC02749,0.0
AC090587.1,0.0
OR2AG2,0.0
AC091564.5,0.0
DCHS1,0.0
HCG9,0.0
RRP8,0.0
DNHD1,0.0
ARFIP2,0.0
TRIM3,0.0
CAVIN3,0.0
FAM160A2,0.0
AC022762.2,0.0
OR52N1,0.0
OR52N5,0.0
AC091564.6,0.0
AL645939.5,0.0
AL645939.4,0.0
OR52H1,0.0
UBQLNL,0.0
UBQLN3,0.0
OR51M1,0.0
OR51B5,0.0
HBE1,0.0
AC104389.5,0.0
AL450311.1,0.0
PPARD,0.0
Z97832.2,0.0
SCUBE3,0.0
AL451165.2,0.0
PACSIN1,0.0
PALD1,0.0
LRRC20,0.0
AIFM2,0.0
FAM241B,0.0
HBG2,0.0
SYCE1,0.0
AL161645.1,0.0
CYP2E1,0.0
SCART1,0.0
PAOX,0.0
B4GALNT4,0.0
AC136475.9,0.0
AC136475.5,0.0
AC136475.1,0.0
AC136297.1,0.0
PGGHG,0.0
AC136475.3,0.0
AC069287.2,0.0
GDF7,0.0
AC012065.3,0.0
HS1BP3,0.0
RHOB,0.0
SDC1,0.0
LAPTM4A-DT,0.0
IFITM1,0.0
AL731571.1,0.0
AL731577.1,0.0
AL360181.2,0.0
UTF1,0.0
CFAP46,0.0
AL451069.1,0.0
C10orf91,0.0
AL451069.2,0.0
LRRC27,0.0
AL731769.2,0.0
AL162274.1,0.0
AL162274.2,0.0
PPP2R2D,0.0
AL139123.1,0.0
AC079145.1,0.0
AC013400.1,0.0
LINC00954,0.0
LINC01376,0.0
LINC01001,0.0
DPYSL4,0.0
DDIT4-AS1,0.0
AC137894.3,0.0
AC138230.1,0.0
ANO9,0.0
SIGIRR,0.0
PKP3,0.0
MUC5AC,0.0
AP006623.1,0.0
PIDD1,0.0
AC104088.3,0.0
DRD4,0.0
SCT,0.0
C6orf136,0.0
AC078883.1,0.0
ITGA6-AS1,0.0
AC068580.3,0.0
IFITM10,0.0
AC091196.1,0.0
BRSK2,0.0
PANO1,0.0
AC104088.1,0.0
DLX2,0.0
DLX1,0.0
METAP1D,0.0
SLC25A12,0.0
CYBRD1,0.0
MIR210HG,0.0
LMNTD2,0.0
LRRC56,0.0
AC091769.2,0.0
SLC29A3,0.0
UNC5B-AS1,0.0
ADAMTS14,0.0
PRF1,0.0
DNAJC9-AS1,0.0
AC016394.2,0.0
NUDT13,0.0
AL731563.3,0.0
AC016542.1,0.0
CDH23,0.0
HIST1H4L,0.0
HIST1H3I,0.0
HIST1H2AK,0.0
LGR4,0.0
LINC02718,0.0
CCDC179,0.0
AC006299.1,0.0
GAS2,0.0
ANO5,0.0
OR56B1,0.0
AC009549.1,0.0
NAV2,0.0
AL731537.1,0.0
PRKG1,0.0
ASAH2B,0.0
AC069547.2,0.0
SGMS1,0.0
ASAH2,0.0
RPS10-NUDT3,0.0
NAV2-AS2,0.0
AC079329.1,0.0
DKK3,0.0
CSNK2A3,0.0
AL009179.1,0.0
AL021918.5,0.0
AL031118.1,0.0
ZNF391,0.0
LDHAL6A,0.0
LDHC,0.0
HIST1H3J,0.0
KCNC1,0.0
KCNJ11,0.0
AC124798.1,0.0
AC027544.2,0.0
ODC1-DT,0.0
AC007240.3,0.0
AC104794.3,0.0
GRHL1,0.0
AC073195.1,0.0
TPH1,0.0
GPR155,0.0
AC016737.1,0.0
MAP3K20-AS1,0.0
CSTF3-DT,0.0
LINC00294,0.0
ASAP2,0.0
PXT1,0.0
ETV7,0.0
Z84485.1,0.0
GRM4,0.0
AC104695.4,0.0
ANK3,0.0
SLC16A9,0.0
PHYHIPL,0.0
LNCAROD,0.0
DKK1,0.0
PRKG1-AS1,0.0
ID2-AS1,0.0
LINC01814,0.0
AC104695.3,0.0
CABCOCO1,0.0
AL592430.1,0.0
AC016907.2,0.0
CSRP3,0.0
PTPN5,0.0
IGSF22,0.0
TMEM86A,0.0
SPTY2D1OS,0.0
CCDC73,0.0
AC010894.2,0.0
WT1,0.0
PAX6,0.0
AC131571.1,0.0
DCDC1,0.0
AL358944.1,0.0
BDNF,0.0
BDNF-AS,0.0
AC100771.2,0.0
CHN1,0.0
WT1-AS,0.0
HIST1H2BO,0.0
LMO1,0.0
TUB,0.0
CYB5R2,0.0
PPFIBP2,0.0
TRIB2,0.0
MIR3681HG,0.0
AC106875.1,0.0
AP006259.1,0.0
LINC00958,0.0
SCUBE2,0.0
TMEM9B-AS1,0.0
AC091053.1,0.0
ST5,0.0
TRIM66,0.0
HCG14,0.0
AL662890.1,0.0
AL049543.1,0.0
ZBED9,0.0
DENND5A,0.0
GREB1,0.0
AC099344.3,0.0
C2orf50,0.0
LINC01954,0.0
AC092687.3,0.0
ATP6V1C2,0.0
RN7SL832P,0.0
AC107884.1,0.0
NLRP14,0.0
ZNF165,0.0
ZNF215,0.0
OR2D2,0.0
OR10A4,0.0
OR10A2,0.0
AC087280.2,0.0
OR2AG1,0.0
ZKSCAN4,0.0
AL358933.1,0.0
ZSCAN16,0.0
ZNF214,0.0
PDE3B,0.0
RRAS2,0.0
SPON1,0.0
LINC02683,0.0
FAR1-IT1,0.0
TOGARAM2,0.0
AC097724.1,0.0
SPDYA,0.0
AC092164.1,0.0
ZSCAN23,0.0
AL133551.1,0.0
LINC01515,0.0
JMJD1C-AS1,0.0
EGR2,0.0
AC067751.1,0.0
LINC02625,0.0
AL451049.1,0.0
AC021269.3,0.0
BTBD10,0.0
PLB1,0.0
ZSCAN12,0.0
ZKSCAN3,0.0
GALNT18,0.0
AC069360.1,0.0
ZBED5,0.0
AC116535.1,0.0
MRVI1,0.0
MRVI1-AS1,0.0
MTRNR2L8,0.0
SOX6,0.0
ADM,0.0
AC011092.3,0.0
AC011092.2,0.0
SBF2-AS1,0.0
LINC02709,0.0
AC132192.1,0.0
NCR3LG1,0.0
AC124798.2,0.0
PLEKHA7,0.0
AMPD3,0.0
SFRP5,0.0
AVPI1,0.0
MORN4,0.0
HOGA1,0.0
ANKRD2,0.0
AL355490.2,0.0
AL355490.1,0.0
SLIT1,0.0
PIK3AP1,0.0
AL157888.1,0.0
ZBTB12,0.0
C2,0.0
EHMT2-AS1,0.0
SLC44A4,0.0
ABCC2,0.0
AL133353.1,0.0
AL353719.1,0.0
NKX2-3,0.0
AL513542.1,0.0
CFB,0.0
DNTT,0.0
BLNK,0.0
AC021037.1,0.0
CC2D2B,0.0
ENTPD1,0.0
TLL2,0.0
KHK,0.0
AC013403.2,0.0
AC013472.3,0.0
LOXL4,0.0
MAPRE3,0.0
AL662884.3,0.0
PRRT1,0.0
AL662884.5,0.0
AC010092.1,0.0
GAD1,0.0
HPSE2,0.0
AL139243.1,0.0
PYROXD2,0.0
AGBL5-AS1,0.0
AC021028.1,0.0
DYDC2,0.0
GTF3C2-AS1,0.0
CCDC173,0.0
KLHL41,0.0
TNXB,0.0
CYP21A2,0.0
DNAJC27-AS1,0.0
AC012073.1,0.0
LINC01475,0.0
ARMH3,0.0
KCNIP2,0.0
KCNIP2-AS1,0.0
AC010789.2,0.0
LY6G6D,0.0
LY6G5C,0.0
LY6G5B,0.0
MFSD13A,0.0
PSD,0.0
ELOVL3,0.0
AL391684.1,0.0
KAZALD1,0.0
AL133215.2,0.0
PDZD7,0.0
SEMA4G,0.0
AL133215.3,0.0
AL138762.1,0.0
OLMALINC,0.0
AL138921.1,0.0
AL603756.1,0.0
LINC00595,0.0
COL11A2,0.0
HCG24,0.0
BBS5,0.0
BMPR1A,0.0
AC067750.1,0.0
AL731569.1,0.0
AL844892.2,0.0
CDHR1,0.0
ZMIZ1-AS1,0.0
C1QTNF12,0.0
AL157893.2,0.0
AL136982.3,0.0
SHLD2,0.0
ADIRF,0.0
ADIRF-AS1,0.0
SNCG,0.0
ACTA2-AS1,0.0
ANKRD22,0.0
NUTM2A,0.0
LIPJ,0.0
RNLS,0.0
AC063965.2,0.0
KLLN,0.0
PAPSS2,0.0
AL355334.2,0.0
FAM245A,0.0
SCN1A-AS1,0.0
TTC21B-AS1,0.0
LIPN,0.0
AL645608.2,0.0
SAMD11,0.0
PLEKHN1,0.0
HES4,0.0
AGRN,0.0
SPRY3,0.0
TMLHE,0.0
BX571846.1,0.0
TMLHE-AS1,0.0
AL162741.1,0.0
LINC02033,0.0
AC010889.1,0.0
ZFY-AS1,0.0
AC006157.1,0.0
AC006040.1,0.0
THSD7A,0.0
AC244213.1,0.0
TAS1R3,0.0
SCNN1D,0.0
AC234781.1,0.0
MYOF,0.0
CPEB3,0.0
AL359198.1,0.0
AC007405.3,0.0
AC007405.1,0.0
MYO3B,0.0
OTOF,0.0
ADGRF3,0.0
AC010896.1,0.0
HECTD2,0.0
SLC30A3,0.0
ABHD1,0.0
HLA-DOB,0.0
HLA-DRB5,0.0
NOTCH4,0.0
AL662884.1,0.0
AGER,0.0
NUTM2D,0.0
LINC00863,0.0
TRIM54,0.0
HTR7,0.0
LINC00865,0.0
AL157400.4,0.0
AL157400.3,0.0
AL157400.2,0.0
PANK1,0.0
SLC16A12,0.0
IFIT2,0.0
LIPA,0.0
FFAR4,0.0
SORBS1,0.0
AL157834.2,0.0
ACSM6,0.0
AL157834.1,0.0
CYP2C8,0.0
AL138759.1,0.0
AL139124.1,0.0
SLC35G1,0.0
RBP4,0.0
AL157394.3,0.0
FNDC4,0.0
IFT172,0.0
KRTCAP3,0.0
AC016394.1,0.0
ZNF503-AS2,0.0
ZNF503-AS1,0.0
AC022540.1,0.0
AL596247.1,0.0
C10orf55,0.0
NFKB2,0.0
NDST2,0.0
AC022395.1,0.0
RAB11FIP2,0.0
AL391988.1,0.0
AL731557.1,0.0
AC023283.1,0.0
PSORS1C1,0.0
VARS2,0.0
DDR1,0.0
PLAU,0.0
HSPA12A,0.0
ATRNL1,0.0
TRUB1,0.0
AL137025.1,0.0
AFAP1L2,0.0
VWA2,0.0
TDRD1,0.0
ADRB1,0.0
AL592546.3,0.0
C2orf16,0.0
AL158212.3,0.0
AL158212.5,0.0
PLPP4,0.0
BAG3,0.0
GRK5,0.0
NANOS1,0.0
AL139407.1,0.0
LINC00867,0.0
CASC2,0.0
AL158212.2,0.0
INSYN2A,0.0
AL359094.1,0.0
ADAM12,0.0
FANK1,0.0
MMP21,0.0
EDRF1-AS1,0.0
ZBTB9,0.0
SYNGAP1-AS1,0.0
SYNGAP1,0.0
LINC00243,0.0
RGL2,0.0
AC073389.1,0.0
PPP3CB-AS1,0.0
PPP3CB,0.0
MSS51,0.0
AC093690.1,0.0
RBKS,0.0
CCDC121,0.0
AL158835.2,0.0
PHF1,0.0
IER3,0.0
IER3-AS1,0.0
AL662797.1,0.0
AL731566.2,0.0
FGFR2,0.0
AC010998.2,0.0
AL391425.1,0.0
WDR11-AS1,0.0
AC023282.1,0.0
AL355531.1,0.0
AL513190.1,0.0
PSTK,0.0
C10orf88,0.0
CUZD1,0.0
HTRA1,0.0
HCG27,0.0
PSORS1C3,0.0
POU5F1,0.0
LINC02666,0.0
AL731577.2,0.0
INA,0.0
RPEL1,0.0
AS3MT,0.0
AL391121.1,0.0
AL121928.1,0.0
HSPA1L,0.0
VWA7,0.0
LY6G6C,0.0
ADD3-AS1,0.0
ENO4,0.0
CFAP58,0.0
GSTO2,0.0
CFAP43,0.0
SFR1,0.0
COL17A1,0.0
AL133355.1,0.0
SH3PXD2A-AS1,0.0
ZSWIM8-AS1,0.0
AC022400.4,0.0
SORCS1,0.0
GBF1,0.0
GAREM2,0.0
KCNMA1,0.0
AL731568.1,0.0
AL589863.1,0.0
AL589863.2,0.0
AC010997.4,0.0
AC010997.5,0.0
DYDC1,0.0
EFR3B,0.0
TMEM254-AS1,0.0
SFTPD,0.0
AL512662.2,0.0
NUTM2B,0.0
AL132656.3,0.0
AL132656.2,0.0
AL356753.1,0.0
DTNB,0.0
AC012074.1,0.0
TMEM254,0.0
GPAM,0.0
AL158163.1,0.0
AL158163.2,0.0
PDCD4-AS1,0.0
RBM20,0.0
DUSP5,0.0
AL355512.1,0.0
AC009228.1,0.0
FAM228A,0.0
AC073389.2,0.0
FKBP1B,0.0
WDCP,0.0
MFSD2B,0.0
AC009242.1,0.0
APOM,0.0
TNF,0.0
ATP6V1G2,0.0
DDX39B-AS1,0.0
SHTN1,0.0
PFN4,0.0
SYNPO2L,0.0
AC073389.3,0.0
ABCB11,0.0
NOSTRIN,0.0
CERS6-AS1,0.0
B3GALT1,0.0
SCN7A,0.0
DLG5-AS1,0.0
AL121929.2,0.0
AL157786.1,0.0
AL139339.1,0.0
TAF5,0.0
MCCD1,0.0
AL645933.3,0.0
HCP5,0.0
MICA,0.0
AL645933.2,0.0
KLHL29,0.0
TDRD15,0.0
AL121929.3,0.0
KIAA1217,0.0
LRTOMT,0.0
AP002490.1,0.0
IL18BP,0.0
AL391832.2,0.0
AL391832.1,0.0
LINC01132,0.0
AL160408.3,0.0
LINC00184,0.0
LINC00299,0.0
AL355472.3,0.0
PLEKHB1,0.0
AP000763.3,0.0
AP000763.4,0.0
ARHGEF17,0.0
P2RY6,0.0
AP002761.4,0.0
AC068196.1,0.0
AC104076.1,0.0
AL160408.2,0.0
AP000879.1,0.0
P2RY2,0.0
AP002381.2,0.0
ARAP1-AS2,0.0
ARAP1-AS1,0.0
ARAP1,0.0
PDE2A,0.0
AP000593.4,0.0
FOLR2,0.0
PRTFDC1,0.0
MOCS1,0.0
KIF6,0.0
KCNK17,0.0
KCNK5,0.0
ARMC4,0.0
LINC02680,0.0
AL390961.2,0.0
ENKUR,0.0
AL512598.1,0.0
AL353147.1,0.0
DSP,0.0
CAGE1,0.0
LINC01934,0.0
AQP11,0.0
CAPN5,0.0
AP003119.3,0.0
AP003119.2,0.0
TSKU,0.0
LRRC32,0.0
CCDC141,0.0
EMSY,0.0
GVQW3,0.0
WNT11,0.0
AP003168.2,0.0
DGAT2,0.0
MAP6,0.0
AP001922.5,0.0
GDPD5,0.0
KLHL35,0.0
AP001189.1,0.0
AC010680.5,0.0
AC010680.4,0.0
AC010680.2,0.0
AC010680.3,0.0
UCP3,0.0
AP003717.4,0.0
DNAJB13,0.0
RBM34,0.0
AL732292.2,0.0
BMP6,0.0
AP001972.1,0.0
TPBGL,0.0
SLCO2B1,0.0
OR2AT4,0.0
AP001992.2,0.0
AP001372.2,0.0
AP001372.3,0.0
AP001085.1,0.0
P4HA3,0.0
AL391832.3,0.0
PTPRCAP,0.0
CARNS1,0.0
AP003419.3,0.0
AP003419.2,0.0
AP001885.2,0.0
AL359921.1,0.0
LGALS8-AS1,0.0
EDARADD,0.0
GPR137B,0.0
PPFIA1,0.0
MAK,0.0
C6orf52,0.0
AL358777.1,0.0
AL139039.3,0.0
MIR5689HG,0.0
TFAP2A-AS2,0.0
TFAP2A,0.0
HULC,0.0
AL355499.1,0.0
NID1,0.0
AL136162.1,0.0
AL353152.2,0.0
AL133259.1,0.0
CD83,0.0
AL023583.1,0.0
AL441883.1,0.0
AL008729.2,0.0
AL008729.1,0.0
GNG4,0.0
CABP4,0.0
AP001885.3,0.0
RHOD,0.0
PC,0.0
SPTBN2,0.0
CCDC87,0.0
AP002748.6,0.0
PELI3,0.0
AP001107.9,0.0
RIN1,0.0
AL357556.4,0.0
AP003096.1,0.0
AP002813.1,0.0
AP002807.1,0.0
ADTRP,0.0
NEDD9,0.0
ERVFRD-1,0.0
SMIM13,0.0
SYCP2L,0.0
ZNF705E,0.0
TCIRG1,0.0
ALG1L9P,0.0
KRTAP5-10,0.0
KRTAP5-9,0.0
KRTAP5-8,0.0
SHANK2,0.0
CTTN,0.0
AP000487.1,0.0
AP000487.2,0.0
AP002336.1,0.0
AP003498.2,0.0
OTUD1,0.0
AL513128.2,0.0
AL513128.3,0.0
AL513128.1,0.0
SPAG6,0.0
AL158211.3,0.0
MACORIS,0.0
ZEB1-AS1,0.0
LINC02664,0.0
LINC02701,0.0
ZNF438,0.0
AL590068.3,0.0
AL590068.4,0.0
AL353796.2,0.0
AL353796.1,0.0
AC004923.4,0.0
UNC93B1,0.0
ACY3,0.0
AP005233.2,0.0
AL359532.1,0.0
ARHGAP42,0.0
MAML2,0.0
AP000787.1,0.0
AL031768.2,0.0
FOXC1,0.0
AL357054.4,0.0
AL357054.2,0.0
HUS1B,0.0
AP002433.2,0.0
LY86-AS1,0.0
AP003307.1,0.0
RAB39A,0.0
AP000766.1,0.0
AP001001.1,0.0
AP000813.1,0.0
ALG9-IT1,0.0
LAYN,0.0
LINC02550,0.0
ARHGAP20,0.0
AP002433.1,0.0
MMP7,0.0
AP001830.1,0.0
BIRC3,0.0
YAP1,0.0
TRPC6,0.0
AL157392.4,0.0
FRMD4A,0.0
AL157392.3,0.0
AL355870.2,0.0
PGR,0.0
GLP1R,0.0
BTBD9,0.0
MDGA1,0.0
AL096712.2,0.0
TMEM217,0.0
FGD2,0.0
AL450384.1,0.0
AL450384.2,0.0
AL390783.1,0.0
AC007378.1,0.0
RPP38-DT,0.0
ACBD7,0.0
MEIG1,0.0
AC069544.1,0.0
CDNF,0.0
TRIM17,0.0
AL670729.3,0.0
AL353593.3,0.0
AL353593.2,0.0
AP001981.2,0.0
APOA1-AS,0.0
APOA1,0.0
AP006216.1,0.0
LINC00900,0.0
NNMT,0.0
AP002755.1,0.0
AP003170.4,0.0
TMPRSS5,0.0
DRD2,0.0
AL353593.1,0.0
EXPH5,0.0
LINC01011,0.0
SERPINB9,0.0
SERPINB9P1,0.0
MYLK4,0.0
AL031768.1,0.0
BCO2,0.0
TEX12,0.0
PIH1D2,0.0
ITGA8,0.0
AL162595.1,0.0
HIST3H2BB,0.0
MDFI,0.0
FOXP4-AS1,0.0
NCR2,0.0
TREM1,0.0
AC073367.1,0.0
AL353576.1,0.0
C1QL3,0.0
AL117350.1,0.0
TTN,0.0
AL355336.1,0.0
AL031123.5,0.0
AL031123.4,0.0
AL031123.1,0.0
AL031123.2,0.0
LY86,0.0
AL136988.1,0.0
AL121990.1,0.0
DYNC2H1,0.0
NAALAD2,0.0
FZD4,0.0
AP000654.1,0.0
AP003059.2,0.0
MRC1,0.0
TMEM236,0.0
ST8SIA6-AS1,0.0
AL133415.1,0.0
VIM-AS1,0.0
DISC1FP1,0.0
F13A1,0.0
NRN1,0.0
PPP1R3G,0.0
AL359643.2,0.0
RSF1-IT1,0.0
RSF1-IT2,0.0
SLC35F3,0.0
MAP3K21,0.0
SIPA1L2,0.0
AC009948.3,0.0
AL136171.2,0.0
AP000873.4,0.0
RAB30,0.0
FAM181B,0.0
LINC02728,0.0
USP35,0.0
KCTD21-AS1,0.0
KCTD14,0.0
AP002812.5,0.0
DISC1-IT1,0.0
AL031963.3,0.0
AL133351.1,0.0
SCARNA9,0.0
DEUP1,0.0
AL118511.1,0.0
C1orf198,0.0
AGT,0.0
AL158214.2,0.0
PGBD5,0.0
CUBN,0.0
PIWIL4,0.0
AP000786.1,0.0
AP002784.1,0.0
VSTM5,0.0
AL136309.2,0.0
AL138831.2,0.0
AL391422.4,0.0
DDI1,0.0
PDGFD,0.0
AP000943.2,0.0
AL158211.2,0.0
AL158211.4,0.0
AL158211.1,0.0
AL359697.1,0.0
AL358780.1,0.0
SKIDA1,0.0
MIR1915HG,0.0
AC069549.2,0.0
AC069549.1,0.0
AL031963.1,0.0
CCDC81,0.0
SYTL2,0.0
DLG2,0.0
ANKRD42,0.0
PCF11-AS1,0.0
AL033523.1,0.0
SLC22A23,0.0
TUBB2B,0.0
TUBB2A,0.0
AP003059.1,0.0
RTN4RL2,0.0
TCN1,0.0
AP000640.1,0.0
PATL1,0.0
AP000442.1,0.0
LINC02739,0.0
AP003778.1,0.0
OR5AN1,0.0
MPEG1,0.0
AP000759.1,0.0
AC092159.1,0.0
AC093326.1,0.0
AC079779.2,0.0
ALKAL2,0.0
PGBD2,0.0
ZNF692,0.0
HIST1H4A,0.0
HIST1H3A,0.0
U91328.3,0.0
LINC01115,0.0
HIST1H3E,0.0
HIST1H2BG,0.0
HIST1H4E,0.0
HIST1H2AD,0.0
AL353759.1,0.0
OR2M4,0.0
OR2M3,0.0
OR2L13,0.0
OR2L3,0.0
AP000662.1,0.0
FAM111A-DT,0.0
AP001636.3,0.0
GLYATL1,0.0
GLYATL2,0.0
CNTF,0.0
AP001350.1,0.0
AP003557.2,0.0
BTBD18,0.0
YPEL4,0.0
DTX4,0.0
MS4A2,0.0
MS4A3,0.0
OOSP3,0.0
PPP1R32,0.0
PGA3,0.0
CD6,0.0
SLC15A3,0.0
AP003721.1,0.0
HIST1H1T,0.0
AL160400.1,0.0
HIST1H3C,0.0
HIST1H2BB,0.0
HIST1H2AB,0.0
AC104335.2,0.0
AL390728.5,0.0
C11orf98,0.0
AP001363.2,0.0
AL121658.1,0.0
AL121655.1,0.0
HFE,0.0
PTGDR2,0.0
AP000777.3,0.0
AP000777.2,0.0
AP000777.1,0.0
ZNF485,0.0
ZNF239,0.0
RASGEF1A,0.0
RET,0.0
MAPK13,0.0
MS4A6A,0.0
LHFPL5,0.0
ARMC12,0.0
AL033519.4,0.0
TEAD3,0.0
FRMPD2,0.0
ZNF488,0.0
GDF10,0.0
MS4A14,0.0
MS4A4E,0.0
SLC26A8,0.0
AC021723.2,0.0
RAG1,0.0
TRAF6,0.0
PRR5L,0.0
AL136146.2,0.0
FJX1,0.0
MYT1L,0.0
AC144450.1,0.0
AC127035.1,0.0
HIST1H4F,0.0
CREB3L1,0.0
MAPK8IP1,0.0
PTPN20,0.0
FAM245B,0.0
AL356056.1,0.0
AL356056.2,0.0
SYT15,0.0
MSMB,0.0
TIMM23B-AGAP6,0.0
AMBRA1,0.0
AC007463.1,0.0
AC013460.1,0.0
AC010904.2,0.0
AL356215.1,0.0
ABTB2,0.0
AC090469.1,0.0
AC132216.1,0.0
LINC02721,0.0
C11orf91,0.0
LRRC4C,0.0
HIST1H4I,0.0
HIST1H2BJ,0.0
AC010768.2,0.0
AC134775.1,0.0
ACCS,0.0
ALKBH3-AS1,0.0
AC087521.4,0.0
AC087521.2,0.0
AC068205.2,0.0
HIST1H2BK,0.0
FAM180B,0.0
KF459542.1,0.0
RAPSN,0.0
AC090559.1,0.0
MYBPC3,0.0
PACSIN3,0.0
AC090589.3,0.0
LRP4,0.0
AL021807.1,0.0
TIMM23B,0.0
LINC00240,0.0
AL513548.1,0.0
AL513548.4,0.0
PRG3,0.0
P2RX3,0.0
FOLH1,0.0
AGBL2,0.0
HIST1H4H,0.0
HIST1H2BI,0.0
AL590062.1,0.0
OGDHL,0.0
ERCC6,0.0
VSTM4,0.0
LRRC18,0.0
AC060234.3,0.0
CRY2,0.0
LINC02716,0.0
LINC02696,0.0
TSPAN18,0.0
HIST1H2BD,0.0
AL121936.1,0.0
BTN3A1,0.0
LRP4-AS1,0.0
NRIR,0.0
SILC1,0.0
DCDC2C,0.0
AC108488.3,0.0
AC231981.1,0.0
EIPR1-IT1,0.0
AL513548.3,0.0
AL132657.1,0.0
FZD8,0.0
AL603824.1,0.0
AL117336.2,0.0
AL117336.1,0.0
CREM,0.0
AL392046.1,0.0
ZBTB18,0.0
AL606534.1,0.0
AL121652.1,0.0
AL137003.2,0.0
AL137003.1,0.0
AL009031.1,0.0
MYLIP,0.0
AL021978.1,0.0
JARID2-AS1,0.0
AP000769.2,0.0
FRMD8,0.0
TIGD3,0.0
BATF2,0.0
LINC02724,0.0
AC019080.1,0.0
AC079305.3,0.0
LINC01116,0.0
DCDC2,0.0
NBAT1,0.0
CASC15,0.0
AP003068.1,0.0
TMEM262,0.0
AL135791.1,0.0
BX323046.1,0.0
AL451007.2,0.0
AL451007.3,0.0
CATSPERE,0.0
AL365203.2,0.0
CCDC7,0.0
AL391839.3,0.0
ARHGAP12,0.0
CAPN14,0.0
AL356512.1,0.0
AL158167.1,0.0
BAMBI,0.0
AL355501.1,0.0
COBLL1,0.0
GRB14,0.0
DPP4,0.0
TBR1,0.0
NRP1,0.0
ITGB1-DT,0.0
CDC42EP2,0.0
OVOL1-AS1,0.0
OVOL1,0.0
WDR64,0.0
AL133390.1,0.0
CNIH2,0.0
AP001107.2,0.0
AP001107.7,0.0
AP001107.4,0.0
KLC2,0.0
SNX32,0.0
AP000944.7,0.0
KMO,0.0
AL359764.2,0.0
CHRM3,0.0
AC093426.1,0.0
RYR2,0.0
ACTN2,0.0
KCNK7,0.0
NHLRC1,0.0
SVIL,0.0
AL138824.1,0.0
STMND1,0.0
EDN1,0.0
AL157373.2,0.0
GAL3ST3,0.0
CST6,0.0
TSGA10IP,0.0
EFEMP2,0.0
JCAD,0.0
FAM8A1,0.0
OR2AJ1,0.0
OR2T8,0.0
OR2W3,0.0
AL390860.1,0.0
OR2G2,0.0
OR2C3,0.0
NLRP3,0.0
PJVK,0.0
OSBPL6,0.0
AP005273.1,0.0
AC019080.5,0.0
PLAAT3,0.0
PLAAT2,0.0
PLAAT4,0.0
LGALS12,0.0
PLAAT5,0.0
AP001160.1,0.0
AP001160.4,0.0
KIF26B,0.0
TTC30B,0.0
EHD3,0.0
ALOX5,0.0
DEPP1,0.0
RASSF4,0.0
AL353801.3,0.0
TMEM72,0.0
TMEM72-AS1,0.0
CXCL12,0.0
LINC00841,0.0
OR2L8,0.0
BEST1,0.0
RAB3IL1,0.0
MYRF,0.0
DAGLA,0.0
AP001160.3,0.0
LRRN4CL,0.0
LBHD1,0.0
OR2L2,0.0
OR2L5,0.0
AP003306.2,0.0
LINC01341,0.0
Z85996.3,0.0
CPNE5,0.0
DINOL,0.0
AC009495.3,0.0
SCN3A,0.0
AL022345.4,0.0
LINC00839,0.0
AL117339.4,0.0
EFCAB2,0.0
AL133243.3,0.0
AL133245.1,0.0
AL591848.4,0.0
AL591848.2,0.0
AL591848.3,0.0
AL591623.1,0.0
PPP2R5B,0.0
MIR194-2HG,0.0
NRXN2,0.0
AL133243.1,0.0
AP001453.3,0.0
FKBP2,0.0
AP001453.1,0.0
AP006333.1,0.0
FLRT1,0.0
RCOR2,0.0
C11orf95,0.0
ARMH2,0.0
AL031775.2,0.0
ZNF669,0.0
GPLD1,0.0
FKBP7,0.0
AL512380.2,0.0
AL512380.1,0.0
E2F3-IT1,0.0
AL132775.1,0.0
RNF144B,0.0
CATSPERZ,0.0
AP001453.2,0.0
PPP1R14B-AS1,0.0
AL031775.1,0.0
B4GALT1-AS1,0.0
DDX58,0.0
AL451123.1,0.0
MOB3B,0.0
SYNM,0.0
LUNAR1,0.0
AC118658.1,0.0
IGF1R,0.0
IRAIN,0.0
LATS2-AS1,0.0
AL450992.2,0.0
AL589765.6,0.0
TDRKH-AS1,0.0
AL589765.5,0.0
AC090164.2,0.0
PCSK6,0.0
AC023024.1,0.0
AC019254.1,0.0
AC015712.2,0.0
ARRDC4,0.0
AC116903.2,0.0
SV2B,0.0
AC068831.6,0.0
VPS33B-DT,0.0
VPS33B,0.0
PRC1-AS1,0.0
AC027020.2,0.0
SPATA41,0.0
AC084855.1,0.0
SPINK4,0.0
LYSMD4,0.0
AC022819.1,0.0
AC036108.3,0.0
AC036108.2,0.0
DMRTA1,0.0
CDKN2B,0.0
CDKN2B-AS1,0.0
PROKR1,0.0
AC015969.1,0.0
AC090825.1,0.0
RHBDF1,0.0
AC079610.1,0.0
AC108066.2,0.0
CPS1-IT1,0.0
CPS1,0.0
LINC01060,0.0
AC097652.1,0.0
FAT1,0.0
KLKB1,0.0
AC015712.1,0.0
Z92544.1,0.0
RHBDL1,0.0
AL022341.2,0.0
AL022341.1,0.0
WFIKKN1,0.0
NHLRC4,0.0
PIGQ,0.0
LINC00235,0.0
AL023881.1,0.0
Z92544.2,0.0
LINS1,0.0
FAM149A,0.0
TLR3,0.0
C4orf47,0.0
ANKRD37,0.0
SNX25,0.0
WASIR2,0.0
AC140725.1,0.0
TM2D3,0.0
Z69720.1,0.0
FLG,0.0
HRNR,0.0
TCHH,0.0
TCHHL1,0.0
ARHGDIG,0.0
Z69706.1,0.0
HBA1,0.0
HBA2,0.0
Z69666.1,0.0
PRR9,0.0
MESP2,0.0
WDR93,0.0
PLIN1,0.0
AC013391.2,0.0
TEK,0.0
AL355432.1,0.0
AL096794.1,0.0
AL133406.2,0.0
POPDC3,0.0
ST8SIA2,0.0
AL354989.1,0.0
UBE2R2-AS1,0.0
PRSS3,0.0
LINC01251,0.0
AL356489.3,0.0
AL356489.2,0.0
PTENP1-AS,0.0
CYP4F26P,0.0
ANKRD18B,0.0
HACE1,0.0
KLHL25,0.0
AC021739.3,0.0
AC021739.2,0.0
AC087286.3,0.0
PDE8A,0.0
ALPK3,0.0
AC012291.2,0.0
AC012291.3,0.0
AC048382.6,0.0
S100A9,0.0
AC122719.3,0.0
ZDHHC11,0.0
ZDHHC11B,0.0
AC026740.1,0.0
AC072062.1,0.0
ABCA12,0.0
SNHG31,0.0
VWC2L,0.0
S100A7,0.0
AC048382.1,0.0
AC124248.1,0.0
AC124248.2,0.0
LINC01585,0.0
AC103739.3,0.0
CRTC3-AS1,0.0
ZNF774,0.0
AC091167.5,0.0
TTLL13P,0.0
GDPGP1,0.0
NOL6,0.0
AC087284.1,0.0
AC009432.2,0.0
LINC02207,0.0
RGMA,0.0
AC106028.4,0.0
AC106028.2,0.0
AC106028.3,0.0
FAM174B,0.0
AC091544.4,0.0
SEMA4B,0.0
MIR9-3HG,0.0
AC124068.2,0.0
AC013565.3,0.0
AC013565.1,0.0
HAPLN3,0.0
ISG20,0.0
ARPIN,0.0
AP3S2,0.0
SLC27A3,0.0
AC068831.4,0.0
S100A2,0.0
S100A5,0.0
PLEKHG4B,0.0
FRG1-DT,0.0
AF250324.1,0.0
LINC01262,0.0
MREG,0.0
FN1,0.0
AC068831.1,0.0
S100A1,0.0
MMP25,0.0
CLDN9,0.0
AC004233.2,0.0
AC004233.1,0.0
AC004233.3,0.0
AL162253.2,0.0
CD274,0.0
AL135786.2,0.0
RLN1,0.0
BAIAP3,0.0
MPDZ,0.0
LURAP1L,0.0
PTPRD-AS1,0.0
PTPRD,0.0
AL354694.1,0.0
AL161443.1,0.0
KDM4C,0.0
GLDC,0.0
KREMEN2,0.0
INSL6,0.0
AC079766.1,0.0
AC078881.1,0.0
AC027627.1,0.0
VEGFC,0.0
PRSS27,0.0
AC141586.3,0.0
AC093525.4,0.0
AC093525.7,0.0
AC093525.6,0.0
IL32,0.0
AC106820.4,0.0
AC106820.2,0.0
AC106820.3,0.0
ABCA3,0.0
AC009065.4,0.0
AC009065.8,0.0
DNASE1L2,0.0
AC108134.4,0.0
AC108134.3,0.0
PDPK1,0.0
SLX4,0.0
AC004494.1,0.0
TMOD4,0.0
LYSMD1,0.0
SEMA6C,0.0
AL592424.1,0.0
SCRG1,0.0
AC097534.2,0.0
AC097534.1,0.0
AC004034.1,0.0
GALNTL6,0.0
AADAT,0.0
MFAP3L,0.0
AC084724.1,0.0
AC007881.4,0.0
AC007881.3,0.0
ADD2,0.0
TGFA,0.0
Z98200.1,0.0
AC105285.1,0.0
AC003965.1,0.0
AC092117.1,0.0
ANXA9,0.0
AL590133.1,0.0
ZSCAN32,0.0
MTRNR2L4,0.0
AC025283.2,0.0
AC004232.1,0.0
LINC00921,0.0
AC006111.2,0.0
ZNF213,0.0
ZNF205,0.0
GLIS2-AS1,0.0
GLIS2,0.0
LINC01569,0.0
AC009171.2,0.0
AC005736.1,0.0
CREBBP,0.0
AC006111.3,0.0
AC108134.2,0.0
LRRC19,0.0
IFT74-AS1,0.0
AL023882.1,0.0
CIAO3,0.0
CCDC78,0.0
FBXL16,0.0
LINC02362,0.0
LINC02363,0.0
ENPP6,0.0
WWC2-AS2,0.0
STOX2,0.0
AL133297.1,0.0
TMEM204,0.0
AL031705.1,0.0
AL031600.2,0.0
AL031600.3,0.0
CCDC154,0.0
AL032819.1,0.0
UNKL,0.0
AC074194.1,0.0
AL031714.1,0.0
AC120498.9,0.0
TPSD1,0.0
TPSAB1,0.0
TPSG1,0.0
AC009041.2,0.0
AC009041.4,0.0
AL008727.1,0.0
LMF1,0.0
GPR63,0.0
CER1,0.0
AL159169.2,0.0
AL159169.3,0.0
AL162386.2,0.0
TSTD3,0.0
AL513550.1,0.0
FAXC,0.0
FBXL4,0.0
KLHL32,0.0
FREM1,0.0
Z95118.2,0.0
AL139106.1,0.0
CDKN2A,0.0
AL359922.2,0.0
IFNB1,0.0
FOCAD-AS1,0.0
ACER2,0.0
AL391834.2,0.0
AL391834.1,0.0
AL031709.1,0.0
SELENBP1,0.0
ZNF687-AS1,0.0
RPL3L,0.0
BRICD5,0.0
CASKIN1,0.0
RAB26,0.0
SYNGR3,0.0
AC107214.2,0.0
CLDN22,0.0
BNC2,0.0
MEIOB,0.0
EME2,0.0
AL031717.1,0.0
AL031710.2,0.0
CRAMP1,0.0
ACSL1,0.0
LINC02365,0.0
LINC02427,0.0
AC099343.4,0.0
ARMC2,0.0
WDR17,0.0
AC096751.2,0.0
AC005606.2,0.0
AC005363.2,0.0
SNHG9,0.0
AL589765.7,0.0
AL391335.1,0.0
TUFT1,0.0
PDCD1LG2,0.0
AC099343.2,0.0
AC007389.5,0.0
AC007389.1,0.0
TMEM8B,0.0
SPAG8,0.0
NPR2,0.0
AL133410.2,0.0
MSMP,0.0
RGP1,0.0
PIF1,0.0
NTRK3,0.0
AC100830.1,0.0
AC100830.2,0.0
AC100830.3,0.0
AC055855.1,0.0
AC011939.2,0.0
AC011939.3,0.0
IGDCC4,0.0
IGDCC3,0.0
PARP16,0.0
RBPMS2,0.0
TPM1-AS,0.0
AC103740.1,0.0
AC139792.1,0.0
C1QTNF3,0.0
ADAMTS12,0.0
LANCL1-AS1,0.0
CDH6,0.0
PURPL,0.0
CDH9,0.0
AL132996.1,0.0
AC099499.2,0.0
AC103691.2,0.0
ANKDD1A,0.0
AC069368.2,0.0
AL162231.1,0.0
CCL27,0.0
UFL1-AS1,0.0
MANEA-DT,0.0
AL359987.1,0.0
AC106754.1,0.0
CORO2B,0.0
ITGA11,0.0
AC107871.2,0.0
SKOR1,0.0
AC016355.1,0.0
IQCH-AS1,0.0
SMAD3,0.0
TMEM202-AS1,0.0
HEXA-AS1,0.0
C2orf80,0.0
AC009690.2,0.0
PARP6,0.0
GRAMD2A,0.0
SENP8,0.0
AC104938.1,0.0
NR2E3,0.0
THAP10,0.0
LRRC49,0.0
AC009269.4,0.0
CELF6,0.0
AC034231.1,0.0
AC025181.2,0.0
PDZD2,0.0
AC087482.1,0.0
AC013564.1,0.0
SMAD6,0.0
LINC01169,0.0
LCTL,0.0
AL353807.5,0.0
SPESP1,0.0
PKLR,0.0
HCN3,0.0
TLE3,0.0
DRAIC,0.0
AC027237.2,0.0
AC027237.3,0.0
PAQR5,0.0
EWSAT1,0.0
NOX5,0.0
RUSC1-AS1,0.0
LYPD6,0.0
AC105402.4,0.0
KIF5C,0.0
AC105402.3,0.0
PAX5,0.0
CNRIP1,0.0
AC017083.1,0.0
CPLANE1,0.0
AC026741.1,0.0
AC007950.2,0.0
SLC1A3,0.0
LMBRD2,0.0
AC084781.1,0.0
LIPC,0.0
AC090651.1,0.0
MYZAP,0.0
CGNL1,0.0
LINC00926,0.0
AC010999.1,0.0
AC008957.1,0.0
BCAN,0.0
AL365181.2,0.0
TTC24,0.0
C1orf61,0.0
TSACC,0.0
PRTG,0.0
PYGO1,0.0
DNAAF4,0.0
AC018926.3,0.0
AC007364.1,0.0
UNC13C,0.0
WDR72,0.0
AC009754.2,0.0
AC009754.1,0.0
TPM2,0.0
CA9,0.0
RMRP,0.0
SIT1,0.0
TESK1,0.0
AC011912.1,0.0
AC007038.2,0.0
KANSL1L,0.0
UNC80,0.0
MAP2,0.0
PTH2R,0.0
IDH1-AS1,0.0
TLN2,0.0
AC032011.1,0.0
C2CD4B,0.0
AC010999.2,0.0
AC022898.2,0.0
AC009560.4,0.0
AC009560.3,0.0
AC091231.1,0.0
SNX22,0.0
DAPK2,0.0
AC073167.1,0.0
FBXL22,0.0
USP3-AS1,0.0
AC104590.1,0.0
AC084782.3,0.0
MNS1,0.0
AC084782.2,0.0
AC068726.1,0.0
AC107241.1,0.0
RORA,0.0
RORA-AS1,0.0
FOXB1,0.0
FAM81A,0.0
AC007038.1,0.0
AC092757.2,0.0
AC092757.3,0.0
RNF111,0.0
BGLAP,0.0
AL355388.2,0.0
RIT1,0.0
AC090515.5,0.0
AC090515.2,0.0
AC006994.2,0.0
AC092868.2,0.0
AC090260.1,0.0
LINGO1,0.0
PEAK1,0.0
AC090181.2,0.0
SCAPER,0.0
AC026412.3,0.0
NKD2,0.0
AC116351.1,0.0
AL358472.5,0.0
AC009269.5,0.0
CEMIP,0.0
AC023302.1,0.0
ARNT2,0.0
AC016705.2,0.0
CTXND1,0.0
AC087761.1,0.0
AC015871.4,0.0
AC021483.2,0.0
AC023034.1,0.0
AC027808.2,0.0
AC105020.5,0.0
AC105020.6,0.0
DNAH5,0.0
CTNND2,0.0
AC012629.2,0.0
LINC01513,0.0
ROPN1L,0.0
AC012640.2,0.0
AC012640.4,0.0
ACSBG1,0.0
AC027811.1,0.0
RASGRF1,0.0
CTSH,0.0
ADAMTS7,0.0
AC027228.2,0.0
CHRNA5,0.0
HYKK,0.0
CRABP1,0.0
DNAJA4,0.0
MINAR1,0.0
GOLGA6L9,0.0
GOLGA6L10,0.0
SAXO2,0.0
AC026624.1,0.0
LINC01583,0.0
AC104041.1,0.0
TPPP,0.0
SLC9A3-AS1,0.0
SLC9A3,0.0
AC109809.1,0.0
EXOC3-AS1,0.0
AHRR,0.0
AC021087.1,0.0
AC048382.5,0.0
GOLGA6L4,0.0
UBE2Q2L,0.0
SH3GL3,0.0
AC103876.1,0.0
AC024270.5,0.0
AC010442.1,0.0
AC103858.2,0.0
AC103858.3,0.0
AC103858.1,0.0
AC068870.2,0.0
C1orf189,0.0
AL358472.3,0.0
AL358472.4,0.0
LINC02236,0.0
LINC01018,0.0
CPEB1,0.0
AC091978.1,0.0
AC022558.1,0.0
AC022558.3,0.0
AC024270.4,0.0
HOMER2,0.0
FSD2,0.0
AC105339.6,0.0
AC105339.3,0.0
AP3B2,0.0
LINC02145,0.0
AL355377.4,0.0
AL355377.3,0.0
DNAJB5,0.0
AL162231.2,0.0
BBS4,0.0
HIGD2B,0.0
AC100827.4,0.0
LINC02259,0.0
AC079322.1,0.0
SNX33,0.0
CD276,0.0
AC234582.1,0.0
MUC1,0.0
TRIM46,0.0
EFNA1,0.0
DCST1-AS1,0.0
DCST2,0.0
ZBTB7B,0.0
NPTN-IT1,0.0
STOML1,0.0
UACA,0.0
LINC02204,0.0
LINC02241,0.0
LINC02217,0.0
BASP1-AS1,0.0
MYO10,0.0
AC016575.1,0.0
AC010491.2,0.0
NEO1,0.0
C9orf131,0.0
ENHO,0.0
FAM219A,0.0
C9orf24,0.0
MYORG,0.0
KIF24,0.0
AL133476.1,0.0
RUSC2,0.0
UNC13B,0.0
AL353795.2,0.0
ADPGK-AS1,0.0
ARID3B,0.0
AC012435.3,0.0
AC090826.1,0.0
CYP11A1,0.0
AC012640.1,0.0
AC034229.4,0.0
AC091965.4,0.0
AC105020.2,0.0
AC105020.3,0.0
LINC02211,0.0
AL451085.1,0.0
KCNN3,0.0
CHRNB2,0.0
SHE,0.0
TMEM266,0.0
AC019294.2,0.0
DNM1P35,0.0
AC105020.1,0.0
CSPG4,0.0
AC105137.2,0.0
LINC02228,0.0
C5orf17,0.0
AC091946.2,0.0
AC093274.1,0.0
IL6R-AS1,0.0
AC068338.2,0.0
NEIL1,0.0
AC068338.3,0.0
SCAMP5,0.0
AC100835.2,0.0
GFPT1,0.0
ANTXR1,0.0
BMP10,0.0
ANKRD6,0.0
RRAGD,0.0
GABRR2,0.0
AL353135.2,0.0
AL353135.1,0.0
IL11RA,0.0
CYP1A1,0.0
PLLP,0.0
AC009090.6,0.0
AC009090.2,0.0
NLRC5,0.0
CETP,0.0
AC012181.1,0.0
AC106779.1,0.0
MT1H,0.0
MT1G,0.0
AL024507.2,0.0
TEPP,0.0
AC092118.2,0.0
DRC7,0.0
ADGRG3,0.0
ADGRG5,0.0
PEX11B,0.0
ITGA10,0.0
CD160,0.0
PDZK1,0.0
MMP15,0.0
AC007906.2,0.0
AC007728.2,0.0
FREM3,0.0
AC107223.1,0.0
SMARCA5-AS1,0.0
AC097658.3,0.0
MT1F,0.0
MT1M,0.0
MT1E,0.0
DOK4,0.0
BBS2,0.0
AC092140.2,0.0
AC092140.1,0.0
GNAO1,0.0
CES1,0.0
CAPNS2,0.0
AC007336.1,0.0
MMP2-AS1,0.0
AC007336.2,0.0
MT3,0.0
SLC45A4,0.0
ERICD,0.0
AC107375.1,0.0
PEG13,0.0
AC106793.1,0.0
AC009118.3,0.0
SETD6,0.0
NDRG4,0.0
AC009118.2,0.0
GPR89A,0.0
CA7,0.0
AC044802.2,0.0
AC044802.1,0.0
AC018557.1,0.0
CMTM4,0.0
CMTM2,0.0
CMTM1,0.0
AC010542.5,0.0
CLGN,0.0
RRAD,0.0
NBPF20,0.0
AC012510.1,0.0
PLCD4,0.0
VIL1,0.0
CATIP-AS1,0.0
CATIP,0.0
GPBAR1,0.0
AC010542.4,0.0
LINC00920,0.0
AC100803.2,0.0
CYP26B1,0.0
DYSF,0.0
PAIP2B,0.0
TG,0.0
AF230666.1,0.0
AC134682.1,0.0
TSNARE1,0.0
AC103758.1,0.0
AC100803.4,0.0
SPR,0.0
AC135050.5,0.0
ANKRD34A,0.0
LIX1L-AS1,0.0
AC018845.3,0.0
MYLK3,0.0
AC012186.2,0.0
AC092368.3,0.0
AC136944.2,0.0
AC145350.2,0.0
LYNX1,0.0
AC002519.1,0.0
AC074050.4,0.0
AHSP,0.0
AC007614.1,0.0
AC023813.3,0.0
AC007611.1,0.0
ABCC11,0.0
AC007599.2,0.0
AC007533.1,0.0
TP53TG3D,0.0
TGFB1I1,0.0
AC026471.4,0.0
ZNF843,0.0
ITGAX,0.0
ITGAM,0.0
PYCARD-AS1,0.0
AC009088.1,0.0
LY6K,0.0
PSCA,0.0
PRSS8,0.0
ARC,0.0
ADGRB1,0.0
IQANK1,0.0
FAM83H,0.0
AC105219.1,0.0
ZNF707,0.0
ZNF623,0.0
AC067930.2,0.0
PRSS36,0.0
JRK,0.0
IRX5,0.0
AC018553.1,0.0
IRX3,0.0
AC007496.1,0.0
AC007496.2,0.0
AC007497.1,0.0
AC007342.1,0.0
AC007906.1,0.0
LINC02055,0.0
FMO5,0.0
AC083843.3,0.0
AC087045.2,0.0
ZNF696,0.0
MINCR,0.0
ZFP41,0.0
LY6H,0.0
C8orf31,0.0
LY6E-DT,0.0
GML,0.0
AC083843.2,0.0
AC245407.2,0.0
AC239799.1,0.0
NBPF10,0.0
LINC01719,0.0
AC239799.2,0.0
AC104596.1,0.0
IL15,0.0
AC097504.2,0.0
LINC02432,0.0
ZNF423,0.0
AC096733.2,0.0
TBC1D9,0.0
AC007728.3,0.0
NOD2,0.0
AC007608.3,0.0
AC007608.1,0.0
NKD1,0.0
ADCY7,0.0
AC027348.1,0.0
RNF150,0.0
IL34,0.0
FCSK,0.0
AC009097.3,0.0
PHLPP2,0.0
MARVELD3,0.0
TAT-AS1,0.0
CHST4,0.0
ZNF19,0.0
AC010547.1,0.0
SCOC-AS1,0.0
SETD7,0.0
AC097376.3,0.0
PMFBP1,0.0
HP,0.0
AC009127.1,0.0
ZNF821,0.0
AC245008.1,0.0
REG4,0.0
ZNF697,0.0
AC112236.2,0.0
PABPC4L,0.0
AC096711.2,0.0
PCAT1,0.0
LRATD2,0.0
LINC00861,0.0
AC016074.2,0.0
TRIB1,0.0
ZNF572,0.0
AF230666.2,0.0
MTSS2,0.0
LRRC6,0.0
AC139019.1,0.0
ASAP1-IT2,0.0
AC131568.1,0.0
AC022973.3,0.0
AC002464.1,0.0
METTL24,0.0
CALB2,0.0
VAC14-AS1,0.0
AF228727.1,0.0
AC093821.1,0.0
SPRY1,0.0
AC025287.2,0.0
CHST5,0.0
AC009163.4,0.0
AC009163.7,0.0
AC009054.2,0.0
AC009054.1,0.0
BCAR1,0.0
LINC00622,0.0
LDHD,0.0
AC009141.1,0.0
AC046158.2,0.0
AC046158.1,0.0
AC106743.1,0.0
WWOX-AS1,0.0
SYCE1L,0.0
LINC02125,0.0
AC025287.4,0.0
ZFP1,0.0
AL359915.1,0.0
WARS2-AS1,0.0
WARS2-IT1,0.0
SPAG17,0.0
AC099508.1,0.0
FA2H,0.0
NPIPB15,0.0
TTLL10,0.0
AC009120.3,0.0
LINC01091,0.0
AC116667.1,0.0
AC002044.1,0.0
AC004943.1,0.0
ZFHX3,0.0
AC004943.3,0.0
AC004158.1,0.0
AC009075.1,0.0
INTU,0.0
FAT4,0.0
AC009120.5,0.0
HSD11B2,0.0
FP700111.1,0.0
NBPF15,0.0
AC246785.3,0.0
FAM72C,0.0
HIST2H3PS2,0.0
AC239800.2,0.0
AL592494.2,0.0
FCGR1B,0.0
SLC7A11-AS1,0.0
LCAT,0.0
CTRL,0.0
TSNAXIP1,0.0
AC010530.1,0.0
ACVR2A,0.0
TEX41,0.0
AC009951.6,0.0
ZEB2-AS1,0.0
AC009951.5,0.0
DPEP3,0.0
AC108053.1,0.0
AC253572.2,0.0
NBPF26,0.0
AC253572.1,0.0
ZDHHC1,0.0
LRRC36,0.0
KCTD19,0.0
PLEKHG4,0.0
SLC9A5,0.0
AC009061.2,0.0
ELMO3,0.0
KIAA0895L,0.0
NOL3,0.0
HSF4,0.0
B3GNT9,0.0
CES4A,0.0
AC027682.4,0.0
RIPOR1,0.0
AC027682.6,0.0
LRRC29,0.0
AC020978.7,0.0
AC020978.6,0.0
AC012184.1,0.0
AC012184.3,0.0
AC009060.1,0.0
CLEC18A,0.0
WWP2,0.0
AC092115.3,0.0
AC009032.1,0.0
GTDC1,0.0
PDF,0.0
SNTB2,0.0
CHTF8,0.0
DERPC,0.0
MGARP,0.0
AC093766.1,0.0
LINC00500,0.0
LINC00499,0.0
SLC7A11,0.0
TMED6,0.0
AC105180.2,0.0
NDRG1,0.0
EGR4,0.0
SMYD5,0.0
AC010913.1,0.0
RAB11FIP5,0.0
C16orf86,0.0
CARMIL2,0.0
AC009095.1,0.0
ESRP2,0.0
HAS3,0.0
AC009137.2,0.0
TANGO6,0.0
CDH1,0.0
CDH3,0.0
AC126773.6,0.0
SMPD3,0.0
AC020978.1,0.0
PLA2G15,0.0
AC027682.1,0.0
NPIPA5,0.0
AC126763.1,0.0
AC138932.5,0.0
CTSO,0.0
TDO2,0.0
AC097467.3,0.0
TMC5,0.0
AC099518.5,0.0
COQ7,0.0
SLC5A2,0.0
NOMO2,0.0
AC126755.2,0.0
NPIPA9,0.0
AC009152.3,0.0
AC009152.1,0.0
AC009152.6,0.0
NPIPA7,0.0
AC138969.1,0.0
AC136624.2,0.0
AC099518.4,0.0
AC136624.1,0.0
ABCC6,0.0
AF001548.2,0.0
MYH11,0.0
AC026401.2,0.0
AC026401.1,0.0
BMERB1,0.0
NXPH2,0.0
LINC02631,0.0
FOXD4,0.0
AL590009.1,0.0
AL512303.1,0.0
C2orf42,0.0
LINC01816,0.0
ASPRV1,0.0
AL161725.2,0.0
KANK1,0.0
AL161725.1,0.0
DOCK8-AS1,0.0
AC092620.2,0.0
AC233992.3,0.0
ADCK5,0.0
ZNF517,0.0
ZNF34,0.0
ZNF251,0.0
ARHGAP39,0.0
LRRC24,0.0
MFSD3,0.0
GPT,0.0
DCUN1D3,0.0
AC005632.6,0.0
NPIPB3,0.0
CRYM,0.0
AC008551.1,0.0
DNAH3,0.0
CA14,0.0
AC242988.2,0.0
AC244033.2,0.0
MTMR11,0.0
AC084125.2,0.0
ACSM1,0.0
IQCK,0.0
AC002550.1,0.0
AC002550.2,0.0
C4orf45,0.0
RXFP1,0.0
AC098679.5,0.0
GASK1B,0.0
GLRB,0.0
KIFC2,0.0
AC009034.1,0.0
SDR42E2,0.0
AC092119.3,0.0
AC092119.2,0.0
NPIPB4,0.0
AC092375.2,0.0
OTOA,0.0
IGSF6,0.0
AC005632.3,0.0
AC092338.3,0.0
AC093849.3,0.0
AC093849.4,0.0
ADAMTSL4-AS1,0.0
AL356356.1,0.0
FALEC,0.0
ECM1,0.0
TVP23A,0.0
EMP2,0.0
AC087190.1,0.0
NPIPB2,0.0
AC022167.4,0.0
AC022167.1,0.0
AC022167.2,0.0
AC012173.1,0.0
ABAT,0.0
CPE,0.0
GK3P,0.0
TRIM61,0.0
AC093788.1,0.0
AC022167.3,0.0
SCML4,0.0
SOBP,0.0
BEND3,0.0
CD24,0.0
ATG5,0.0
PRDM1,0.0
AC012676.4,0.0
AC012676.3,0.0
VASN,0.0
FBXO8,0.0
NAGPA-AS1,0.0
SEC14L5,0.0
PPL,0.0
AC020663.3,0.0
ROGDI,0.0
C16orf71,0.0
C16orf96,0.0
AC023830.3,0.0
HPGD,0.0
AC012676.1,0.0
AC007216.4,0.0
AC007613.1,0.0
SNN,0.0
AC099489.1,0.0
AC009121.3,0.0
PALLD,0.0
DDX60,0.0
AC068989.1,0.0
AC138932.2,0.0
SOCS1,0.0
NPIPA2,0.0
NPIPA3,0.0
AC040173.1,0.0
MIR193BHG,0.0
AC130650.2,0.0
AC010401.1,0.0
SHISA9,0.0
AC109597.2,0.0
AC007601.1,0.0
AC136443.3,0.0
AC007014.2,0.0
AL590133.2,0.0
AL928970.1,0.0
ZNF252P-AS1,0.0
AF235103.3,0.0
AL353151.2,0.0
CDC37L1,0.0
CDC37L1-DT,0.0
SPATA6L,0.0
AC007216.3,0.0
AL354977.2,0.0
RFX3-AS1,0.0
VLDLR,0.0
VLDLR-AS1,0.0
AL359076.1,0.0
CTXND2,0.0
CTSK,0.0
HORMAD1,0.0
AC007216.2,0.0
GLIS3,0.0
AC239868.1,0.0
HIST2H4B,0.0
HIST2H2AA4,0.0
AC067930.8,0.0
ZC3H3,0.0
RHPN1,0.0
RHPN1-AS1,0.0
AC138696.2,0.0
TMEM249,0.0
PALB2,0.0
MROH1,0.0
WDR97,0.0
AC109322.1,0.0
OPLAH,0.0
TMEM169,0.0
TRIM2,0.0
FHDC1,0.0
TIGD4,0.0
AC106882.1,0.0
SCX,0.0
AC009133.2,0.0
AC009133.4,0.0
TMEM154,0.0
AC023424.3,0.0
AC080078.2,0.0
AC092611.1,0.0
FAM160A1,0.0
AC095055.1,0.0
SH3D19,0.0
HIST2H2BE,0.0
AC110813.1,0.0
NOTCH2NLC,0.0
AC245297.2,0.0
NBPF9,0.0
AC012645.4,0.0
SLX1A,0.0
AC012645.3,0.0
BOLA1,0.0
HIST2H2AB,0.0
MAB21L2,0.0
PPIAL4G,0.0
LINC01731,0.0
AC239809.3,0.0
NBPF11,0.0
LINC02804,0.0
AC135050.1,0.0
AC135050.3,0.0
STX1B,0.0
HSD3B7,0.0
AC239803.1,0.0
FBXL19,0.0
CTF1,0.0
AC135048.2,0.0
MIR762HG,0.0
AC106886.3,0.0
DCLK2,0.0
NR3C2,0.0
TMEM184C,0.0
TTC29,0.0
AC135048.3,0.0
GPR89B,0.0
GJA5,0.0
AC093249.6,0.0
AC002310.2,0.0
AC116348.2,0.0
AC116348.1,0.0
ZNF48,0.0
MYLPF,0.0
AC106782.5,0.0
NUDT4B,0.0
CD2BP2-DT,0.0
NPIPB13,0.0
SULT1A3,0.0
SMAD1-AS1,0.0
SMAD1-AS2,0.0
HHIP,0.0
HHIP-AS1,0.0
GYPA,0.0
GYPB,0.0
TBC1D10B,0.0
ZKSCAN2-DT,0.0
ZKSCAN2,0.0
AQP8,0.0
LCMT1-AS2,0.0
AC109322.2,0.0
EPPK1,0.0
AC234917.2,0.0
NRBP2,0.0
SMPD2,0.0
AC009133.1,0.0
AL359711.2,0.0
AL390208.1,0.0
PPP1R16A,0.0
FOXH1,0.0
AC133552.5,0.0
LCMT1-AS1,0.0
RBM46,0.0
LRAT,0.0
RNF175,0.0
PPIL6,0.0
AC008870.2,0.0
AC008915.2,0.0
AC008915.1,0.0
USP31,0.0
AC092338.2,0.0
RUFY4,0.0
DIRC3,0.0
IGFBP5,0.0
AC098820.3,0.0
AC109449.1,0.0
MARCH4,0.0
SLC5A11,0.0
ERN2,0.0
AC008870.3,0.0
CIART,0.0
KIAA0556,0.0
IL21R,0.0
AC106739.1,0.0
NSMCE1-DT,0.0
AC098820.1,0.0
AC009093.2,0.0
AC109460.1,0.0
AC109460.2,0.0
CD19,0.0
ATP2A1-AS1,0.0
ATP2A1,0.0
AC133550.3,0.0
AC012645.1,0.0
TBX6,0.0
CXCR2,0.0
AC093512.2,0.0
TLCD3B,0.0
DOC2A,0.0
AC120114.1,0.0
KCTD13,0.0
SEZ6L2,0.0
AC120114.2,0.0
MVP,0.0
PRRT2,0.0
AC093512.1,0.0
AC133550.2,0.0
AC145285.6,0.0
AC145285.3,0.0
AC145285.2,0.0
EIF3C,0.0
SULT1A2,0.0
AC020765.2,0.0
NUPR1,0.0
EIF3CL,0.0
AC009093.1,0.0
AC138904.1,0.0
SBK1,0.0
GSG1L,0.0
AC016597.1,0.0
QPRT,0.0
NPIPB12,0.0
SULT1A4,0.0
SLX1B,0.0
NPIPB11,0.0
AC009093.6,0.0
NPIPB6,0.0
AC008534.1,0.0
AC025766.1,0.0
KIAA0825,0.0
AC117528.1,0.0
AC114980.1,0.0
AC099501.1,0.0
FITM1,0.0
NRL,0.0
CARMIL3,0.0
AL365181.3,0.0
CLEC20A,0.0
SEC16B,0.0
RABGGTA,0.0
TGM1,0.0
TSSK4,0.0
AL136295.7,0.0
AL136295.6,0.0
TM9SF1,0.0
AL136295.17,0.0
AL136419.3,0.0
CDH24,0.0
AL132780.2,0.0
AJUBA,0.0
AL132780.1,0.0
PRMT5-AS1,0.0
PAPPA2,0.0
AL591043.2,0.0
AL590723.1,0.0
LINC02803,0.0
FAM81B,0.0
TNN,0.0
Z99127.1,0.0
DHRS2,0.0
AL135999.3,0.0
JPH4,0.0
THTPA,0.0
ZFHX2,0.0
ZFHX2-AS1,0.0
ARSK,0.0
KIAA0040,0.0
RIPK3,0.0
ADCY4,0.0
LTB4R,0.0
LTB4R2,0.0
CIDEB,0.0
AL096870.6,0.0
AL049830.3,0.0
COCH,0.0
PRKD1,0.0
MEI4,0.0
NOVA1,0.0
STXBP6,0.0
GZMB,0.0
AC106818.2,0.0
ARRDC3-AS1,0.0
LUCAT1,0.0
ADGRV1,0.0
AC093510.1,0.0
AC093510.2,0.0
LINC01551,0.0
HTR1B,0.0
MYO6,0.0
FILIP1,0.0
AL590428.1,0.0
AC012358.3,0.0
AC012358.1,0.0
SMC2-AS1,0.0
GRIN3A,0.0
TMEM246-AS1,0.0
NFATC4,0.0
CAVIN4,0.0
AL136295.2,0.0
SPATA9,0.0
GPR150,0.0
MEF2C-AS2,0.0
LINC01949,0.0
CMA1,0.0
AL132800.1,0.0
CBLN3,0.0
BAAT,0.0
FKTN,0.0
C13orf46,0.0
GAS6,0.0
TMEM255B,0.0
AL442125.1,0.0
AL442125.2,0.0
AC009126.1,0.0
AC008906.2,0.0
AC008906.1,0.0
CEBPE,0.0
ELL2,0.0
LINC01554,0.0
KLHL33,0.0
TEP1,0.0
AL355075.1,0.0
LHX4,0.0
AL353708.1,0.0
AXDND1,0.0
AL135744.1,0.0
MIR583HG,0.0
C5orf30,0.0
SLCO4C1,0.0
C2CD6,0.0
FLACC1,0.0
CFLAR-AS1,0.0
ANGPTL1,0.0
PARP2,0.0
AL356019.2,0.0
OR11G2,0.0
TAL2,0.0
CT70,0.0
ABCA1,0.0
NIPSNAP3B,0.0
AC007250.1,0.0
AC068193.1,0.0
AC132153.1,0.0
SVEP1,0.0
KLF4,0.0
AL807761.4,0.0
AL160396.2,0.0
AL807776.1,0.0
TBC1D2,0.0
CORO2A,0.0
AC019186.1,0.0
ACVR1C,0.0
ERMN,0.0
NR4A2,0.0
LINC01876,0.0
AC073225.1,0.0
TMEM253,0.0
AC244502.3,0.0
TRAV22,0.0
OR10G3,0.0
SALL2,0.0
EFS,0.0
BCL2L2,0.0
PPP1R3E,0.0
RNF212B,0.0
SLC7A8,0.0
GALNT13,0.0
NDRG2,0.0
AL161668.3,0.0
AL355922.1,0.0
RNASE3,0.0
RNASE1,0.0
FAM174A,0.0
LINC02062,0.0
LINC01340,0.0
AC008883.3,0.0
STX17-AS1,0.0
REM2,0.0
MMP14,0.0
SLC7A7,0.0
AL160314.2,0.0
AC243965.1,0.0
LINC02332,0.0
TRAC,0.0
TRDC,0.0
NR4A3,0.0
LIX1-AS1,0.0
FMO1,0.0
BX284613.2,0.0
GORAB,0.0
GORAB-AS1,0.0
SAMD4A,0.0
CGRRF1,0.0
BMP4,0.0
AL365295.1,0.0
AL356020.1,0.0
MEF2C-AS1,0.0
LGALS3,0.0
FASLG,0.0
C1orf105,0.0
DNM3OS,0.0
DNM3,0.0
MYOCOS,0.0
AC107081.4,0.0
AC107081.2,0.0
AC016727.3,0.0
LINC00520,0.0
AC010623.1,0.0
CKMT2,0.0
FERMT2,0.0
AL139317.5,0.0
AL139317.3,0.0
GPR137C,0.0
PTGDR,0.0
FRMD6-AS1,0.0
AL122125.1,0.0
AC008581.1,0.0
AL358334.4,0.0
AL358334.2,0.0
ABHD12B,0.0
AL133485.3,0.0
AL133485.2,0.0
AL606834.2,0.0
AL606834.1,0.0
DMGDH,0.0
PDE8B,0.0
FRMD6,0.0
TMEM260,0.0
LINC02284,0.0
AL355073.2,0.0
AL138995.1,0.0
HIF1A-AS3,0.0
AL355916.1,0.0
LINC01303,0.0
AL359220.1,0.0
TMEM30B,0.0
AL157827.2,0.0
SLC38A6,0.0
LINC02322,0.0
AL157756.1,0.0
AL157911.1,0.0
LRRC9,0.0
RTN1,0.0
L3HYPDH,0.0
SV2C,0.0
POC5,0.0
PRKCH,0.0
AL133477.3,0.0
ZNF367,0.0
SLC35D2,0.0
LINC00092,0.0
PTCH1,0.0
AL807757.2,0.0
AL807757.1,0.0
AL157936.1,0.0
FMO4,0.0
CCDC198,0.0
THBS4,0.0
CMYA5,0.0
BHMT2,0.0
DACT1,0.0
TOMM20L,0.0
AL132989.2,0.0
AL132989.1,0.0
ARMH4,0.0
AL049838.1,0.0
SERINC5,0.0
CCDC180,0.0
AL590705.1,0.0
CTSV,0.0
NUTM2G,0.0
ZNF782,0.0
AL589843.1,0.0
AC016727.1,0.0
AC016747.3,0.0
AC016747.2,0.0
AC026726.1,0.0
KIAA1841,0.0
AC007381.2,0.0
AC007381.1,0.0
AC007132.1,0.0
AC007179.2,0.0
CLEC14A,0.0
AL121790.1,0.0
MIPOL1,0.0
SLC25A21,0.0
AC016747.1,0.0
AL162311.1,0.0
BRMS1L,0.0
AL162311.3,0.0
EGLN3,0.0
NPAS3,0.0
AKAP6,0.0
AL161665.2,0.0
AL161665.1,0.0
ARHGAP5-AS1,0.0
AL132639.3,0.0
AL139353.2,0.0
AC064836.2,0.0
AC079354.2,0.0
KIAA2012,0.0
AC069148.1,0.0
CDK15,0.0
ANKRD45,0.0
AL645568.1,0.0
TNFSF4,0.0
LINC02313,0.0
DDX43,0.0
OOEP,0.0
KHDC1,0.0
KHDC1L,0.0
TMOD1,0.0
TDRD7,0.0
AL512590.3,0.0
AL139099.1,0.0
LINC00648,0.0
LINC02302,0.0
AL162632.3,0.0
AL121809.2,0.0
AL118556.1,0.0
AL359397.2,0.0
LINC01588,0.0
AL627171.1,0.0
MPP4,0.0
AC007279.2,0.0
ATG10-IT1,0.0
MDGA2,0.0
LINC02315,0.0
AL049828.1,0.0
RABGAP1L-IT1,0.0
RABGAP1L-DT,0.0
RC3H1-IT1,0.0
GAS5-AS1,0.0
VCAN,0.0
AC104118.1,0.0
AC027338.1,0.0
PTPDC1,0.0
RASGRF2,0.0
AC008434.1,0.0
LINC01337,0.0
FAM151B,0.0
KLHDC1,0.0
AL139099.2,0.0
AL691447.2,0.0
LINC02603,0.0
AL360020.1,0.0
AC064836.3,0.0
RGCC,0.0
AL354696.1,0.0
AL354696.2,0.0
AL590064.1,0.0
FOXO1,0.0
LINC00598,0.0
COG6,0.0
TSC22D1-AS1,0.0
TUSC8,0.0
ATP11A-AS1,0.0
SMIM2-AS1,0.0
AL512506.1,0.0
ENOX1,0.0
DGKH,0.0
VWA8-AS1,0.0
CEP120,0.0
PPIC,0.0
AC008568.1,0.0
PRR16,0.0
SERP2,0.0
AL160272.1,0.0
AL133284.1,0.0
GPR21,0.0
AC007066.2,0.0
ZBTB6,0.0
OR1L8,0.0
AL359636.2,0.0
AL135905.2,0.0
AL135905.1,0.0
SEMA6A,0.0
AL355347.1,0.0
AL139383.1,0.0
PLCL1,0.0
SLC27A6,0.0
FBN2,0.0
AC008629.1,0.0
LINC02147,0.0
LINC00992,0.0
SEMA6A-AS1,0.0
PTP4A1,0.0
AL713852.1,0.0
AC093635.1,0.0
AC012443.2,0.0
FMNL2,0.0
CACNB4,0.0
RAB23,0.0
ZNF451-AS1,0.0
LHX6,0.0
MORN5,0.0
SHCBP1L,0.0
AL596244.1,0.0
DAB2IP,0.0
AL359644.1,0.0
GSN-AS1,0.0
AL513122.2,0.0
AL078645.1,0.0
COLGALT2,0.0
RGL1,0.0
NCF2,0.0
TTLL11,0.0
AL359880.1,0.0
AL139801.1,0.0
LRRC63,0.0
CPB2,0.0
CPB2-AS1,0.0
SIAH3,0.0
SLC25A30-AS1,0.0
SLC25A30,0.0
AL138963.1,0.0
HTR2A,0.0
KCTD4,0.0
CYSLTR2,0.0
AL157813.1,0.0
LPAR6,0.0
RB1-DT,0.0
AL158196.1,0.0
SUCLA2-AS1,0.0
AL157369.1,0.0
LINC00562,0.0
AL138963.4,0.0
AL021368.3,0.0
SLC2A8,0.0
AL445222.1,0.0
ZBTB34,0.0
AL358074.1,0.0
AL359632.1,0.0
GOLGA1,0.0
AL359538.4,0.0
SPATA13-AS1,0.0
B3GNT10,0.0
PCOTH,0.0
TNFRSF19,0.0
LINC00327,0.0
USPL1,0.0
UBE2L5,0.0
LINC00426,0.0
MTUS2,0.0
SLC46A3,0.0
FLT1,0.0
SPATA13,0.0
AL512652.1,0.0
IL17D,0.0
CHSY3,0.0
LINC01792,0.0
AOX1,0.0
AC012459.1,0.0
GPR12,0.0
WASF3-AS1,0.0
AL138966.2,0.0
AL021368.5,0.0
ATP8A2,0.0
AL590787.1,0.0
PABPC3,0.0
RNF17,0.0
ATP12A,0.0
KHDRBS2,0.0
KHDRBS2-OT,0.0
AL445250.1,0.0
AL021368.1,0.0
SHISA2,0.0
AC093535.1,0.0
GRAMD2B,0.0
AC113398.2,0.0
ZNF608,0.0
STARD13,0.0
KL,0.0
AL138820.1,0.0
N4BP2L2-IT2,0.0
LINC02770,0.0
URAD,0.0
SMAD9-IT1,0.0
SMAD9,0.0
SERTM1,0.0
SPART-AS1,0.0
SOHLH2,0.0
NBEA,0.0
AL161891.1,0.0
C5,0.0
TRAF1,0.0
LINC00571,0.0
RASL11A,0.0
LINC00412,0.0
USP12-AS2,0.0
ERVMER61-1,0.0
PLA2G4A,0.0
PACERR,0.0
PTGS2,0.0
AL096803.4,0.0
AL096803.2,0.0
LMNB1-DT,0.0
HMCN1,0.0
AL078644.2,0.0
SWT1,0.0
ZAR1L,0.0
FRY-AS1,0.0
MEGF10,0.0
AC011416.3,0.0
C5orf63,0.0
MARCH3,0.0
PRG4,0.0
DCT,0.0
EPB41L4A-DT,0.0
STARD4-AS1,0.0
AL136526.1,0.0
AL356966.1,0.0
GGACT,0.0
AL353697.1,0.0
PCCA,0.0
AL137139.2,0.0
SMG7-AS1,0.0
LINC01232,0.0
GPR18,0.0
UBAC2-AS1,0.0
DOCK9,0.0
STK24-AS1,0.0
FARP1-AS1,0.0
FARP1,0.0
AL442067.2,0.0
AL390755.3,0.0
LINC00449,0.0
AL583856.2,0.0
AL365226.1,0.0
ADGRB3,0.0
AL391807.1,0.0
AL713998.1,0.0
TNC,0.0
TNFSF8,0.0
GPC6,0.0
AL354811.1,0.0
CLDN10-AS1,0.0
LINC00379,0.0
AL445647.1,0.0
SLITRK5,0.0
AL442067.1,0.0
AL442067.3,0.0
MBNL2,0.0
UGGT2,0.0
AL138955.1,0.0
DZIP1,0.0
GPC5,0.0
FO393414.3,0.0
LINC00472,0.0
AL589935.1,0.0
RNF183,0.0
SLC31A2,0.0
FAM225A,0.0
ZFP37,0.0
AL139041.1,0.0
AL390067.1,0.0
IRS2,0.0
AL139385.1,0.0
RAB20,0.0
DCUN1D2,0.0
ADPRHL1,0.0
GRTP1,0.0
PROZ,0.0
F7,0.0
MCF2L-AS1,0.0
MCF2L,0.0
NAXD,0.0
MYO16,0.0
AL138694.1,0.0
AL157762.1,0.0
LINC00551,0.0
EFNB2,0.0
LINC01309,0.0
AL137246.1,0.0
POGLUT2,0.0
CCDC168,0.0
KCNQ5-IT1,0.0
FGF14,0.0
AC007272.1,0.0
AC005037.1,0.0
AL139384.1,0.0
AL139384.2,0.0
AL353704.1,0.0
AL442128.2,0.0
AL158070.1,0.0
KCNQ5-AS1,0.0
AL158063.1,0.0
AC010226.1,0.0
KLF5,0.0
DACH1,0.0
PCDH9,0.0
PCDH20,0.0
PCDH17,0.0
PCDH8,0.0
CNMD,0.0
WHRN,0.0
B3GAT2,0.0
COL27A1,0.0
RGS3,0.0
ASTN2,0.0
PAPPA-AS1,0.0
PAPPA,0.0
EML6,0.0
AC093110.1,0.0
AC008280.3,0.0
GPR75,0.0
AL138895.1,0.0
TICAM2,0.0
FEM1C,0.0
AC008494.3,0.0
TRIM36,0.0
MCC,0.0
AL136301.1,0.0
RCBTB1,0.0
AL162377.1,0.0
DHRS12,0.0
AC008549.2,0.0
INTS6-AS1,0.0
SERPINE3,0.0
FAM124A,0.0
RNASEH2B-AS1,0.0
DLEU7,0.0
AL137060.3,0.0
KCNRG,0.0
SPRYD7,0.0
AC034236.3,0.0
WDFY2,0.0
POU4F1,0.0
OBI1-AS1,0.0
EDNRB,0.0
EDNRB-AS1,0.0
MYCBP2-AS2,0.0
AC001226.1,0.0
AL355999.1,0.0
NPL,0.0
LINC01686,0.0
STON1,0.0
TSLP,0.0
TMEM232,0.0
AC012603.1,0.0
AC008467.1,0.0
LINC01023,0.0
AC008462.1,0.0
C9orf147,0.0
ZNF483,0.0
LPAR1,0.0
CAMK4,0.0
AL139089.1,0.0
LINC00345,0.0
THSD1,0.0
TMEM272,0.0
RNASEL,0.0
LINC01344,0.0
LINC01732,0.0
KIAA1614-AS1,0.0
AL162431.1,0.0
RBM26-AS1,0.0
MYCBP2-AS1,0.0
AC000403.1,0.0
KCTD12,0.0
AL137244.1,0.0
LMO7-AS1,0.0
MIR4500HG,0.0
LINC00333,0.0
AL162493.1,0.0
AL590807.1,0.0
KIAA1614,0.0
AC123768.5,0.0
AC123768.2,0.0
AC123768.3,0.0
AC123768.4,0.0
GOLGA8K,0.0
LPCAT4,0.0
AC009268.2,0.0
CHRM5,0.0
AC010809.1,0.0
ANKDD1B,0.0
AC010809.3,0.0
RYR3,0.0
GPX8,0.0
GZMA,0.0
LINC01033,0.0
AC025175.2,0.0
AC096772.1,0.0
FSIP1,0.0
AC037198.2,0.0
AC010809.2,0.0
ARHGAP11B,0.0
AC091057.2,0.0
AC091057.3,0.0
AC026150.3,0.0
GOLGA8H,0.0
GOLGA8Q,0.0
AL590714.1,0.0
NECTIN4,0.0
CD244,0.0
SCG5,0.0
LINC01857,0.0
AC009226.1,0.0
MYOSLID,0.0
KLF7-IT1,0.0
AC008269.1,0.0
MDH1B,0.0
DYTN,0.0
AC055874.1,0.0
FMN1,0.0
SLAMF7,0.0
CBWD6,0.0
BX255923.1,0.0
AL353626.1,0.0
BX664727.3,0.0
LINC01506,0.0
AL161457.1,0.0
AL161457.2,0.0
PGM5-AS1,0.0
PGM5,0.0
AC037198.1,0.0
AL627230.1,0.0
FAM27E3,0.0
ANKRD20A3,0.0
AC020658.4,0.0
PAK6,0.0
BMF,0.0
AC021755.3,0.0
GPR176-DT,0.0
GPR176,0.0
ANKRD20A1,0.0
AC013652.1,0.0
LINC02694,0.0
AC116158.1,0.0
RASGRP1,0.0
LINC01852,0.0
MEIS2,0.0
C15orf41,0.0
DPH6-DT,0.0
AC021231.1,0.0
AL845472.1,0.0
KCNJ9,0.0
KCNJ10,0.0
LINC01133,0.0
DISP2,0.0
CCDC9B,0.0
AC020658.5,0.0
C15orf56,0.0
AC020658.3,0.0
AL591926.2,0.0
AL121987.2,0.0
AL583722.2,0.0
FCGR2B,0.0
HSPA6,0.0
AL592295.5,0.0
AL592295.4,0.0
MPZ,0.0
PCP4L1,0.0
IL6ST,0.0
PLPP1,0.0
LINC02352,0.0
CRIP2,0.0
AL928654.2,0.0
AL928654.1,0.0
TEX22,0.0
PACS2,0.0
JAG2,0.0
LINC02298,0.0
GPR132,0.0
GOLGA8S,0.0
CCNO,0.0
TRPM3,0.0
SMC5-AS1,0.0
MAMDC2,0.0
MAMDC2-AS1,0.0
PCA3,0.0
PRUNE2,0.0
NMRK1,0.0
AL158825.2,0.0
CARNMT1-AS1,0.0
ZBTB42,0.0
AL049840.6,0.0
AL139300.2,0.0
AL133367.1,0.0
CLBA1,0.0
AHNAK2,0.0
PLD4,0.0
CEP170B,0.0
AL583810.2,0.0
LINC00638,0.0
AL049840.3,0.0
ANKRD55,0.0
AC016596.1,0.0
SLAMF1,0.0
AC026150.1,0.0
LINC02249,0.0
GOLGA8J,0.0
TJP1,0.0
FAM189A1,0.0
APBA2,0.0
AC068446.2,0.0
GOLGA8M.1,0.0
GOLGA8M,0.0
AC009878.1,0.0
GABRB3,0.0
AC023449.2,0.0
AC100774.1,0.0
SNURF,0.0
CHRNA7,0.0
OTUD7A,0.0
GOLGA6L7,0.0
AC012414.5,0.0
IGHVIII-76-1,0.0
TMEM121,0.0
AC092343.1,0.0
PDE4D,0.0
AL136317.2,0.0
FP326651.1,0.0
FOXD4L5,0.0
ANKRD20A4,0.0
LINC01948,0.0
TPBG,0.0
LINC02542,0.0
AL122017.1,0.0
TRPM6,0.0
RORB,0.0
LINC01474,0.0
LINC01504,0.0
RAB3C,0.0
AC008937.3,0.0
CR786580.1,0.0
AC051619.7,0.0
AC051619.6,0.0
TTC33,0.0
LINC02104,0.0
OSMR,0.0
AC025449.2,0.0
AC012379.2,0.0
AC084757.2,0.0
AC084757.3,0.0
AC008966.1,0.0
AC017083.2,0.0
LINC01812,0.0
LINC01829,0.0
LINC01798,0.0
MEIS1-AS2,0.0
BX664615.2,0.0
GLIDR,0.0
AL953883.1,0.0
FAM201A,0.0
AC023355.1,0.0
HYPK,0.0
SERINC4,0.0
AC011330.2,0.0
CATSPER2,0.0
AC114956.1,0.0
AC114956.3,0.0
TMEM267,0.0
AC114947.2,0.0
SH2D2A,0.0
AC051619.8,0.0
CTXN2,0.0
SLC24A5,0.0
AC068722.2,0.0
AC090527.3,0.0
SLC30A4,0.0
C15orf48,0.0
AC025580.3,0.0
SLC28A2,0.0
AC051619.5,0.0
CRABP2,0.0
AC023906.3,0.0
BCL2L10,0.0
AC023906.5,0.0
AC090970.1,0.0
AC090970.2,0.0
MAPK6-DT,0.0
AC090971.1,0.0
AC090971.5,0.0
TMOD2,0.0
IGFBPL1,0.0
TNFAIP8L3,0.0
IL7R,0.0
TTC23L,0.0
AC026801.2,0.0
RAI14,0.0
AC025917.1,0.0
CERNA1,0.0
AC023906.4,0.0
NES,0.0
SCG3,0.0
FRMPD1,0.0
FBXO10,0.0
SPTA1,0.0
CD1D,0.0
KIRREL1,0.0
ARHGEF11,0.0
AP4E1,0.0
AC021752.1,0.0
AC084756.1,0.0
PAQR6,0.0
AC025040.1,0.0
FGF7,0.0
AC022306.3,0.0
AC022306.2,0.0
SHC4,0.0
AC008945.1,0.0
GHR,0.0
OXCT1-AS1,0.0
TMEM79,0.0
AC022087.1,0.0
ADAM23,0.0
ZDBF2,0.0
AC025175.1,0.0
FST,0.0
AC090510.3,0.0
CDAN1,0.0
AC018362.2,0.0
AC018362.1,0.0
CAPN3,0.0
FRMD5,0.0
EHD4,0.0
AC020659.1,0.0
SPTBN5,0.0
PLA2G4B,0.0
JMJD7,0.0
MAPKBP1,0.0
AC073657.1,0.0
VSIG8,0.0
AL590560.2,0.0
AC039056.2,0.0
AC008966.2,0.0
ITGA1,0.0
AC093297.2,0.0
AC022405.1,0.0
AL138930.1,0.0
SLAMF6,0.0
VANGL2,0.0
NHLH1,0.0
AL139011.1,0.0
C15orf62,0.0
LTK,0.0
ITPKA,0.0
AC087721.1,0.0
AC020661.4,0.0
AC020661.3,0.0
CHAC1,0.0
AC020661.1,0.0
RHOV,0.0
SPINT1-AS1,0.0
TYRO3,0.0
TTBK2,0.0
AC090510.2,0.0
HMGCS1,0.0
NIM1K,0.0
AC025171.2,0.0
ANXA2R,0.0
AC025171.5,0.0
AC025171.3,0.0
AC025171.1,0.0
SLAMF8,0.0
AC008875.2,0.0
STRC,0.0
SLAMF9,0.0
IGSF9,0.0
CFAP45,0.0
AL590560.3,0.0
DUOX1,0.0
PATL2,0.0
AC025430.1,0.0
AC008875.1,0.0
ACKR1,0.0
CADM3-AS1,0.0
AIM2,0.0
MNDA,0.0
TGM5,0.0
AL512604.3,0.0
CFAP206,0.0
NEB,0.0
TNFAIP6,0.0
AC068724.1,0.0
LERFS,0.0
AL512625.3,0.0
BX005266.2,0.0
AL590399.1,0.0
AL590399.3,0.0
AL391987.3,0.0
FAM27C,0.0
BX088651.4,0.0
EPB42,0.0
AL512625.1,0.0
OMD,0.0
OGN,0.0
AL353764.1,0.0
AUH,0.0
AL158071.5,0.0
LINC00484,0.0
AL158071.1,0.0
AL158071.3,0.0
HEATR4,0.0
AL049840.4,0.0
AC004846.2,0.0
AC004846.1,0.0
PAPLN,0.0
AL442663.3,0.0
MAP1B,0.0
SMN1,0.0
SERF1A,0.0
AC146944.4,0.0
DUSP27,0.0
AC005280.2,0.0
AC004825.2,0.0
AC004816.2,0.0
AC004816.1,0.0
AL357153.1,0.0
ADAM20,0.0
ADAM21,0.0
AL356804.1,0.0
AC005480.1,0.0
AC005520.5,0.0
ECM2,0.0
AC005520.2,0.0
ACOT4,0.0
AC005225.2,0.0
ACOT1,0.0
AL359715.1,0.0
AL359715.3,0.0
BCKDHB,0.0
ELOVL4,0.0
SH3BGRL2,0.0
PTGR2,0.0
TTLL5,0.0
FLVCR2,0.0
AF111167.2,0.0
LINC01220,0.0
AL691403.2,0.0
AL049780.2,0.0
NEK9,0.0
ZC2HC1C,0.0
AL049780.1,0.0
GPA33,0.0
POMT2,0.0
CIPC,0.0
LINC02288,0.0
AC007686.3,0.0
VASH1,0.0
ESRRB,0.0
AC016526.2,0.0
TGFB3,0.0
SLC28A3,0.0
SAMD15,0.0
MAEL,0.0
AC005519.1,0.0
LIN52,0.0
FAM161B,0.0
AC005520.3,0.0
PGF,0.0
RPS6KL1,0.0
PROX2,0.0
LTBP2,0.0
AC093523.1,0.0
AL031733.2,0.0
AL359962.3,0.0
CARF,0.0
UTP15,0.0
ANKRA2,0.0
FCHO2,0.0
AC008972.2,0.0
PTCD2,0.0
AC010273.2,0.0
GPR161,0.0
SGPP1,0.0
AL139022.2,0.0
RAB15,0.0
SPTB,0.0
PLEKHG3,0.0
PPP1R36,0.0
HSPA2,0.0
AKAP5,0.0
AL122035.2,0.0
PCNX1,0.0
F2RL1,0.0
F2RL2,0.0
AC113404.1,0.0
PARD3B,0.0
ICOS,0.0
XCL2,0.0
TBX19,0.0
PLEKHH1,0.0
TMEM229B,0.0
AL122035.1,0.0
AC010245.2,0.0
AC010245.1,0.0
AC008897.3,0.0
GCNT4,0.0
AC010501.2,0.0
AL161756.3,0.0
AL158071.4,0.0
AL606807.1,0.0
GADD45G,0.0
SYNE2,0.0
S1PR3,0.0
WNK2,0.0
WDPCP,0.0
AC009501.3,0.0
OTX1,0.0
AC007098.1,0.0
AC093159.1,0.0
AL161756.1,0.0
ESR2,0.0
AL353150.1,0.0
SLC10A1,0.0
AL133445.2,0.0
AL133445.3,0.0
CCDC177,0.0
PLEKHD1,0.0
AL359317.2,0.0
AL391262.1,0.0
ACTN1-AS1,0.0
AL121820.3,0.0
PLEK2,0.0
AL049779.4,0.0
ZFYVE1,0.0
DPF3,0.0
RGS6,0.0
AC004974.1,0.0
AC005476.2,0.0
AC004817.5,0.0
AC004817.3,0.0
AC004825.3,0.0
ZFYVE26,0.0
AL135978.2,0.0
MPP5,0.0
AL157997.1,0.0
LINC02290,0.0
AL391261.4,0.0
AL391261.2,0.0
FUT8-AS1,0.0
SELP,0.0
F5,0.0
SLC8A3,0.0
XCL1,0.0
FAM169A,0.0
ENC1,0.0
ARHGEF28,0.0
AC007383.3,0.0
AC007383.2,0.0
AC007679.1,0.0
NRP2,0.0
AL160191.1,0.0
Z99572.1,0.0
ME1,0.0
RWDD2A,0.0
AL354920.1,0.0
FRMD3,0.0
AL137847.1,0.0
RASEF,0.0
AL162726.4,0.0
PSAT1,0.0
LINC02576,0.0
C9orf64,0.0
AK7,0.0
AL355102.3,0.0
C14orf132,0.0
LRRC70,0.0
SMIM15-AS1,0.0
AC109133.1,0.0
PART1,0.0
FCRLB,0.0
FCRLA,0.0
AL163051.1,0.0
IFI27,0.0
OTUB2,0.0
ASB2,0.0
AL122023.1,0.0
UNC79,0.0
MOAP1,0.0
ITPK1-AS1,0.0
LGMN,0.0
AL157912.1,0.0
MRAP2,0.0
AL160313.1,0.0
CCDC85C,0.0
BCL11B,0.0
LINC01550,0.0
LINC02325,0.0
LINC00618,0.0
AL137786.1,0.0
GJB7,0.0
NT5E,0.0
CYP46A1,0.0
LINC02323,0.0
ANKRD9,0.0
TECPR2,0.0
ZNF839,0.0
AL118558.4,0.0
AL118558.3,0.0
AL137779.1,0.0
LINC02285,0.0
AL132709.8,0.0
DLK1,0.0
ADAMTS4,0.0
USP21,0.0
LINC02280,0.0
TMEM179,0.0
KIF26A,0.0
TDRD9,0.0
AL132712.2,0.0
PPP1R13B,0.0
XRCC3,0.0
MEG9,0.0
BEGAIN,0.0
AL135838.1,0.0
WARS,0.0
DEGS2,0.0
MEG8,0.0
MEG3,0.0
DDR2,0.0
AL596325.2,0.0
AL596325.1,0.0
AMN,0.0
NOS1AP,0.0
OLFML2B,0.0
AL359541.1,0.0
ADAMTS6,0.0
AC092354.1,0.0
AC092354.2,0.0
RNF180,0.0
AL138976.2,0.0
EXOC3L4,0.0
C1orf226,0.0
LINC02301,0.0
SEL1L,0.0
AL136040.1,0.0
AL136040.2,0.0
AC007262.2,0.0
DIO2,0.0
C14orf178,0.0
ISM2,0.0
NOXRED1,0.0
PPP4R4,0.0
AL358115.1,0.0
TMCO1-AS1,0.0
AL451074.5,0.0
AL357568.2,0.0
FOXN3-AS2,0.0
AL357093.2,0.0
AL138478.1,0.0
AL121768.1,0.0
EML5,0.0
LINC01675,0.0
KIF27,0.0
AL354733.2,0.0
AL354733.1,0.0
GKAP1,0.0
NXNL2,0.0
AL353748.3,0.0
AL353572.4,0.0
CDK20,0.0
CTSL,0.0
LINC00911,0.0
GAS1,0.0
AL359715.2,0.0
SMN2,0.0
SERF1B,0.0
GTF2H2C,0.0
MARVELD2,0.0
PTPN21,0.0
SPATA7,0.0
LINC02316,0.0
GAS1RR,0.0
AL512791.2,0.0
AL161662.1,0.0
NRDE2,0.0
ILDR2,0.0
SLC24A4,0.0
FBLN5,0.0
AL121839.2,0.0
AL133153.2,0.0
AL135818.3,0.0
AL162171.3,0.0
AL135818.1,0.0
GPR68,0.0
LINC02242,0.0
CD180,0.0
MAST4-AS1,0.0
MAST4-IT1,0.0
AL133467.1,0.0
CLMN,0.0
DICER1-AS1,0.0
AL135818.2,0.0
AC025442.2,0.0
SHLD3,0.0
AC025176.1,0.0
LINC02321,0.0
AC007365.1,0.0
AC008074.2,0.0
LGALSL-DT,0.0
AC012368.1,0.0
PELI1,0.0
AL139193.2,0.0
AL391840.3,0.0
LCA5,0.0
AL391840.1,0.0
HMGN3-AS1,0.0
AL356776.2,0.0
IRAK1BP1,0.0
C9orf153,0.0
AL353743.2,0.0
AGTPBP1,0.0
AL122020.2,0.0
AL451064.1,0.0
