obs_name,true_label,predicted_label,prob_HDR_HDR,prob_HDR_Insertion,prob_HDR_NHEJ-Deletion,prob_HDR_WT,prob_Insertion_Insertion,prob_Insertion_MMEJ-Deletion,prob_Insertion_NHEJ-Deletion,prob_Insertion_SV,prob_Insertion_WT,prob_MMEJ-Deletion_MMEJ-Deletion,prob_MMEJ-Deletion_NHEJ-Deletion,prob_MMEJ-Deletion_WT,prob_NHEJ-Deletion_NHEJ-Deletion,prob_NHEJ-Deletion_SV,prob_NHEJ-Deletion_WT
TGAGTCATCGTAACCA-4,Insertion_NHEJ-Deletion,Insertion_WT,0.010554032,0.035356738,0.028974487,0.025011761,0.118623614,0.06279337,0.16364643,0.006208648,0.29109937,0.0049359347,0.018276,0.03113052,0.10603923,0.0067625726,0.09058727
GATTCGAGTCATCCGG-1,NHEJ-Deletion_WT,Insertion_Insertion,0.052968774,0.031614218,0.042320453,0.086409986,0.1321532,0.09379485,0.12410942,0.017709011,0.098228686,0.021303019,0.044042602,0.017776782,0.10892613,0.023202185,0.105440676
GGGACCTTCTACGCAA-1,Insertion_WT,Insertion_Insertion,0.029616682,0.09064659,0.0596715,0.01367247,0.19045901,0.0992074,0.14646935,0.011199295,0.1049473,0.011827177,0.035007685,0.04103936,0.089389466,0.018139284,0.05870744
TTAGGGTGTTCTCGCT-1,Insertion_NHEJ-Deletion,Insertion_WT,0.015272835,0.036902234,0.027904034,0.041148886,0.19103205,0.050783362,0.15912063,0.011134173,0.24884011,0.008305265,0.012050657,0.014168628,0.0925178,0.0029419821,0.08787738
AAGACTCAGGCACTCC-1,Insertion_Insertion,Insertion_WT,0.009005002,0.059697997,0.014216873,0.06867668,0.19892147,0.048962183,0.16709295,0.014539773,0.24541883,0.006328437,0.011341887,0.017025389,0.08527214,0.003108638,0.050391722
CTCCAACCACAAGCTT-1,HDR_NHEJ-Deletion,Insertion_NHEJ-Deletion,0.009874168,0.072918065,0.024963487,0.0075627463,0.17971615,0.03515154,0.19548602,0.0069265272,0.17210382,0.016833054,0.017113036,0.010945523,0.12704414,0.0058302763,0.11753139
TTAGGGTTCCAGTGTA-1,Insertion_NHEJ-Deletion,Insertion_Insertion,0.11551764,0.1131965,0.028449595,0.043867193,0.17490704,0.09107081,0.0965768,0.006630394,0.099085175,0.0072436854,0.02042873,0.070195325,0.07084622,0.0061949473,0.055789936
CCGTGAGCACGTCGGT-1,HDR_Insertion,Insertion_MMEJ-Deletion,0.13116921,0.09026874,0.01706346,0.0059211683,0.1655906,0.16798674,0.14815924,0.009615461,0.07484426,0.004481988,0.0169197,0.06765169,0.07030813,0.008984975,0.021034619
TTGTTGTTCTGAGGTT-4,NHEJ-Deletion_WT,Insertion_Insertion,0.12599108,0.056377433,0.029191293,0.0514012,0.15113793,0.08064625,0.09720339,0.020849489,0.11449178,0.027946947,0.015270133,0.031344373,0.097392485,0.0063538663,0.09440233
CGCCAGATCGTTAGAC-1,HDR_Insertion,HDR_HDR,0.2782821,0.07893822,0.009745624,0.006339902,0.17926261,0.058131624,0.130629,0.007324276,0.08727905,0.0061058016,0.016232926,0.017022517,0.07139593,0.012392522,0.04091788
AGTAACCAGGCTCCCA-1,Insertion_Insertion,Insertion_Insertion,0.041487068,0.062091783,0.029165667,0.016359173,0.21228616,0.06947537,0.16568875,0.013204952,0.15212403,0.010719914,0.016774744,0.010950354,0.11372146,0.010474367,0.075476274
TCCCATGAGCTTCATG-1,Insertion_Insertion,Insertion_WT,0.05767335,0.07967492,0.021487823,0.01201815,0.15387146,0.057149038,0.1406195,0.015012013,0.23155285,0.0058715204,0.06852868,0.031211952,0.05848156,0.0033979954,0.06344916
GCACGGTGTCCAAGAG-1,NHEJ-Deletion_NHEJ-Deletion,Insertion_WT,0.022483073,0.1174115,0.028962472,0.03478843,0.16103658,0.07247075,0.12033515,0.011212486,0.1866556,0.010519693,0.023553098,0.026305374,0.10986004,0.004173301,0.070232406
GACAGCCAGTCATTGC-1,Insertion_Insertion,Insertion_Insertion,0.041238602,0.053805552,0.01683096,0.045395784,0.36156452,0.033785935,0.1397965,0.0098934155,0.10377692,0.010442175,0.013141184,0.032316685,0.086354926,0.003021457,0.048635386
CGGGTGTGTCGGCCTA-1,HDR_NHEJ-Deletion,Insertion_NHEJ-Deletion,0.018706277,0.06568027,0.06303702,0.022189438,0.15493307,0.0627568,0.3329802,0.006803119,0.067346,0.0052459426,0.034946177,0.0040847883,0.106944434,0.0033637662,0.05098273
AGAGAGCCACATGACT-1,Insertion_SV,Insertion_NHEJ-Deletion,0.024631798,0.08736232,0.0180351,0.014534174,0.11410456,0.06481168,0.33499205,0.00986872,0.1066708,0.008698398,0.040678058,0.010252533,0.11126789,0.015784414,0.03830753
AGTCAACCAGTATTCG-4,HDR_Insertion,Insertion_Insertion,0.05510999,0.04841146,0.0333673,0.040036052,0.4057822,0.034141693,0.0727865,0.011726984,0.08418899,0.012986865,0.02588553,0.024145277,0.101556696,0.009606002,0.040268447
GTAATCGTCTCAAAGC-4,Insertion_WT,NHEJ-Deletion_WT,0.020971304,0.09029366,0.03153015,0.032672886,0.16015843,0.04289231,0.1505216,0.0073445537,0.1038051,0.00744761,0.01325656,0.03653519,0.08273901,0.0023102572,0.21752132
AAACGAACATACGCAT-1,Insertion_WT,Insertion_WT,0.015594531,0.05092032,0.021138925,0.026356323,0.14071031,0.07078188,0.14650922,0.016975531,0.31166852,0.0080741,0.018469112,0.029604735,0.07364639,0.0083618155,0.061188333
GCCAGCAAGTTCCGGC-4,Insertion_Insertion,Insertion_Insertion,0.025654735,0.14190051,0.029083688,0.007994986,0.2038873,0.087874316,0.0890209,0.0061963717,0.10534408,0.011052397,0.01114658,0.017398128,0.1681185,0.0074601495,0.08786732
GTTAGACGTGTCCACG-1,HDR_NHEJ-Deletion,HDR_WT,0.081089884,0.0661127,0.025245352,0.2020166,0.09467937,0.04645083,0.08808432,0.009682877,0.16207662,0.019673685,0.007624794,0.025115993,0.04364493,0.006086265,0.122415796
TGCAGTACAAATCAGA-1,Insertion_WT,Insertion_WT,0.032805957,0.03828007,0.017579809,0.14276783,0.101250194,0.05039111,0.09620726,0.0062647285,0.23973507,0.0068482417,0.006678538,0.04392025,0.07558363,0.0069522066,0.13473512
AGCGATTTCTAGATCG-4,NHEJ-Deletion_WT,Insertion_WT,0.010366078,0.08848046,0.012964992,0.060200196,0.09164802,0.035765637,0.15098903,0.007256301,0.369047,0.010704377,0.02481358,0.026763903,0.031668827,0.0026538547,0.07667779
CATAGACAGGAATGTT-1,HDR_Insertion,Insertion_Insertion,0.054490037,0.06910399,0.028147781,0.00981929,0.21116832,0.05337313,0.19881709,0.0063192127,0.1689004,0.025048688,0.020388842,0.017003868,0.08936493,0.0023027272,0.04575168
TGTACAGTCCCTCTAG-1,NHEJ-Deletion_SV,Insertion_NHEJ-Deletion,0.026225973,0.09066052,0.015930012,0.03282125,0.12945323,0.05035287,0.27055153,0.010412383,0.122687615,0.010660137,0.03617501,0.041810714,0.11490264,0.0039292383,0.043426886
TCTTTGAGTGCGGTAA-4,Insertion_Insertion,Insertion_NHEJ-Deletion,0.03141066,0.070191525,0.029913874,0.025280863,0.13963258,0.05399447,0.25982594,0.017290592,0.16163626,0.0052543157,0.06499298,0.0140687935,0.07464152,0.0042730416,0.047592577
GACACGCTCTGGCCAG-1,NHEJ-Deletion_NHEJ-Deletion,Insertion_NHEJ-Deletion,0.0364642,0.08341622,0.02192455,0.012799299,0.12519325,0.07400919,0.25374258,0.021217693,0.100651756,0.0058708303,0.03776151,0.0138704395,0.15633269,0.0149001535,0.04184562
TGTGAGTCAGAGCTAG-1,Insertion_WT,Insertion_Insertion,0.10444971,0.07754542,0.041795913,0.032067448,0.15015163,0.07435568,0.14714943,0.01299475,0.054259945,0.010591544,0.052547142,0.019402847,0.0927339,0.03161284,0.09834178
CTCCGATGTGGTCTAT-4,Insertion_WT,Insertion_Insertion,0.021226615,0.058701098,0.018653702,0.0302877,0.24036609,0.04635303,0.23006825,0.008532348,0.13186888,0.0067419177,0.040400043,0.040961858,0.061112244,0.003531222,0.06119504
TGCGATAGTTCTTCAT-1,HDR_WT,HDR_WT,0.11578787,0.061807983,0.025366282,0.19276832,0.08949529,0.049423415,0.093342766,0.022073813,0.06263535,0.015055093,0.010459645,0.04454626,0.068830535,0.009640351,0.138767
TTACGTTAGAATAGTC-1,Insertion_Insertion,NHEJ-Deletion_NHEJ-Deletion,0.033037763,0.08132263,0.06332685,0.015421009,0.13413529,0.053903945,0.10893247,0.010277697,0.17719014,0.011071466,0.039578944,0.022625832,0.17923656,0.010520791,0.059418637
CACAGGCCAGACAATA-1,Insertion_WT,Insertion_NHEJ-Deletion,0.046830308,0.03692223,0.039177373,0.07707105,0.13800846,0.047416396,0.15838914,0.01853866,0.13557392,0.011739448,0.024806755,0.022796795,0.09250996,0.010353951,0.13986556
TACGGGCTCGCGCCAA-1,Insertion_Insertion,Insertion_NHEJ-Deletion,0.1083026,0.045827378,0.017869828,0.04250431,0.17755955,0.06912328,0.22892715,0.00632758,0.12944433,0.007574971,0.023780907,0.019859483,0.049232665,0.02615977,0.047506236
TGGTAGTTCTCAACGA-1,Insertion_NHEJ-Deletion,Insertion_NHEJ-Deletion,0.048360534,0.0487783,0.020475643,0.010543344,0.14915775,0.0665329,0.25991532,0.019314358,0.16725653,0.0053632027,0.027812721,0.0287215,0.0800685,0.009604353,0.058095068
CCTGTTGCAGTAGTTC-1,HDR_WT,HDR_Insertion,0.05373356,0.20499402,0.038118068,0.039455097,0.14083442,0.042809725,0.11265996,0.012528813,0.08377676,0.02262393,0.013440118,0.02887718,0.112584636,0.007097872,0.086465806
GGAGAACGTATGTGTC-1,NHEJ-Deletion_WT,Insertion_Insertion,0.09085688,0.069761574,0.044167563,0.01697914,0.20651406,0.031181017,0.1187851,0.012879248,0.07398327,0.014542735,0.031197054,0.016824938,0.11996012,0.0316986,0.120668665
ATCGTAGTCTTGGTCC-1,NHEJ-Deletion_NHEJ-Deletion,HDR_WT,0.075371906,0.039758373,0.02015753,0.1753378,0.11336716,0.04218082,0.10375075,0.010758742,0.16754323,0.022344554,0.01527055,0.023117578,0.079161935,0.010518931,0.10136016
AGTCTCCAGTGATCGG-1,HDR_WT,HDR_WT,0.031931203,0.067647584,0.016355392,0.27441183,0.06817416,0.059738107,0.04057373,0.008895304,0.0954578,0.021245876,0.009449721,0.036051754,0.100761615,0.011334675,0.15797128
TACAACGTCGGTGAAG-1,Insertion_WT,Insertion_Insertion,0.030776808,0.07799323,0.05529448,0.025844665,0.16651733,0.062985376,0.114200935,0.018661683,0.07749487,0.012383177,0.015808096,0.016993832,0.15127109,0.024877878,0.14889656
ACTTTCACAACAAGTA-4,NHEJ-Deletion_NHEJ-Deletion,NHEJ-Deletion_WT,0.011865565,0.021955524,0.036378447,0.027420782,0.07742952,0.030494737,0.13895962,0.006569998,0.21957737,0.009180783,0.007855672,0.05020075,0.04571947,0.007628637,0.30876315
TGTGATGAGCCTGACC-4,Insertion_WT,Insertion_NHEJ-Deletion,0.029458148,0.04191657,0.03153414,0.025072064,0.16741279,0.040032715,0.27127075,0.012335166,0.13064072,0.006483066,0.014588087,0.030187199,0.1235789,0.0028853577,0.07260435
GGGCCATTCAAACGTC-1,Insertion_NHEJ-Deletion,Insertion_WT,0.042019073,0.06983551,0.009940345,0.027208434,0.20508486,0.039929952,0.13422386,0.010685132,0.25690392,0.00443278,0.07089014,0.01994755,0.060821347,0.0039383667,0.04413874
GACGCTGTCGTACACA-1,HDR_NHEJ-Deletion,Insertion_NHEJ-Deletion,0.052223235,0.087979935,0.02035994,0.022314947,0.19193906,0.053814363,0.21943572,0.01233022,0.10426478,0.014368314,0.038753387,0.025275173,0.11199211,0.007399632,0.03754913
TTTGGTTAGGAATCGC-1,NHEJ-Deletion_NHEJ-Deletion,Insertion_Insertion,0.116591714,0.09119656,0.02728042,0.023092812,0.18010318,0.06789424,0.13512158,0.008664823,0.06825978,0.01961398,0.03897282,0.014275817,0.10033666,0.013137762,0.095457874
CTCCAACTCCATTCGC-1,Insertion_MMEJ-Deletion,Insertion_NHEJ-Deletion,0.028034506,0.08678699,0.027233051,0.030111326,0.18063541,0.056298677,0.20449825,0.013286427,0.075181395,0.007884394,0.07255615,0.016063437,0.12586631,0.0055671185,0.06999651
ATTGGGTTCGGATTAC-1,HDR_Insertion,Insertion_NHEJ-Deletion,0.05122943,0.13784683,0.054303594,0.03790954,0.14899951,0.049866978,0.16610481,0.008441666,0.15235399,0.0064831516,0.029396,0.046265863,0.05929895,0.0039225435,0.047577154
ACACCAAAGCGTTGTT-1,Insertion_NHEJ-Deletion,Insertion_NHEJ-Deletion,0.014290829,0.039517455,0.030532934,0.036426768,0.14945078,0.031691223,0.31097177,0.005879998,0.13859989,0.008396781,0.032668315,0.013732577,0.13194354,0.0029478485,0.052949347
TGAGACTTCGACCTAA-4,Insertion_WT,Insertion_NHEJ-Deletion,0.015571805,0.047408786,0.051543687,0.021999938,0.122401185,0.05400125,0.26835427,0.007165203,0.14552534,0.003070263,0.03402143,0.033431724,0.10402614,0.0039730393,0.087505974
TCTCACGTCCTTCTGG-1,MMEJ-Deletion_WT,Insertion_Insertion,0.048397694,0.082856886,0.03075102,0.122001335,0.14971983,0.07854428,0.11501302,0.0071582505,0.13987458,0.004511041,0.014117514,0.047123183,0.082652315,0.0062778895,0.071001194
GCCTGTTCAGTCGGAA-1,HDR_Insertion,Insertion_WT,0.0205584,0.08024511,0.08583891,0.024388416,0.12375971,0.042232852,0.13319199,0.010164287,0.15691432,0.009225727,0.023196071,0.03825745,0.0931079,0.008846024,0.15007283
GGTGTTAGTTAGCGGA-1,NHEJ-Deletion_WT,Insertion_Insertion,0.04093245,0.051810276,0.030430168,0.057998024,0.20194115,0.06606303,0.08512074,0.0069003627,0.17769052,0.016434627,0.012707126,0.0712193,0.064575315,0.006848244,0.109328665
TAACACGGTACCGCGT-4,Insertion_NHEJ-Deletion,Insertion_WT,0.012181487,0.03692373,0.012587226,0.057003345,0.048157457,0.03128762,0.087603845,0.007875589,0.4041146,0.0046420954,0.015068871,0.028945789,0.03469318,0.0016890563,0.21722604
ATTACTCCACGGCCAT-1,Insertion_Insertion,Insertion_Insertion,0.15137434,0.09416278,0.021409951,0.007005443,0.21693802,0.059870534,0.1243468,0.007967904,0.07432171,0.009866673,0.015788225,0.03554091,0.110340044,0.013490461,0.057576172
GGGTTATAGCGTTCAT-4,NHEJ-Deletion_SV,Insertion_Insertion,0.05927838,0.08190292,0.053782992,0.036868837,0.17923816,0.06336668,0.13072605,0.011451069,0.09363474,0.008659271,0.034656323,0.031367738,0.09479936,0.009930879,0.1103366
TCCTCTTAGAATCGAT-1,Insertion_MMEJ-Deletion,Insertion_Insertion,0.09832832,0.08735488,0.03637213,0.027825778,0.24479003,0.06342849,0.07346643,0.009854756,0.08647544,0.02816111,0.021996694,0.08472323,0.06405172,0.018484933,0.0546861
AGATCGTTCAATGTCG-1,MMEJ-Deletion_WT,Insertion_Insertion,0.09205031,0.07833123,0.018527664,0.036686532,0.16515025,0.08553259,0.07055609,0.024983725,0.10069186,0.008415002,0.02553807,0.038870905,0.15293331,0.010526214,0.09120621
GACTATGAGCGAAACC-1,MMEJ-Deletion_WT,Insertion_Insertion,0.054687053,0.08646049,0.03724996,0.015711404,0.21978484,0.07005524,0.15175177,0.01040348,0.083276466,0.02328369,0.07215462,0.030532673,0.09577619,0.005992667,0.042879477
TATTTCGCACGGAAGT-4,Insertion_NHEJ-Deletion,Insertion_NHEJ-Deletion,0.02682682,0.06718718,0.0563252,0.028648121,0.2069022,0.057174355,0.26285577,0.008806455,0.11311274,0.0037797482,0.042492207,0.011706518,0.05493107,0.007495812,0.05175579
TGCGACGCAGGCAATG-1,NHEJ-Deletion_WT,Insertion_Insertion,0.08457637,0.087815985,0.03358745,0.011239153,0.26071754,0.037853617,0.18376993,0.0075621777,0.16390312,0.0035575505,0.0154708205,0.018283777,0.04819831,0.0049677673,0.038496442
CTACCCACAGATCCAT-4,Insertion_WT,Insertion_WT,0.04111839,0.052319907,0.0214667,0.026956547,0.18275538,0.064687066,0.10518679,0.0062518963,0.31584376,0.014696001,0.018245993,0.052609514,0.03381726,0.003199086,0.060845688
ATTCAGGAGACTAGAT-1,MMEJ-Deletion_NHEJ-Deletion,MMEJ-Deletion_NHEJ-Deletion,0.048764266,0.04550128,0.09319841,0.01808546,0.12552223,0.05613079,0.13394094,0.013977529,0.122491375,0.012842086,0.13423567,0.051152207,0.08732704,0.013983865,0.04284683
CACATGAAGTGATGGC-1,NHEJ-Deletion_NHEJ-Deletion,Insertion_WT,0.044370893,0.076857865,0.028734986,0.06293288,0.1491734,0.0466088,0.11531249,0.009835202,0.2609754,0.01719133,0.015974766,0.011949725,0.100018054,0.0038848708,0.056179363
GTATTTCGTGCAGGAT-1,NHEJ-Deletion_NHEJ-Deletion,Insertion_WT,0.025136141,0.1440667,0.026369493,0.04762398,0.13360421,0.058236614,0.09948862,0.014074953,0.2208652,0.0068738637,0.029359486,0.034023542,0.06901985,0.020595428,0.07066189
CTCTCGAGTTATGACC-1,HDR_Insertion,HDR_WT,0.07385614,0.08673922,0.028008888,0.15873572,0.13732931,0.048028454,0.06820266,0.012152933,0.07675716,0.023900624,0.051344108,0.014414087,0.09956559,0.0074508046,0.113514334
GGACGTCAGACTTCGT-1,NHEJ-Deletion_WT,Insertion_Insertion,0.032530207,0.07090934,0.019126248,0.016889773,0.2693654,0.032283872,0.21493055,0.0116042085,0.09606006,0.003650063,0.050217684,0.025341257,0.11037172,0.0034141159,0.043305494
CCAATTTAGCTGGAGT-1,Insertion_NHEJ-Deletion,Insertion_Insertion,0.05709023,0.050889242,0.03392665,0.038305894,0.16004537,0.06202288,0.1018689,0.008807234,0.14643951,0.006010905,0.016103806,0.03992739,0.14640106,0.010339262,0.121821664
CTCATCGAGACTGTTC-1,Insertion_NHEJ-Deletion,Insertion_NHEJ-Deletion,0.07771219,0.09727401,0.019915352,0.05600045,0.13507774,0.06027167,0.20829259,0.046152953,0.09407448,0.005790162,0.030724887,0.027145138,0.0645781,0.011260578,0.06572969
TACCCACGTGGACAGT-1,Insertion_NHEJ-Deletion,Insertion_Insertion,0.05801128,0.07213274,0.041530542,0.027903272,0.19595371,0.06803841,0.13576223,0.009658007,0.1795943,0.0132098915,0.014549088,0.040884815,0.06367046,0.0038973168,0.075204
GAGGGTATCGTCGCTT-1,NHEJ-Deletion_SV,Insertion_Insertion,0.05985,0.09729758,0.018197047,0.008410117,0.20212182,0.14769205,0.1100923,0.014834935,0.08746373,0.015245061,0.026531769,0.029929023,0.12001305,0.020042988,0.04227849
GCAACATGTCTCGACG-4,HDR_WT,Insertion_NHEJ-Deletion,0.007905098,0.084053144,0.0207156,0.008187746,0.0975846,0.018130057,0.30842805,0.009552111,0.1307975,0.009425527,0.013812323,0.015757745,0.14421786,0.007904768,0.123527884
ATCGGATTCCTCACCA-1,NHEJ-Deletion_NHEJ-Deletion,Insertion_Insertion,0.087679155,0.09328062,0.028850008,0.006948941,0.193042,0.10287796,0.133321,0.013777986,0.085821055,0.010557443,0.029455254,0.014559717,0.13200912,0.0073715393,0.060448203
CCCTCAATCCGTTGAA-1,HDR_HDR,Insertion_Insertion,0.06620816,0.116552144,0.038303718,0.02201977,0.21464454,0.055158675,0.10704314,0.006759707,0.09143413,0.021256488,0.031031523,0.038493518,0.10050404,0.020237898,0.070352525
GAACGTTCATGGATCT-1,Insertion_NHEJ-Deletion,Insertion_NHEJ-Deletion,0.016968079,0.10118728,0.04520054,0.018457593,0.16370444,0.03288207,0.19240382,0.008521186,0.072737895,0.0044592544,0.030658567,0.021774536,0.14040856,0.0031685801,0.14746763
ATTCATCCATCTCGTC-1,Insertion_WT,Insertion_NHEJ-Deletion,0.013998478,0.11169636,0.0455957,0.025287772,0.158198,0.07503989,0.1665629,0.01068584,0.1114686,0.016379392,0.014850003,0.020218395,0.11795468,0.009178683,0.102885336
GATAGAACAGGCTATT-1,Insertion_NHEJ-Deletion,HDR_Insertion,0.009202526,0.19425406,0.03401084,0.011799498,0.18451625,0.04911487,0.16056612,0.008638076,0.11861894,0.004664125,0.014638502,0.0219836,0.09646519,0.0074926508,0.08403474
AGTAGTCCATACAGAA-1,MMEJ-Deletion_WT,Insertion_WT,0.10855946,0.056665707,0.025863554,0.034083474,0.121123075,0.054975662,0.092473105,0.016671596,0.2230941,0.008927599,0.08005793,0.033634227,0.07712668,0.011586538,0.055157278
ATTCGTTCACTCCTGT-4,Insertion_WT,Insertion_WT,0.022414709,0.06593105,0.00957377,0.04339016,0.09330087,0.025205225,0.17582245,0.008891446,0.18346103,0.0037195208,0.031586703,0.01735341,0.16933767,0.00766421,0.14234774
AATGGAAAGACCAACG-1,Insertion_NHEJ-Deletion,Insertion_Insertion,0.1652433,0.061006375,0.038253322,0.016166491,0.17103526,0.13726653,0.09803445,0.010170546,0.15557031,0.007586228,0.021049004,0.020690922,0.04698602,0.011306614,0.039634638
CAGGTATGTTGAATCC-1,NHEJ-Deletion_NHEJ-Deletion,Insertion_Insertion,0.15056403,0.15566806,0.025551328,0.013335057,0.23726231,0.089977086,0.12353529,0.0070453063,0.079514734,0.00444716,0.016207209,0.023712771,0.035888012,0.008575192,0.028716434
CATGCCTGTTAGAGAT-1,HDR_NHEJ-Deletion,Insertion_WT,0.03286476,0.05424067,0.017677331,0.04781099,0.1320314,0.038691316,0.06811043,0.009195067,0.4880636,0.004764508,0.007368384,0.017010247,0.032513224,0.0036413812,0.0460167
CTGTCGTCACGAGAAC-4,Insertion_Insertion,Insertion_Insertion,0.0148656005,0.05446509,0.043990433,0.017419731,0.2736502,0.044091534,0.1221918,0.014846921,0.17394406,0.00248479,0.021318525,0.02151659,0.091016546,0.0040243138,0.10017386
TCATGTTAGCGTATGG-1,Insertion_Insertion,Insertion_Insertion,0.03020564,0.10544014,0.03624092,0.07745998,0.20030421,0.06441048,0.11743719,0.021004012,0.14692117,0.0044278316,0.026976984,0.04490598,0.055715457,0.004786497,0.06376349
CTACCCACAGTTACCA-4,Insertion_NHEJ-Deletion,Insertion_WT,0.015511435,0.02414229,0.011572492,0.044609785,0.08202538,0.030526327,0.11963305,0.00687098,0.4063619,0.0027583595,0.0061329184,0.050923508,0.06587353,0.002434772,0.13062325
GCTTCACGTGGATACG-1,HDR_NHEJ-Deletion,Insertion_Insertion,0.024675678,0.07349797,0.039350793,0.097041056,0.18327601,0.05917383,0.14444502,0.0062341625,0.1742419,0.021129483,0.012520329,0.034524556,0.071679994,0.006649884,0.051559336
AAGCATCTCGGCTGGT-4,MMEJ-Deletion_NHEJ-Deletion,Insertion_WT,0.012433307,0.05583751,0.046657313,0.019831484,0.15132841,0.03316336,0.1272882,0.008116618,0.3419499,0.0037444218,0.014611444,0.025912536,0.069239944,0.004366916,0.08551862
CGGTCAGAGTAAAGCT-1,HDR_HDR,Insertion_Insertion,0.09756118,0.048068587,0.023510044,0.01759801,0.2617406,0.10630924,0.12553975,0.008406287,0.15687765,0.006381449,0.020311229,0.0389653,0.04734886,0.0070105726,0.034371264
GAAGCCCTCGCGTGAC-1,Insertion_NHEJ-Deletion,Insertion_Insertion,0.08277787,0.070587635,0.041420072,0.025299719,0.23770984,0.049763743,0.08771622,0.02611196,0.19083028,0.0065427306,0.00840566,0.039926823,0.05887569,0.017510097,0.056521684
CCTAACCGTTCGGTTA-1,HDR_HDR,Insertion_Insertion,0.12467275,0.07856931,0.01837133,0.036775447,0.174865,0.12380697,0.07897654,0.011991771,0.08198939,0.023841774,0.036608312,0.01852009,0.12131538,0.013313128,0.05638278
AAACGCTTCTACCTTA-4,NHEJ-Deletion_WT,Insertion_WT,0.008944631,0.041066017,0.009390405,0.03014696,0.0893019,0.037545007,0.14293116,0.012198795,0.27826887,0.003676308,0.011887028,0.014129589,0.08661198,0.0052414,0.22865996
TCAAGCATCCATTTGT-4,NHEJ-Deletion_NHEJ-Deletion,NHEJ-Deletion_NHEJ-Deletion,0.06848577,0.124441005,0.07611134,0.013339538,0.11431908,0.04765629,0.12496618,0.01391325,0.074232936,0.024605341,0.026573813,0.022868326,0.13409218,0.02001357,0.114381395
CATTCATCACAAGCAG-1,HDR_NHEJ-Deletion,Insertion_WT,0.06142082,0.06485354,0.03779344,0.032382656,0.14349544,0.06289838,0.121894516,0.0073442743,0.23396985,0.011414486,0.02461967,0.047222596,0.07722009,0.009811519,0.06365867
ATCACGAGTAGCTCGC-1,HDR_HDR,Insertion_NHEJ-Deletion,0.055550978,0.13503404,0.02043554,0.018964037,0.18976578,0.037234515,0.2137289,0.010194518,0.088382505,0.013745697,0.06301976,0.025335414,0.06941427,0.0053846496,0.053809397
AGATGAAAGGTAACTA-1,HDR_WT,Insertion_Insertion,0.030606575,0.12569986,0.015358525,0.011038997,0.34460768,0.0821606,0.15674633,0.0057389466,0.122130655,0.005203442,0.023192273,0.008036102,0.03455351,0.0028043697,0.03212216
GAGTGAGCAACGTTAC-1,Insertion_Insertion,Insertion_Insertion,0.040408984,0.06503568,0.042596385,0.0141469445,0.20249967,0.06653261,0.15486716,0.011221923,0.1576157,0.010822597,0.033663873,0.031102298,0.070806265,0.0067692664,0.09191063
CATCGTCCAGTACTAC-1,Insertion_NHEJ-Deletion,Insertion_Insertion,0.06897326,0.14807276,0.018129565,0.016449632,0.20895779,0.05726466,0.15852481,0.0045821853,0.142568,0.009920699,0.030070286,0.018570563,0.05458922,0.012907436,0.05041913
TCACTCGCACAAACGG-1,HDR_HDR,NHEJ-Deletion_NHEJ-Deletion,0.13636284,0.040258255,0.024365917,0.026311494,0.14955325,0.058800884,0.11993811,0.006336941,0.06465172,0.012466598,0.01756733,0.032852672,0.23544729,0.031968243,0.043118495
GATAGAAAGACGCAGT-1,NHEJ-Deletion_NHEJ-Deletion,NHEJ-Deletion_NHEJ-Deletion,0.045301117,0.05037909,0.028451005,0.043080986,0.2016472,0.043380182,0.113514945,0.021211892,0.089929126,0.0071633966,0.010583068,0.006243073,0.2705892,0.023552956,0.04497277
GAGTTTGGTCTTCGAA-4,Insertion_NHEJ-Deletion,Insertion_NHEJ-Deletion,0.021888955,0.102155484,0.018099794,0.02084369,0.1375039,0.059728634,0.20477198,0.008787091,0.15141156,0.007948383,0.040171485,0.023567885,0.0826277,0.0038101615,0.11668334
GTCAAGTGTATAGGAT-4,NHEJ-Deletion_NHEJ-Deletion,Insertion_WT,0.025281416,0.03957097,0.022346199,0.036524247,0.18705198,0.036473785,0.1854486,0.008897777,0.19591932,0.007186127,0.01647234,0.039592795,0.12479913,0.0073075546,0.067127764
AGTACCATCAAGGACG-4,NHEJ-Deletion_NHEJ-Deletion,NHEJ-Deletion_WT,0.016879363,0.03614247,0.026541203,0.08939447,0.0908199,0.04657454,0.117296815,0.010179896,0.20962247,0.008255457,0.012981347,0.028028727,0.06949361,0.0141509315,0.22363879
TCATTCATCCGTGACG-4,NHEJ-Deletion_NHEJ-Deletion,Insertion_WT,0.01367166,0.04275819,0.026240086,0.021475438,0.15014295,0.04007494,0.14580323,0.010430869,0.3226375,0.004228335,0.012704782,0.026976684,0.060972832,0.002121832,0.11976066
TTAGTCTCAGATTCGT-4,NHEJ-Deletion_WT,Insertion_WT,0.02011673,0.079032086,0.025252223,0.05545527,0.07630622,0.040794265,0.14985979,0.01401437,0.24706785,0.007843687,0.01565576,0.019445432,0.08366788,0.014333192,0.15115522
ATATCCTAGAGCCTGA-4,Insertion_WT,Insertion_WT,0.010821887,0.06109754,0.018505607,0.0663382,0.1142667,0.049792994,0.15258943,0.0076508764,0.24742295,0.005703396,0.021866163,0.07606889,0.03850335,0.0035152612,0.12585671
TGCAGATCATCCGAGC-1,Insertion_MMEJ-Deletion,Insertion_Insertion,0.0700666,0.0567789,0.034948356,0.013989435,0.4091089,0.044408087,0.07199362,0.016741589,0.04021138,0.013000145,0.035004653,0.029441588,0.11506406,0.007874648,0.04136799
GATGGAGTCCTGCTAC-1,Insertion_WT,Insertion_WT,0.03929502,0.04886705,0.028395908,0.043994468,0.15198995,0.072856724,0.17626919,0.0077095004,0.22256997,0.0038729862,0.035807375,0.05680454,0.058316197,0.0045381044,0.048713047
CGGGACTAGGCATCTT-1,Insertion_NHEJ-Deletion,Insertion_NHEJ-Deletion,0.024564039,0.0969944,0.019690048,0.018737933,0.17755869,0.06440713,0.21219575,0.010433199,0.1390615,0.005834722,0.029398542,0.027731465,0.09432223,0.0041004485,0.0749699
TTCCTCTAGGTGTGAC-1,NHEJ-Deletion_NHEJ-Deletion,Insertion_Insertion,0.063733585,0.07778759,0.018193714,0.032179575,0.2698887,0.04726499,0.17686895,0.015645752,0.113568544,0.0071502402,0.026024336,0.014346321,0.09213581,0.010699504,0.034512408
AAGCGTTGTCGTGGTC-4,MMEJ-Deletion_WT,Insertion_WT,0.03306814,0.04615223,0.024141777,0.06801841,0.078733906,0.035991997,0.12642461,0.01091569,0.2527008,0.0150555875,0.021541376,0.029051743,0.051458273,0.017999668,0.18874581
AGAGAATAGTAAAGCT-1,Insertion_Insertion,Insertion_Insertion,0.03765773,0.09640644,0.021195877,0.02292005,0.2999334,0.03790279,0.11622345,0.01523154,0.20500873,0.0068680486,0.021712678,0.028030043,0.046464786,0.004148522,0.040295918
ATTCGTTTCGAGCTGC-4,Insertion_Insertion,Insertion_WT,0.029877746,0.062313978,0.029431118,0.045855444,0.1455993,0.0474796,0.13034739,0.01700497,0.23953837,0.016220102,0.036157582,0.031547755,0.08703478,0.008126704,0.07346512
TAGACCAGTGAGATTA-1,Insertion_Insertion,Insertion_WT,0.018552616,0.05876992,0.035879854,0.058455594,0.14329477,0.043475643,0.1606,0.014348282,0.1906947,0.008295151,0.02209329,0.021720044,0.06857237,0.005838714,0.14940906
CCTAACCCAGGTAGTG-1,NHEJ-Deletion_NHEJ-Deletion,Insertion_Insertion,0.023937538,0.09593081,0.030246459,0.041378282,0.19192062,0.09156019,0.1500107,0.013203027,0.08666274,0.0062223966,0.033394136,0.020950206,0.157344,0.010717212,0.046521634
AAACGCTCAGCATGCC-1,Insertion_WT,HDR_HDR,0.20055276,0.088653155,0.022428147,0.028403187,0.13068901,0.10487137,0.07676428,0.006801994,0.07875014,0.014983695,0.012962819,0.06318181,0.0983904,0.010624149,0.06194311
GCGAGAAAGTGCCAGA-4,MMEJ-Deletion_NHEJ-Deletion,Insertion_NHEJ-Deletion,0.006790182,0.06844826,0.041157838,0.021019133,0.11787967,0.028429238,0.31012937,0.015055163,0.11301385,0.0048540067,0.016587915,0.025247281,0.1220012,0.003391761,0.105995156
CACAGATCAGTTTCAG-1,Insertion_NHEJ-Deletion,Insertion_NHEJ-Deletion,0.014845925,0.03971684,0.009062985,0.099977724,0.1403309,0.036393486,0.26375362,0.01391281,0.17019449,0.006317686,0.022477845,0.0639358,0.064341195,0.008226942,0.046511766
ATCTCTAGTACAGTTC-1,Insertion_WT,Insertion_WT,0.019867115,0.045445554,0.032370903,0.023339666,0.090326995,0.07590505,0.19899231,0.013106967,0.20235026,0.006906555,0.017532751,0.018851703,0.08512721,0.0064329943,0.16344394
ACCGTTCCATGACGGA-1,HDR_NHEJ-Deletion,Insertion_Insertion,0.051627737,0.08230553,0.028412083,0.016839242,0.2772378,0.055054333,0.20801446,0.007018954,0.07588932,0.0054449546,0.034707483,0.020266263,0.090308696,0.0046514506,0.042221703
TGGGATTGTGGCCTCA-1,HDR_Insertion,Insertion_NHEJ-Deletion,0.111644186,0.08653912,0.0418466,0.01014049,0.16389023,0.093056016,0.19423585,0.024710702,0.07301218,0.0072069447,0.034565963,0.015446228,0.08602801,0.016802367,0.040875137
GTGTGATGTTAAGGGC-1,Insertion_Insertion,Insertion_Insertion,0.05026709,0.066021666,0.019483266,0.008086532,0.31501937,0.15049241,0.109589346,0.004558102,0.09735787,0.02006537,0.00979377,0.017751426,0.07900505,0.008305542,0.044203214
TGTGTGAAGGGCCCTT-4,NHEJ-Deletion_NHEJ-Deletion,NHEJ-Deletion_WT,0.035185196,0.045768235,0.021903463,0.017921126,0.18002741,0.061742853,0.12952876,0.01522968,0.1329395,0.0068090167,0.01993889,0.03432334,0.079932004,0.010306526,0.20844397
GTGAGGAGTACCTAGT-1,NHEJ-Deletion_NHEJ-Deletion,Insertion_NHEJ-Deletion,0.071452595,0.13534684,0.019708132,0.05989581,0.17312175,0.05462378,0.18637198,0.011405118,0.043465935,0.017758833,0.059236806,0.012123261,0.08882304,0.012773345,0.053892724
ATCGTAGCACGGGCTT-1,Insertion_WT,HDR_HDR,0.16320273,0.10814837,0.035191935,0.016612137,0.12244624,0.101009585,0.1476375,0.013548697,0.056540187,0.027997132,0.027344884,0.03908877,0.058971208,0.011684494,0.07057615
GTAATCGAGAGCGACT-1,Insertion_NHEJ-Deletion,Insertion_NHEJ-Deletion,0.016197054,0.09466687,0.039604653,0.0118403565,0.14561404,0.08485378,0.25745267,0.0086347945,0.114243194,0.0048077125,0.030699916,0.01867066,0.1329895,0.007424551,0.032300245
GGAATCTCAGTAGGAC-1,HDR_HDR,Insertion_Insertion,0.06766786,0.09655899,0.032825742,0.024285845,0.22669147,0.087131135,0.087416664,0.01674282,0.07819518,0.018633284,0.042786077,0.008436968,0.13059889,0.016969956,0.06505911
TCCCACAGTAGCGCTC-1,MMEJ-Deletion_NHEJ-Deletion,Insertion_WT,0.016133491,0.07347656,0.02920755,0.020350818,0.11465989,0.043057613,0.14278576,0.0073156287,0.20420237,0.018106285,0.016265456,0.033976693,0.12926689,0.0161615,0.13503352
ATTCCATTCACCCATC-1,MMEJ-Deletion_WT,Insertion_Insertion,0.044146474,0.035787508,0.040195867,0.029779805,0.15530673,0.07766759,0.07017946,0.019180052,0.14165547,0.02025103,0.022739207,0.081740454,0.098230116,0.058640882,0.10449936
TCCCATGTCGGAGTAG-4,Insertion_Insertion,Insertion_NHEJ-Deletion,0.013037341,0.083434716,0.014912601,0.01650772,0.20650649,0.053120747,0.20769417,0.006301741,0.1277349,0.00821585,0.025691152,0.01406189,0.12782879,0.0037686534,0.09118322
CTACAGATCCAGCAAT-4,Insertion_WT,Insertion_NHEJ-Deletion,0.016884325,0.074865036,0.07005726,0.050276387,0.09348846,0.04178526,0.30194572,0.007876283,0.14263017,0.0029766075,0.013943206,0.022436101,0.072807625,0.0028409015,0.08518664
TTGTGTTAGCCGTAAG-4,Insertion_Insertion,Insertion_Insertion,0.1216884,0.0910055,0.044629734,0.006073418,0.16506782,0.07399321,0.14602022,0.018019294,0.051052723,0.029802846,0.044397395,0.032298464,0.0831965,0.03207449,0.06067998
CGGACACTCGCTGTCT-4,Insertion_NHEJ-Deletion,Insertion_WT,0.014333075,0.075733796,0.010303681,0.06581217,0.073507465,0.04829699,0.11172212,0.013714937,0.25358105,0.007720303,0.012588913,0.030776676,0.11842992,0.0049724146,0.15850648
GTCTTTAGTACTAACC-4,Insertion_WT,NHEJ-Deletion_NHEJ-Deletion,0.07198047,0.12932478,0.02687065,0.035639755,0.11813649,0.08221147,0.11980888,0.02140033,0.10821848,0.017113201,0.025110299,0.013935097,0.1653883,0.011618966,0.05324286
GGGCTACCATACTTTC-1,MMEJ-Deletion_NHEJ-Deletion,Insertion_Insertion,0.03544838,0.068628505,0.02476119,0.011376641,0.40582684,0.03548425,0.115208685,0.009248405,0.12360069,0.0042855022,0.011858363,0.025174977,0.06841154,0.011900709,0.048785295
AGTACTGGTGGATGAC-1,Insertion_MMEJ-Deletion,Insertion_Insertion,0.02432639,0.06823285,0.040117066,0.028290963,0.26670757,0.06276001,0.118552245,0.010574316,0.10981475,0.0047483295,0.029285915,0.016662035,0.10057461,0.020400126,0.09895283
GGATCTACATACGCAT-1,Insertion_WT,Insertion_WT,0.0075939978,0.093007594,0.049326014,0.05418588,0.112883486,0.07300828,0.099578045,0.009025586,0.20784995,0.00685932,0.012837844,0.083934575,0.06039832,0.002751862,0.12675929
GCGATCGAGTGCAAAT-1,Insertion_Insertion,Insertion_NHEJ-Deletion,0.049644943,0.11946942,0.025083123,0.026145857,0.14900614,0.063325614,0.20536985,0.014764427,0.13020094,0.007164028,0.03058737,0.022459619,0.07318967,0.028412739,0.055176254
CATCGCTAGGAAAGTG-4,Insertion_WT,Insertion_NHEJ-Deletion,0.017925637,0.10123954,0.03396648,0.010198937,0.17014498,0.050826557,0.17665714,0.016793374,0.15597919,0.012568797,0.031082345,0.015649343,0.088889636,0.00816821,0.10990985
ACACAGTGTCCTGAAT-1,MMEJ-Deletion_WT,Insertion_Insertion,0.13107516,0.13853164,0.0154327,0.017013714,0.25195175,0.06202554,0.11395487,0.011773504,0.07324388,0.012047701,0.019041667,0.021703634,0.06298088,0.004545632,0.06467771
TGATTCTCAATGTTGC-1,Insertion_Insertion,Insertion_Insertion,0.02503431,0.0658966,0.027442787,0.022426544,0.205678,0.050755557,0.15817952,0.010647286,0.11999873,0.005985203,0.014566104,0.011267882,0.13873194,0.0043080836,0.13908142
GTCATGAGTTTAAGGA-1,Insertion_Insertion,Insertion_Insertion,0.051293656,0.07490725,0.014991275,0.02396372,0.35106245,0.047134034,0.14246888,0.005484477,0.13824035,0.004415639,0.0233532,0.011024395,0.06686099,0.0036474653,0.04115222
TCATTCACAAACCATC-1,Insertion_Insertion,HDR_Insertion,0.045704998,0.21465649,0.016071318,0.02334419,0.100922085,0.048459027,0.13768822,0.02758427,0.1208064,0.008494877,0.04011801,0.046204608,0.040289726,0.019283742,0.11037206
GTCATGAGTCGCATTA-1,Insertion_Insertion,Insertion_Insertion,0.039139684,0.099056974,0.04511685,0.009125219,0.3235293,0.03597125,0.22879775,0.0077562453,0.0745516,0.008246559,0.013586886,0.0081026675,0.07563884,0.0022947898,0.029085359
TCGCTCAAGGAAGTGA-1,Insertion_NHEJ-Deletion,Insertion_WT,0.041792747,0.07000285,0.016418712,0.06898501,0.09209742,0.054117974,0.11239577,0.015937507,0.24189785,0.003567818,0.022844702,0.024646726,0.06191746,0.014099628,0.15927789
CTCCTCCTCTTAGTTC-1,Insertion_NHEJ-Deletion,NHEJ-Deletion_NHEJ-Deletion,0.04162971,0.04881938,0.01800377,0.026066273,0.14678235,0.060543638,0.16732337,0.02331085,0.08298857,0.026384244,0.01697279,0.02831558,0.18024532,0.0076934486,0.12492069
TGGGATTTCAGCAGAG-1,HDR_HDR,Insertion_WT,0.023921384,0.08887839,0.021500332,0.052687373,0.109984614,0.047041412,0.09967036,0.010210935,0.21781443,0.011500602,0.050636213,0.024811402,0.1277107,0.021220502,0.0924113
CCTTGTGGTCACATTG-1,MMEJ-Deletion_WT,Insertion_NHEJ-Deletion,0.034305975,0.07318529,0.02018457,0.037045415,0.16270348,0.08818844,0.2314944,0.015348365,0.14881796,0.005469607,0.016895877,0.019765541,0.043924,0.008277467,0.09439364
CTTCTAATCGACCTAA-4,Insertion_WT,Insertion_Insertion,0.049676836,0.046136543,0.01991761,0.023001123,0.25959283,0.05607224,0.20892943,0.010985543,0.15493631,0.004561852,0.014745746,0.01536639,0.08611229,0.0047956277,0.045169648
AGGGCTCAGCCGATTT-1,Insertion_WT,Insertion_WT,0.11164123,0.04649313,0.01444501,0.18595287,0.10632324,0.045456383,0.061542124,0.008528505,0.2035428,0.0055909012,0.010082564,0.011733161,0.048850868,0.006153649,0.13366352
TCCTTTCGTTCGGACC-1,Insertion_Insertion,HDR_WT,0.034990765,0.036136985,0.037600968,0.18598232,0.089352384,0.050172605,0.10458766,0.014073124,0.18018569,0.01090236,0.016828714,0.040146414,0.05174861,0.0037531531,0.14353824
ATTTCTGAGGACAAGA-1,Insertion_Insertion,Insertion_Insertion,0.032136492,0.07413155,0.037402883,0.035840333,0.25451913,0.07019155,0.21100606,0.019410698,0.077515356,0.0037476576,0.039180502,0.009812823,0.063951634,0.008094102,0.06305922
ACTTATCTCGGAATGG-1,Insertion_WT,Insertion_Insertion,0.038146067,0.04603142,0.018306104,0.016410416,0.29191476,0.10342267,0.23866928,0.016960243,0.084848806,0.0059959856,0.013331949,0.018731153,0.08331458,0.0034948983,0.020421702
TTCTTGAGTAGATTGA-1,NHEJ-Deletion_SV,NHEJ-Deletion_NHEJ-Deletion,0.03847536,0.09871588,0.034624074,0.043812126,0.14023618,0.09958884,0.104215644,0.0252723,0.10200299,0.0060187485,0.045072302,0.019074375,0.14335394,0.012153087,0.08738413
CAACAGTTCTAGGAAA-1,HDR_HDR,Insertion_WT,0.01990306,0.06763712,0.055461418,0.10365465,0.14639693,0.035666835,0.06624622,0.014737876,0.23027253,0.011909689,0.013810048,0.03389832,0.07430306,0.009666667,0.11643553
GATTCGAAGGGTGGGA-4,HDR_Insertion,Insertion_WT,0.069358274,0.0644909,0.032837868,0.015201852,0.22383004,0.06657697,0.12285614,0.0053833392,0.24688976,0.003734076,0.011367659,0.017772686,0.06331634,0.003071721,0.05331235
GGAATGGTCTAAGCCA-4,NHEJ-Deletion_NHEJ-Deletion,Insertion_Insertion,0.10154814,0.099931106,0.028759064,0.027307006,0.20599116,0.05153245,0.14649175,0.015239361,0.10453424,0.016423728,0.027100569,0.00961773,0.079349056,0.027302092,0.058872554
CCCATTGAGTGCAGCA-4,Insertion_Insertion,Insertion_NHEJ-Deletion,0.03707416,0.10883864,0.025029125,0.01093626,0.20841298,0.052386165,0.21122526,0.015903888,0.09468194,0.007897575,0.024956137,0.018385682,0.10382091,0.003319924,0.07713139
CTCCTCCGTGACCTGC-1,MMEJ-Deletion_WT,Insertion_Insertion,0.07186778,0.090778604,0.035560668,0.0172158,0.29729944,0.109583125,0.129187,0.0068596723,0.05153653,0.024544409,0.011742529,0.0333225,0.067833684,0.0041091554,0.048559137
ATGCATGCATTGAGGG-1,Insertion_Insertion,Insertion_NHEJ-Deletion,0.015340973,0.06292258,0.02808427,0.023461169,0.1533511,0.043502267,0.2539619,0.008627674,0.10167114,0.022822868,0.03378604,0.011302954,0.15095331,0.009766234,0.08044554
TTTCCTCGTAGACGTG-1,NHEJ-Deletion_NHEJ-Deletion,Insertion_Insertion,0.012467775,0.08194967,0.03954438,0.011735168,0.20392753,0.033056445,0.18931244,0.007837202,0.12995617,0.003355393,0.0489097,0.028623197,0.079500854,0.005164929,0.1246591
ACACGCGGTGAGCCAA-1,NHEJ-Deletion_WT,NHEJ-Deletion_NHEJ-Deletion,0.03709063,0.061512742,0.062644176,0.054470036,0.12705381,0.025233401,0.13196836,0.022659784,0.11314542,0.008263264,0.018206984,0.0056438614,0.19004917,0.009349072,0.13270931
AGTTCGAAGACGCAGT-4,Insertion_NHEJ-Deletion,Insertion_WT,0.021140687,0.037187245,0.04210106,0.044212863,0.14118789,0.030574353,0.14252561,0.00624486,0.22110023,0.004379576,0.018346528,0.015403542,0.09742171,0.0044183074,0.17375548
CCGTAGGTCTGAGCAT-1,Insertion_NHEJ-Deletion,Insertion_Insertion,0.04206068,0.06676229,0.028983256,0.016320862,0.20466551,0.042118665,0.16146407,0.011049971,0.16378413,0.009244811,0.03913074,0.026080266,0.10444715,0.014722747,0.069164895
TCTATACAGAACTTCC-4,HDR_Insertion,NHEJ-Deletion_NHEJ-Deletion,0.06277321,0.04032749,0.06791904,0.017054662,0.18701217,0.04020226,0.070467725,0.005942965,0.0878041,0.018981593,0.019327851,0.037041545,0.19003715,0.009891854,0.14521642
GATTGGTAGTTACTCG-1,HDR_WT,Insertion_WT,0.022573946,0.042723555,0.020753507,0.015324626,0.15625095,0.02654776,0.1384461,0.008800097,0.28599623,0.006821106,0.0043664104,0.025878515,0.052355643,0.0019211611,0.19124041
GAGATGGTCACTGCTC-1,Insertion_Insertion,NHEJ-Deletion_WT,0.01772715,0.064211085,0.05128514,0.034920555,0.12609977,0.02762286,0.12970799,0.010965179,0.15689273,0.0045343996,0.031169413,0.009485206,0.12141989,0.004915279,0.20904334
GTTCCGTAGTGCAGGT-1,HDR_HDR,NHEJ-Deletion_NHEJ-Deletion,0.024276268,0.075210296,0.02131433,0.046182547,0.10276351,0.072235614,0.12137633,0.0064098816,0.14011581,0.022825373,0.058296494,0.051750448,0.14281738,0.028040176,0.08638551
CTTCCTTCAAGTCGTT-1,Insertion_MMEJ-Deletion,Insertion_NHEJ-Deletion,0.021948555,0.084379636,0.017895354,0.006078502,0.16657029,0.042618208,0.27091402,0.015165945,0.22325954,0.0061857444,0.016117295,0.009592697,0.0694965,0.0052379095,0.04453983
ACTTTGTCAGCAGTAG-1,NHEJ-Deletion_WT,Insertion_WT,0.03697741,0.04279722,0.047457095,0.05809752,0.10739078,0.0484158,0.0949885,0.007180854,0.27800444,0.006906509,0.008916799,0.05741278,0.08717369,0.010274503,0.10800608
CCCGAAGTCGTCCATC-1,Insertion_Insertion,Insertion_Insertion,0.11542366,0.15302604,0.04336338,0.005061804,0.19266091,0.050423115,0.07553596,0.0074475664,0.14273964,0.030484471,0.017801365,0.030685587,0.053749304,0.012015531,0.06958167
TAGGTTGAGAACTGAT-1,Insertion_SV,Insertion_Insertion,0.044282306,0.08452149,0.030700546,0.035993405,0.23492576,0.0845701,0.15380222,0.027499007,0.087349236,0.006439512,0.027198354,0.02423749,0.08848598,0.007126959,0.06286763
GAGTGTTTCCTACCGT-4,Insertion_WT,Insertion_WT,0.04733642,0.06525399,0.016909914,0.014257417,0.13563213,0.06765238,0.14794295,0.011021805,0.19517887,0.0069987965,0.03985688,0.033434115,0.06449793,0.024176372,0.12985002
GTAACCATCGTAGCTA-1,Insertion_Insertion,Insertion_NHEJ-Deletion,0.02013546,0.05179519,0.029694326,0.013134403,0.18138745,0.08006311,0.19315788,0.018560529,0.17017068,0.004476182,0.026511174,0.026052322,0.097209856,0.01010697,0.077544495
GTGTCCTCAGGTTCCG-1,Insertion_Insertion,Insertion_WT,0.031674057,0.056550372,0.030905686,0.052060917,0.13985074,0.041677203,0.20653751,0.011516174,0.21325187,0.00587032,0.025171438,0.042983666,0.06723391,0.0037661246,0.07094994
AGTAGCTGTATGTCAC-1,Insertion_Insertion,Insertion_NHEJ-Deletion,0.04710551,0.08342101,0.020316994,0.06060742,0.15491419,0.050134722,0.28772616,0.0070132725,0.11613239,0.010822717,0.02178718,0.022577802,0.07307477,0.0038465497,0.040519316
AACACACGTCGTGCCA-4,Insertion_NHEJ-Deletion,Insertion_NHEJ-Deletion,0.0137809245,0.08367271,0.057186577,0.013434464,0.13045274,0.07277145,0.21760772,0.0057809656,0.14711124,0.010038522,0.0137420045,0.044525295,0.12745196,0.004595188,0.057848245
CCTCAGTGTCGCACAC-1,Insertion_NHEJ-Deletion,Insertion_Insertion,0.03405674,0.07497024,0.027544001,0.02858862,0.19611622,0.08980283,0.14292656,0.010227194,0.15361604,0.00471128,0.032572854,0.014347686,0.109458566,0.010395682,0.07066552
TGTTCTACAGTGTATC-1,Insertion_Insertion,Insertion_NHEJ-Deletion,0.0146118365,0.13970198,0.016845819,0.019354355,0.12901254,0.07842486,0.18960415,0.008302248,0.1709095,0.007432713,0.03497427,0.02662479,0.09360338,0.0041659325,0.06643168
ATCGGATCAGACTCTA-1,Insertion_Insertion,HDR_WT,0.054923154,0.07411669,0.020828694,0.14270972,0.11559773,0.04559921,0.12220868,0.012940315,0.09372331,0.0180306,0.012568291,0.037962932,0.09733699,0.03332675,0.1181269
GAGCTGCTCCAACTGA-1,NHEJ-Deletion_WT,Insertion_NHEJ-Deletion,0.012717656,0.064122856,0.038574174,0.026300492,0.15645453,0.06576916,0.2555342,0.009348672,0.15962721,0.008984889,0.03626188,0.013543024,0.06036797,0.0040522153,0.08834104
ACTATGGGTAGTTCCA-4,Insertion_NHEJ-Deletion,Insertion_WT,0.010402458,0.058617573,0.053905502,0.02479951,0.14440683,0.04869138,0.14079857,0.012618494,0.21785375,0.0063872207,0.024825439,0.025029527,0.10405955,0.0043971464,0.12320703
GCATCTCGTCCGGATC-1,NHEJ-Deletion_NHEJ-Deletion,NHEJ-Deletion_WT,0.09053076,0.052157104,0.01967016,0.14820538,0.094927885,0.039613876,0.08453303,0.014177201,0.11470077,0.009487903,0.013209804,0.03996528,0.12573148,0.004005359,0.14908399
GCGGATCAGCAACTCT-4,HDR_WT,NHEJ-Deletion_WT,0.026169699,0.05837974,0.022023648,0.02074462,0.08061287,0.02359181,0.14655109,0.009417527,0.10639589,0.015620573,0.015753625,0.022862092,0.20309679,0.022529654,0.2262504
ACTGATGGTAAGCGGT-4,NHEJ-Deletion_WT,Insertion_WT,0.008243574,0.04458519,0.018097222,0.064485215,0.05993677,0.032777242,0.12774408,0.0073396503,0.2725227,0.0030614494,0.012231534,0.015270526,0.08730652,0.005838577,0.24055974
ACTTTCAAGCGATCGA-4,HDR_WT,Insertion_Insertion,0.026438871,0.06995364,0.023000423,0.028769257,0.30954808,0.07094304,0.17640729,0.0065333513,0.13262694,0.0031785944,0.03042487,0.027603343,0.04682906,0.0035322648,0.044210956
ATTCCATAGTCTACCA-1,NHEJ-Deletion_WT,Insertion_WT,0.024309153,0.09255328,0.018454302,0.034907043,0.11161622,0.0736707,0.1294854,0.014114121,0.18992005,0.014614623,0.018389096,0.04874075,0.054582417,0.017881151,0.15676174
GTGATGTGTATGTGTC-1,Insertion_Insertion,Insertion_Insertion,0.0770845,0.06330572,0.024698002,0.0128377415,0.18123509,0.09561635,0.1576301,0.015760602,0.17474832,0.0050728815,0.024772415,0.042274985,0.07480584,0.0069854395,0.043172028
TAGGTTGAGTCTAGCT-1,Insertion_WT,Insertion_WT,0.0800182,0.096778706,0.03311944,0.10775603,0.11338967,0.04784485,0.10871688,0.015363792,0.16747706,0.007979542,0.025081974,0.057838514,0.060398653,0.008492392,0.069744274
ATTCGTTGTCGTGATT-1,Insertion_SV,Insertion_WT,0.014693961,0.05308182,0.039707165,0.027559552,0.11319093,0.049241953,0.23711716,0.011648293,0.31631586,0.0067062643,0.012634344,0.008230278,0.04513099,0.0038796617,0.060861796
GCACATAGTGAGCAGT-1,Insertion_SV,NHEJ-Deletion_NHEJ-Deletion,0.056978356,0.0773231,0.06237827,0.028895391,0.15306616,0.10836181,0.076635554,0.015894035,0.058427513,0.022975657,0.04580288,0.016550865,0.19568898,0.0116748605,0.06934653
AATCGACCAAATGCGG-1,Insertion_WT,Insertion_WT,0.03589079,0.04207116,0.021019945,0.059594844,0.1452741,0.069287784,0.1714449,0.008699143,0.21286924,0.0059138658,0.016260717,0.06707372,0.05707396,0.004831276,0.08269455
CTGCATCTCGGACTTA-1,Insertion_NHEJ-Deletion,NHEJ-Deletion_NHEJ-Deletion,0.024536064,0.05485348,0.043003175,0.014758681,0.16460907,0.06678011,0.16488892,0.02410833,0.11925204,0.0071198926,0.017403113,0.0155026615,0.18904814,0.013167706,0.080968596
GAGATGGAGACAAGCC-4,Insertion_Insertion,NHEJ-Deletion_NHEJ-Deletion,0.057014525,0.09639278,0.024451222,0.013147277,0.14602876,0.09754737,0.14383195,0.008503979,0.10178308,0.0072338763,0.011100438,0.007066528,0.17323628,0.012606092,0.10005584
GACGCTGAGAATCTAG-1,Insertion_WT,Insertion_Insertion,0.1397864,0.06520614,0.02145977,0.053964797,0.2804399,0.041908696,0.0971489,0.008297918,0.082524106,0.01891573,0.026032574,0.03887092,0.06010371,0.011543953,0.053796455
ATCGATGCACGGCCAT-1,NHEJ-Deletion_NHEJ-Deletion,NHEJ-Deletion_NHEJ-Deletion,0.07156629,0.10539155,0.036809947,0.047470927,0.15368803,0.07323858,0.09938921,0.0078388145,0.09876838,0.02178945,0.012879932,0.012912461,0.19266376,0.008820354,0.056772348
ATGATCGCATGACAGG-1,Insertion_NHEJ-Deletion,Insertion_WT,0.0133626405,0.14096554,0.04831706,0.031929724,0.12406438,0.041975074,0.13781835,0.0068211206,0.15767726,0.005833986,0.055634845,0.018666966,0.07939614,0.0031409734,0.13439593
GCCATTCGTCTTTCTA-1,NHEJ-Deletion_WT,Insertion_WT,0.015003302,0.0501583,0.011177992,0.027838377,0.15845037,0.048212253,0.15117568,0.0075475196,0.30464682,0.0086507,0.01230063,0.021843638,0.11495617,0.014852072,0.05318619
GAATCGTAGCTCGCAC-1,Insertion_Insertion,Insertion_NHEJ-Deletion,0.01735854,0.065109394,0.028729023,0.037089612,0.18935421,0.06993619,0.23790547,0.011182997,0.09316075,0.006357649,0.05530223,0.015573754,0.10944784,0.009108696,0.054383643
GTTCCGTTCACGAACT-4,NHEJ-Deletion_NHEJ-Deletion,Insertion_Insertion,0.028770115,0.076245286,0.018047698,0.051179513,0.32767448,0.029324535,0.13070925,0.00912219,0.10048417,0.022118323,0.016443737,0.016633866,0.11901954,0.0040214895,0.050205804
CCGGTAGAGATTCGAA-1,Insertion_WT,Insertion_WT,0.03837017,0.07047278,0.033499964,0.08914385,0.11651202,0.062465828,0.17352377,0.008860714,0.17503,0.009374943,0.051150806,0.022602616,0.07494449,0.007284047,0.066764005
TCTAACTAGTGTTGTC-1,HDR_HDR,Insertion_Insertion,0.06305066,0.089083314,0.03276496,0.0064097648,0.25767726,0.06397632,0.21502025,0.011311348,0.08531237,0.010186992,0.020143514,0.006778928,0.09515208,0.0045957146,0.038536504
TAAGCGTTCCGGACTG-4,Insertion_Insertion,Insertion_NHEJ-Deletion,0.012064424,0.11808216,0.023906019,0.025292056,0.07260211,0.044423066,0.24059306,0.008581885,0.23856038,0.013080128,0.021463374,0.01696002,0.07451061,0.006806586,0.08307417
ATCGTCCTCGAGAGCA-1,Insertion_WT,Insertion_NHEJ-Deletion,0.010582016,0.042532194,0.022071548,0.01309218,0.20693175,0.11113017,0.23821954,0.0062538194,0.16303484,0.0054865056,0.028228842,0.023150614,0.084842496,0.0030327446,0.041410733
ATACCGATCGCAGTCG-1,Insertion_SV,NHEJ-Deletion_NHEJ-Deletion,0.08582025,0.11004325,0.030043479,0.059767682,0.17245427,0.051606923,0.09301924,0.013601957,0.0852663,0.01237337,0.009640374,0.024340915,0.20497629,0.0050907573,0.041954994
GAAGGGTTCCGGACGT-4,Insertion_Insertion,Insertion_Insertion,0.032777753,0.072270304,0.019285059,0.02655923,0.2524314,0.092753135,0.13229547,0.008409939,0.107709296,0.0108818235,0.016723888,0.057326645,0.08234053,0.014038581,0.07419696
TTAGGGTGTACTCGCG-4,HDR_HDR,NHEJ-Deletion_NHEJ-Deletion,0.08784779,0.107016414,0.026056478,0.029764615,0.103201374,0.055959575,0.13521877,0.020013459,0.09892205,0.012169227,0.036572408,0.02312165,0.16233131,0.009933434,0.09187142
CGAGGAAAGTTCGGTT-4,NHEJ-Deletion_WT,Insertion_WT,0.019070331,0.08197647,0.020750083,0.054246254,0.18707635,0.038335953,0.12628673,0.014166587,0.21344066,0.0041697747,0.031988896,0.021332124,0.07394005,0.0031646343,0.11005506
GATCAGTGTTCCGCAG-1,Insertion_NHEJ-Deletion,Insertion_Insertion,0.025053758,0.05842959,0.0367747,0.015766075,0.35073498,0.050921597,0.18774544,0.006124509,0.13960576,0.010092212,0.02193181,0.006272253,0.05776516,0.002609137,0.030173026
CACGTTCTCCTCACGT-1,Insertion_NHEJ-Deletion,Insertion_NHEJ-Deletion,0.02976377,0.05657658,0.03315901,0.029908473,0.13642217,0.04699924,0.22184092,0.026478106,0.09354727,0.0062045758,0.029093813,0.01524932,0.123002164,0.00653436,0.14522028
ACTATTCGTCGGCTAC-1,NHEJ-Deletion_SV,Insertion_Insertion,0.040141046,0.09255768,0.022621784,0.06084191,0.2362646,0.066970624,0.08798401,0.012248838,0.1303612,0.028122453,0.03682129,0.022408985,0.070201755,0.02860509,0.063848674
CCGATCTTCTAACGCA-4,Insertion_Insertion,Insertion_Insertion,0.011338639,0.21077381,0.033453707,0.008749052,0.22409889,0.04052814,0.14036511,0.008669034,0.12966692,0.006006664,0.012881008,0.010745693,0.06572912,0.0045752493,0.09241898
AGAGAGCTCTATCCAT-1,NHEJ-Deletion_NHEJ-Deletion,Insertion_WT,0.011058634,0.08001473,0.03207036,0.010938327,0.18307494,0.03858262,0.119289264,0.01777876,0.21322592,0.004234945,0.019926358,0.02282223,0.121666044,0.011436303,0.11388052
GTTGTGACACTTGTGA-1,NHEJ-Deletion_NHEJ-Deletion,Insertion_Insertion,0.0778923,0.08223189,0.060496595,0.024542578,0.22283085,0.069408804,0.109589204,0.011079179,0.094155304,0.011038427,0.021930844,0.013882104,0.1271172,0.008535851,0.065268844
ATCGTGACAACAGCCC-1,HDR_HDR,Insertion_NHEJ-Deletion,0.063909255,0.08859193,0.039939903,0.009221137,0.15851994,0.09524341,0.17223224,0.0108,0.076135494,0.009071597,0.0451269,0.03034311,0.09418383,0.014118177,0.09256307
TGTGCGGCAAAGAGTT-1,Insertion_Insertion,Insertion_WT,0.07189621,0.0597086,0.061771765,0.04290474,0.12344793,0.10236632,0.13608769,0.020975165,0.15002978,0.0067907553,0.024409669,0.008230343,0.10290884,0.004393361,0.0840788
TTCTAACAGGCATCTT-1,NHEJ-Deletion_WT,Insertion_WT,0.01702813,0.034404233,0.027137969,0.07118001,0.08810742,0.03674196,0.076678865,0.0075738374,0.3437534,0.010793263,0.009963503,0.054008994,0.0694368,0.014275727,0.13891593
GATAGCTCAAACTCGT-1,Insertion_NHEJ-Deletion,Insertion_Insertion,0.02790208,0.105930425,0.02578689,0.03473803,0.22697799,0.050297476,0.11759378,0.0063003995,0.20097946,0.008697116,0.009078082,0.029111415,0.083943784,0.0055081677,0.0671549
CAGATTGCAAGTATCC-1,Insertion_Insertion,Insertion_WT,0.040617935,0.064969935,0.028051404,0.13447112,0.12740296,0.043469463,0.15802741,0.00588456,0.18287148,0.0059751393,0.011367695,0.01902015,0.08858786,0.003265896,0.08601698
TGCTGAACAAGTTGGG-1,Insertion_NHEJ-Deletion,Insertion_WT,0.028322143,0.07914279,0.037009675,0.012261447,0.15994917,0.069704734,0.13598551,0.018661551,0.25254905,0.0071680355,0.043569125,0.019038925,0.07656164,0.01385379,0.046222415
GTTGTGAAGGGTAGCT-4,Insertion_NHEJ-Deletion,Insertion_NHEJ-Deletion,0.021380942,0.08872543,0.035007358,0.03308308,0.14021769,0.024808839,0.23688242,0.009626103,0.16161905,0.0063477894,0.027441882,0.019202866,0.065596364,0.0060155904,0.124044575
CTAAGTGAGAGGCCAT-1,Insertion_NHEJ-Deletion,Insertion_WT,0.13932623,0.064352274,0.05112327,0.011647289,0.18573277,0.047440756,0.1164784,0.0122347,0.2449711,0.006340022,0.022932773,0.0120618185,0.031658463,0.0043071224,0.04939299
CTTCTCTTCCACTAGA-1,NHEJ-Deletion_NHEJ-Deletion,Insertion_NHEJ-Deletion,0.06881984,0.07616921,0.02354119,0.015009854,0.16520774,0.09957657,0.20336731,0.017240189,0.060166296,0.008375782,0.032086823,0.029070279,0.1266891,0.00956071,0.065119065
CATCCCAGTCCTCCAT-1,HDR_NHEJ-Deletion,Insertion_Insertion,0.05248252,0.09293903,0.075587325,0.080235764,0.13460802,0.0655337,0.09799921,0.03710739,0.07756272,0.022505688,0.06684584,0.0075658723,0.10623468,0.03618656,0.046605658
GGGCTACGTATCTCGA-1,Insertion_Insertion,Insertion_Insertion,0.07283385,0.069346465,0.035401132,0.066933654,0.23192047,0.05793204,0.17315207,0.010358508,0.07651041,0.018259117,0.0089079365,0.012725563,0.062085178,0.024354989,0.07927862
TTAATCCAGTGAGCCA-1,NHEJ-Deletion_NHEJ-Deletion,NHEJ-Deletion_WT,0.04521422,0.059466712,0.016717091,0.02515216,0.13207123,0.06705359,0.11850726,0.019704862,0.12352757,0.01143536,0.03331339,0.048733763,0.104384996,0.011598845,0.18311894
GAAGGGTAGTGCCCGT-4,HDR_WT,Insertion_Insertion,0.10065154,0.08336369,0.031234797,0.13830552,0.17404781,0.031308092,0.05289074,0.012162535,0.11245518,0.012538005,0.015369516,0.026068695,0.14622468,0.008942007,0.05443718
AAATGGATCGACATTG-1,Insertion_NHEJ-Deletion,Insertion_Insertion,0.03671178,0.109962456,0.03870065,0.018928299,0.31071204,0.051179476,0.13365634,0.01337136,0.15931122,0.0041343234,0.011411162,0.033276584,0.037134185,0.0044585336,0.03705162
ACAACCAAGCTGGCTC-1,Insertion_NHEJ-Deletion,Insertion_WT,0.07736744,0.09596593,0.026391925,0.01844676,0.18625532,0.029030563,0.1684945,0.0038549718,0.18899658,0.007690975,0.028339671,0.014267483,0.10200343,0.006967865,0.045926597
TTTCAGTAGTACGAGC-1,NHEJ-Deletion_WT,Insertion_Insertion,0.049805116,0.14116609,0.047272917,0.033591494,0.1835639,0.054666404,0.16959195,0.009990778,0.05572048,0.023871304,0.020424226,0.01709395,0.12502429,0.012922164,0.055294905
CCATAAGAGCTTACGT-4,Insertion_WT,Insertion_NHEJ-Deletion,0.035981424,0.058999572,0.024238069,0.06420095,0.070102215,0.03862526,0.23191114,0.008115371,0.20185107,0.011709534,0.020649636,0.053227805,0.07874374,0.01429979,0.08734439
ACTACGACAACGACAG-1,HDR_Insertion,Insertion_Insertion,0.047578722,0.066654205,0.030917298,0.08087995,0.1790404,0.044869427,0.093735635,0.012120738,0.16660674,0.0040802103,0.034025233,0.01886548,0.16037752,0.004300085,0.055948354
GTCGTAAAGGAAGAAC-4,Insertion_NHEJ-Deletion,Insertion_NHEJ-Deletion,0.013598125,0.04749799,0.030638676,0.023742145,0.16607746,0.057304718,0.21880385,0.017711796,0.15566611,0.015036877,0.029809542,0.05665988,0.090287656,0.004012922,0.07315224
GTCATCCTCCATTGGA-1,Insertion_WT,HDR_HDR,0.17740187,0.063378386,0.009911303,0.02360043,0.17710578,0.06610333,0.12745638,0.008376483,0.12308868,0.013896554,0.015052068,0.051387154,0.058167376,0.015456887,0.069617294
CGGCAGTTCTCCAATT-1,Insertion_Insertion,Insertion_WT,0.051933438,0.05777017,0.030273708,0.057656888,0.07119446,0.041760936,0.11914962,0.0071456386,0.1996065,0.0055313758,0.018365158,0.012584086,0.11888798,0.018614972,0.18952505
ATTTCTGCATTCGATG-1,NHEJ-Deletion_WT,Insertion_WT,0.065274626,0.047718767,0.022519378,0.18006511,0.10643366,0.048656963,0.09346792,0.0056729126,0.18766642,0.0030735668,0.009256074,0.057620432,0.053516395,0.002303953,0.11675385
AATGCCACATCCGCGA-4,Insertion_Insertion,Insertion_Insertion,0.03218778,0.037727058,0.016569145,0.04299231,0.20244883,0.054381475,0.10870422,0.019161327,0.08872157,0.019549508,0.031834494,0.040956553,0.19299117,0.010568469,0.10120614
GACACGCTCAAGCCGC-4,Insertion_NHEJ-Deletion,Insertion_NHEJ-Deletion,0.06920781,0.04707485,0.019085985,0.015335355,0.1920519,0.08543684,0.21986435,0.019210206,0.08436317,0.006693032,0.030714067,0.00768054,0.11091562,0.0065508108,0.08581542
ACCAAACTCTCTAGGA-1,Insertion_NHEJ-Deletion,NHEJ-Deletion_WT,0.09858302,0.06846565,0.023416542,0.12616345,0.13107462,0.08443209,0.06595038,0.01351458,0.08404162,0.010950478,0.014330225,0.013817947,0.1087637,0.006945354,0.14955036
TTCGCTGAGAGCTTTC-1,HDR_Insertion,Insertion_Insertion,0.074201636,0.105320156,0.02091908,0.03583823,0.16799644,0.099493995,0.16137129,0.008608025,0.14872645,0.005532567,0.032117046,0.01479285,0.059887722,0.022617761,0.042576756
CATTTCATCGCACTCT-1,Insertion_Insertion,Insertion_Insertion,0.0553263,0.091240615,0.013134521,0.013963423,0.31566352,0.02976471,0.16905402,0.009253964,0.103437245,0.00857967,0.03978912,0.009385096,0.07699293,0.01370632,0.05070853
CGTTAGAGTGAGAACC-1,HDR_Insertion,Insertion_WT,0.018734386,0.04783876,0.013732008,0.04126161,0.064538166,0.026030505,0.10983772,0.017216275,0.46147436,0.0092434175,0.012236439,0.028999664,0.06768107,0.003137883,0.07803778
TTGTTGTAGGACTAAT-1,Insertion_WT,Insertion_Insertion,0.043074843,0.045327697,0.009400275,0.040831894,0.28821865,0.07549955,0.13733597,0.01120725,0.109201364,0.0046444875,0.019766621,0.012169802,0.110638306,0.006240493,0.0864428
CTTCTAACAGTTTGGT-1,Insertion_NHEJ-Deletion,Insertion_Insertion,0.022333523,0.08963951,0.029407747,0.011656629,0.33622134,0.047766887,0.16852726,0.012349491,0.09735719,0.013508167,0.022056185,0.028004313,0.083514765,0.003398877,0.03425808
GCACGGTCACTCCTTG-1,HDR_Insertion,Insertion_Insertion,0.13591954,0.06662732,0.013731844,0.022792073,0.23050971,0.070792995,0.13080111,0.016256267,0.15538505,0.0058448217,0.008897339,0.013219731,0.07372185,0.0046824454,0.050817907
TCAGTGAAGCACTCCG-1,Insertion_Insertion,Insertion_WT,0.046494532,0.05110921,0.027164452,0.013564938,0.22316061,0.034095768,0.1396863,0.015240626,0.23152147,0.009267667,0.01551237,0.040587977,0.09358884,0.0066742753,0.052330945
TAGAGTCCAACACACT-1,Insertion_WT,Insertion_WT,0.025976675,0.055691246,0.03840484,0.030028922,0.13703956,0.07767184,0.15614645,0.015625479,0.21524276,0.011950666,0.01715491,0.064547986,0.086421184,0.0030277104,0.065069765
TCGCACTGTCACCGAC-1,Insertion_Insertion,Insertion_NHEJ-Deletion,0.036055442,0.062299658,0.055116694,0.025489707,0.21233913,0.05086671,0.21710306,0.02233677,0.18596117,0.0038530082,0.02142835,0.012384908,0.034805257,0.012775359,0.047184795
TGAGCGCAGCAAGTGC-1,Insertion_Insertion,Insertion_Insertion,0.065194994,0.08183762,0.044720355,0.035417,0.21934488,0.04113589,0.12735191,0.022873236,0.11321612,0.008754569,0.028974654,0.082945876,0.045845594,0.013442174,0.06894518
CCCATTGGTTAAGGGC-4,MMEJ-Deletion_NHEJ-Deletion,Insertion_Insertion,0.02426846,0.094129264,0.058159545,0.01161691,0.24013796,0.04524086,0.17957325,0.0067792265,0.14819296,0.029160079,0.038109574,0.010381137,0.05845366,0.0034749985,0.05232212
CCCGGAAAGTGACCTT-1,Insertion_Insertion,HDR_Insertion,0.034043193,0.17982727,0.02460401,0.05258938,0.12967241,0.045119774,0.16989301,0.012704187,0.114918634,0.013821654,0.035047058,0.013180963,0.09832601,0.005926904,0.07032552
GTGGAAGCACCTGATA-1,Insertion_MMEJ-Deletion,Insertion_WT,0.041993756,0.15572062,0.042992223,0.019963564,0.14164641,0.070749044,0.12934004,0.015184296,0.19788033,0.0056714714,0.059893038,0.036988992,0.041043323,0.0058977613,0.03503516
TGTAACGGTACTAGCT-4,NHEJ-Deletion_NHEJ-Deletion,Insertion_WT,0.013095239,0.03350204,0.032903295,0.040485032,0.113211714,0.029481154,0.2162283,0.020163905,0.25931084,0.0077670473,0.016557526,0.03194536,0.09423864,0.0035954977,0.08751441
AAGCGTTAGGTTCACT-1,HDR_Insertion,Insertion_WT,0.03252963,0.06036361,0.03627986,0.03099157,0.107328266,0.04570687,0.113102,0.01569482,0.2173337,0.009154747,0.0484514,0.024081886,0.10904787,0.02047874,0.12945509
TACACCCGTTGCCAAT-1,Insertion_NHEJ-Deletion,Insertion_NHEJ-Deletion,0.018414622,0.07626108,0.018736599,0.09281399,0.14331606,0.038284272,0.1579468,0.004263961,0.13344604,0.009021464,0.037507575,0.020396939,0.14156288,0.011800823,0.09622686
AGGGCCTGTACTGCCG-1,Insertion_NHEJ-Deletion,Insertion_Insertion,0.0500141,0.08293905,0.027469166,0.022725767,0.23888965,0.04350823,0.15678601,0.0056825704,0.10819872,0.011801458,0.040051464,0.02432694,0.1459844,0.004112319,0.037510116
GTGTGGCGTGCAATGG-1,Insertion_Insertion,Insertion_NHEJ-Deletion,0.0122759435,0.08050265,0.04276269,0.024959292,0.11775179,0.049935717,0.2666341,0.0079468135,0.10481841,0.0039088083,0.033054445,0.025327202,0.12364478,0.0031002301,0.1033771
AGGTCTAAGAAGTATC-4,Insertion_NHEJ-Deletion,Insertion_Insertion,0.020444315,0.10113491,0.030143233,0.014414831,0.2600454,0.04896617,0.16849351,0.010053312,0.120351344,0.0066616456,0.03723869,0.030984981,0.08642001,0.0045629507,0.060084686
CCGAACGTCGGCATCG-1,NHEJ-Deletion_WT,Insertion_Insertion,0.10156417,0.13002615,0.04774758,0.045456074,0.21161672,0.047376316,0.08340197,0.012493611,0.04261821,0.019692663,0.056415986,0.021144237,0.10772109,0.01148976,0.061235417
TCGCACTCACGTCGGT-4,NHEJ-Deletion_NHEJ-Deletion,Insertion_Insertion,0.11765848,0.09671169,0.015626429,0.027074872,0.17778376,0.07931596,0.11408052,0.01014051,0.16892369,0.007114075,0.0150526,0.063061975,0.040755246,0.008669708,0.058030497
ATTTACCCAAATACGA-1,Insertion_WT,Insertion_WT,0.036015205,0.030567683,0.02988798,0.050160702,0.10119633,0.026018212,0.086373545,0.0067130364,0.3734029,0.007968458,0.020740638,0.02295706,0.12040032,0.0040012514,0.08359668
CTGTATTCAGTGGCTC-4,Insertion_WT,Insertion_Insertion,0.010489158,0.035636503,0.0572439,0.016373154,0.21522686,0.031316094,0.20483331,0.017751908,0.14684361,0.0072910087,0.028505271,0.03476652,0.09365919,0.006814288,0.093249224
CCTGTTGTCACTTGTT-1,HDR_Insertion,HDR_WT,0.11540113,0.05450089,0.017331975,0.2504482,0.11879341,0.03600979,0.055614922,0.008259846,0.124392025,0.015365357,0.011074916,0.027218089,0.07568578,0.0072328974,0.08267078
ATTCCCGCAAGTTTGC-1,NHEJ-Deletion_NHEJ-Deletion,NHEJ-Deletion_WT,0.020498438,0.059773117,0.013923462,0.007927276,0.13652006,0.060515553,0.21097319,0.005536769,0.10368239,0.0043206518,0.027697438,0.027826184,0.08960433,0.0028874285,0.22831368
TGGGAGACACTTGGGC-1,Insertion_WT,Insertion_WT,0.011013926,0.07468822,0.032972448,0.031177996,0.16849938,0.06718556,0.13434389,0.012455185,0.21288969,0.0060388716,0.041564588,0.035769805,0.07449234,0.00453425,0.09237387
CTACCCATCACTTATC-1,HDR_Insertion,Insertion_NHEJ-Deletion,0.022554759,0.06336526,0.027280657,0.053639337,0.16209456,0.038107183,0.27780372,0.011603305,0.12663865,0.0059951977,0.03071396,0.008863523,0.10215287,0.005867262,0.06331977
ATAGACCAGGTTCCAT-1,Insertion_Insertion,Insertion_NHEJ-Deletion,0.15023102,0.083006576,0.027129618,0.018259453,0.10592979,0.05207564,0.20676814,0.010819113,0.1516423,0.009530058,0.019328423,0.02931791,0.056586888,0.008607071,0.07076797
CAACCTCAGTGGTCAG-1,NHEJ-Deletion_NHEJ-Deletion,Insertion_Insertion,0.035835866,0.082599826,0.029327039,0.016770951,0.2549751,0.056041576,0.17169534,0.023125954,0.1001062,0.003890352,0.019908242,0.0124443425,0.13726988,0.004211089,0.05179821
TTGCGTCTCCAAGGGA-4,Insertion_WT,Insertion_WT,0.06806662,0.05133479,0.024988165,0.018639637,0.13394727,0.07016708,0.14769997,0.0101716025,0.250158,0.008238844,0.047440454,0.017951142,0.08530678,0.021178855,0.04471079
CACACAACAAATACGA-1,NHEJ-Deletion_WT,Insertion_Insertion,0.07820987,0.07261478,0.0435137,0.021298505,0.16975783,0.09772799,0.15787828,0.013638902,0.11590556,0.011341427,0.020396452,0.037668,0.09378533,0.009918411,0.056345005
TTGCATTGTAGTGGCA-1,Insertion_Insertion,Insertion_Insertion,0.02656675,0.076333724,0.055113666,0.01764252,0.20447998,0.04885393,0.15011995,0.025106747,0.15073243,0.0067206556,0.047645535,0.02229752,0.108466454,0.011426996,0.04849315
TCCGGGAGTACAGTCT-1,NHEJ-Deletion_NHEJ-Deletion,Insertion_Insertion,0.12710224,0.066682704,0.014588022,0.046525903,0.20441057,0.110629305,0.12052889,0.0135493325,0.090011865,0.016453544,0.034936596,0.023648316,0.073696434,0.011088954,0.046147298
GTGCTTCTCCATACAG-4,Insertion_NHEJ-Deletion,Insertion_Insertion,0.074637465,0.046605572,0.02591706,0.016778374,0.27731806,0.054960508,0.21463919,0.009612318,0.113225944,0.0042344825,0.023536699,0.027557971,0.06058285,0.0074813734,0.042912174
TATCAGGAGTTGCCCG-1,Insertion_MMEJ-Deletion,HDR_WT,0.070034504,0.041478444,0.03469827,0.18315546,0.06890185,0.054883935,0.11597149,0.006032857,0.14635094,0.005309612,0.02071916,0.036888592,0.06427977,0.0062384927,0.14505659
CACATGATCGAAGGAC-1,HDR_NHEJ-Deletion,Insertion_NHEJ-Deletion,0.05460749,0.10383087,0.018622326,0.02471493,0.11798429,0.08063885,0.1836763,0.014843442,0.07886418,0.042708825,0.03849884,0.049990844,0.10922448,0.016863944,0.064930424
TGCAGTATCGGTTAGT-1,Insertion_NHEJ-Deletion,Insertion_NHEJ-Deletion,0.020557499,0.08817971,0.018181782,0.046426468,0.17198175,0.05860691,0.21587016,0.009172241,0.17491639,0.0052323793,0.022246389,0.029369453,0.08126956,0.0060617933,0.051927492
ATTACTCCACCAGTTA-1,Insertion_WT,Insertion_WT,0.029903399,0.09643977,0.036188435,0.031423155,0.15489934,0.097181484,0.13234857,0.014899855,0.1603562,0.01483737,0.0518253,0.018732065,0.086400196,0.013005315,0.061559565
ACACGCGAGTATAGGT-4,Insertion_Insertion,Insertion_NHEJ-Deletion,0.012917913,0.07795205,0.047473826,0.06235759,0.091926776,0.075124145,0.22153705,0.025135748,0.1441693,0.009106174,0.031950668,0.013524026,0.11228719,0.0066265743,0.06791092
CGAAGGAAGTGCCAGA-4,Insertion_NHEJ-Deletion,Insertion_WT,0.020911051,0.073767155,0.021679148,0.067987196,0.11410486,0.04123866,0.12668793,0.0052673374,0.27569848,0.0044077607,0.020856362,0.027738739,0.051787257,0.0038698746,0.14399822
CTTCGGTCAGCTGTCG-1,Insertion_MMEJ-Deletion,Insertion_NHEJ-Deletion,0.014206247,0.07740554,0.021313924,0.023502914,0.17574218,0.06407314,0.25537068,0.013921613,0.10504454,0.008099453,0.011540093,0.011714975,0.16026098,0.004503523,0.053300187
ATTCCCGCACAATGTC-1,HDR_Insertion,Insertion_NHEJ-Deletion,0.040334754,0.059634805,0.032730766,0.030729579,0.13869739,0.06465777,0.16110164,0.018837828,0.10349299,0.016263692,0.017480597,0.01644181,0.15216371,0.0071225874,0.14031012
ATGTCTTCATGTGACT-1,NHEJ-Deletion_NHEJ-Deletion,Insertion_WT,0.017139561,0.06836904,0.01930218,0.13837552,0.17496975,0.022356229,0.09433619,0.00944938,0.2655663,0.005159921,0.016429,0.034489084,0.03915649,0.0024091557,0.092492245
AGAGAATTCGTTGTTT-1,Insertion_MMEJ-Deletion,NHEJ-Deletion_WT,0.018616688,0.03405768,0.04436832,0.107379876,0.14334646,0.03433588,0.09349017,0.012616043,0.13520557,0.013399081,0.02531892,0.03757577,0.12362744,0.008786177,0.16787596
CACCGTTTCATTACCT-4,NHEJ-Deletion_NHEJ-Deletion,Insertion_NHEJ-Deletion,0.03547559,0.0749743,0.030926004,0.015787242,0.16387463,0.047092754,0.23265447,0.016957639,0.13645466,0.0064310804,0.039581735,0.017927857,0.11010595,0.004987309,0.06676878
GGAGGTAGTACCCACG-1,Insertion_MMEJ-Deletion,Insertion_Insertion,0.042410396,0.060207073,0.027484411,0.03387063,0.1977298,0.06665423,0.19303839,0.013219517,0.1391028,0.006655053,0.01397378,0.032900006,0.07477919,0.0046010646,0.09337367
ACTACGAGTTGTGGAG-1,Insertion_WT,Insertion_WT,0.0581705,0.058720443,0.08155005,0.02272231,0.15276384,0.068439625,0.14860904,0.00911402,0.19276145,0.009090502,0.012386998,0.04097514,0.05846465,0.0056527043,0.08057876
CTGCAGGGTTCTCTCG-1,HDR_Insertion,Insertion_Insertion,0.05939287,0.07203849,0.029269813,0.013279361,0.31069428,0.08817031,0.12302365,0.011689254,0.13574111,0.007490624,0.0140149705,0.03530609,0.04331764,0.010575685,0.045995824
CTATCCGTCAAATGCC-1,HDR_Insertion,Insertion_Insertion,0.11211551,0.06315088,0.025618324,0.021664372,0.20006406,0.091860056,0.115624666,0.018873246,0.085184924,0.0071878997,0.05277702,0.018712917,0.08900069,0.012355112,0.08581028
CCCGGAAAGTGATAGT-4,NHEJ-Deletion_NHEJ-Deletion,Insertion_NHEJ-Deletion,0.047349866,0.09012537,0.061050106,0.0094114235,0.17977095,0.053622752,0.21994236,0.00439594,0.1152391,0.008505427,0.029857503,0.040861633,0.084263936,0.009252442,0.046351247
GTCAGCGCAGAACTAA-1,Insertion_NHEJ-Deletion,Insertion_NHEJ-Deletion,0.05032271,0.074013084,0.03842811,0.032639164,0.21586448,0.045321226,0.27786285,0.00765593,0.107628636,0.007841176,0.014595889,0.017152755,0.058741394,0.006542248,0.04539035
GCGAGAACAGCAGTAG-4,Insertion_WT,Insertion_WT,0.06472199,0.03700521,0.010978657,0.05578519,0.13086842,0.057498127,0.13118032,0.005340144,0.250308,0.00766193,0.02354851,0.06906578,0.068948224,0.004490179,0.08259931
ATTCCATCACGTACAT-1,Insertion_WT,Insertion_NHEJ-Deletion,0.050435696,0.085825205,0.051104266,0.020108651,0.14899947,0.028427782,0.24222378,0.016818296,0.10137802,0.02321755,0.022127284,0.010560998,0.12011559,0.004813737,0.073843636
TCTCCGACATCGAGCC-1,Insertion_Insertion,Insertion_Insertion,0.031139383,0.08108462,0.042956114,0.041701637,0.2208222,0.12129074,0.14448589,0.009474494,0.09588951,0.008419526,0.024970645,0.016767131,0.06447127,0.003945703,0.09258119
GTGGTTAGTGCACATT-1,Insertion_NHEJ-Deletion,Insertion_Insertion,0.055374987,0.078472674,0.018522916,0.013664625,0.2948723,0.069370195,0.1633666,0.014804353,0.1219298,0.0048817764,0.017674042,0.027368844,0.08101084,0.0048910407,0.033794973
CGGGACTTCTCACTCG-1,Insertion_NHEJ-Deletion,Insertion_WT,0.06132422,0.05948733,0.022964485,0.039185658,0.12095039,0.0634481,0.1353751,0.007548404,0.19723667,0.019383747,0.009851698,0.026724704,0.12691712,0.014713842,0.09488853
CCGGTAGGTATGGTAA-1,HDR_Insertion,Insertion_Insertion,0.029534169,0.08305658,0.033684872,0.016241165,0.1977715,0.070239685,0.19103578,0.017168263,0.123194195,0.01865726,0.016917348,0.024842776,0.09473297,0.016610347,0.06631307
ATGAGGGCATCTGCGG-1,Insertion_NHEJ-Deletion,NHEJ-Deletion_NHEJ-Deletion,0.08567666,0.08583177,0.023945566,0.05782758,0.15168495,0.039547544,0.091734126,0.017036319,0.0851321,0.015439008,0.01161498,0.020818321,0.156684,0.009629315,0.1473978
TAAGCCAAGAGCCTGA-1,Insertion_MMEJ-Deletion,HDR_HDR,0.3008149,0.10710311,0.03574419,0.008979633,0.15487853,0.07751864,0.07296545,0.008061625,0.109951444,0.011630257,0.023004154,0.027064865,0.030685056,0.006464742,0.025133414
CCCAACTAGTTGTACC-1,Insertion_MMEJ-Deletion,Insertion_Insertion,0.032054413,0.060917825,0.021135967,0.0074466374,0.21066119,0.050312806,0.11538184,0.0062065125,0.17081164,0.009487746,0.027936611,0.028726885,0.08404822,0.008129417,0.16674228
AGTTCGATCCTCGCAT-1,Insertion_WT,Insertion_WT,0.051784378,0.040472116,0.019103387,0.0468207,0.13337533,0.047341373,0.097820215,0.013222877,0.28245777,0.008261026,0.01480107,0.06246518,0.08663398,0.003988069,0.09145252
GCCCGAAGTCCTGGTG-1,Insertion_Insertion,HDR_HDR,0.1939103,0.038099788,0.017148182,0.18087322,0.10987068,0.030662077,0.09366281,0.008976845,0.088183165,0.008943386,0.0155634135,0.024585914,0.09545614,0.007879711,0.08618436
TGTCAGAGTCCTGTCT-1,Insertion_Insertion,Insertion_Insertion,0.08437208,0.10678742,0.017953742,0.023605404,0.17265922,0.09743198,0.14596032,0.013218593,0.11076036,0.0053920676,0.031476162,0.047075506,0.08861815,0.0071539357,0.047535088
ATGAGTCTCGGCTTCT-1,HDR_Insertion,Insertion_Insertion,0.033249814,0.06606287,0.01979886,0.047267478,0.22980314,0.0662824,0.18697669,0.013681083,0.1735941,0.0058512837,0.025653096,0.017589558,0.068911165,0.0036211666,0.041657284
CACAGATGTGAATGTA-1,Insertion_NHEJ-Deletion,Insertion_Insertion,0.024576435,0.07301552,0.014980195,0.026909038,0.20623411,0.059936777,0.17869796,0.0073731425,0.15731083,0.002878645,0.020481938,0.038939115,0.07317247,0.00905356,0.10644026
GAGGCCTTCACTAGCA-4,MMEJ-Deletion_NHEJ-Deletion,Insertion_NHEJ-Deletion,0.012124854,0.04646805,0.018168945,0.012482871,0.09599247,0.025501776,0.2471717,0.008361587,0.20024872,0.002268389,0.020559892,0.018794946,0.13628691,0.01787884,0.13769002
GAACTGTAGGACAACC-1,Insertion_WT,Insertion_Insertion,0.0322707,0.056537084,0.01636778,0.03314663,0.20794488,0.05150856,0.1277575,0.0120393,0.17420945,0.010911062,0.017956175,0.05086116,0.049742885,0.0064757694,0.15227102
GATGACTCAAGACAAT-1,HDR_Insertion,Insertion_Insertion,0.030878585,0.111257605,0.02836482,0.017857188,0.25606254,0.04503563,0.23502848,0.004048974,0.10627063,0.0050740275,0.025766773,0.019702498,0.06339031,0.0036631005,0.047598816
AGTACCACATAATGCC-1,Insertion_Insertion,Insertion_Insertion,0.0371509,0.07755491,0.031829774,0.015202726,0.25214532,0.09351274,0.15478472,0.013031827,0.10408646,0.0041663772,0.03414037,0.01998605,0.093945734,0.0047427015,0.06371939
GGGAGATAGTACCATC-1,Insertion_Insertion,Insertion_Insertion,0.0815208,0.09455357,0.026913535,0.0318142,0.22092593,0.06880962,0.12796684,0.0059865476,0.053971965,0.007664449,0.026842365,0.0102953445,0.17873678,0.009618992,0.054379094
TTCTCTCGTCGCATCG-1,Insertion_Insertion,Insertion_Insertion,0.033044565,0.078278735,0.038785223,0.023920197,0.29299116,0.059333082,0.12520579,0.009378148,0.11839262,0.004959907,0.0367672,0.048859365,0.06315629,0.003277659,0.06365007
TGGATCAGTGTCCAAT-1,NHEJ-Deletion_WT,HDR_WT,0.096892565,0.08794776,0.05970961,0.12193984,0.113065496,0.05272293,0.049758576,0.008448392,0.10600827,0.013730439,0.020872356,0.035308596,0.11830094,0.009229914,0.10606428
AGCGCTGCACTACGGC-1,Insertion_Insertion,Insertion_Insertion,0.0388466,0.07094719,0.018900322,0.005145568,0.3961235,0.08688829,0.1312595,0.00990859,0.13637139,0.005428517,0.010762746,0.01519871,0.04465996,0.001729551,0.02782958
TTCCGGTCACCCTGTT-1,Insertion_NHEJ-Deletion,Insertion_NHEJ-Deletion,0.110308215,0.068556204,0.03603016,0.045979246,0.12227093,0.08845595,0.18578684,0.013558599,0.07196183,0.013454895,0.03483268,0.011694292,0.11226137,0.014382264,0.070466526
TTGCTGCGTCTAGGTT-1,Insertion_Insertion,Insertion_Insertion,0.08565082,0.16623102,0.038005326,0.02119025,0.2126415,0.036253616,0.07650652,0.018557642,0.12984252,0.008025982,0.024463126,0.052641224,0.06874453,0.0036526923,0.057593193
GTGTGATGTACCATAC-1,Insertion_Insertion,NHEJ-Deletion_NHEJ-Deletion,0.08350602,0.08849897,0.042520642,0.022823855,0.13871689,0.075866565,0.1233083,0.027888985,0.08054738,0.010246814,0.029502708,0.010205315,0.16467452,0.013640898,0.08805214
GACTTCCGTGAGTTGG-4,Insertion_WT,Insertion_WT,0.023400504,0.07536542,0.030497782,0.030832326,0.17527957,0.05823566,0.1817388,0.0074071507,0.2314125,0.012613701,0.023280827,0.038991403,0.043359153,0.0037094513,0.06387573
TCAGGTACATAATCGC-1,NHEJ-Deletion_WT,Insertion_NHEJ-Deletion,0.012547244,0.050669175,0.03502368,0.032135185,0.14006905,0.054964237,0.23817226,0.016020348,0.19432503,0.008424897,0.035983227,0.013340133,0.08032507,0.009860765,0.07813969
ATCCTATCACTTCATT-1,Insertion_Insertion,Insertion_WT,0.034889225,0.070571944,0.017407648,0.10474269,0.096958406,0.022747276,0.102335244,0.005898312,0.31666648,0.007819082,0.00994788,0.05823569,0.06319118,0.0031217262,0.08546718
ATTTACCGTTCTGACA-4,Insertion_WT,Insertion_WT,0.023912132,0.059271377,0.02274921,0.024537858,0.07975441,0.027845185,0.20174886,0.011770575,0.26167974,0.012912958,0.03278797,0.027676145,0.09371373,0.007261665,0.11237816
TTGGGTACACGACTAT-1,Insertion_NHEJ-Deletion,Insertion_WT,0.09133377,0.0745563,0.028166115,0.016693871,0.10954383,0.045497067,0.12952732,0.0042771106,0.24137257,0.007206462,0.015638575,0.091165446,0.060768254,0.005281281,0.07897202
TCACACCCAACTCCCT-1,Insertion_Insertion,Insertion_NHEJ-Deletion,0.02190733,0.05095064,0.020724855,0.01184085,0.13181655,0.04970728,0.24088162,0.027639074,0.1651561,0.00821597,0.041986275,0.017298892,0.10408577,0.0046008653,0.10318789
GTGATGTTCTCGCTTG-1,Insertion_NHEJ-Deletion,Insertion_Insertion,0.07977192,0.12036625,0.03930627,0.010127201,0.24720442,0.09632074,0.1690605,0.011635173,0.12320694,0.003736894,0.013533359,0.02396762,0.03469437,0.005856788,0.021211537
GTTACGACACAGAAGC-1,HDR_Insertion,Insertion_Insertion,0.15997809,0.080705985,0.018097606,0.00820534,0.16276875,0.06604139,0.1408031,0.011864608,0.07206918,0.014201561,0.06627426,0.030945724,0.07748831,0.014190221,0.07636587
TAGTGCAGTCGTACTA-1,HDR_Insertion,Insertion_Insertion,0.05398569,0.056175098,0.02717405,0.025847897,0.19261338,0.07388996,0.10027224,0.011945619,0.13323307,0.00976653,0.08750632,0.056478474,0.080155596,0.012664942,0.078291096
GTAATCGAGATAGGGA-4,Insertion_Insertion,Insertion_NHEJ-Deletion,0.020008344,0.051667444,0.037145283,0.048766684,0.111024946,0.067466296,0.21923263,0.006396742,0.15061271,0.0072801234,0.013628948,0.020721707,0.062396977,0.0043459963,0.17930517
CTTTCGGGTTAAACCC-1,Insertion_NHEJ-Deletion,Insertion_NHEJ-Deletion,0.10458148,0.06217256,0.017654052,0.009987431,0.2138725,0.10844501,0.24801569,0.011268863,0.0535417,0.011343026,0.030494494,0.012465914,0.07064569,0.008021602,0.03749002
AGGGTTTTCCTAGCTC-1,Insertion_Insertion,Insertion_Insertion,0.013589854,0.08650524,0.047774512,0.043673508,0.2867834,0.06516199,0.12762901,0.013328814,0.09827798,0.007047339,0.039907876,0.01522464,0.078732274,0.00561869,0.0707449
TTAGTCTTCTTGTTAC-1,Insertion_NHEJ-Deletion,HDR_HDR,0.2110476,0.050362516,0.02739423,0.012623608,0.11875037,0.053721517,0.15738392,0.013365037,0.18088281,0.006671716,0.020835964,0.02780695,0.049552694,0.0075898687,0.062011156
TTACGTTCATTGCCTC-1,Insertion_Insertion,Insertion_WT,0.070999496,0.06060982,0.021300407,0.096332155,0.12373446,0.027162137,0.0639541,0.0067161988,0.3429015,0.005272721,0.0067088017,0.035390556,0.04071322,0.0029602866,0.095244125
TAAGCACAGCCTGACC-1,Insertion_NHEJ-Deletion,Insertion_Insertion,0.088275366,0.10115053,0.042577475,0.1223495,0.12743005,0.08174148,0.0879257,0.007625137,0.07504691,0.011839549,0.01950858,0.053191543,0.072263345,0.0053951317,0.103679724
ACATCGACACCGGAAA-1,HDR_WT,Insertion_WT,0.103681035,0.04998094,0.018258989,0.17081147,0.11204031,0.03419313,0.04889292,0.010119847,0.22778393,0.006095103,0.0070342594,0.06678438,0.0613466,0.0033936822,0.07958337
GACGCTGTCGAAGTGG-4,HDR_NHEJ-Deletion,Insertion_WT,0.041238125,0.02826701,0.034905333,0.019051118,0.11026843,0.050684683,0.11168367,0.015585494,0.27563336,0.011618492,0.027853688,0.08637985,0.061529946,0.015276455,0.11002435
ACGGTTAAGTCACGCC-4,Insertion_NHEJ-Deletion,NHEJ-Deletion_NHEJ-Deletion,0.059114873,0.064047165,0.022188162,0.08767708,0.120639466,0.05278704,0.107741475,0.010057796,0.12509714,0.014819027,0.009491786,0.0340595,0.14180803,0.011890117,0.13858137
AGGGCTCCAACAGCCC-1,Insertion_Insertion,Insertion_NHEJ-Deletion,0.006817592,0.1089091,0.025888273,0.038068917,0.16921683,0.055439018,0.21672142,0.006391802,0.14509521,0.004919203,0.031550232,0.02084025,0.07773804,0.0074443547,0.08495982
TGGGCGTGTTATGACC-4,Insertion_Insertion,Insertion_Insertion,0.05961674,0.035727378,0.013683752,0.006748466,0.4135906,0.0424828,0.15756722,0.0077384524,0.12896368,0.009313126,0.015260372,0.016988238,0.06730327,0.004091976,0.020923913
ATTCATCGTGCTCTTC-1,Insertion_SV,Insertion_WT,0.03965657,0.057837356,0.019018805,0.062381256,0.1448692,0.05745104,0.1489103,0.011427646,0.18966712,0.014496771,0.01007459,0.037588473,0.09856888,0.010364701,0.097687304
CGTGTCTAGGGTACAC-1,NHEJ-Deletion_NHEJ-Deletion,Insertion_NHEJ-Deletion,0.027785523,0.11911435,0.026509508,0.04896365,0.14340454,0.11463575,0.1702586,0.0063077575,0.10390489,0.0037583667,0.025315093,0.039621055,0.08277961,0.009681954,0.07795937
ATTCTACCATCCCGTT-1,Insertion_Insertion,Insertion_Insertion,0.04002435,0.04852658,0.025226612,0.017711895,0.26616573,0.07003123,0.2132763,0.011243575,0.10655672,0.012159948,0.025550319,0.025564669,0.07272232,0.0039875107,0.06125221
TGCAGTAAGGCAGGGA-1,Insertion_WT,Insertion_WT,0.14310768,0.06085403,0.016911048,0.033350963,0.13618153,0.0653937,0.0887019,0.008328985,0.22308858,0.003900659,0.010999447,0.015224577,0.12376637,0.011875223,0.058315344
GAAACCTCACGTCGTG-1,Insertion_Insertion,Insertion_NHEJ-Deletion,0.049976118,0.081992984,0.030860735,0.017330647,0.22043604,0.06089395,0.24614468,0.0126901865,0.075993896,0.0072090924,0.047852356,0.0043923534,0.07926922,0.0033813438,0.061576445
TGCTCGTAGTAGAGTT-1,Insertion_Insertion,HDR_HDR,0.15401283,0.052281257,0.031191345,0.059671234,0.14006127,0.10359803,0.063585386,0.0070131253,0.110193506,0.010810729,0.025735497,0.0130287865,0.12964831,0.013507965,0.08566073
TTACCGCAGTCGAAAT-1,Insertion_NHEJ-Deletion,Insertion_Insertion,0.13632338,0.104014955,0.02672109,0.005903844,0.18379456,0.06336397,0.1700276,0.016987786,0.14792116,0.006944104,0.03774617,0.02367223,0.04176952,0.0028257102,0.031983957
AGAACAAGTCACAGTT-1,HDR_HDR,Insertion_Insertion,0.10931916,0.11461672,0.026076416,0.05557017,0.27832806,0.039038133,0.079393715,0.012093421,0.062161468,0.011264721,0.02318977,0.012273577,0.073137924,0.014025128,0.089511596
TGCGATAGTACAGAAT-4,Insertion_Insertion,Insertion_NHEJ-Deletion,0.023475038,0.036192913,0.03964421,0.03307149,0.15822455,0.05088047,0.17295401,0.011631765,0.1355525,0.0067602363,0.017829591,0.021800386,0.16798097,0.005820369,0.118181534
CGTGAATGTTGTGCCG-4,Insertion_Insertion,Insertion_NHEJ-Deletion,0.031703975,0.045633078,0.018056624,0.02158141,0.13776185,0.07412019,0.24894133,0.004423558,0.12937324,0.013612455,0.022701124,0.06636786,0.07512629,0.002929012,0.107668005
GATGTTGGTATGAGCG-4,HDR_WT,Insertion_Insertion,0.024601936,0.07577864,0.05394593,0.028275125,0.23266742,0.06526634,0.19072467,0.00717745,0.18594722,0.011215804,0.025272988,0.015839057,0.05259061,0.002564822,0.02813202
CTGTGAACACTACCCT-4,Insertion_NHEJ-Deletion,Insertion_WT,0.009535096,0.03224798,0.035878908,0.0226991,0.103885,0.017318398,0.09234233,0.0069003236,0.3498007,0.009877901,0.015182475,0.018047156,0.18528858,0.0025269482,0.098469116
TTCCTTCAGGGTTTCT-1,NHEJ-Deletion_NHEJ-Deletion,Insertion_Insertion,0.024817903,0.062312394,0.017484466,0.03367458,0.19039927,0.03841955,0.18546316,0.013833263,0.12822808,0.0042497967,0.03978401,0.00976227,0.12791972,0.005176219,0.118475266
ATTCCATAGCCGATTT-1,NHEJ-Deletion_NHEJ-Deletion,Insertion_NHEJ-Deletion,0.055414587,0.07905428,0.029040009,0.014784787,0.11502058,0.06055193,0.29338133,0.0056192055,0.053402234,0.010711095,0.023369355,0.010132026,0.1757371,0.0075242277,0.06625726
ACTGATGCAAGACGAC-1,HDR_NHEJ-Deletion,Insertion_Insertion,0.080506615,0.071809106,0.04575909,0.007582525,0.23557204,0.1081019,0.12870461,0.0074195773,0.17045625,0.0072128996,0.01218215,0.012916548,0.07532642,0.005182346,0.031267975
TCGCTCAGTACTCGAT-1,Insertion_WT,HDR_WT,0.047719587,0.05357102,0.016547605,0.20228001,0.08361854,0.061434243,0.1271504,0.012843894,0.17495756,0.009551016,0.011409828,0.05522545,0.04624986,0.00461766,0.09282331
GGATCTACAATTCTTC-1,MMEJ-Deletion_MMEJ-Deletion,Insertion_NHEJ-Deletion,0.19336042,0.040349502,0.02918222,0.020628251,0.18355508,0.067305095,0.20417145,0.014274015,0.04731006,0.0225585,0.02029435,0.009257779,0.097368725,0.0072268075,0.043157697
AAACGCTAGATTGTGA-4,NHEJ-Deletion_NHEJ-Deletion,Insertion_NHEJ-Deletion,0.07046687,0.07522269,0.07372299,0.04869373,0.099820524,0.081060864,0.14165978,0.02061811,0.106690146,0.013638236,0.02479066,0.06291044,0.077762954,0.0071132537,0.09582875
CAACAGTAGGTTCCAT-1,Insertion_Insertion,Insertion_Insertion,0.099056475,0.08124924,0.028763637,0.017006528,0.17405763,0.061605487,0.10202888,0.016343016,0.15919456,0.005087398,0.03162735,0.02049352,0.123821676,0.0064789844,0.07318562
ATCACGAGTTATTCTC-1,HDR_Insertion,Insertion_Insertion,0.01615912,0.08908558,0.023752203,0.019254304,0.24082232,0.0802763,0.1440416,0.0063940333,0.19006558,0.008358177,0.016731236,0.01177637,0.04732207,0.0032362698,0.10272491
GACGTTAAGAGAGCCT-1,Insertion_NHEJ-Deletion,Insertion_Insertion,0.07078177,0.035261337,0.03796251,0.044562656,0.18408172,0.049511384,0.14078763,0.019540243,0.120508954,0.011481609,0.034668054,0.016736438,0.13026251,0.011288915,0.092564225
AATAGAGTCGTTCCCA-1,Insertion_Insertion,Insertion_NHEJ-Deletion,0.014661673,0.07313834,0.041776903,0.0094821025,0.16026837,0.039696272,0.35137737,0.00771586,0.08245604,0.020706028,0.02125299,0.011306853,0.10090024,0.006436477,0.058824517
AGCGCCATCGAATCCA-1,Insertion_Insertion,Insertion_Insertion,0.1061652,0.06505304,0.02475253,0.025875803,0.26304352,0.08628982,0.09013276,0.027030222,0.119145244,0.018111086,0.012804123,0.011555499,0.086831555,0.017067231,0.046142377
GTGCACGGTTTGGGAG-4,HDR_WT,Insertion_Insertion,0.038905412,0.048404846,0.02258592,0.023567382,0.24989699,0.069542624,0.21223323,0.007171661,0.158038,0.008148418,0.015021219,0.029730927,0.06873483,0.0026453827,0.04537317
CCTACGTAGGTTGCCC-1,MMEJ-Deletion_MMEJ-Deletion,Insertion_Insertion,0.052319597,0.06763431,0.04742546,0.03388489,0.2527271,0.043919828,0.123116754,0.013781289,0.083732,0.007956657,0.030346027,0.015778562,0.15843228,0.00975272,0.059192516
AGTACTGAGCCATTCA-1,HDR_NHEJ-Deletion,Insertion_NHEJ-Deletion,0.03598153,0.10174966,0.027339254,0.041505437,0.15755537,0.08502832,0.17847784,0.007798725,0.09219579,0.01035786,0.043590885,0.02278915,0.13595034,0.011947077,0.047732763
GCCCGAAGTCGGATTT-1,Insertion_Insertion,Insertion_Insertion,0.051173344,0.116538145,0.043614477,0.010318617,0.18180166,0.0576917,0.18174388,0.008463465,0.11860614,0.004963645,0.0113491425,0.041729324,0.086360425,0.01930689,0.06633912
GGGACAAGTTTGGGAG-1,Insertion_Insertion,Insertion_Insertion,0.07414592,0.056512985,0.044591147,0.014468662,0.21836317,0.06823349,0.13080554,0.008908309,0.11062548,0.033584982,0.03872892,0.028705124,0.09920402,0.018158553,0.054963678
CTGCCTATCTTCTAAC-4,HDR_NHEJ-Deletion,Insertion_NHEJ-Deletion,0.027859982,0.04749445,0.030565957,0.03493792,0.1981362,0.058482587,0.2064037,0.0093000885,0.15927184,0.010970028,0.064081125,0.024865082,0.06423491,0.002828548,0.06056762
GATCAGTAGGTAAAGG-4,MMEJ-Deletion_NHEJ-Deletion,Insertion_NHEJ-Deletion,0.039009795,0.108453445,0.021220952,0.006776863,0.14223778,0.08188959,0.2401081,0.008535259,0.06687715,0.006166001,0.030351277,0.020099614,0.1304606,0.02220385,0.07560972
GATCACACAGGTTCCG-1,Insertion_Insertion,Insertion_NHEJ-Deletion,0.018790169,0.13119268,0.018841205,0.027432185,0.14676787,0.028462725,0.18505794,0.0116688805,0.17189273,0.008408381,0.02383196,0.006015663,0.10423827,0.008439332,0.10896004
TCAGCAAGTACGTAGG-4,Insertion_WT,Insertion_WT,0.022806628,0.07954293,0.043553222,0.065099694,0.13114254,0.043756574,0.1765229,0.013629343,0.26918584,0.004209683,0.0100695165,0.025090706,0.06853422,0.0022116462,0.04464455
AGAAGTATCGAGAACG-1,NHEJ-Deletion_NHEJ-Deletion,Insertion_Insertion,0.03664803,0.07306524,0.044645835,0.017857173,0.20972258,0.08460434,0.13270141,0.014775315,0.15409581,0.007628073,0.04561799,0.045610785,0.09024524,0.011421982,0.031360198
TGGTAGTCAGAGATTA-1,Insertion_Insertion,Insertion_NHEJ-Deletion,0.0441139,0.06393722,0.03554989,0.045336068,0.14493911,0.044160098,0.19465503,0.009310619,0.14624928,0.031870034,0.02028901,0.023322932,0.09553464,0.0063103708,0.0944218
GACCAATGTCATAAAG-1,Insertion_Insertion,Insertion_WT,0.017830929,0.039423842,0.0365184,0.030373033,0.13757746,0.029396133,0.16276564,0.011470481,0.31930178,0.0058648405,0.018089136,0.03157493,0.058850974,0.002309372,0.09865309
TTTACTGGTGCATACT-4,NHEJ-Deletion_WT,NHEJ-Deletion_NHEJ-Deletion,0.017508544,0.05675074,0.027508251,0.055852637,0.1534463,0.03462677,0.13970909,0.009507599,0.17348056,0.008660972,0.013729533,0.021950515,0.19172598,0.009397244,0.08614524
GCCATGGCATTAAAGG-1,Insertion_NHEJ-Deletion,Insertion_Insertion,0.052200075,0.05639169,0.036601875,0.037374645,0.2677106,0.052611068,0.124421716,0.010159761,0.10465342,0.010406864,0.018676454,0.029725607,0.12565325,0.0061557037,0.06725726
CCCGGAAGTCTGTCAA-4,HDR_Insertion,Insertion_NHEJ-Deletion,0.03832746,0.09172704,0.04977583,0.023619648,0.07805331,0.024475979,0.32061693,0.010291787,0.07836044,0.019714583,0.019869542,0.014275314,0.118185945,0.015647797,0.0970584
CCACAAATCTCTTAAC-1,Insertion_NHEJ-Deletion,Insertion_Insertion,0.077489056,0.07156149,0.031513624,0.012662349,0.28429174,0.06710323,0.13004139,0.005212251,0.12824953,0.0081682615,0.01327281,0.023841316,0.072059855,0.005651929,0.0688812
GTAGAGGGTCAACGCC-4,HDR_HDR,Insertion_Insertion,0.09431451,0.03011861,0.03332373,0.0114879925,0.4035303,0.036397334,0.10934457,0.00985926,0.13136959,0.007186909,0.0078056753,0.0075907772,0.09928392,0.0038378795,0.014548961
TGTTCCGTCGCCATAA-4,Insertion_WT,Insertion_NHEJ-Deletion,0.0122141,0.034903314,0.018347263,0.098473504,0.08140189,0.03249865,0.22908233,0.009885334,0.19806749,0.0075999247,0.013972855,0.019014034,0.059821974,0.0018554244,0.18286191
ACTTTCACACTCGATA-1,Insertion_WT,Insertion_WT,0.034629386,0.03402961,0.040346827,0.07140416,0.11276717,0.038910266,0.12901433,0.0056606783,0.21950136,0.016762204,0.031270746,0.036477372,0.086891286,0.016138287,0.12619635
TTAATCCCAGATGCGA-1,Insertion_Insertion,HDR_Insertion,0.034358557,0.20960195,0.02293633,0.014456822,0.11405216,0.07449634,0.1991348,0.010878266,0.057555653,0.011990356,0.019638764,0.013605129,0.14325607,0.013952031,0.06008676
AGCCACGAGGGTACGT-1,MMEJ-Deletion_NHEJ-Deletion,Insertion_NHEJ-Deletion,0.053946923,0.081887074,0.01870828,0.024257706,0.16600625,0.0734608,0.19683108,0.018199211,0.093811505,0.0048590875,0.03310778,0.011279039,0.12136187,0.007970012,0.09431338
TGGGATTAGTGTACAA-4,Insertion_Insertion,Insertion_NHEJ-Deletion,0.041139036,0.04067151,0.045423876,0.031950723,0.19042017,0.03662095,0.1991623,0.0064817322,0.061687224,0.011429487,0.029893694,0.045597862,0.16606139,0.0074083423,0.08605168
CTGCATCTCGAACCAT-1,HDR_Insertion,Insertion_NHEJ-Deletion,0.06863568,0.095717266,0.045561742,0.030921962,0.16768855,0.05107071,0.1691508,0.005378962,0.13510396,0.010467646,0.031908166,0.00975686,0.085669674,0.010510838,0.08245716
CATACAGTCCTGTAAG-1,Insertion_NHEJ-Deletion,Insertion_Insertion,0.05244513,0.07128876,0.037491556,0.013335339,0.2750587,0.0638276,0.1487771,0.017209917,0.12679079,0.0055431724,0.023065936,0.029588478,0.070637465,0.006126708,0.058813367
GACTCAATCTCTATGT-1,Insertion_MMEJ-Deletion,Insertion_WT,0.065167725,0.069923475,0.0182744,0.019482497,0.19785653,0.100597866,0.10252341,0.0033510579,0.30479363,0.009024112,0.011917278,0.011149647,0.053369883,0.0032183686,0.029350163
TTTCATGTCATGCCAA-1,Insertion_NHEJ-Deletion,Insertion_NHEJ-Deletion,0.031026982,0.11843358,0.015854497,0.01664749,0.11431123,0.112380095,0.18648449,0.014844342,0.13148117,0.007445703,0.028938742,0.02013341,0.10205606,0.0031918979,0.09677026
CTCACTGGTATGCTAC-1,NHEJ-Deletion_WT,HDR_WT,0.10169181,0.035928857,0.01630765,0.2156572,0.1245467,0.035597235,0.071285956,0.009785509,0.14587754,0.007085404,0.014402936,0.029901123,0.0864328,0.0027935102,0.10270573
TATGTTCAGGTCCCGT-1,Insertion_WT,Insertion_Insertion,0.07942846,0.09173482,0.03230028,0.015083469,0.25803494,0.03263772,0.09469839,0.008758754,0.20725724,0.009038967,0.019039862,0.024966124,0.08186757,0.0033705668,0.041782793
AGAAGTAAGTTCACTG-1,HDR_Insertion,Insertion_Insertion,0.06461212,0.120791465,0.02221681,0.01186163,0.20148589,0.041427296,0.1919207,0.012550324,0.085195474,0.0062129083,0.022834761,0.026722763,0.12581427,0.021826932,0.04452668
AATGAAGTCGCCGAAC-1,HDR_Insertion,Insertion_Insertion,0.10422919,0.073316745,0.035501186,0.13362835,0.1589133,0.07579666,0.092729725,0.0071291616,0.10289348,0.013665849,0.0075046807,0.064222254,0.05305636,0.008309986,0.06910305
GATGACTGTTTCGTGA-1,Insertion_WT,Insertion_Insertion,0.07331359,0.14233924,0.05834291,0.07257345,0.19786726,0.054026905,0.1099653,0.017733091,0.08863984,0.009176986,0.04002806,0.03639095,0.042734228,0.0032110426,0.053657174
ATCGATGAGACCAGAC-1,Insertion_WT,Insertion_WT,0.011931526,0.096323214,0.06404599,0.024295852,0.094278194,0.06273585,0.18493535,0.020374125,0.20562175,0.0032817672,0.043516446,0.031027056,0.068140164,0.005687052,0.083805636
ATGGATCCATAGAAAC-1,NHEJ-Deletion_NHEJ-Deletion,Insertion_NHEJ-Deletion,0.026230175,0.08235745,0.041907895,0.015009118,0.16776149,0.07939442,0.19534656,0.010690173,0.10694262,0.0072249114,0.044778485,0.017189624,0.14966169,0.014756156,0.040749196
AACGGGAAGGCGTTAG-1,Insertion_NHEJ-Deletion,HDR_HDR,0.18999335,0.064543605,0.01929865,0.062458854,0.14094019,0.040437486,0.15935108,0.021444531,0.10296862,0.0050928933,0.03152107,0.012755419,0.08359758,0.016771197,0.04882543
CAATCGAAGTTGTCGT-1,Insertion_Insertion,NHEJ-Deletion_WT,0.04219912,0.058909565,0.022195442,0.019557878,0.093948625,0.060440265,0.09007545,0.0077274498,0.18539964,0.019560466,0.028302114,0.04071128,0.091615126,0.0088439565,0.23051363
AGAGCCCAGATTCGCT-4,Insertion_WT,Insertion_WT,0.018240731,0.053837556,0.022508536,0.015806792,0.11483932,0.06622039,0.12946153,0.005626987,0.36469382,0.005273452,0.016145019,0.021796128,0.0382401,0.0025689849,0.124740675
AACAACCGTAGCACGA-1,Insertion_Insertion,Insertion_Insertion,0.022102142,0.06154371,0.025218058,0.028804109,0.27570787,0.027778203,0.17447786,0.0067482274,0.18157691,0.009643145,0.04235278,0.033871874,0.053548556,0.0026695612,0.05395698
CAGCAGCTCTGCTGAA-1,Insertion_Insertion,Insertion_Insertion,0.031226305,0.11426085,0.034228317,0.026703995,0.19764765,0.055185523,0.19431885,0.021951646,0.075339384,0.0036532828,0.035264246,0.012530272,0.07962919,0.01762511,0.10043537
AAGACTCCAGCGAGTA-1,NHEJ-Deletion_NHEJ-Deletion,Insertion_Insertion,0.032882195,0.097071104,0.017134754,0.022523256,0.2845392,0.03706428,0.08023271,0.01740218,0.17435597,0.016877016,0.036133733,0.017590687,0.06371695,0.021806115,0.080669865
TTTGTTGTCGCTCCTA-1,Insertion_Insertion,NHEJ-Deletion_NHEJ-Deletion,0.023722637,0.049732517,0.08714108,0.056607958,0.08549159,0.03780926,0.15652391,0.009662356,0.16172941,0.01193463,0.01488669,0.019535648,0.1685781,0.021611435,0.095032774
TTCGATTGTGTTTACG-1,Insertion_WT,Insertion_WT,0.1244094,0.106175564,0.029670715,0.06271072,0.061259147,0.05101993,0.08099886,0.0060554557,0.3342613,0.0041505964,0.0055846283,0.04661684,0.040729214,0.0053387065,0.041018926
CTCTCGAAGACTTCCA-1,Insertion_WT,Insertion_WT,0.036820196,0.063812636,0.049328048,0.038846944,0.1542455,0.09688114,0.12185697,0.0074720397,0.23426001,0.005504844,0.021444947,0.03120367,0.057121374,0.008760972,0.07244075
TGTCCACCATGACTCA-1,NHEJ-Deletion_WT,NHEJ-Deletion_WT,0.0126306815,0.07119905,0.028170059,0.032403547,0.10619566,0.14541315,0.15068574,0.009306134,0.14344694,0.010140877,0.022499224,0.018762566,0.07824417,0.0068661924,0.16403599
AGTCAACAGGGAGAAT-1,Insertion_NHEJ-Deletion,Insertion_Insertion,0.04018812,0.071421795,0.03318746,0.0069411085,0.2437792,0.04195206,0.16775356,0.006355874,0.17385004,0.0043407534,0.026717823,0.017843245,0.10693489,0.003024639,0.055709463
GTAGCTACAGCGGATA-1,Insertion_Insertion,Insertion_Insertion,0.032489296,0.09734782,0.03893063,0.024418632,0.22444743,0.07587094,0.13483666,0.020530855,0.08660718,0.007795614,0.02572984,0.02152528,0.107445136,0.0034876217,0.09853712
AGTAGTCCAATCGCGC-1,Insertion_Insertion,Insertion_NHEJ-Deletion,0.07014335,0.12856992,0.060860462,0.05601353,0.13581967,0.083338395,0.16212209,0.008386992,0.10675763,0.013135333,0.025786448,0.01911003,0.04435891,0.015334201,0.07026303
CAGATTGTCCGTGCGA-1,Insertion_Insertion,Insertion_NHEJ-Deletion,0.10407016,0.1387503,0.028501248,0.008181726,0.20271343,0.065712415,0.2231441,0.014791886,0.07959203,0.006651357,0.017969811,0.011625641,0.038595445,0.008687363,0.05101315
GCCGTGAGTGGATTTC-1,Insertion_Insertion,Insertion_NHEJ-Deletion,0.042666167,0.07591974,0.020158585,0.0074068746,0.17979005,0.036062956,0.29727608,0.018311504,0.09658541,0.004994253,0.024468144,0.03458344,0.102193885,0.0050751297,0.054507773
TGTTCATTCGAAGAAT-4,Insertion_NHEJ-Deletion,NHEJ-Deletion_NHEJ-Deletion,0.06955798,0.08983375,0.047419023,0.032937426,0.1545088,0.051610604,0.14841764,0.009885637,0.11517292,0.004626816,0.018065406,0.013836074,0.16121209,0.017855871,0.065059975
GTGGAGAGTCCACATA-4,NHEJ-Deletion_WT,Insertion_Insertion,0.010968726,0.09432114,0.048312426,0.020723753,0.20279402,0.053814303,0.18467598,0.0080906395,0.12146758,0.004778622,0.024311379,0.014165573,0.15350021,0.004463027,0.0536126
GCATTAGGTCAGGAGT-1,NHEJ-Deletion_NHEJ-Deletion,Insertion_Insertion,0.09848794,0.039676625,0.050345875,0.04276982,0.14502664,0.11143995,0.091591425,0.02017606,0.10807311,0.020133404,0.035449523,0.049340356,0.09487852,0.014935281,0.07767548
CTGAATGTCAACACGT-1,NHEJ-Deletion_NHEJ-Deletion,Insertion_NHEJ-Deletion,0.100372,0.04937036,0.023147967,0.06745583,0.10048444,0.07333993,0.18475318,0.009083973,0.09680313,0.006142473,0.025228236,0.015141078,0.12281988,0.016980741,0.10887679
ATCGTAGTCCTTATAC-4,NHEJ-Deletion_WT,Insertion_WT,0.009987047,0.02579229,0.016248718,0.044403758,0.07935251,0.028379355,0.11545027,0.0052014575,0.3273315,0.00881384,0.009186431,0.04375247,0.05638567,0.0024477134,0.22726698
GTCTGTCTCTGGACTA-1,Insertion_MMEJ-Deletion,Insertion_Insertion,0.031842995,0.057708614,0.03402715,0.046029057,0.26756376,0.057581663,0.11089603,0.007951361,0.13076572,0.0051474343,0.035976924,0.036270145,0.09694522,0.017150061,0.06414382
AAAGAACTCCATAGAC-4,NHEJ-Deletion_WT,Insertion_Insertion,0.03370958,0.049514234,0.05732731,0.023939705,0.2683303,0.07077675,0.15094896,0.016020507,0.17316937,0.004670581,0.022686487,0.023953928,0.054886837,0.0038208303,0.046244644
ACGGAAGCACGCTATA-4,Insertion_NHEJ-Deletion,NHEJ-Deletion_WT,0.0701544,0.064881794,0.034104273,0.02729293,0.1271761,0.04869242,0.15226117,0.01884773,0.089411736,0.0042616967,0.02648714,0.023953192,0.099092364,0.015729733,0.1976533
TCATGGACATAACTCG-1,HDR_HDR,Insertion_Insertion,0.06696536,0.13100947,0.02529308,0.03200524,0.17046605,0.040992226,0.12921728,0.013478736,0.14820409,0.0026923716,0.04259173,0.016488526,0.11612742,0.0038517714,0.06061667
ACCATTTAGAGCCGAT-4,NHEJ-Deletion_NHEJ-Deletion,Insertion_NHEJ-Deletion,0.02048452,0.07099128,0.035269324,0.013531968,0.12120377,0.036902435,0.19364008,0.005959186,0.15539278,0.028189497,0.020929165,0.024940336,0.086671606,0.005831592,0.18006247
GGGCTACTCCACTTTA-1,NHEJ-Deletion_WT,Insertion_WT,0.0044891485,0.02139121,0.022020325,0.02483231,0.06933022,0.03099218,0.08595799,0.0062739197,0.55636114,0.0020719045,0.0066754036,0.0045502703,0.05310631,0.0028135513,0.10913413
CGATCGGGTGTCCAAT-1,Insertion_WT,Insertion_NHEJ-Deletion,0.045388028,0.089379065,0.044898544,0.034182806,0.17946094,0.06798461,0.24786909,0.008328737,0.12932062,0.01140707,0.033285327,0.014823778,0.034546807,0.0047061536,0.054418467
GCGTGCAAGACTACGG-1,HDR_Insertion,Insertion_Insertion,0.033848025,0.083518505,0.009756092,0.004199687,0.4705562,0.062407956,0.15561466,0.0062093693,0.08727244,0.007694742,0.01717469,0.015469464,0.023474893,0.0025141218,0.020289214
GATGACTCAAACTGCT-1,HDR_WT,Insertion_WT,0.006765447,0.066353016,0.021920374,0.17761268,0.08816423,0.034925483,0.075859465,0.004754617,0.29958725,0.0029404499,0.012023407,0.027576558,0.06069212,0.0021439784,0.11868094
TCAGGGCCAATGGCAG-1,NHEJ-Deletion_NHEJ-Deletion,HDR_WT,0.15866221,0.04188409,0.03396501,0.19019426,0.05815812,0.039418492,0.070776135,0.011781216,0.17854759,0.0098194005,0.006851723,0.025476394,0.06375947,0.003925723,0.10678019
CCTCATGCATTGACTG-4,Insertion_Insertion,Insertion_NHEJ-Deletion,0.016578378,0.050520137,0.03911664,0.0114351865,0.16588333,0.039340872,0.24204822,0.021572977,0.12830536,0.0065072253,0.010774652,0.009785398,0.07635372,0.005678679,0.17609921
CATAAGCCATATGAAG-1,Insertion_WT,Insertion_WT,0.031268284,0.07094884,0.029586596,0.031298254,0.0805018,0.043494757,0.09740781,0.0051112585,0.3833753,0.006455163,0.012446005,0.055693395,0.06078768,0.003459544,0.08816534
CACAACATCAGCCTCT-4,NHEJ-Deletion_NHEJ-Deletion,Insertion_Insertion,0.08080214,0.052228954,0.04164737,0.030723395,0.1974506,0.049651783,0.13817473,0.010196574,0.12383785,0.011447809,0.014517043,0.007748799,0.114451855,0.010157253,0.116963886
CTACGGGTCCAACCAA-1,Insertion_WT,Insertion_Insertion,0.07634191,0.095434,0.026743263,0.009333146,0.2207136,0.06798389,0.13829829,0.009893904,0.17569369,0.017608551,0.02220865,0.022469051,0.07800238,0.0058178296,0.03345779
TTCACCGCACCGTGAC-1,HDR_Insertion,Insertion_Insertion,0.05144587,0.12315822,0.02961553,0.010109341,0.19106269,0.04016902,0.1293739,0.013327141,0.1702194,0.004496212,0.03497032,0.017314414,0.08816671,0.0029902568,0.093581
CCAATTTGTTGGGTAG-1,Insertion_Insertion,Insertion_WT,0.09665113,0.06698195,0.026683997,0.0072026784,0.16762966,0.042250726,0.09864136,0.005061015,0.20553242,0.005776528,0.025346352,0.050473887,0.13171087,0.027365923,0.042691518
AATCGACGTCCAGAAG-4,Insertion_NHEJ-Deletion,Insertion_WT,0.014588837,0.066360004,0.023989588,0.016997121,0.09221738,0.05210448,0.14487468,0.016580231,0.26013926,0.007021178,0.017427903,0.014969958,0.10533419,0.011343633,0.15605156
CTCTGGTAGCAACTTC-1,Insertion_WT,Insertion_WT,0.02125792,0.108666554,0.018096523,0.028942928,0.12608993,0.056671735,0.11643811,0.017313585,0.2014688,0.005727545,0.014068809,0.03929636,0.1472928,0.005292605,0.09337578
GAGAAATGTAGTATAG-1,HDR_HDR,Insertion_Insertion,0.21659039,0.04941703,0.029607981,0.027046503,0.23276214,0.051953208,0.15333158,0.0077324333,0.07388044,0.0065571135,0.01863472,0.017968101,0.08119837,0.0029729109,0.030347096
CGTGATAAGTCAATCC-4,NHEJ-Deletion_WT,NHEJ-Deletion_WT,0.027970633,0.076190315,0.043459486,0.01593821,0.110233195,0.03770432,0.1216555,0.023797903,0.07100629,0.021048615,0.023993287,0.007030115,0.15761557,0.017304773,0.24505176
AGTTCCCGTTAAGCAA-1,NHEJ-Deletion_NHEJ-Deletion,Insertion_NHEJ-Deletion,0.033532713,0.10467005,0.017123876,0.010295075,0.096906565,0.06594509,0.23751424,0.028365117,0.12628132,0.0059584407,0.04205295,0.012763353,0.107177265,0.020139357,0.09127463
TTTCCTCTCCCTTGTG-4,Insertion_NHEJ-Deletion,Insertion_Insertion,0.053602237,0.072728954,0.030851956,0.023087392,0.1908451,0.06753019,0.12913367,0.026411965,0.14393951,0.01247947,0.034869175,0.014250733,0.08289569,0.022603443,0.094770506
TCAAGACAGAACGCGT-1,Insertion_Insertion,Insertion_Insertion,0.14523481,0.07545091,0.033865567,0.01507779,0.19763014,0.04992842,0.19115014,0.009651805,0.09719076,0.009376192,0.021464493,0.014948578,0.081672646,0.010580679,0.0467771
TGCACGGGTTGGACTT-4,Insertion_WT,Insertion_Insertion,0.008087176,0.071812436,0.009468345,0.006507238,0.23008843,0.029484827,0.1996241,0.009512998,0.12425678,0.006247952,0.015509972,0.03304897,0.08040519,0.0039032376,0.1720424
AGAACAAAGAAGGGAT-1,HDR_Insertion,Insertion_NHEJ-Deletion,0.05169396,0.08287673,0.014568013,0.10531847,0.111333445,0.05122861,0.13334517,0.009284073,0.10546498,0.018828882,0.024905864,0.021728575,0.13103291,0.010916165,0.12747419
TACCCACCACTATGTG-1,NHEJ-Deletion_WT,Insertion_WT,0.03492472,0.05892064,0.03532103,0.029976355,0.08834381,0.045047104,0.18729079,0.023980318,0.18822885,0.0073662293,0.024137175,0.02105968,0.14150494,0.017973276,0.09592505
GAGAGGTTCACGGGAA-1,Insertion_NHEJ-Deletion,Insertion_Insertion,0.011335472,0.07423867,0.025816057,0.03302954,0.16030903,0.033370815,0.15027526,0.0078068906,0.1576661,0.0077506774,0.06394082,0.013881024,0.14173666,0.009665085,0.10917788
GACTTCCGTACGGCAA-1,NHEJ-Deletion_WT,Insertion_WT,0.013223974,0.042268798,0.014368253,0.04730958,0.17872566,0.05535757,0.10913688,0.015138436,0.20767753,0.009547928,0.022781055,0.027931463,0.07314507,0.008803655,0.17458414
TCAGCCTTCATTTGTC-1,NHEJ-Deletion_NHEJ-Deletion,Insertion_NHEJ-Deletion,0.01096362,0.059272762,0.022765942,0.007356882,0.11846652,0.03338141,0.24880365,0.0043248395,0.08793224,0.020335788,0.027932206,0.009100174,0.12852573,0.009055787,0.21178246
ACGGGTCAGGTTAAAC-4,NHEJ-Deletion_NHEJ-Deletion,Insertion_WT,0.07712696,0.06294533,0.030166855,0.042811144,0.1769996,0.0476302,0.1125935,0.004848242,0.21511872,0.011662327,0.017239084,0.016182985,0.11335607,0.008598234,0.06272071
GACGTTAGTTCTTGTT-1,Insertion_MMEJ-Deletion,Insertion_Insertion,0.07920492,0.16178685,0.036622874,0.009308917,0.2389972,0.090355925,0.121951126,0.00858332,0.059788648,0.010821223,0.033112973,0.006549835,0.06965326,0.012071805,0.061191082
AATGGAACAGCAGTAG-1,Insertion_Insertion,Insertion_NHEJ-Deletion,0.107957326,0.0823108,0.023872541,0.0079291575,0.17418435,0.05919008,0.19251111,0.01056423,0.07869469,0.009688055,0.073538415,0.014226775,0.09378276,0.024236036,0.04731366
CACAACAGTAGTGATA-4,Insertion_NHEJ-Deletion,Insertion_Insertion,0.022913164,0.052317917,0.05462593,0.009214849,0.30800867,0.03932313,0.26473957,0.0057627107,0.07035935,0.003475534,0.028371602,0.005426148,0.080923565,0.002576523,0.051961355
ATCGTGAGTGGTTCTA-1,NHEJ-Deletion_SV,Insertion_Insertion,0.022164281,0.082049705,0.063282855,0.058709845,0.22998053,0.058316402,0.14792643,0.016772341,0.06455584,0.011006671,0.023197684,0.027294545,0.10286515,0.02085287,0.07102484
GCACGGTGTTGCCAAT-1,Insertion_NHEJ-Deletion,HDR_WT,0.03315773,0.03560334,0.0109677,0.4673199,0.06760902,0.027725361,0.040924,0.0063563045,0.1860008,0.0052109836,0.004588069,0.015430825,0.039379995,0.0027297405,0.056996215
TTGACCCCATCTGTTT-4,Insertion_WT,Insertion_Insertion,0.01855164,0.06796165,0.02696905,0.07364088,0.17686261,0.03037879,0.11641025,0.017244,0.15090115,0.010939743,0.04045238,0.036982834,0.10897274,0.002571405,0.12116082
CGATGGCGTACAGAGC-1,NHEJ-Deletion_WT,Insertion_Insertion,0.1523903,0.06959764,0.024950914,0.019700943,0.20883515,0.049543917,0.1419416,0.0063511655,0.07096115,0.021407371,0.015052577,0.04501955,0.09607871,0.0069666854,0.071202286
CTCTGGTCATGACACT-1,HDR_Insertion,Insertion_Insertion,0.061641715,0.076706834,0.023612292,0.02142641,0.3471234,0.09778888,0.09974799,0.008915893,0.048649088,0.017421184,0.031847898,0.014855557,0.10402689,0.004523303,0.041712686
TTTACGTCATGGCCAC-1,Insertion_Insertion,Insertion_NHEJ-Deletion,0.016239593,0.07433316,0.030401379,0.030738374,0.16380782,0.057470102,0.21520615,0.025951792,0.13887781,0.018673752,0.032018863,0.019384468,0.09440484,0.012451083,0.07004084
GTAGAGGGTTGGTGTT-4,Insertion_Insertion,Insertion_Insertion,0.014036876,0.08960701,0.03675164,0.009386562,0.19807495,0.036674254,0.17055504,0.021746881,0.17856,0.004451645,0.021632958,0.010127256,0.121789865,0.0033049267,0.08330015
AGTCTCCTCATCACTT-1,Insertion_MMEJ-Deletion,Insertion_NHEJ-Deletion,0.027289899,0.041051153,0.01996418,0.014131382,0.14581244,0.06137201,0.26049992,0.010262676,0.16946119,0.007819866,0.04754923,0.025518624,0.07701035,0.0044585727,0.087798506
TACCCGTAGGGTGGGA-1,HDR_Insertion,Insertion_NHEJ-Deletion,0.019550458,0.08665131,0.044806406,0.011123051,0.14005812,0.060105033,0.33614415,0.018437395,0.07040916,0.0049118954,0.030119196,0.02051129,0.12024205,0.0051709665,0.03175951
AAGACTCAGGAGGCAG-1,Insertion_MMEJ-Deletion,Insertion_Insertion,0.16425395,0.087472506,0.0230986,0.031637006,0.21860604,0.051635247,0.1661927,0.0058667916,0.069272645,0.01989949,0.022596058,0.03483873,0.06025717,0.0110003315,0.033372797
CGGGCATCACCTATCC-4,Insertion_NHEJ-Deletion,Insertion_NHEJ-Deletion,0.027456222,0.06561539,0.018582124,0.015003864,0.22067688,0.032832444,0.26551545,0.009722421,0.09550239,0.0072853724,0.03322071,0.008103186,0.13384336,0.007524167,0.059116058
GACTCTCCAATACCTG-1,Insertion_NHEJ-Deletion,Insertion_Insertion,0.019982392,0.049136132,0.008518467,0.05004119,0.2410289,0.03592303,0.13694018,0.008725696,0.15089345,0.004925402,0.018110998,0.027631411,0.16743533,0.024070479,0.056636993
CGGAGAAAGCAGCAGT-1,Insertion_NHEJ-Deletion,Insertion_Insertion,0.07982132,0.048122022,0.04195197,0.06552221,0.15648606,0.08216743,0.07724666,0.023436313,0.076126836,0.037328262,0.03141747,0.038037136,0.123949066,0.02469636,0.093690865
GAACTGTTCACCATCC-4,NHEJ-Deletion_WT,Insertion_WT,0.0086326515,0.0317642,0.01576997,0.021050842,0.103495985,0.034437686,0.13305037,0.01346819,0.46227553,0.006774392,0.015991202,0.01527986,0.027532404,0.0029938202,0.10748288
GTATTGGTCGGCCAAC-1,NHEJ-Deletion_NHEJ-Deletion,Insertion_NHEJ-Deletion,0.09840807,0.09482674,0.025145005,0.031002186,0.14517866,0.09918881,0.17809919,0.012435702,0.09492706,0.008968172,0.017398646,0.024550881,0.08826783,0.00931554,0.0722875
TGTCCCAAGCCAGAGT-4,HDR_Insertion,NHEJ-Deletion_NHEJ-Deletion,0.041463543,0.049269326,0.0155134685,0.016368845,0.16200809,0.09050426,0.10234579,0.0269124,0.10917972,0.0077775186,0.054570843,0.01634242,0.19412468,0.023624469,0.08999461
CGCGTGAAGATCCCGC-1,HDR_Insertion,Insertion_Insertion,0.016082168,0.05802379,0.018478679,0.019628607,0.26751557,0.06119655,0.18138103,0.009315557,0.14149669,0.007877317,0.015781581,0.041775804,0.08440547,0.0028981324,0.07414307
AGAACAAGTTTCGTTT-1,NHEJ-Deletion_NHEJ-Deletion,Insertion_Insertion,0.07071509,0.09444834,0.023553146,0.015662972,0.20328465,0.15896982,0.13027506,0.011617475,0.11900858,0.006057908,0.02342226,0.031626504,0.057709537,0.012568811,0.04107982
AGAGCAGTCAACTGAC-1,NHEJ-Deletion_NHEJ-Deletion,Insertion_Insertion,0.028092643,0.05210077,0.02496057,0.043606933,0.25394556,0.04776624,0.14930074,0.011616353,0.1363814,0.00846469,0.027954806,0.039942455,0.11729394,0.010661043,0.04791187
CTCGAGGGTGGCCACT-1,Insertion_Insertion,Insertion_NHEJ-Deletion,0.059896532,0.10960376,0.05110652,0.03425503,0.1516317,0.030779652,0.17842223,0.011002095,0.16516264,0.013729508,0.048570782,0.024534995,0.05378071,0.013335978,0.05418788
GATGTTGGTCTTACAG-4,NHEJ-Deletion_NHEJ-Deletion,Insertion_NHEJ-Deletion,0.011875922,0.04070509,0.0210697,0.019279055,0.14088368,0.053891845,0.28819162,0.009062218,0.122299515,0.0047563342,0.016287316,0.021738607,0.10382341,0.014120276,0.13201542
CAATCGAGTCGATTTG-1,NHEJ-Deletion_NHEJ-Deletion,Insertion_Insertion,0.016433142,0.1260388,0.04036996,0.033372965,0.19008835,0.07590001,0.1619327,0.011516645,0.18260385,0.004571257,0.023934081,0.013957937,0.057033326,0.002411277,0.059835665
AAACCCAGTCCATAGT-1,Insertion_NHEJ-Deletion,NHEJ-Deletion_WT,0.02704332,0.064386606,0.0339978,0.016102318,0.16383584,0.018753061,0.1577731,0.0064563043,0.15960547,0.0031424747,0.02011818,0.008893118,0.13149424,0.0047140983,0.18368408
TATCAGGGTGAGTAAT-1,HDR_Insertion,NHEJ-Deletion_NHEJ-Deletion,0.0140074035,0.07203507,0.03403223,0.09637349,0.081126414,0.04712162,0.15691707,0.014319917,0.13951118,0.01226452,0.042310167,0.026947256,0.17899992,0.0071753818,0.07685835
AAACGAACATGTGTCA-1,Insertion_Insertion,Insertion_Insertion,0.061824128,0.07739571,0.01641468,0.010865718,0.2133518,0.06637277,0.12373904,0.020140266,0.17038634,0.008366123,0.028026223,0.059852842,0.05748981,0.0034756272,0.08229897
ATACCGAAGCCAACCC-1,Insertion_Insertion,Insertion_WT,0.09044087,0.043730244,0.018321086,0.06272101,0.15083838,0.06195644,0.10719076,0.008439536,0.19839099,0.0109853335,0.013595619,0.03709123,0.10937199,0.004740219,0.0821863
CGTAGTATCAGTCCGG-1,NHEJ-Deletion_NHEJ-Deletion,Insertion_NHEJ-Deletion,0.020608699,0.090095386,0.057495873,0.021884063,0.16693872,0.035300247,0.19682063,0.012454171,0.09177957,0.0046386053,0.04836957,0.012220227,0.109967045,0.0041690934,0.12725809
CAGCAATCACTTCAGA-1,Insertion_NHEJ-Deletion,Insertion_WT,0.016372476,0.059772316,0.024132712,0.025961338,0.1292679,0.04433117,0.15738659,0.008461201,0.23402275,0.008763232,0.014547573,0.018870762,0.1370772,0.007584445,0.11344836
AGACTCACAAGCGAAC-1,HDR_HDR,HDR_WT,0.088798225,0.045836054,0.024621952,0.23231612,0.08753321,0.046069052,0.06238118,0.006310314,0.13462563,0.013136148,0.011755593,0.028789932,0.0849079,0.01296296,0.11995569
AGGAAATGTGTCACAT-1,Insertion_Insertion,Insertion_Insertion,0.036806155,0.0612669,0.037673708,0.009338502,0.24201411,0.07046262,0.23457326,0.003404286,0.12961392,0.005079169,0.015802242,0.018562455,0.05875553,0.0069362405,0.06971088
TATTCCACATCGAAGG-1,HDR_Insertion,Insertion_Insertion,0.05791918,0.10564317,0.061541002,0.011036501,0.21804807,0.04970158,0.19214208,0.013583502,0.11061424,0.00415423,0.014149653,0.04109713,0.056350123,0.0054152673,0.05860427
CCCTCAAAGTATCCTG-1,NHEJ-Deletion_SV,NHEJ-Deletion_NHEJ-Deletion,0.019792458,0.07458011,0.025499426,0.05005819,0.14111662,0.05540183,0.1288427,0.014177612,0.090987004,0.008719135,0.044417784,0.011449239,0.24531026,0.009655004,0.07999258
TGCGATAAGTTCCGTA-1,NHEJ-Deletion_NHEJ-Deletion,Insertion_NHEJ-Deletion,0.035741344,0.088252194,0.024449594,0.020468475,0.18080008,0.07318305,0.22439419,0.00956746,0.10601545,0.00624445,0.01961288,0.02012745,0.09917539,0.006730993,0.08523703
TGAGACTAGCAGTACG-1,NHEJ-Deletion_SV,Insertion_WT,0.1160969,0.0838265,0.035523668,0.060997047,0.13819215,0.114107855,0.11483195,0.016469253,0.14467262,0.008694551,0.029133804,0.015637202,0.07300299,0.0062075583,0.042605948
TTCACCGTCCACCTGT-1,MMEJ-Deletion_NHEJ-Deletion,NHEJ-Deletion_WT,0.029643288,0.04440824,0.019096255,0.010410411,0.16281891,0.07743783,0.20180997,0.009689235,0.08413706,0.0070025814,0.025746955,0.018073654,0.085512236,0.008328414,0.21588495
GTAGAAATCCATGCAA-4,Insertion_Insertion,Insertion_WT,0.12155402,0.08480965,0.016153842,0.01135986,0.15635563,0.077206224,0.1807732,0.008719361,0.18800549,0.0035252625,0.021692405,0.009298223,0.04100794,0.0030994425,0.07643941
TCAGGTATCCAAGCAT-1,Insertion_NHEJ-Deletion,Insertion_NHEJ-Deletion,0.047069605,0.05852968,0.038715616,0.009742769,0.1683556,0.08488667,0.18402718,0.0064747175,0.18395066,0.0066283923,0.009868357,0.01072071,0.14782137,0.005135817,0.03807283
TTACCGCGTGGCGTAA-1,Insertion_Insertion,Insertion_NHEJ-Deletion,0.059159484,0.062106986,0.0369279,0.02193533,0.1364187,0.10837322,0.29215577,0.012236601,0.08879346,0.0061075664,0.024067348,0.012696675,0.08876046,0.012224885,0.038035586
AAAGAACTCCATGCAA-1,HDR_NHEJ-Deletion,NHEJ-Deletion_WT,0.06699425,0.081483565,0.016409835,0.021536909,0.12064358,0.035727657,0.080380455,0.01800769,0.13867764,0.015230633,0.019626932,0.042562246,0.097065195,0.013907655,0.23174573
AGTCATGGTTAAGCAA-1,HDR_NHEJ-Deletion,HDR_WT,0.07231117,0.097476035,0.04602171,0.17366655,0.06781159,0.04648875,0.1003625,0.008333341,0.09756038,0.011339863,0.01836446,0.08272354,0.058941863,0.014064942,0.104533315
TAACTTCAGATTGACA-1,MMEJ-Deletion_WT,Insertion_WT,0.012643067,0.06418886,0.036423597,0.044978652,0.17829728,0.029148212,0.15175575,0.009645703,0.21573104,0.011059114,0.01844443,0.03510564,0.04243507,0.0037361246,0.14640747
CACAGATGTCGTGCCA-4,Insertion_Insertion,Insertion_WT,0.010273518,0.06248473,0.028063191,0.0503993,0.1061698,0.048920084,0.15540065,0.008392277,0.20684573,0.01544408,0.01844145,0.04720397,0.14834602,0.003932746,0.0896825
CGGAACCAGCAATTCC-1,Insertion_Insertion,Insertion_NHEJ-Deletion,0.042341344,0.06477767,0.065468885,0.035244957,0.115006655,0.07586306,0.18665653,0.012922028,0.15097304,0.012940746,0.013966681,0.01856955,0.1311657,0.0039911424,0.070112
TCAGGGCCACCCAACG-1,NHEJ-Deletion_WT,Insertion_WT,0.018819414,0.03398753,0.014945357,0.06910418,0.14134392,0.037456796,0.0744567,0.008425715,0.18284701,0.03199874,0.0075035356,0.029678786,0.16171901,0.012377712,0.1753356
GTGTCCTAGGCAGCTA-1,Insertion_Insertion,Insertion_NHEJ-Deletion,0.012958578,0.08373143,0.025251493,0.04076257,0.14104459,0.07245184,0.2426255,0.014170686,0.13735016,0.005193572,0.028464632,0.029430727,0.069601096,0.004406382,0.092556715
ACATTTCTCATGCCGG-1,NHEJ-Deletion_WT,Insertion_WT,0.018104183,0.06691559,0.017938092,0.026002077,0.17563325,0.058857847,0.11239103,0.01828245,0.18319918,0.02349875,0.029085994,0.015231848,0.098871,0.010794456,0.14519425
CACGAATCACGTAGTT-4,Insertion_WT,Insertion_WT,0.007917663,0.030990532,0.017611053,0.031557467,0.07573808,0.043566484,0.21331185,0.006440913,0.3630062,0.0035816988,0.019514956,0.0152284345,0.06750243,0.002732187,0.10130006
GACGTTAGTATTGAGA-4,HDR_WT,Insertion_NHEJ-Deletion,0.0070441174,0.056880713,0.012432421,0.009791139,0.13062842,0.0780347,0.19864933,0.013009674,0.13686346,0.004861908,0.013230302,0.023509003,0.1535138,0.0022964606,0.15925458
TCTATCAAGAAGAGCA-1,Insertion_MMEJ-Deletion,Insertion_NHEJ-Deletion,0.05939118,0.061935384,0.020624366,0.023040839,0.12764981,0.03875155,0.30559367,0.00906311,0.087116845,0.003639641,0.052271526,0.04562168,0.083628304,0.023541179,0.058130898
GTAGGAGGTGTCGCTG-1,HDR_HDR,NHEJ-Deletion_WT,0.14701375,0.03801734,0.033742014,0.15789966,0.13381353,0.02977307,0.07670524,0.0073792445,0.09544224,0.0069401097,0.02208685,0.010230978,0.07170156,0.009939073,0.15931532
GACACGCGTGTTATCG-1,HDR_HDR,Insertion_Insertion,0.11329085,0.09325854,0.03430265,0.053256042,0.18091737,0.071732976,0.11984582,0.00454125,0.09728888,0.008001121,0.021222576,0.022573516,0.120212905,0.009385748,0.05016973
GAGCCTGAGTCCGCCA-1,NHEJ-Deletion_NHEJ-Deletion,Insertion_Insertion,0.022691583,0.063098185,0.023182936,0.028796501,0.28404456,0.045181334,0.17712222,0.0071731512,0.11751419,0.0057217474,0.016883789,0.037772756,0.08270856,0.0028965566,0.085211925
TTGCCTGCACTAGAGG-1,HDR_Insertion,Insertion_NHEJ-Deletion,0.018033301,0.1084778,0.04095235,0.035027113,0.16825941,0.051835064,0.2564544,0.007884244,0.09354897,0.010194522,0.044297814,0.0302695,0.08286277,0.0025859892,0.04931675
TGCGGCATCATGCGGC-4,HDR_WT,Insertion_NHEJ-Deletion,0.039399955,0.07315076,0.08130001,0.012290748,0.12163166,0.046155747,0.21903148,0.008791884,0.1154849,0.008392678,0.013978752,0.011504813,0.10868934,0.007675295,0.13252199
ACACAGTCAACAGCTT-1,Insertion_Insertion,Insertion_Insertion,0.024123177,0.06703024,0.07916102,0.021694193,0.184406,0.03526475,0.14610673,0.026947351,0.1752816,0.0059597134,0.01195446,0.016178485,0.07916571,0.005181681,0.12154491
GCCGATGAGAACGCGT-1,Insertion_WT,Insertion_Insertion,0.060367253,0.08141881,0.035073057,0.021809634,0.19072123,0.063085765,0.18026234,0.011726868,0.15190484,0.00715458,0.018649146,0.044211138,0.054079477,0.0122703295,0.067265525
GGTAATCAGTCTCGTA-1,HDR_Insertion,Insertion_WT,0.03570034,0.0716753,0.03599214,0.05800358,0.16626945,0.05272873,0.12761275,0.01973414,0.20300324,0.0033498234,0.05151592,0.012967696,0.08744389,0.004184793,0.06981819
CAGAGCCTCGACATTG-1,HDR_HDR,Insertion_Insertion,0.043691665,0.070398085,0.057297394,0.04738001,0.21353778,0.054707147,0.08298618,0.031883508,0.056145534,0.011566033,0.038603056,0.013825722,0.17744657,0.027323823,0.073207505
CTGGCAGTCGACGCGT-4,NHEJ-Deletion_NHEJ-Deletion,NHEJ-Deletion_WT,0.009459387,0.09270306,0.020073688,0.01389321,0.1259439,0.027338568,0.22353792,0.010111352,0.14743735,0.0062482823,0.018303629,0.013047662,0.06442045,0.0030945756,0.22438699
CGGACACAGGTGATCG-1,Insertion_WT,Insertion_Insertion,0.053461626,0.06230892,0.027742296,0.12422696,0.1478388,0.059831437,0.09822234,0.010202606,0.1198414,0.017443039,0.01937035,0.020676529,0.09854918,0.006788923,0.13349558
ACCTGAAGTAGCTTAC-1,HDR_HDR,HDR_WT,0.11207915,0.047806818,0.020841768,0.19697627,0.1453682,0.05470738,0.078201726,0.015152839,0.077811055,0.015434503,0.010655173,0.051031467,0.1086374,0.004352202,0.0609441
TCTACATCATGCACTA-4,HDR_WT,NHEJ-Deletion_NHEJ-Deletion,0.023548225,0.08303529,0.018530099,0.039429482,0.11774556,0.05421593,0.16029224,0.0051553976,0.15419266,0.0088123,0.0148765575,0.023403753,0.16525553,0.00509407,0.12641285
GTGGCGTTCTTTGGAG-1,Insertion_SV,NHEJ-Deletion_NHEJ-Deletion,0.048977394,0.11911289,0.05345931,0.021499896,0.11362725,0.04039239,0.12467569,0.01866097,0.08253372,0.016129414,0.04017687,0.016487645,0.181373,0.025237406,0.09765612
CTTAGGAAGGGACTGT-1,Insertion_WT,Insertion_NHEJ-Deletion,0.040935107,0.09219029,0.053142957,0.028093457,0.14532165,0.04655652,0.14668292,0.0066657458,0.124571376,0.015914438,0.016259072,0.04855591,0.133578,0.0058234055,0.09570917
GTAGGAGGTTACAGCT-1,HDR_HDR,HDR_HDR,0.20631628,0.059611473,0.016192166,0.012025832,0.1858027,0.0669253,0.09045792,0.016480505,0.14243281,0.010815075,0.018505082,0.01142439,0.12090966,0.00691989,0.035180964
CATGAGTAGGGTACGT-4,Insertion_NHEJ-Deletion,Insertion_Insertion,0.03713108,0.0754055,0.029644946,0.007795258,0.20582618,0.09704551,0.19641075,0.012226028,0.114098944,0.00901922,0.02263707,0.02417704,0.065393224,0.004621474,0.09856778
CGAGTTAGTAGATTAG-1,Insertion_Insertion,Insertion_Insertion,0.04458675,0.07036616,0.023547975,0.04366331,0.1504207,0.12306106,0.13764219,0.027634429,0.1090344,0.014210165,0.029272962,0.048567962,0.082010046,0.008227809,0.08775405
TACAGGTCATCGTGGC-1,MMEJ-Deletion_MMEJ-Deletion,Insertion_Insertion,0.012150567,0.056690395,0.027505074,0.037231628,0.18735136,0.046211027,0.18734892,0.01906903,0.13182837,0.026190966,0.019870343,0.020368742,0.09492295,0.014372002,0.118888654
GGTGAAGTCTCGACCT-1,MMEJ-Deletion_WT,Insertion_WT,0.045644134,0.05189474,0.018333236,0.13522112,0.14321807,0.03565297,0.07307529,0.010683004,0.16468464,0.0068332097,0.009851939,0.025244128,0.115339205,0.005767109,0.15855722
AGACCCGAGCGTGAAC-1,Insertion_WT,Insertion_Insertion,0.04282176,0.12904191,0.033431124,0.021751337,0.19098519,0.07861611,0.0867942,0.010588608,0.09170994,0.009756716,0.024840755,0.026638443,0.13856168,0.017559655,0.096902624
CCACACTCATGGAATA-1,Insertion_WT,Insertion_WT,0.029568173,0.05126784,0.021526217,0.022471417,0.15530786,0.06930272,0.20084578,0.005651733,0.24844635,0.0038446006,0.017878117,0.018796096,0.0653048,0.005131148,0.084657095
TCGTGGGTCATGCCAA-4,Insertion_MMEJ-Deletion,Insertion_Insertion,0.0426345,0.10519882,0.028938452,0.016243875,0.14586055,0.03235323,0.1348557,0.010020822,0.12880404,0.004342482,0.034734413,0.0422545,0.1327695,0.0040941047,0.13689499
GACCCTTGTTGTGCAT-1,HDR_HDR,HDR_Insertion,0.03116178,0.22057986,0.028425232,0.029128632,0.1429371,0.061925195,0.15932323,0.012750162,0.09153808,0.0032760967,0.045029767,0.020878764,0.08425441,0.0030047619,0.06578693
GCCTGTTTCATGCCGG-4,Insertion_SV,Insertion_NHEJ-Deletion,0.14293137,0.062221725,0.0468009,0.011675843,0.16058825,0.038676675,0.18792015,0.0065028043,0.10745291,0.010227423,0.016873736,0.021811325,0.1351062,0.01253457,0.038676087
AATTTCCCAGTCAACT-1,HDR_HDR,Insertion_Insertion,0.0727194,0.07117402,0.04260044,0.050965637,0.14395083,0.11134608,0.062470548,0.025053076,0.0999425,0.011089478,0.039682355,0.017311888,0.1293061,0.03079938,0.091588244
ACTATCTCAACCAATC-4,Insertion_WT,Insertion_NHEJ-Deletion,0.014995418,0.07982814,0.020496683,0.020879572,0.16415417,0.03551774,0.21411216,0.0073853317,0.19257718,0.006835775,0.019754976,0.030534482,0.060995735,0.005153192,0.12677944
TGGGCGTGTGATGTAA-1,Insertion_NHEJ-Deletion,Insertion_WT,0.07622259,0.053888254,0.041500602,0.12937583,0.10960184,0.099204645,0.10472,0.011198571,0.15505853,0.011100974,0.016533595,0.0374296,0.05745187,0.0055970005,0.091116115
TGGCGTGGTAAGTCAA-1,Insertion_SV,Insertion_Insertion,0.09464409,0.06653877,0.019039247,0.04974629,0.14073132,0.087379955,0.08118301,0.021435272,0.102855384,0.027590916,0.057791784,0.046702307,0.112379424,0.013746186,0.07823605
TGCTTCGCACTATGTG-1,Insertion_Insertion,Insertion_Insertion,0.03193386,0.09585215,0.023104114,0.03244609,0.20297514,0.07148215,0.15909605,0.051919065,0.0611594,0.010665628,0.026932318,0.05697772,0.0904822,0.0062512592,0.07872289
TGCTTCGTCCGATAAC-1,NHEJ-Deletion_NHEJ-Deletion,Insertion_WT,0.08315463,0.0894765,0.033753116,0.012883484,0.14622506,0.069548815,0.15053779,0.013646973,0.17743647,0.005873407,0.026560225,0.022699893,0.08918555,0.0057758717,0.07324218
TGAACGTCACTCGATA-1,Insertion_NHEJ-Deletion,Insertion_Insertion,0.024080016,0.098434545,0.018719107,0.035306975,0.20292684,0.04117715,0.18581651,0.01832537,0.19595207,0.007187753,0.032855123,0.0076415627,0.07027504,0.0050178133,0.056284152
GGAGCAAGTTCCAAAC-1,HDR_Insertion,Insertion_Insertion,0.051577445,0.10235083,0.04363585,0.024725894,0.20154025,0.081647284,0.15266007,0.017826805,0.087699324,0.014839526,0.039481133,0.013708167,0.06448482,0.030574417,0.07324816
GAGTGTTCATCGAAGG-4,NHEJ-Deletion_WT,Insertion_WT,0.0157457,0.040871534,0.02118073,0.028879806,0.12651128,0.030097514,0.10341241,0.008479889,0.23864892,0.018077541,0.016563263,0.030110672,0.0735417,0.0144427745,0.23343624
AAGTACCGTTTGAACC-1,Insertion_Insertion,Insertion_Insertion,0.050164312,0.056069694,0.022058357,0.008557561,0.28309178,0.08582161,0.18240185,0.0153829325,0.11870681,0.003304745,0.014948383,0.009128752,0.066526115,0.0022440592,0.08159302
AAGCATCTCTGGGAGA-1,Insertion_Insertion,Insertion_Insertion,0.10187959,0.067259066,0.023529647,0.039594363,0.17301801,0.08734959,0.100535505,0.0068990346,0.16365537,0.008550612,0.05654305,0.041819043,0.08097656,0.0064777173,0.041912843
CACTTCGCAACCCTCT-1,HDR_Insertion,Insertion_NHEJ-Deletion,0.031219192,0.051189274,0.02116678,0.023080513,0.1701138,0.04342411,0.2378309,0.034656227,0.13662288,0.0046976656,0.025004828,0.011057709,0.16975074,0.008773033,0.031412307
GCTGAATTCTCGTGAA-4,Insertion_NHEJ-Deletion,Insertion_Insertion,0.02410226,0.031288978,0.034067597,0.0155780995,0.24614273,0.062993266,0.21794,0.009119395,0.17747994,0.0063196444,0.02088872,0.014790438,0.065499164,0.0025259443,0.07126388
AGCATCACAAGGGCAT-4,HDR_WT,Insertion_WT,0.03639011,0.081342585,0.04472423,0.099143475,0.09726862,0.03950697,0.13614391,0.015941747,0.16360235,0.008457879,0.035356287,0.056749567,0.13150647,0.003084305,0.050781462
CAATACGCATGCCGCA-4,Insertion_WT,Insertion_WT,0.030776542,0.033484694,0.031241197,0.030144416,0.20743366,0.037263695,0.1372672,0.012106067,0.29842675,0.0048193815,0.026738727,0.043367486,0.036000688,0.0035911396,0.06733838
TCCACGTCAAATCGGG-1,Insertion_Insertion,Insertion_Insertion,0.04318899,0.042769175,0.024326526,0.023381453,0.29346415,0.067198634,0.12570131,0.009541174,0.19196498,0.0026963486,0.017014109,0.021991882,0.06944557,0.00742237,0.059893332
TCATGTTCAAGAGTGC-1,Insertion_Insertion,Insertion_WT,0.042285286,0.06530531,0.03385416,0.019426784,0.12682123,0.09786466,0.14700788,0.0061982973,0.24871671,0.008191262,0.011086944,0.053648885,0.08302053,0.010749637,0.04582245
CAGCACGAGAAGTCTA-1,Insertion_Insertion,Insertion_WT,0.069687724,0.0703034,0.020438801,0.035331383,0.13554634,0.032357406,0.12979475,0.019495672,0.2519566,0.0063794428,0.015462912,0.04024414,0.0799552,0.0028403797,0.09020586
CTCATTAAGCTCGTGC-1,Insertion_WT,NHEJ-Deletion_WT,0.031583756,0.040382087,0.08447442,0.05807661,0.13798852,0.03360173,0.07456514,0.019485194,0.163633,0.005281102,0.018947002,0.024652373,0.11570748,0.006876788,0.18474479
TCACGGGCAGATACCT-1,Insertion_WT,Insertion_Insertion,0.014408802,0.07541419,0.012908172,0.045625214,0.29091096,0.04807197,0.26513863,0.014127166,0.08204871,0.0070872316,0.014755755,0.007021514,0.068458565,0.0039504124,0.050072715
TTCCGTGGTTGGTAGG-4,Insertion_Insertion,Insertion_Insertion,0.06828269,0.11573937,0.022204462,0.010393554,0.20802476,0.033169813,0.1956388,0.00890782,0.15569885,0.009379972,0.021957872,0.02005358,0.08207641,0.0046136538,0.043858428
TCATTCATCCTTCTGG-1,Insertion_WT,Insertion_WT,0.04989361,0.077397764,0.012136192,0.07445068,0.118975475,0.034729723,0.17004888,0.016863745,0.20492367,0.0046986113,0.038867664,0.025424292,0.09327269,0.008792293,0.0695247
TCCATGCCAAAGGGTC-1,Insertion_NHEJ-Deletion,Insertion_WT,0.022390995,0.07132606,0.032760274,0.022173978,0.1156356,0.03185464,0.20794265,0.006416908,0.28793108,0.004782794,0.014588927,0.015704848,0.0774563,0.0069227614,0.08211216
CAATCGACAATTAGGA-1,Insertion_Insertion,Insertion_Insertion,0.07968303,0.060023267,0.024694648,0.031745546,0.20059359,0.15630093,0.08435351,0.01605062,0.10950408,0.009444094,0.028165285,0.04631321,0.08771093,0.0072588422,0.058158383
GGGACAATCGACACCG-1,Insertion_NHEJ-Deletion,Insertion_NHEJ-Deletion,0.016157651,0.05018973,0.025804542,0.02968743,0.15190206,0.0491782,0.29912946,0.007667743,0.1384295,0.003747025,0.013284909,0.015478975,0.089814335,0.004266641,0.10526182
TATATCCGTCAACCAT-4,HDR_WT,Insertion_WT,0.029640637,0.07079405,0.028692998,0.04133475,0.1158348,0.066683866,0.112992495,0.011766445,0.21679154,0.006146701,0.025883565,0.031088041,0.082678966,0.0035308949,0.15614024
GATTGGTCAATCGCCG-1,Insertion_WT,Insertion_WT,0.01964671,0.056957923,0.021855796,0.022682706,0.15618914,0.07093361,0.09033495,0.008215867,0.3175652,0.006214474,0.009669181,0.024698604,0.071719564,0.0022562607,0.121060014
TGCTCGTGTTTGGAGG-1,NHEJ-Deletion_NHEJ-Deletion,HDR_HDR,0.29083642,0.055023566,0.03233549,0.012527088,0.15647608,0.037583183,0.08782975,0.008311393,0.06911371,0.01269844,0.02112322,0.012326713,0.11561963,0.020002473,0.06819282
GCGTGCAGTTGCCATA-1,NHEJ-Deletion_WT,Insertion_Insertion,0.061090402,0.04523458,0.024790907,0.034167588,0.24542701,0.13491407,0.07435919,0.015579337,0.15961531,0.018185422,0.026622733,0.010860798,0.06983542,0.0152027905,0.06411442
GTCATTTAGGTTGAGC-4,Insertion_WT,Insertion_WT,0.009947362,0.028599693,0.02178172,0.104415596,0.07929398,0.04120666,0.099166825,0.009299028,0.23731582,0.005042141,0.01452775,0.14503287,0.03642034,0.0033923448,0.16455793
TCTGGCTTCGCCAGTG-1,Insertion_WT,Insertion_WT,0.013797138,0.051814415,0.041838028,0.0449388,0.13902847,0.039013144,0.1318066,0.0116970595,0.2117204,0.012713574,0.032287817,0.022495635,0.14492272,0.0033285923,0.09859757
TTGAACGGTCGTGCCA-1,NHEJ-Deletion_WT,Insertion_WT,0.018081302,0.081569135,0.031369265,0.094729364,0.073813744,0.061918866,0.14660521,0.008625616,0.23227642,0.005805433,0.011442374,0.026416088,0.099587366,0.004047026,0.10371275
AAAGAACTCCAATCTT-1,NHEJ-Deletion_NHEJ-Deletion,Insertion_Insertion,0.012389621,0.10930688,0.03164696,0.038498327,0.20305721,0.09035635,0.16766645,0.013868381,0.10964887,0.009103639,0.01826472,0.03998342,0.09419588,0.007230092,0.05478321
TGTCCTGAGGAGAGTA-4,MMEJ-Deletion_WT,Insertion_WT,0.033975437,0.06422481,0.027517516,0.017566329,0.16070013,0.036369354,0.17961892,0.044527464,0.19901192,0.012448513,0.043049317,0.024564365,0.028035345,0.0035380754,0.124852546
TTTACTGAGGCATGGT-4,Insertion_NHEJ-Deletion,Insertion_NHEJ-Deletion,0.022632787,0.07934537,0.025261953,0.019362845,0.16424295,0.057691496,0.18288815,0.007689155,0.15706463,0.0042997412,0.016316257,0.039672617,0.08595679,0.0038919325,0.13368337
CGCCATTTCTCGTGGG-1,Insertion_NHEJ-Deletion,NHEJ-Deletion_NHEJ-Deletion,0.027809558,0.13218664,0.037645746,0.0125541175,0.14836732,0.049915083,0.1927683,0.010571275,0.08682889,0.0072411783,0.04030858,0.008214191,0.19312248,0.0077495645,0.044717062
CAATTTCCATATCGGT-1,NHEJ-Deletion_NHEJ-Deletion,NHEJ-Deletion_NHEJ-Deletion,0.029937705,0.048804887,0.019086499,0.025479134,0.121236846,0.047815904,0.17433693,0.0061957757,0.11108386,0.03575645,0.036007956,0.025243435,0.18246058,0.0048556128,0.13169847
AGGGTGAAGAGATCGC-1,Insertion_NHEJ-Deletion,Insertion_NHEJ-Deletion,0.05282668,0.08041432,0.03317198,0.013379881,0.18474522,0.04700265,0.19304726,0.0063358513,0.18608716,0.014523053,0.042332802,0.04578431,0.047234837,0.0036390515,0.049474984
GTGGAGACAGGTTCGC-1,NHEJ-Deletion_NHEJ-Deletion,Insertion_NHEJ-Deletion,0.07166735,0.05452641,0.042352248,0.017443357,0.19859205,0.066509254,0.2343228,0.008658421,0.15307121,0.0037002962,0.007431238,0.022680078,0.08059038,0.005239587,0.033215314
AACGAAATCTCCGAAA-1,NHEJ-Deletion_SV,Insertion_Insertion,0.08432652,0.115694895,0.066188425,0.018462345,0.25776017,0.0410885,0.10948539,0.007131925,0.0942312,0.013164172,0.020941507,0.04153551,0.08511563,0.005215522,0.039658297
AAACGCTCAAGTGACG-1,HDR_Insertion,Insertion_Insertion,0.13024788,0.07023613,0.024166772,0.03268125,0.25497696,0.07598026,0.10165145,0.006776989,0.15523885,0.0040836385,0.011993201,0.06023186,0.038748935,0.008007723,0.024978105
TTCAATCCACTGGAAG-4,Insertion_NHEJ-Deletion,Insertion_NHEJ-Deletion,0.049767934,0.048119567,0.014238407,0.026005395,0.14657095,0.043584652,0.27451676,0.010561898,0.13263692,0.012680132,0.046255823,0.02185506,0.08339485,0.0054897745,0.08432189
TGTTGGAAGTTGCCCG-1,Insertion_NHEJ-Deletion,Insertion_NHEJ-Deletion,0.012919898,0.041689698,0.026515853,0.02414818,0.17974909,0.04297677,0.21235944,0.0057728784,0.20995809,0.01193945,0.01810017,0.008399467,0.105904765,0.007777989,0.09178833
AACCTGACAAGCGAGT-1,Insertion_NHEJ-Deletion,Insertion_Insertion,0.15415336,0.0709356,0.028424187,0.03954838,0.21433401,0.048832644,0.12943015,0.009809167,0.061495446,0.016526932,0.03290033,0.01585538,0.12053911,0.008679042,0.048536293
ACTGATGCATTAGGAA-1,HDR_HDR,Insertion_Insertion,0.13759781,0.07745283,0.036681592,0.043531347,0.14607167,0.08110502,0.07697206,0.009797686,0.06658303,0.020080533,0.042940516,0.04154124,0.12836398,0.012573148,0.07870751
TGAGCATAGTAACAGT-1,NHEJ-Deletion_NHEJ-Deletion,Insertion_NHEJ-Deletion,0.06144468,0.06702705,0.027405482,0.028765013,0.1260749,0.08459506,0.19802606,0.009642847,0.10489899,0.021699449,0.032197524,0.015882675,0.17320037,0.012914077,0.03622582
CCCTGATCATACGCAT-1,MMEJ-Deletion_MMEJ-Deletion,Insertion_WT,0.108210474,0.027984664,0.016425824,0.016061526,0.18837704,0.05613735,0.105634846,0.012822528,0.20788994,0.039465692,0.026685758,0.03504953,0.108269244,0.01563433,0.03535122
ACCACAAAGACGATAT-1,Insertion_Insertion,Insertion_NHEJ-Deletion,0.04088799,0.072871275,0.029657016,0.014251582,0.26798955,0.0429371,0.27864382,0.0073668268,0.105403796,0.0053521944,0.0150663825,0.04017604,0.044520825,0.003207874,0.0316677
CACGAATGTAGTGCGA-1,Insertion_NHEJ-Deletion,Insertion_NHEJ-Deletion,0.01589704,0.11343332,0.020158814,0.025412878,0.10218783,0.066553764,0.21051322,0.0073920507,0.07588601,0.004039704,0.048090223,0.01966103,0.14802651,0.005046461,0.13770112
ACGATGTAGTTGGAGC-1,HDR_HDR,HDR_HDR,0.16172417,0.14402007,0.061659884,0.013539642,0.1385092,0.045113888,0.08858818,0.022540357,0.124092154,0.009423616,0.013414112,0.021921296,0.09550267,0.011759761,0.048190977
TCCTCGAGTATGTCTG-4,Insertion_Insertion,Insertion_Insertion,0.044907924,0.11055031,0.021221513,0.016086424,0.17600209,0.10167816,0.1243127,0.011255525,0.13504644,0.0067114476,0.02376317,0.029759333,0.09243209,0.0072519123,0.09902097
GATTCGACATTGAAAG-4,Insertion_Insertion,Insertion_Insertion,0.08753694,0.04973001,0.028493311,0.020824151,0.26387498,0.047618784,0.19066946,0.0128684975,0.09703522,0.024371115,0.011142136,0.030499164,0.08743481,0.01815228,0.02974917
CACCAAACACCCTATC-1,NHEJ-Deletion_WT,Insertion_WT,0.03967762,0.05875139,0.029279782,0.01446341,0.1736192,0.063219264,0.14076822,0.0397487,0.17771412,0.00983426,0.031419057,0.02443766,0.052395605,0.011033595,0.13363811
TGCGGGTTCGAGCACC-1,Insertion_MMEJ-Deletion,NHEJ-Deletion_NHEJ-Deletion,0.071278624,0.13953854,0.012399177,0.04327912,0.12693958,0.053030975,0.08137493,0.0075058714,0.112999566,0.012452657,0.05695418,0.027532259,0.18028863,0.013842707,0.06058321
AGTGCCGAGGTCCGAA-1,NHEJ-Deletion_WT,Insertion_Insertion,0.039743874,0.07687559,0.05209691,0.02278425,0.34737733,0.04659989,0.13126948,0.0077634193,0.1390791,0.0063785375,0.029847987,0.026561163,0.03860223,0.0025729774,0.0324473
TCATCCGTCATTACGG-1,HDR_HDR,HDR_HDR,0.20776103,0.12450508,0.031099075,0.025409684,0.15103747,0.02304139,0.15819427,0.023958597,0.05911701,0.022145426,0.016033852,0.02154791,0.08110971,0.021774068,0.033265404
GAGTCATAGGAGTATT-1,HDR_NHEJ-Deletion,Insertion_NHEJ-Deletion,0.013255545,0.045277704,0.022309499,0.02585087,0.10009912,0.12101331,0.31370267,0.00830501,0.14953539,0.0054359236,0.01854144,0.019780092,0.10424461,0.007134989,0.045513857
TAACACGTCAATGCAC-1,MMEJ-Deletion_NHEJ-Deletion,Insertion_WT,0.06599871,0.05886664,0.025448257,0.04162449,0.1349938,0.08922624,0.13328822,0.009538305,0.15416603,0.018631764,0.01796485,0.023768961,0.10011957,0.008763472,0.11760069
TGATTCTCATAGAGGC-4,Insertion_NHEJ-Deletion,Insertion_WT,0.031785797,0.081732705,0.028444676,0.02347893,0.13927668,0.05645303,0.14469744,0.005666204,0.2127926,0.019066608,0.018900214,0.028482184,0.08382816,0.0045447573,0.12084998
ATGGTTGAGCAGCACA-1,MMEJ-Deletion_NHEJ-Deletion,Insertion_WT,0.014585509,0.11652298,0.035179783,0.04380633,0.12631364,0.04501853,0.116913624,0.006634704,0.20777948,0.012332789,0.02778394,0.059593804,0.10750512,0.0032266425,0.076803066
TCGCACTTCCAGCACG-1,Insertion_Insertion,Insertion_Insertion,0.027454235,0.050955597,0.01382805,0.025763715,0.3930871,0.09490389,0.12084208,0.0041731414,0.14198111,0.0067951554,0.010238117,0.012444071,0.062577814,0.003263364,0.03169255
ATGGATCGTGACAACG-1,Insertion_Insertion,Insertion_WT,0.021318244,0.057502214,0.01942085,0.025293536,0.20700933,0.07988592,0.14813703,0.0075425534,0.21199939,0.006184327,0.055134837,0.020097787,0.03987221,0.0061413255,0.0944604
AGGATAATCGGCTGAC-1,Insertion_Insertion,Insertion_NHEJ-Deletion,0.045644403,0.05589698,0.028679468,0.02003649,0.09241199,0.06718606,0.2261418,0.010987457,0.1076646,0.013588906,0.0380036,0.027402695,0.18609636,0.016848901,0.06341032
AGATGAATCGTCGCTT-1,HDR_Insertion,Insertion_WT,0.013149815,0.045108512,0.08562832,0.029083245,0.1803597,0.06576162,0.094945945,0.009336445,0.21644577,0.014377616,0.030232407,0.013383952,0.09572866,0.010641232,0.095816806
AGGAGGTTCGGAGTGA-1,MMEJ-Deletion_NHEJ-Deletion,Insertion_Insertion,0.073938616,0.09855525,0.021491496,0.023227967,0.2471035,0.054056674,0.11080222,0.00649225,0.21422918,0.004090034,0.014297018,0.024936244,0.0673416,0.0057647955,0.033673134
CAAGCTAAGACAGCGT-1,Insertion_Insertion,Insertion_Insertion,0.04309129,0.06375156,0.04452005,0.012912089,0.37872377,0.07874305,0.17739066,0.005607996,0.08211585,0.0053326515,0.0071027097,0.016274635,0.053153012,0.004551974,0.0267287
CTATAGGGTAATCAGA-1,Insertion_WT,Insertion_NHEJ-Deletion,0.012872963,0.0656051,0.0250933,0.013905598,0.18159585,0.047371965,0.19832969,0.019312672,0.0845447,0.0054068854,0.02491722,0.027729427,0.18015753,0.003498803,0.10965831
GATGACTGTTGCATGT-1,Insertion_NHEJ-Deletion,Insertion_Insertion,0.14066127,0.12832108,0.01987727,0.03367442,0.15143968,0.08113672,0.10120742,0.016480293,0.113151364,0.0057885144,0.025430098,0.024515787,0.069079965,0.007836902,0.08139922
TTAGGGTGTTGCATGT-1,NHEJ-Deletion_SV,Insertion_NHEJ-Deletion,0.028163128,0.07376025,0.03474439,0.02863273,0.1609655,0.06733664,0.2039536,0.010705662,0.121169195,0.011221562,0.02884423,0.021434298,0.114301905,0.014351641,0.08041525
AACCCAAGTCAATGGG-1,Insertion_Insertion,HDR_HDR,0.18254548,0.06811423,0.020333821,0.012655658,0.14701115,0.051959265,0.1167774,0.013812367,0.14564584,0.010859907,0.04586705,0.018839978,0.11971192,0.0062934747,0.03957247
ATCACTTAGCATGGGT-1,HDR_NHEJ-Deletion,Insertion_NHEJ-Deletion,0.03463749,0.09744758,0.025465023,0.019806592,0.18117234,0.08035341,0.2229625,0.0392006,0.083509736,0.0060887374,0.015543188,0.0113603715,0.09013537,0.0047201044,0.08759696
GTGCACGAGGTTACCT-1,HDR_NHEJ-Deletion,Insertion_Insertion,0.017294457,0.075807,0.01506501,0.020322,0.24568316,0.032117117,0.11961561,0.017606089,0.23055282,0.0051209233,0.01778001,0.014038197,0.10503797,0.005917189,0.078042455
ACAAGCTAGTGCCCGT-1,Insertion_WT,Insertion_Insertion,0.027959397,0.10943529,0.051702715,0.014785461,0.26127332,0.03679661,0.16606906,0.010044046,0.120701574,0.015801912,0.03258004,0.0106415255,0.09520311,0.0036307778,0.043375157
AAGTGAACATAACCCA-1,MMEJ-Deletion_WT,Insertion_WT,0.053016696,0.058165032,0.019149639,0.09751049,0.13119695,0.06854097,0.0983729,0.013920041,0.17495835,0.0052286247,0.03302566,0.08196921,0.0469474,0.002253438,0.11574458
CAACGGCAGCCTTTCC-1,Insertion_NHEJ-Deletion,Insertion_Insertion,0.109634995,0.09884402,0.024489949,0.028389756,0.16986062,0.1300755,0.14130016,0.0068392404,0.12393012,0.007020973,0.027647348,0.011324626,0.05263561,0.005621129,0.062385976
TACCTGCTCAAGTCTG-1,HDR_NHEJ-Deletion,Insertion_WT,0.12306529,0.074498974,0.01549315,0.0739394,0.0720481,0.040039193,0.05178497,0.008946532,0.2620738,0.0044387826,0.013759995,0.078324534,0.057528455,0.0022665514,0.12179226
TCTATCAAGTTGGAGC-1,Insertion_NHEJ-Deletion,Insertion_NHEJ-Deletion,0.068743415,0.10434826,0.05520396,0.0113793025,0.15412097,0.054800987,0.21106264,0.00932473,0.12614985,0.0037611057,0.030125845,0.014693193,0.084575705,0.0034848591,0.0682252
TCAGTTTAGCCAACCC-1,NHEJ-Deletion_WT,Insertion_NHEJ-Deletion,0.057081025,0.045113776,0.019030103,0.013685982,0.22128555,0.047630277,0.25152066,0.020412505,0.10465113,0.021202087,0.013039626,0.019601427,0.10905891,0.015135337,0.041551556
TGTTGGAGTGCGAACA-1,Insertion_Insertion,Insertion_WT,0.070592195,0.06885593,0.04879081,0.023952626,0.15163049,0.08520549,0.13007559,0.01588003,0.17009842,0.0055339104,0.022945112,0.032645557,0.055123083,0.0066492367,0.11202156
CACTTCGGTACGGATG-1,Insertion_NHEJ-Deletion,Insertion_Insertion,0.039434783,0.077171296,0.03350455,0.0507002,0.19699888,0.12168376,0.10254897,0.0077240574,0.113504276,0.02336288,0.021835983,0.012586277,0.12678637,0.006514289,0.06564339
GTCTGTCAGCAGCCCT-4,Insertion_WT,NHEJ-Deletion_NHEJ-Deletion,0.023564762,0.03868378,0.036314808,0.019843148,0.17307125,0.025114017,0.14965317,0.0072154305,0.12807813,0.021641657,0.010873841,0.026172975,0.17639351,0.012338053,0.1510415
TCTCAGCAGGTACTGG-4,Insertion_WT,Insertion_Insertion,0.11286504,0.061979692,0.038776565,0.037037063,0.19396313,0.058153108,0.11767189,0.050778493,0.08859527,0.018207869,0.031545296,0.022902824,0.07756088,0.015642976,0.07431991
CGCCAGATCATGTCTT-4,Insertion_WT,Insertion_Insertion,0.0852585,0.08894546,0.036229447,0.011593339,0.2813118,0.03944162,0.12589286,0.013073122,0.15909168,0.016105346,0.017403621,0.020306535,0.041237146,0.0028090444,0.061300445
ACGTCCTGTATGGAGC-1,Insertion_NHEJ-Deletion,Insertion_Insertion,0.041726597,0.089955814,0.08690656,0.006534431,0.17696434,0.06431473,0.16091082,0.018545924,0.12155643,0.006086531,0.049577594,0.021529503,0.06314667,0.0033201578,0.088923894
TTTACTGCAAGTGGTG-1,Insertion_WT,Insertion_Insertion,0.019854292,0.07170199,0.052942935,0.020950498,0.23122998,0.037442435,0.15988144,0.013811358,0.12104061,0.004451296,0.046892576,0.023779372,0.105085626,0.004050029,0.08688554
GTTACGAGTTAGTCGT-1,Insertion_WT,NHEJ-Deletion_NHEJ-Deletion,0.015232631,0.10327928,0.038179703,0.015423261,0.12758785,0.031958845,0.099786974,0.019501826,0.06637027,0.011561882,0.023224061,0.009470635,0.27244654,0.019332755,0.14664352
GGGTGTCAGCCTAACT-1,NHEJ-Deletion_NHEJ-Deletion,HDR_HDR,0.17572935,0.07816205,0.030199153,0.10442287,0.10792746,0.07720912,0.054601457,0.007630034,0.11822027,0.011289213,0.02056122,0.044828676,0.047810417,0.008312601,0.113096066
GAGGGTAAGCCTCAGC-4,HDR_Insertion,NHEJ-Deletion_NHEJ-Deletion,0.07418676,0.03670532,0.02439385,0.035154518,0.10815386,0.0572192,0.12847598,0.013226543,0.13690682,0.0077778227,0.012579105,0.041971046,0.21048746,0.012339538,0.10042223
CCATCACAGACAACAT-1,Insertion_WT,Insertion_WT,0.038254905,0.09236831,0.03732122,0.07560889,0.1254849,0.06570799,0.10873604,0.0062327143,0.23469402,0.006693419,0.019242244,0.015781851,0.06274322,0.003555505,0.10757475
GTGTTAGAGATTAGCA-4,HDR_Insertion,Insertion_WT,0.021371804,0.06177814,0.04121137,0.015953995,0.14286335,0.03271495,0.13588427,0.010804991,0.34718865,0.005144607,0.042148896,0.028048275,0.049943633,0.003006781,0.0619363
TGAGGAGAGAAATTCG-4,HDR_Insertion,Insertion_Insertion,0.044267047,0.09803372,0.026006594,0.025683166,0.2554458,0.029708998,0.15057027,0.0060481434,0.12027186,0.017688299,0.055757336,0.010936347,0.092978664,0.0032764873,0.06332726
TGTAACGGTGGTCTCG-1,HDR_WT,Insertion_NHEJ-Deletion,0.048539817,0.054489084,0.03212048,0.015076532,0.10642922,0.032188088,0.2184473,0.013244411,0.20841168,0.0076111523,0.035561897,0.04155919,0.11283363,0.0042324653,0.06925503
ATCTTCATCGGCCAAC-1,Insertion_Insertion,Insertion_NHEJ-Deletion,0.033709623,0.08281257,0.021038558,0.017475152,0.19263649,0.046524804,0.2063334,0.01928893,0.14211032,0.0073197368,0.02403413,0.04060465,0.07289608,0.0032025056,0.09001303
GCAGCTGGTGAATTAG-1,Insertion_Insertion,Insertion_NHEJ-Deletion,0.076101236,0.09020076,0.049003337,0.017701503,0.15036422,0.06468385,0.16586244,0.010294337,0.08814007,0.009072513,0.05315127,0.047496133,0.08824012,0.019574018,0.07011422
TAACGACAGAGGGTCT-1,Insertion_WT,Insertion_WT,0.14142933,0.078002825,0.019227594,0.04893225,0.1055315,0.08140708,0.11096418,0.019681573,0.1985941,0.0040476876,0.012780536,0.0528087,0.05470026,0.007129718,0.06476263
AAACGCTGTCACTCTC-4,Insertion_MMEJ-Deletion,Insertion_NHEJ-Deletion,0.0140640065,0.056961425,0.03745875,0.009081545,0.08576284,0.021019612,0.21581186,0.013099394,0.21526624,0.005986324,0.02342959,0.009599649,0.10231271,0.0024327193,0.1877133
CCTCTCCCAAGACTGG-1,Insertion_WT,Insertion_WT,0.04165969,0.050495185,0.017454613,0.046810713,0.14981885,0.04660731,0.105464384,0.006016988,0.32396832,0.022358498,0.006662498,0.030563204,0.07494487,0.005517652,0.07165726
TACTTACCATCTAACG-4,Insertion_Insertion,Insertion_WT,0.030207036,0.037450872,0.02271841,0.05826859,0.12301094,0.07103537,0.108874716,0.010939209,0.15151414,0.030502979,0.011736648,0.14406954,0.099708155,0.0070061274,0.09295726
GATTCGATCGCCACTT-4,MMEJ-Deletion_WT,NHEJ-Deletion_WT,0.052640192,0.07719199,0.01806414,0.013188772,0.08924919,0.046353593,0.1317079,0.010902667,0.19169644,0.021299515,0.0046567633,0.037842873,0.048838623,0.005209385,0.25115794
TACCGGGGTGGGTCAA-1,Insertion_MMEJ-Deletion,Insertion_NHEJ-Deletion,0.02908151,0.113726154,0.01921644,0.008990479,0.15628828,0.07336587,0.34853613,0.006934764,0.10258566,0.0025130692,0.012460132,0.017392617,0.033772115,0.010053856,0.065082885
TTCTTGATCATTCGGA-1,Insertion_Insertion,Insertion_Insertion,0.08186661,0.11939032,0.019420285,0.027912851,0.17450489,0.07157753,0.106313236,0.015126075,0.119788885,0.01846925,0.032678727,0.078630574,0.066632055,0.007988025,0.059700735
TGCAGGCCACGGGTAA-1,Insertion_Insertion,Insertion_Insertion,0.083833784,0.08363783,0.044576153,0.023645971,0.21533816,0.09250721,0.13598147,0.013379553,0.069332965,0.01831172,0.022096362,0.022033151,0.0735922,0.01797943,0.08375397
AGGAGGTGTAGAATAC-4,Insertion_Insertion,Insertion_NHEJ-Deletion,0.054057837,0.07450589,0.060927868,0.009751546,0.1402247,0.10810666,0.20870042,0.007967431,0.12964077,0.011218465,0.016438384,0.010395962,0.05535402,0.0044307364,0.10827929
GGCAGTCTCAGGACAG-4,HDR_Insertion,Insertion_NHEJ-Deletion,0.015539194,0.09064783,0.03166317,0.034471937,0.15602604,0.07051696,0.18929107,0.011091687,0.17864293,0.0148326,0.02401884,0.019543456,0.091505915,0.006627992,0.065580435
AGAGCAGGTAAGACCG-4,Insertion_Insertion,Insertion_NHEJ-Deletion,0.018403843,0.042400382,0.06392407,0.030827133,0.109995425,0.028221384,0.18625924,0.008159296,0.17991814,0.011133529,0.021250097,0.034288403,0.09263659,0.021382425,0.15120003
GCCTGTTCAGGCCCTA-1,MMEJ-Deletion_WT,Insertion_Insertion,0.024572754,0.048610594,0.029511727,0.021389145,0.16932249,0.042305436,0.15595119,0.0059722904,0.1640419,0.005296293,0.032356977,0.05010434,0.10548235,0.0040228013,0.14105976
TCCACGTTCCCGAGGT-1,NHEJ-Deletion_NHEJ-Deletion,Insertion_NHEJ-Deletion,0.043214582,0.049683817,0.034726053,0.022255331,0.21818297,0.063890964,0.2750516,0.006103796,0.1394637,0.004708965,0.025184225,0.018082516,0.06147653,0.0033962035,0.034578737
CATCGCTAGCCATCCG-1,HDR_NHEJ-Deletion,Insertion_Insertion,0.096421584,0.087857895,0.047155913,0.024026306,0.19005956,0.0674127,0.11232258,0.007266175,0.05778361,0.010248457,0.019120185,0.104627185,0.08946102,0.007507625,0.07872924
GATGTTGGTGGCTACC-4,NHEJ-Deletion_NHEJ-Deletion,Insertion_WT,0.028867763,0.06644681,0.035076648,0.023632158,0.17928025,0.037393473,0.169124,0.006111288,0.17949317,0.009426331,0.039171997,0.0279616,0.1168184,0.0028607408,0.07833536
TACGGGCCATAGTCAC-1,Insertion_WT,Insertion_Insertion,0.023370825,0.077127226,0.032995664,0.019427596,0.19969548,0.035966508,0.12439073,0.017345289,0.14189191,0.007680579,0.047476705,0.08816876,0.1066513,0.0064676334,0.071343794
TGGGAGAAGACTCTTG-1,Insertion_Insertion,Insertion_Insertion,0.046327952,0.078176,0.042997446,0.02661342,0.3676724,0.063435614,0.14150386,0.008999697,0.11148627,0.005168567,0.012425208,0.014199482,0.043424547,0.0051094377,0.03246009
CACGGGTTCCGAACGC-1,Insertion_NHEJ-Deletion,Insertion_Insertion,0.03581079,0.0726798,0.031905048,0.019320397,0.21315813,0.12691633,0.116688885,0.01672923,0.05222074,0.014026963,0.031447213,0.04542383,0.12744457,0.005538346,0.09068971
GTCCACTCAGCAGTCC-1,Insertion_Insertion,Insertion_Insertion,0.02664852,0.06193872,0.037407633,0.01335263,0.24465248,0.054624576,0.16818513,0.010864298,0.1512338,0.0066514313,0.03225258,0.026165292,0.08459914,0.0045413324,0.076882385
TCGGATAAGGAGGCAG-4,NHEJ-Deletion_NHEJ-Deletion,Insertion_WT,0.016974466,0.10007735,0.028268203,0.009483332,0.17789243,0.030593053,0.14646138,0.019829582,0.18766078,0.005942239,0.023166317,0.014167378,0.15783353,0.0030995316,0.0785504
TCTATCAAGCGTCAGA-1,Insertion_Insertion,Insertion_NHEJ-Deletion,0.0652275,0.082179315,0.029746305,0.024887426,0.13919382,0.13244037,0.17312442,0.0131588755,0.1540846,0.010459731,0.01595586,0.019282358,0.053304233,0.0075945957,0.079360604
AGCTCAAGTAGTTAGA-1,Insertion_NHEJ-Deletion,Insertion_NHEJ-Deletion,0.06392365,0.046115816,0.02315533,0.051111504,0.20805609,0.034536082,0.24408205,0.016667482,0.09706717,0.026111431,0.023398926,0.017468795,0.057341654,0.012702215,0.07826179
TCAGGGCTCGGTTCAA-1,MMEJ-Deletion_WT,NHEJ-Deletion_NHEJ-Deletion,0.033054546,0.055123743,0.03823457,0.015362375,0.13073601,0.07532865,0.1420324,0.013284884,0.15163608,0.014570457,0.062305424,0.045821477,0.16897498,0.008540002,0.044994388
TAATTCCCAACCCTCT-1,Insertion_NHEJ-Deletion,Insertion_NHEJ-Deletion,0.007985469,0.043021906,0.03365434,0.008343697,0.15425971,0.065282084,0.2147774,0.0050067166,0.1452785,0.011189716,0.016247043,0.018398564,0.12216763,0.007060062,0.14732718
ATTCCATGTTCTTGCC-4,Insertion_WT,Insertion_WT,0.008927693,0.06972841,0.023667106,0.016543379,0.14086102,0.03546332,0.14692397,0.0065970114,0.28691012,0.0039008758,0.027125932,0.04812757,0.054961927,0.0052765636,0.12498507
TGATCAGCATCCTGTC-1,NHEJ-Deletion_NHEJ-Deletion,Insertion_Insertion,0.05661385,0.0699508,0.044394292,0.01570325,0.21011993,0.06918148,0.13060544,0.018420346,0.06177126,0.0074092997,0.052406576,0.062163953,0.13109034,0.0060873926,0.06408179
AGGACTTCAACCCGCA-4,Insertion_NHEJ-Deletion,Insertion_NHEJ-Deletion,0.017248256,0.05659436,0.053044718,0.007833925,0.1047937,0.029485514,0.27026606,0.008766143,0.12282408,0.00634034,0.013321925,0.014594373,0.08558955,0.0043277014,0.20496939
TCATTGTCATTCTCTA-1,HDR_Insertion,Insertion_Insertion,0.015699858,0.03536951,0.021272695,0.008194261,0.34110326,0.15667644,0.15433717,0.0067407144,0.0826439,0.018445285,0.020122597,0.058652405,0.032830633,0.0022308484,0.045680393
TACGTCCTCGTTAGAC-1,HDR_Insertion,Insertion_WT,0.070203595,0.10744487,0.032245725,0.031749856,0.12747438,0.044089146,0.11087242,0.010368505,0.26748428,0.0073609087,0.0507821,0.048166685,0.048454404,0.008533325,0.03476982
CGTGATACAGAGCCCT-1,Insertion_Insertion,NHEJ-Deletion_NHEJ-Deletion,0.05387745,0.06948808,0.03312255,0.009799364,0.17394692,0.04054692,0.15695216,0.02059341,0.11472618,0.008696002,0.07018254,0.013308562,0.17499253,0.002673673,0.057093624
TTCGGTCTCCGATGTA-1,NHEJ-Deletion_NHEJ-Deletion,Insertion_NHEJ-Deletion,0.011237915,0.09188509,0.038057,0.035431143,0.12520729,0.07999231,0.29554245,0.008752972,0.08348081,0.0071841846,0.018646592,0.018328015,0.1044318,0.0033730688,0.07844939
TCAAGCATCGATACTG-4,Insertion_WT,Insertion_Insertion,0.06657798,0.046602294,0.019916948,0.027493207,0.23520611,0.051331338,0.17947929,0.014303823,0.19497114,0.007288451,0.015317031,0.011117939,0.09532416,0.002278562,0.032791693
GTAACACGTCGTTGGC-4,MMEJ-Deletion_WT,Insertion_NHEJ-Deletion,0.10140636,0.09119758,0.024350181,0.036006555,0.12756698,0.07731016,0.1407395,0.020130381,0.09337411,0.01936345,0.022317784,0.046302613,0.07271348,0.007296297,0.119924545
TGTTCCGCATTAGGAA-4,MMEJ-Deletion_WT,Insertion_Insertion,0.033244465,0.07650243,0.036612656,0.03646775,0.18341392,0.06026229,0.10537524,0.015605679,0.1552323,0.008911587,0.06213655,0.037430756,0.09882054,0.011414634,0.078569226
TCGACCTTCGCAGTGC-1,HDR_NHEJ-Deletion,Insertion_Insertion,0.02306207,0.09025904,0.035021383,0.016344301,0.29203516,0.060337093,0.1640419,0.0057991287,0.106818855,0.0060896715,0.02507788,0.03644957,0.06230175,0.0056491215,0.070713036
TCGCTCAAGACACACG-4,Insertion_WT,Insertion_NHEJ-Deletion,0.02565553,0.053995255,0.018537516,0.032419443,0.108801335,0.030873299,0.23026448,0.0067139133,0.2013038,0.008686677,0.041353185,0.014955968,0.08548516,0.0054858034,0.13546868
TCTTTGACACGCTGTG-1,MMEJ-Deletion_MMEJ-Deletion,Insertion_Insertion,0.15617946,0.08460532,0.028873334,0.06746153,0.23130146,0.061873037,0.101759836,0.014935451,0.077321015,0.0060384367,0.03785467,0.017101023,0.074098706,0.0060053673,0.034591407
ATCGGATAGCTATCCA-1,Insertion_NHEJ-Deletion,Insertion_Insertion,0.057259247,0.13653906,0.03927102,0.022375682,0.23650323,0.10700203,0.09644161,0.013577687,0.09927243,0.007233505,0.027993131,0.043863043,0.0452916,0.005213354,0.06216334
AGTCATGCACTGCGTG-1,Insertion_NHEJ-Deletion,NHEJ-Deletion_NHEJ-Deletion,0.10791103,0.06729398,0.046578977,0.034308832,0.13224392,0.04350398,0.088489845,0.023665404,0.054080844,0.018726565,0.01418295,0.02266444,0.25892136,0.019901711,0.06752616
TTCTTCCGTGCTGATT-1,HDR_Insertion,Insertion_Insertion,0.02847468,0.10927303,0.0608719,0.034845173,0.159932,0.0449524,0.1573028,0.01457608,0.08860607,0.0066542025,0.033501875,0.010798229,0.15476471,0.0052804556,0.090166405
GGCACGTCATCCGCGA-1,Insertion_MMEJ-Deletion,Insertion_WT,0.03515751,0.06595906,0.03248928,0.043786887,0.1815614,0.03528903,0.12387195,0.0065244418,0.29976392,0.004360189,0.009896795,0.039703142,0.045740467,0.004145084,0.07175086
AGCCAATTCCGGCAGT-1,Insertion_NHEJ-Deletion,Insertion_Insertion,0.015385918,0.11105125,0.02771777,0.065491095,0.1549903,0.06694039,0.154499,0.01708556,0.13107292,0.007191646,0.026230121,0.017873084,0.13329948,0.0043484094,0.066823035
CTCAATTTCGAAGTGG-1,HDR_Insertion,Insertion_Insertion,0.03173584,0.07947469,0.040011536,0.035289608,0.2719567,0.07770211,0.1376453,0.018196873,0.10136535,0.0051573184,0.039162327,0.023889527,0.08469512,0.0034779347,0.05023973
TCATTACGTAAGTAGT-1,Insertion_WT,Insertion_WT,0.037025057,0.060622178,0.052939843,0.059692666,0.070973136,0.06713682,0.09206401,0.00737592,0.23631814,0.0062264875,0.03174677,0.012319117,0.09042891,0.0087094465,0.16642153
GTTACGAAGCCTCTCT-1,HDR_Insertion,Insertion_NHEJ-Deletion,0.016914615,0.11816158,0.021456683,0.038162306,0.17663139,0.042500574,0.20056264,0.01256476,0.11623196,0.004230794,0.016267108,0.015241041,0.11560193,0.0053836377,0.100089006
TACTTCATCGAGAAGC-1,Insertion_Insertion,Insertion_WT,0.10286551,0.08953576,0.023414044,0.011576989,0.13984549,0.046863623,0.11000401,0.015468936,0.21796829,0.0031059987,0.018172046,0.03380441,0.105701976,0.005046988,0.0766259
GATGCTATCAAGCCGC-1,Insertion_Insertion,Insertion_NHEJ-Deletion,0.037029095,0.064964436,0.01830865,0.04531497,0.11857827,0.09478255,0.16784087,0.044680625,0.087715566,0.010020701,0.044825524,0.02898451,0.14472073,0.0127021335,0.07953137
CTGATCCCATGGCTAT-1,HDR_Insertion,Insertion_Insertion,0.08067167,0.05742281,0.018971648,0.08640827,0.2935111,0.056034777,0.05095817,0.013762686,0.13056862,0.022996314,0.012618958,0.029803485,0.09916467,0.014169661,0.03293714
CATCCGTAGCCGATAG-4,HDR_HDR,Insertion_Insertion,0.029432287,0.06781414,0.015567439,0.02767982,0.21983929,0.07400016,0.12937418,0.018693913,0.20943229,0.011940731,0.037743453,0.013213935,0.06525548,0.019185431,0.06082749
CTCCGATAGTTCTACG-1,Insertion_WT,Insertion_Insertion,0.039743472,0.08210777,0.018959844,0.015388133,0.32531577,0.116814524,0.16518347,0.0051686084,0.11954374,0.004051575,0.007649566,0.016996166,0.049260627,0.0033657355,0.030451024
TCTCCGAGTACCGGCT-4,Insertion_NHEJ-Deletion,Insertion_NHEJ-Deletion,0.02722985,0.07177414,0.02143108,0.029938163,0.16718736,0.059897978,0.21418713,0.014540814,0.15201408,0.013076109,0.014333433,0.026095863,0.105861865,0.006646626,0.07578552
CAGTGCGGTACACGTT-4,HDR_WT,Insertion_NHEJ-Deletion,0.016631065,0.08926675,0.012632136,0.01984714,0.095339224,0.028507281,0.21974811,0.01770701,0.2039483,0.00705659,0.03572449,0.01907664,0.14783728,0.01295753,0.07372048
TCGACCTGTATGCGGA-1,Insertion_NHEJ-Deletion,Insertion_NHEJ-Deletion,0.017229829,0.14072628,0.014506677,0.021599524,0.19465593,0.054083012,0.22987334,0.0069183875,0.108376764,0.004294628,0.036150962,0.0142857535,0.08122169,0.0034386935,0.07263849
CTTCAATAGGACACTG-1,NHEJ-Deletion_NHEJ-Deletion,NHEJ-Deletion_NHEJ-Deletion,0.010623101,0.050222628,0.025295528,0.011420904,0.11639049,0.030389318,0.24189678,0.0121810045,0.10819141,0.003249156,0.020468054,0.008576365,0.2642707,0.003592025,0.09323254
TCCCACATCAGACCGC-1,HDR_WT,Insertion_WT,0.019400535,0.026371254,0.014636466,0.08206477,0.06647068,0.027052835,0.11167134,0.0072006457,0.39688042,0.0024867093,0.0064203604,0.029138597,0.04716295,0.008271185,0.15477125
ACTATTCTCTTACCAT-1,MMEJ-Deletion_WT,Insertion_Insertion,0.03274423,0.076546974,0.027552152,0.023240356,0.4728234,0.045075838,0.053598966,0.011621667,0.09587632,0.0060790055,0.04858456,0.015954724,0.055823512,0.0046461103,0.029832175
TCTGGCTGTCGGCTAC-1,Insertion_SV,NHEJ-Deletion_NHEJ-Deletion,0.056586646,0.10537068,0.021490138,0.011566428,0.12989414,0.046168953,0.13993664,0.0081265755,0.14355397,0.012436231,0.043831713,0.014210764,0.15248437,0.014394637,0.09994814
ATATCCTAGCAACTTC-1,Insertion_Insertion,Insertion_NHEJ-Deletion,0.028606385,0.05447693,0.031620186,0.04186878,0.1408586,0.06042024,0.22820292,0.024122566,0.098595,0.005758928,0.035230238,0.02414461,0.13424969,0.007957896,0.08388708
TGGATGTAGCCTGCCA-1,HDR_Insertion,Insertion_Insertion,0.041334447,0.080271654,0.027316082,0.026965836,0.22867267,0.061304525,0.1073771,0.014503838,0.21912144,0.008510048,0.019925602,0.018059552,0.08200438,0.004760585,0.0598722
TCAGTCCGTTGCTCGG-1,Insertion_WT,Insertion_WT,0.043338552,0.08078723,0.045465477,0.018293072,0.13962947,0.035508033,0.19009379,0.013878586,0.22709413,0.0083954865,0.017330812,0.03236241,0.07340114,0.0060268207,0.068395056
TGCTCGTGTTCTCTAT-1,NHEJ-Deletion_WT,Insertion_Insertion,0.03671902,0.1127495,0.014679156,0.016054673,0.28648117,0.0851172,0.13008516,0.0065566455,0.08025677,0.023574183,0.030489132,0.047648896,0.08184068,0.008031205,0.039716613
AACCATGGTTCGAAGG-1,Insertion_NHEJ-Deletion,Insertion_Insertion,0.024900364,0.15995876,0.03202469,0.0469254,0.16986123,0.025784418,0.16348483,0.015614692,0.10496394,0.007378144,0.024988465,0.031023651,0.08980807,0.0045511373,0.09873223
GTCACTCAGCATCCCG-1,HDR_Insertion,HDR_Insertion,0.07480234,0.18375254,0.016507123,0.06501629,0.10956224,0.080873355,0.11393927,0.011200069,0.12542917,0.0050875326,0.031622075,0.02142309,0.07217622,0.0035987096,0.08500994
AAGTACCGTTCCATTT-4,Insertion_WT,Insertion_NHEJ-Deletion,0.012442545,0.09468153,0.014973965,0.027030542,0.095564045,0.0479536,0.23627773,0.018539602,0.12044353,0.00653039,0.028668286,0.0139847575,0.18434367,0.006274469,0.09229132
TAACTTCAGTCGTCTA-1,Insertion_WT,Insertion_Insertion,0.01657765,0.07235884,0.025888406,0.01063508,0.19758618,0.077661924,0.1954563,0.012822493,0.12124715,0.0026742178,0.08017248,0.010622625,0.095736116,0.005030734,0.0755298
ACGTCCTGTAAGATAC-1,NHEJ-Deletion_WT,Insertion_NHEJ-Deletion,0.018376218,0.052368347,0.034905706,0.014976243,0.16717196,0.039026834,0.30339897,0.0073891976,0.06635513,0.009935375,0.02730211,0.023499645,0.16904487,0.002344853,0.0639046
TTCTAGTTCTTAGTTC-1,Insertion_WT,Insertion_Insertion,0.04514424,0.06315715,0.032179523,0.031414613,0.26498586,0.05802746,0.116568215,0.008895693,0.15768902,0.010888463,0.015645655,0.03946242,0.11063897,0.0035218967,0.041780807
ATCCCTGGTGACTCTA-1,HDR_HDR,HDR_WT,0.043647006,0.045763835,0.02082671,0.25738373,0.08309588,0.042238712,0.049901526,0.006424536,0.1473543,0.011226338,0.011283775,0.025972545,0.12090566,0.00781143,0.12616402
TTGCATTAGTCACTCA-4,Insertion_MMEJ-Deletion,NHEJ-Deletion_WT,0.033582132,0.033730693,0.011292286,0.07646679,0.0460678,0.032452893,0.11287076,0.010945699,0.14297347,0.0058582043,0.0066303033,0.037409216,0.0631904,0.0025386706,0.38399065
GCGGAAACACGCTGCA-4,Insertion_Insertion,Insertion_WT,0.0067848475,0.04959842,0.026382813,0.028920833,0.14818935,0.04206961,0.12628557,0.00943005,0.2788462,0.009281147,0.03148908,0.011395229,0.147305,0.002007544,0.08201428
AATAGAGTCATCACTT-1,MMEJ-Deletion_WT,Insertion_Insertion,0.030264745,0.09522041,0.069395974,0.025489971,0.18278813,0.041637056,0.15098748,0.018797155,0.15735532,0.012154161,0.02251458,0.021628859,0.08967329,0.011718893,0.07037394
TGCGACGTCATGAGGG-1,Insertion_Insertion,Insertion_NHEJ-Deletion,0.038432218,0.106012695,0.037114542,0.05092479,0.13440856,0.052885264,0.20545097,0.014425245,0.14235826,0.01457299,0.01774194,0.02048637,0.10597634,0.010792471,0.04841736
TCACTATGTACTAACC-4,Insertion_WT,NHEJ-Deletion_WT,0.010503489,0.07309899,0.008458965,0.022397328,0.12348329,0.026794259,0.17321362,0.011581309,0.2192544,0.0066422587,0.013403913,0.017176593,0.06938866,0.0036456422,0.22095728
GGAAGTGGTCTGTGCG-1,NHEJ-Deletion_WT,Insertion_NHEJ-Deletion,0.07311261,0.095650956,0.024122812,0.14033529,0.1307743,0.066873744,0.14644448,0.0137959,0.073082216,0.008008845,0.025313962,0.030424625,0.07785805,0.012785557,0.081416614
TTCATTGGTGCAACGA-1,Insertion_WT,NHEJ-Deletion_WT,0.040509313,0.027475059,0.020862129,0.12604146,0.1464264,0.04027486,0.071185835,0.008482005,0.20658985,0.006835194,0.014254186,0.024600819,0.047155585,0.008408279,0.21089906
GATCCCTGTCTCTCAC-4,NHEJ-Deletion_WT,NHEJ-Deletion_NHEJ-Deletion,0.019448504,0.04165789,0.022756625,0.0145414425,0.06989779,0.039745767,0.15122537,0.008437366,0.15479672,0.0097887255,0.02160011,0.019439533,0.23876946,0.008365341,0.17952934
CAACCTCGTTTCGATG-4,Insertion_WT,Insertion_Insertion,0.070977226,0.067531385,0.029349333,0.009508508,0.2487215,0.077725664,0.17675893,0.0070128394,0.15772618,0.005056829,0.026855836,0.027182203,0.04315211,0.005406146,0.047035277
AGGTTACTCCGTTTCG-1,NHEJ-Deletion_WT,Insertion_Insertion,0.09968232,0.06325603,0.03612322,0.1518431,0.1745437,0.037278917,0.07664943,0.014398331,0.13757177,0.01140724,0.022015216,0.0460618,0.06867606,0.0059455084,0.054547396
TACGTCCAGTAAACTG-1,Insertion_Insertion,Insertion_Insertion,0.034867615,0.054971397,0.03527775,0.060935162,0.19009987,0.05036794,0.16831651,0.014121254,0.17810746,0.003613429,0.034039035,0.025366277,0.0765265,0.004512292,0.06887749
AACCTTTAGAGCCTGA-1,Insertion_NHEJ-Deletion,HDR_HDR,0.21717165,0.103987046,0.0537843,0.021113096,0.16184622,0.050386027,0.10126792,0.0067804586,0.08168204,0.009270679,0.04819594,0.02065494,0.06430807,0.01524247,0.044309113
GTAATGCTCGACCTAA-1,Insertion_Insertion,Insertion_WT,0.033407018,0.09475528,0.030576127,0.047172267,0.16036509,0.05401549,0.10366226,0.007215539,0.16659634,0.015990399,0.029600112,0.035045907,0.108880766,0.003834417,0.108882956
TGATGCACATGACTCA-1,NHEJ-Deletion_NHEJ-Deletion,Insertion_NHEJ-Deletion,0.03537622,0.05763323,0.053921416,0.062787764,0.09351845,0.039116174,0.15574212,0.017000766,0.14238167,0.009076144,0.039124202,0.021679386,0.14704855,0.011804042,0.113789886
TTCCACGTCTACCAGA-1,Insertion_NHEJ-Deletion,Insertion_Insertion,0.11350916,0.103135005,0.018337125,0.014771142,0.16817006,0.0716475,0.10798264,0.012292041,0.1166391,0.0060232184,0.022484109,0.023156177,0.16470324,0.007011282,0.050138146
CTTTCGGAGTCCCGAC-1,HDR_Insertion,Insertion_NHEJ-Deletion,0.027501687,0.09393084,0.044225145,0.026664367,0.18980435,0.0760094,0.21999466,0.013584661,0.09699409,0.01674278,0.022955451,0.007873223,0.111611106,0.0050458424,0.047062423
GAGATGGTCGCCGATG-1,Insertion_Insertion,Insertion_NHEJ-Deletion,0.015912881,0.07044652,0.032828733,0.0111260135,0.16195959,0.03942821,0.22823139,0.0096305385,0.12951435,0.00918113,0.01897011,0.02192844,0.13232079,0.004398632,0.114122614
CATGCGGTCCAATCTT-1,Insertion_WT,Insertion_Insertion,0.02558509,0.096793935,0.0368029,0.010952643,0.2490867,0.05570635,0.17109807,0.013257142,0.12317181,0.0044832136,0.022992438,0.012738705,0.09255602,0.003733844,0.081041105
CATGCGGAGAGTTGCG-1,Insertion_Insertion,Insertion_Insertion,0.13224551,0.08122637,0.036738437,0.03737759,0.22153462,0.05022749,0.082786806,0.014325602,0.12068014,0.015320564,0.030263275,0.034185767,0.093725786,0.011559224,0.037802834
CATACAGTCTCGTGGG-1,NHEJ-Deletion_NHEJ-Deletion,Insertion_Insertion,0.04768335,0.07026226,0.032095194,0.011411289,0.26050082,0.112427145,0.14009987,0.018121552,0.06875923,0.0064750155,0.021930449,0.02923113,0.09616153,0.008989628,0.07585154
CTACAGAGTCTACAGT-4,Insertion_WT,NHEJ-Deletion_NHEJ-Deletion,0.03230636,0.06168251,0.020121835,0.049032543,0.15124924,0.056495048,0.08272442,0.02352385,0.08776657,0.009638197,0.017031647,0.033757865,0.26749575,0.006181526,0.10099261
CTATCTAAGCTGGCTC-1,Insertion_NHEJ-Deletion,Insertion_NHEJ-Deletion,0.027224572,0.118701786,0.009931918,0.013050738,0.16189876,0.051025607,0.2814142,0.02030486,0.053145375,0.00918263,0.02503794,0.01515095,0.14018095,0.008445037,0.06530468
GAAACCTCAATAGGAT-1,Insertion_Insertion,Insertion_NHEJ-Deletion,0.038467463,0.066662684,0.020816604,0.015532265,0.13289396,0.058747705,0.18487597,0.02123787,0.1752799,0.00518318,0.03982206,0.036208864,0.056632932,0.0068112044,0.14082737
TCAGGTACAAAGAGTT-1,NHEJ-Deletion_NHEJ-Deletion,Insertion_Insertion,0.064787306,0.09948727,0.05377783,0.011947009,0.17431848,0.11562908,0.16776706,0.012469158,0.08964606,0.0110905105,0.027132137,0.020208424,0.07039215,0.013148784,0.06819873
AGTAGTCCATGGAAGC-1,HDR_Insertion,Insertion_WT,0.016628524,0.09209534,0.040083013,0.0238411,0.09855347,0.042086292,0.1465715,0.007979404,0.16289608,0.0050993385,0.06570848,0.010548827,0.12519051,0.023177294,0.13954084
GTCTGTCGTATCGATC-4,HDR_WT,NHEJ-Deletion_NHEJ-Deletion,0.058879618,0.07372181,0.051098816,0.029667381,0.13246535,0.060075477,0.10866193,0.01942639,0.06779559,0.0058279154,0.094591364,0.045750752,0.14684503,0.015608847,0.08958377
TGACTCCTCTTGTGCC-1,Insertion_Insertion,Insertion_NHEJ-Deletion,0.023248078,0.061657343,0.02664225,0.044476412,0.15415278,0.036794856,0.2581396,0.026294505,0.09243846,0.0050570257,0.023269419,0.014235403,0.14959998,0.030721007,0.053272862
GCAACATGTTGGCTAT-1,MMEJ-Deletion_MMEJ-Deletion,Insertion_Insertion,0.10665578,0.12588999,0.042185873,0.019081727,0.19406183,0.054408766,0.113500476,0.012752177,0.06508499,0.012390734,0.025333513,0.037268877,0.07652141,0.0051016854,0.10976215
TGAGGTTGTGCTGATT-1,Insertion_Insertion,Insertion_Insertion,0.060323767,0.04976297,0.02425709,0.010000183,0.16459799,0.0836203,0.1579807,0.009252108,0.13763677,0.010647348,0.019095661,0.040278077,0.12648234,0.008596704,0.097468026
ACTTCCGTCCTTCGAC-1,Insertion_MMEJ-Deletion,Insertion_NHEJ-Deletion,0.0123553835,0.050087,0.020939816,0.03306611,0.16480613,0.07051046,0.30142862,0.007898061,0.157201,0.010262918,0.012706704,0.00819517,0.095919706,0.003972573,0.050650343
GAACACTAGGCGAAGG-1,Insertion_Insertion,Insertion_Insertion,0.023336828,0.04812131,0.009038834,0.007916696,0.41789326,0.06425115,0.13831258,0.0043554422,0.15472431,0.006179915,0.012214878,0.032927405,0.03653472,0.0016931278,0.04249952
AGAAATGTCATAGAGA-1,Insertion_Insertion,Insertion_Insertion,0.08013056,0.084736474,0.0282056,0.040664688,0.216983,0.051404573,0.16877942,0.00838244,0.128302,0.004413009,0.029839069,0.016748305,0.08874173,0.00834079,0.04432836
ATTCCCGTCGAACCTA-1,HDR_Insertion,Insertion_Insertion,0.13945392,0.089354545,0.03718147,0.03607944,0.15690863,0.05275461,0.1530668,0.019837223,0.105165526,0.013985714,0.019222898,0.021177655,0.10331853,0.009578592,0.042914484
TACTTCACACTATCGA-1,Insertion_Insertion,Insertion_NHEJ-Deletion,0.10168226,0.07113891,0.04419109,0.050743252,0.1254905,0.04878221,0.18483287,0.04066759,0.10408886,0.014872173,0.05157906,0.03385336,0.055083722,0.003886447,0.069107674
ATGTCTTGTAGTCTTG-1,HDR_Insertion,HDR_Insertion,0.03903411,0.1673298,0.054527316,0.025256574,0.08378155,0.06660667,0.122609936,0.009748445,0.11410621,0.003682158,0.05570066,0.013354751,0.1655456,0.015320583,0.0633956
GAATAGAAGTGCTCGC-4,NHEJ-Deletion_SV,Insertion_Insertion,0.02374589,0.0464465,0.04037345,0.0113893915,0.19409429,0.0467355,0.12415823,0.010444486,0.15891741,0.0067813164,0.030478733,0.012557359,0.1802966,0.0088130385,0.104767784
ATAGGCTAGCCTATCA-4,HDR_NHEJ-Deletion,Insertion_Insertion,0.011255052,0.10355935,0.044029042,0.02879314,0.21378043,0.04291735,0.17277959,0.008157974,0.13857831,0.0075270087,0.03065433,0.04489122,0.087637655,0.005087287,0.06035224
GCGATCGCAGAGAGGG-1,Insertion_WT,Insertion_NHEJ-Deletion,0.02390497,0.065826386,0.023932936,0.058153417,0.16583185,0.02864732,0.22756897,0.007841207,0.1485972,0.0062418506,0.035860673,0.024993597,0.10678073,0.0076874136,0.06813155
AGCGCCACAGGGATAC-1,Insertion_NHEJ-Deletion,Insertion_Insertion,0.012393906,0.09118299,0.01250857,0.038733993,0.2200885,0.024631329,0.15763079,0.008322519,0.20000681,0.007038886,0.022042084,0.040950708,0.11058855,0.0031144342,0.050765894
TCTGTCGTCCTGATAG-4,NHEJ-Deletion_WT,Insertion_Insertion,0.027945178,0.13602032,0.0317937,0.022479549,0.15935126,0.056909192,0.15082091,0.015000891,0.06740017,0.007455888,0.02010929,0.04812634,0.13814037,0.018833056,0.09961388
ATGAAAGCAGGTGAGT-1,Insertion_WT,Insertion_NHEJ-Deletion,0.018654972,0.09126493,0.032591548,0.024242679,0.10978888,0.03265679,0.23229931,0.021303382,0.21567684,0.008044439,0.028397547,0.04987467,0.06551046,0.0036744068,0.06601915
CTTCTCTTCGGCCAAC-4,Insertion_Insertion,Insertion_WT,0.01861548,0.04546463,0.0327008,0.032712534,0.13768473,0.049204994,0.19484593,0.012458786,0.2244206,0.012069846,0.013757333,0.011254792,0.11661178,0.005254794,0.09294293
CTAGACAAGCGATTCT-4,MMEJ-Deletion_NHEJ-Deletion,Insertion_NHEJ-Deletion,0.029614072,0.05206741,0.021891756,0.03232822,0.20921929,0.041706167,0.2697307,0.010512531,0.07577257,0.0049008047,0.022945514,0.03518801,0.1597254,0.0041448455,0.03025268
AGGACTTGTATTAAGG-1,Insertion_Insertion,Insertion_Insertion,0.07847466,0.0768721,0.02415554,0.058385693,0.24259312,0.060949408,0.054665904,0.007379693,0.0767462,0.02843074,0.032449175,0.049049813,0.13687027,0.015240765,0.057736885
CCGGTAGTCTTACTGT-1,NHEJ-Deletion_WT,Insertion_Insertion,0.018539965,0.05901398,0.008899645,0.020399652,0.32718197,0.04490215,0.17614557,0.0074898857,0.113346316,0.006887544,0.024753286,0.015574173,0.08520232,0.0034387335,0.08822483
GAGGCCTTCGTGGTAT-1,Insertion_MMEJ-Deletion,Insertion_Insertion,0.035024628,0.14591387,0.01966819,0.018926825,0.16820207,0.06559853,0.1383871,0.014233279,0.1437598,0.003957709,0.05729284,0.02149745,0.12329347,0.01304795,0.03119632
GTCACGGCACGACAGA-1,Insertion_WT,Insertion_WT,0.024903318,0.10407965,0.029925045,0.023724172,0.14454037,0.039640136,0.14382616,0.021540761,0.1587674,0.008874752,0.020665757,0.023962233,0.1562171,0.008853757,0.090479374
TCGAAGTGTTGCTGAT-1,NHEJ-Deletion_NHEJ-Deletion,Insertion_Insertion,0.111785114,0.104665324,0.032008555,0.024226075,0.16521487,0.07392792,0.09867141,0.0063952715,0.09888603,0.012152492,0.024755513,0.008679987,0.105104856,0.03844859,0.09507801
CCTTTGGTCCCGATCT-1,NHEJ-Deletion_WT,Insertion_WT,0.02392441,0.049931142,0.024848564,0.028564956,0.11999627,0.038940012,0.10011692,0.010467193,0.3068762,0.0078013195,0.014724358,0.017118098,0.13419081,0.007427605,0.11507212
GTGCACGTCTCGCGTT-1,Insertion_NHEJ-Deletion,Insertion_Insertion,0.10903048,0.06698791,0.06417334,0.03550212,0.20045945,0.07449898,0.09276194,0.009209478,0.1650144,0.0080494955,0.022909174,0.02124932,0.04993466,0.0083578555,0.071861364
GGTTGTAAGCCTATTG-4,Insertion_WT,NHEJ-Deletion_WT,0.020775652,0.11470851,0.02254257,0.012251532,0.08900302,0.052257,0.1262486,0.02421495,0.13708147,0.029146546,0.019728187,0.022828816,0.10567378,0.026482621,0.19705671
AAGATAGTCACGGGCT-1,Insertion_SV,Insertion_Insertion,0.12748179,0.07664512,0.02504582,0.057198554,0.13476597,0.06452876,0.12267084,0.008156399,0.10744685,0.028410794,0.011860366,0.03833599,0.07964905,0.014207849,0.10359584
CATCGCTTCGTAGGAG-1,Insertion_WT,Insertion_WT,0.053535532,0.0921727,0.016475191,0.02962336,0.08530561,0.08021435,0.08414948,0.013880503,0.16024745,0.031190809,0.033824176,0.06809253,0.12953202,0.019633112,0.102123134
TGAACGTGTCACCACG-4,Insertion_NHEJ-Deletion,Insertion_Insertion,0.018136421,0.050886843,0.025741527,0.026302785,0.19882873,0.061744977,0.19093096,0.018028349,0.15405975,0.007351687,0.025439715,0.0046775043,0.10004146,0.0058526937,0.111976646
GATTCTTGTGCCCTTT-4,Insertion_WT,NHEJ-Deletion_NHEJ-Deletion,0.016983293,0.058423705,0.037383035,0.03146346,0.137185,0.03241254,0.15710796,0.0077802557,0.15769011,0.0056804395,0.02730406,0.044248745,0.17705025,0.003565356,0.10572177
GCCAGCAAGCGATTCT-1,Insertion_WT,Insertion_WT,0.014678939,0.069448,0.037311863,0.0327433,0.06261159,0.047360893,0.07434933,0.0052817427,0.34987515,0.0070823487,0.017032895,0.04983729,0.07798407,0.020001631,0.1344009
TTCTGTAAGACTCGAG-4,MMEJ-Deletion_NHEJ-Deletion,Insertion_NHEJ-Deletion,0.037879653,0.08096476,0.02370225,0.039578613,0.11021063,0.057328068,0.18452415,0.01742243,0.12793112,0.009812586,0.011497409,0.02235155,0.13833658,0.013203142,0.12525703
AGTGTTGTCCTTATCA-1,NHEJ-Deletion_WT,NHEJ-Deletion_NHEJ-Deletion,0.05934283,0.08234628,0.016619405,0.020703195,0.14637052,0.056277942,0.1568697,0.017610373,0.07825497,0.023465673,0.045563277,0.010574568,0.18183142,0.01305267,0.091117136
TATCTTGGTATTCCGA-1,HDR_WT,Insertion_Insertion,0.03768258,0.055438332,0.029576713,0.025489075,0.20425442,0.048459142,0.18079321,0.009206248,0.1947232,0.008810318,0.018359328,0.051121198,0.0840659,0.004067385,0.04795295
CCCAACTCATCTAACG-1,Insertion_Insertion,Insertion_NHEJ-Deletion,0.011693849,0.09778928,0.033044007,0.0099985115,0.20348834,0.07003398,0.21593471,0.005645505,0.10011986,0.0031285274,0.03972864,0.028016906,0.077907555,0.0031741525,0.1002962
CTGCCATTCGTTCGCT-1,Insertion_MMEJ-Deletion,Insertion_Insertion,0.05614108,0.09216002,0.049247373,0.06457897,0.22492771,0.062599845,0.10588758,0.019317057,0.07777691,0.008743371,0.030073589,0.038318373,0.116742335,0.005099584,0.0483862
CAGCGTGCACAAGCCC-1,Insertion_Insertion,Insertion_WT,0.13981557,0.085923396,0.01969965,0.0112332925,0.1141763,0.086337015,0.122219376,0.010071845,0.16362974,0.00786174,0.03076362,0.038069427,0.08022565,0.016240962,0.07373244
TTCATTGTCACGAACT-1,Insertion_Insertion,Insertion_NHEJ-Deletion,0.15656139,0.10035358,0.0252443,0.012963813,0.122454435,0.04620532,0.175675,0.013823777,0.10063686,0.015564399,0.03483841,0.01723035,0.082632825,0.012796636,0.083018854
TCGACCTAGACGGATC-1,Insertion_Insertion,Insertion_WT,0.021149704,0.043765396,0.02672561,0.069624916,0.19093937,0.037653513,0.13069198,0.019869788,0.28211483,0.0106226,0.012772285,0.025340658,0.08568188,0.004949539,0.038097963
GTCATGAAGATGCGAC-1,Insertion_NHEJ-Deletion,Insertion_NHEJ-Deletion,0.012652014,0.15077712,0.027344815,0.0408755,0.15069498,0.05314674,0.22935975,0.009256293,0.086574875,0.005866672,0.02987752,0.01882985,0.11623195,0.010693708,0.05781816
TTCTCTCTCAGACTGT-4,Insertion_Insertion,Insertion_Insertion,0.023466215,0.04156426,0.02367294,0.018382002,0.21408427,0.050263174,0.1425247,0.006248467,0.16648374,0.0041161403,0.013289891,0.017765228,0.19317897,0.004492418,0.08046762
GGTTAACCATGAAGCG-1,Insertion_WT,Insertion_Insertion,0.058723446,0.06261061,0.027052125,0.06907233,0.17557049,0.08415777,0.10151026,0.008348678,0.1716035,0.014717421,0.027521964,0.03438242,0.05986931,0.00469953,0.10016018
ACCCAAAAGGCAGCTA-1,Insertion_WT,Insertion_WT,0.031127902,0.098774664,0.029388703,0.049724583,0.12947592,0.035345815,0.17686592,0.011518441,0.22162516,0.005633126,0.027509814,0.016892575,0.09546971,0.0056765922,0.064971104
CATGCAACATGACACT-1,Insertion_Insertion,Insertion_NHEJ-Deletion,0.022443106,0.06928974,0.012401798,0.014939981,0.21388665,0.060483847,0.30027542,0.0070394264,0.079170845,0.009557856,0.031294875,0.013417427,0.095057905,0.010388612,0.06035253
AGAGCAGTCTCTCCGA-1,Insertion_Insertion,Insertion_NHEJ-Deletion,0.030575035,0.097575516,0.028251784,0.05191943,0.15267834,0.05241018,0.2363099,0.006415729,0.15497635,0.010115097,0.028439986,0.014313509,0.05691462,0.011518068,0.067586444
GCATGATTCCCTCATG-4,Insertion_NHEJ-Deletion,Insertion_NHEJ-Deletion,0.0068612937,0.051375937,0.038748026,0.025645476,0.110020146,0.028813168,0.229445,0.010397606,0.18016315,0.0021561114,0.025659408,0.007148216,0.05870687,0.0040705674,0.22078906
ACTGCAAGTTCCGCTT-1,Insertion_Insertion,Insertion_Insertion,0.05647002,0.05646849,0.026669713,0.020622538,0.22667201,0.045986008,0.22203064,0.0062311045,0.13181798,0.0040582283,0.04887855,0.015960231,0.07594638,0.01185173,0.050336372
CTTGAGACATCCGGCA-1,HDR_NHEJ-Deletion,NHEJ-Deletion_NHEJ-Deletion,0.025073761,0.06825036,0.037803575,0.018656665,0.120012686,0.05843436,0.14649548,0.01757814,0.16963637,0.0043685953,0.032999296,0.0128772585,0.17079769,0.021277985,0.09573773
TCCTAATCAAGTGGTG-4,NHEJ-Deletion_NHEJ-Deletion,Insertion_NHEJ-Deletion,0.029672572,0.05064715,0.058334682,0.024634141,0.15327051,0.04600323,0.35839716,0.006656174,0.11819717,0.0036726894,0.022508023,0.0139476,0.058076378,0.0026444371,0.05333812
CTGTAGAGTATGATCC-1,Insertion_Insertion,Insertion_NHEJ-Deletion,0.028639015,0.12433347,0.013625057,0.012372641,0.12309117,0.046773054,0.21658495,0.010839309,0.13077018,0.0051433034,0.077261016,0.019491514,0.11286564,0.0052479105,0.07296174
TTCCTTCAGTGAACAT-1,Insertion_Insertion,Insertion_Insertion,0.06512896,0.13893326,0.013686472,0.012443258,0.28763214,0.039573483,0.20071942,0.007411981,0.06102115,0.0039445832,0.016704898,0.01590533,0.08919099,0.0030259779,0.044678126
AGGGTCCCATCTTCGC-1,NHEJ-Deletion_WT,Insertion_WT,0.019160802,0.04693563,0.03601421,0.06569811,0.15862316,0.059915375,0.08363692,0.020377668,0.24099307,0.011632627,0.029494846,0.05727384,0.058824945,0.010329335,0.10108945
CAACCAAGTGTTAGCT-4,Insertion_WT,NHEJ-Deletion_NHEJ-Deletion,0.015602643,0.07701373,0.037851486,0.04647347,0.13999772,0.04100993,0.11445496,0.007427293,0.15550953,0.0068455786,0.025472933,0.027163092,0.17475764,0.00401783,0.12640212
GGTGGCTGTAGGTAGC-1,HDR_Insertion,Insertion_WT,0.047558665,0.07220369,0.025320793,0.02126725,0.1662817,0.062564544,0.15692101,0.018378995,0.18052202,0.004616582,0.02563735,0.024292177,0.086508095,0.014788363,0.09313877
TCATGGACAGGTAGTG-1,NHEJ-Deletion_NHEJ-Deletion,Insertion_Insertion,0.121828586,0.10060891,0.028251247,0.07123576,0.1830517,0.055258445,0.08467446,0.018980939,0.060819726,0.015977347,0.039595906,0.014276925,0.10988029,0.02285576,0.072704025
CCCTAACGTGCTCTCT-1,HDR_HDR,HDR_HDR,0.21581092,0.07427513,0.017869553,0.03552579,0.16553724,0.030263456,0.14358078,0.0072069503,0.07712663,0.0034094555,0.028256567,0.014267439,0.110686235,0.010430898,0.065752976
CTGAATGTCCCGGTAG-4,NHEJ-Deletion_WT,Insertion_WT,0.022924067,0.0764713,0.039443858,0.047582388,0.075553395,0.025346521,0.17711964,0.01260785,0.26000378,0.005630491,0.013395135,0.018636385,0.07606967,0.004821713,0.1443938
CGGCAGTAGCTGAAGC-1,Insertion_WT,Insertion_WT,0.064312495,0.093493134,0.03217674,0.07553331,0.08803297,0.05546331,0.09583749,0.004937859,0.22165449,0.006110631,0.015866775,0.029736234,0.08194274,0.0064457227,0.1284561
GTCACGGTCGTTATCT-4,Insertion_WT,Insertion_Insertion,0.06207023,0.033196356,0.017761864,0.01391095,0.31363657,0.062423397,0.13412571,0.008145895,0.22049189,0.0033886626,0.01711375,0.02305575,0.0487461,0.002731408,0.039201442
AGGTTACAGGAATTAC-1,Insertion_WT,Insertion_NHEJ-Deletion,0.042687368,0.057001833,0.046809666,0.04175589,0.12220874,0.04135484,0.18705273,0.007675051,0.15634203,0.010708743,0.05356392,0.015260907,0.12984982,0.008636148,0.07909233
CGTCCATCAGTCTGGC-4,Insertion_NHEJ-Deletion,Insertion_WT,0.012990802,0.02972128,0.03340719,0.028765116,0.09291389,0.045177978,0.1932529,0.004504243,0.26704007,0.006435444,0.017306507,0.010328501,0.06772471,0.0069973916,0.18343396
AACTTCTGTAGGTACG-1,MMEJ-Deletion_WT,HDR_HDR,0.19092016,0.1306789,0.027077854,0.014771479,0.12681827,0.06684834,0.10392915,0.007022364,0.11019739,0.011044209,0.026455788,0.0663011,0.051493492,0.0032815093,0.06316005
TCAATCTCAATAGTAG-1,HDR_HDR,Insertion_Insertion,0.02583422,0.14520313,0.049124464,0.097342625,0.16749465,0.0921312,0.0772334,0.014521701,0.06801204,0.014039232,0.022109352,0.02640395,0.08700229,0.008074385,0.105473354
CCTATCGTCCCAGTGG-1,Insertion_MMEJ-Deletion,Insertion_Insertion,0.023106286,0.071887404,0.024976844,0.011547124,0.22020425,0.051746614,0.21235399,0.008086125,0.16564192,0.005782443,0.021108875,0.016036954,0.06854031,0.0062814113,0.09269939
TCAAGACGTCGAATTC-1,Insertion_WT,Insertion_Insertion,0.034267116,0.09634457,0.029129388,0.013016323,0.30839112,0.07220461,0.12454087,0.0044801096,0.21006963,0.0123414565,0.010838451,0.015272958,0.033178266,0.0043116133,0.031613484
CTGTACCGTTGACGGA-1,HDR_Insertion,Insertion_Insertion,0.021419564,0.050062608,0.03908419,0.045871418,0.20923421,0.048394106,0.12283467,0.0065577235,0.15907879,0.0064432323,0.035631735,0.06652187,0.09980942,0.004501004,0.084555484
TGATCTTTCCATCTAT-1,Insertion_MMEJ-Deletion,Insertion_NHEJ-Deletion,0.0101273935,0.06416812,0.017917454,0.028407441,0.09697847,0.040890355,0.23141116,0.0062914616,0.16369267,0.004404357,0.052943118,0.0045298263,0.19998333,0.00678733,0.0714675
ACGATGTTCGGTCTGG-1,MMEJ-Deletion_NHEJ-Deletion,Insertion_Insertion,0.1616421,0.055778317,0.020447318,0.017617261,0.18122128,0.06255646,0.1280526,0.012660016,0.15528417,0.0072341566,0.029295953,0.019394754,0.07561244,0.0057539227,0.067449234
ATCACGATCCGAGTGC-4,Insertion_WT,Insertion_NHEJ-Deletion,0.03421545,0.056143466,0.014844078,0.012067863,0.14082725,0.034315176,0.21922722,0.013976178,0.10587226,0.0052981637,0.011970373,0.008304392,0.15744352,0.006290378,0.17920424
TCCTAATAGATCCCAT-1,Insertion_Insertion,Insertion_Insertion,0.10057575,0.040784236,0.01825498,0.03491703,0.17490816,0.044830855,0.13744053,0.007737343,0.109706275,0.015436084,0.023061218,0.021478165,0.120319165,0.0069123125,0.1436379
CCGCAAGCAGCGTTGC-4,NHEJ-Deletion_WT,Insertion_NHEJ-Deletion,0.011231284,0.061817776,0.014042586,0.028917648,0.11410808,0.04272386,0.2400954,0.017641377,0.1421507,0.0078007095,0.024074174,0.019438326,0.1844608,0.015532253,0.07596505
CACAACAAGAGTTGTA-1,NHEJ-Deletion_WT,Insertion_Insertion,0.06786055,0.08043363,0.039966866,0.019499613,0.3034608,0.05186009,0.11874973,0.01292491,0.17601918,0.002403917,0.012964912,0.03760757,0.029547982,0.0022142732,0.044485986
AGAAGCGGTGAGCTCC-1,HDR_Insertion,Insertion_NHEJ-Deletion,0.037011668,0.10858412,0.08049453,0.02054046,0.15928885,0.07779179,0.17289166,0.016569255,0.057292346,0.010803668,0.04222104,0.035390675,0.10054328,0.005819081,0.074757576
AGTACCAGTTGGAGAC-1,NHEJ-Deletion_NHEJ-Deletion,Insertion_Insertion,0.123264275,0.062453773,0.023496918,0.022836417,0.18108393,0.073177844,0.15746185,0.012665696,0.07784134,0.007520616,0.03855063,0.020725459,0.12558003,0.007315754,0.066025466
TGTTCTATCCACCCTA-1,Insertion_MMEJ-Deletion,Insertion_WT,0.1359517,0.048239674,0.030114545,0.018759381,0.1440074,0.0882912,0.15166596,0.0070224255,0.18183607,0.0135673145,0.014097831,0.027441712,0.081931576,0.0077780797,0.049295135
TATCTTGGTTTAGACC-1,Insertion_NHEJ-Deletion,Insertion_NHEJ-Deletion,0.042198885,0.0762122,0.016750084,0.028305583,0.16805704,0.07994271,0.18505727,0.012773383,0.08140312,0.0112708025,0.069261715,0.022920141,0.116318285,0.00815598,0.08137277
TTGAGTGGTCTAGATC-1,Insertion_NHEJ-Deletion,Insertion_Insertion,0.09068636,0.069659956,0.019032268,0.023051772,0.30966082,0.07743936,0.18570186,0.010260705,0.09796038,0.003790302,0.014867688,0.016932998,0.0424129,0.0063093705,0.032233264
GTTAGTGTCTTAGCTT-1,MMEJ-Deletion_MMEJ-Deletion,Insertion_Insertion,0.14749157,0.07820049,0.034518033,0.02625887,0.16376375,0.09456217,0.12825078,0.02100712,0.05701273,0.010466044,0.031540632,0.052764874,0.09922063,0.010785037,0.044157222
AACCAACCACATTACG-1,Insertion_WT,Insertion_WT,0.12083677,0.08856876,0.019328255,0.033529602,0.1433399,0.07459681,0.07322528,0.016490297,0.18698634,0.01683929,0.06354385,0.01656755,0.05922916,0.015509704,0.071408466
ACTTTGTTCCCTCTAG-4,Insertion_NHEJ-Deletion,Insertion_NHEJ-Deletion,0.014959113,0.068083845,0.020523284,0.022334613,0.13748045,0.050255176,0.2865373,0.023636656,0.08164171,0.007067253,0.019313656,0.029189248,0.09748964,0.02007637,0.1214117
CCCATTGAGGGATCAC-1,Insertion_NHEJ-Deletion,Insertion_NHEJ-Deletion,0.035248015,0.050694235,0.017662287,0.02025181,0.13580222,0.052660022,0.24754544,0.024755672,0.09528014,0.005994972,0.0102680735,0.01076248,0.16506104,0.03694245,0.09107118
TGCTTGCGTGCGAGTA-4,Insertion_Insertion,Insertion_Insertion,0.049493335,0.050525278,0.020309819,0.022299623,0.30393234,0.08510603,0.18293087,0.019843884,0.12347169,0.0040104915,0.033681292,0.017933868,0.04647181,0.0036206418,0.036369026
TCCTCGAAGGATTTCC-1,NHEJ-Deletion_NHEJ-Deletion,Insertion_NHEJ-Deletion,0.021342233,0.06434103,0.038053256,0.048999615,0.14570752,0.062280625,0.19210309,0.0094469115,0.1626229,0.0040687677,0.052656308,0.027906347,0.07186768,0.0035572532,0.09504644
TATTGGGCACGATAGG-1,Insertion_Insertion,Insertion_WT,0.025692917,0.05351607,0.019074436,0.024939293,0.14422506,0.06408598,0.14099465,0.008833281,0.20135231,0.0037699123,0.037182994,0.0477722,0.08729898,0.0033882083,0.13787371
TGACTCCGTGGCTCTG-4,NHEJ-Deletion_WT,Insertion_WT,0.038859002,0.040307987,0.048022047,0.13921483,0.11858704,0.037767168,0.094674736,0.0067057735,0.21504344,0.020242216,0.017103078,0.03725076,0.09128812,0.0043607065,0.0905731
GAGGGATTCGAGTCTA-1,Insertion_Insertion,Insertion_Insertion,0.059334878,0.08575882,0.024825554,0.014423709,0.22442056,0.054447126,0.21810189,0.010319213,0.14855646,0.004685514,0.01531148,0.021731203,0.06334675,0.004076834,0.050660044
CCTACGTGTTGCCGAC-1,Insertion_Insertion,Insertion_WT,0.045156885,0.081215315,0.021623207,0.015565566,0.19710484,0.030476596,0.23160833,0.0092388475,0.23309122,0.009845254,0.013549052,0.018328419,0.04717325,0.0044532814,0.041569877
CATCAAGTCCCAATAG-1,HDR_Insertion,Insertion_Insertion,0.1328262,0.0556633,0.025749354,0.017484877,0.19830933,0.057345897,0.18049318,0.012153883,0.06545233,0.012818962,0.013730552,0.044426203,0.10114482,0.011322808,0.071078286
AGTGACTCAATTCTCT-1,Insertion_WT,Insertion_NHEJ-Deletion,0.010165921,0.07889656,0.038329568,0.013982037,0.1722172,0.04685088,0.1783383,0.008881215,0.16986313,0.005847103,0.028067768,0.009341009,0.059063457,0.0040286942,0.17612717
GAATAGACACGTGAGA-4,MMEJ-Deletion_NHEJ-Deletion,Insertion_WT,0.005607268,0.07125302,0.032002974,0.042002346,0.085995905,0.02526602,0.16543773,0.0064998316,0.23156457,0.008003631,0.014946141,0.034882165,0.1296736,0.0025088508,0.14435594
CTGTGGGGTACGGGAT-4,Insertion_Insertion,NHEJ-Deletion_NHEJ-Deletion,0.11339271,0.09327454,0.030549167,0.017325586,0.12103436,0.085734636,0.12881307,0.013991411,0.11518806,0.009987862,0.053100158,0.017418327,0.13523252,0.033677828,0.03127975
GCATGATCAACTGGTT-4,Insertion_NHEJ-Deletion,Insertion_NHEJ-Deletion,0.011184619,0.08343386,0.01865084,0.011678359,0.121535696,0.027218876,0.30378646,0.011228815,0.13186668,0.0038586678,0.022448234,0.014527065,0.129713,0.007486965,0.101381905
TATCTGTTCACCGACG-1,Insertion_Insertion,Insertion_WT,0.057012867,0.08456733,0.013097145,0.03697804,0.13788882,0.03883409,0.13369936,0.014773178,0.24135442,0.0073533338,0.059220213,0.03735959,0.053752266,0.0025364587,0.08157291
AAGGAATAGCGGTATG-1,NHEJ-Deletion_NHEJ-Deletion,Insertion_WT,0.1118636,0.06705672,0.031105462,0.07550296,0.11324998,0.058852255,0.08313774,0.005527978,0.13871495,0.02336742,0.029175583,0.017093167,0.095911264,0.022189735,0.12725116
TATGTTCCAAATGATG-4,Insertion_Insertion,Insertion_NHEJ-Deletion,0.008522995,0.09821392,0.029286113,0.024964202,0.21887232,0.039042603,0.22176524,0.011907653,0.12122523,0.0031033936,0.061589383,0.012314281,0.0863084,0.003508004,0.05937628
TTTATGCTCTTGATTC-1,Insertion_Insertion,Insertion_NHEJ-Deletion,0.027684655,0.16186129,0.04801991,0.04283988,0.13703631,0.053127207,0.16944665,0.006214502,0.14418052,0.012381488,0.030162394,0.021932771,0.08722534,0.006290086,0.05159698
TTCGATTGTGGAAATT-4,Insertion_Insertion,Insertion_NHEJ-Deletion,0.020067204,0.07800311,0.03116958,0.007884271,0.20214519,0.058742736,0.2647429,0.0059851664,0.14980493,0.0032236557,0.013151128,0.015961662,0.09425553,0.004250752,0.050612215
TGTTCCGCAAGAGGTC-1,Insertion_Insertion,Insertion_NHEJ-Deletion,0.04249099,0.07022886,0.037940305,0.016279615,0.15531616,0.06351614,0.23763011,0.009896664,0.1099484,0.011096956,0.043605,0.02340496,0.12748848,0.0065253433,0.04463203
CACAGGCGTTAACCTG-1,Insertion_Insertion,Insertion_Insertion,0.050223477,0.06820883,0.012871708,0.01927679,0.23462829,0.13360195,0.10471293,0.007060975,0.20692348,0.005287861,0.019324372,0.02287722,0.078349516,0.008529907,0.028122654
ACGTCCTTCGGCATAT-1,NHEJ-Deletion_NHEJ-Deletion,Insertion_Insertion,0.13820297,0.1088155,0.02784779,0.018445592,0.17539392,0.025796851,0.11475105,0.019633772,0.14110667,0.019257624,0.052791607,0.041054115,0.056690566,0.015933942,0.044278063
TTGTGTTTCGCTTGAA-1,NHEJ-Deletion_NHEJ-Deletion,Insertion_Insertion,0.019397516,0.03810203,0.03718141,0.023110094,0.19226693,0.08227279,0.18210918,0.017491173,0.16308683,0.0109842075,0.02709081,0.017660698,0.08859948,0.005557288,0.09508954
CTCGAGGTCAGCAATC-1,Insertion_MMEJ-Deletion,Insertion_Insertion,0.02948688,0.153804,0.017249223,0.018604856,0.20857345,0.05568485,0.15437818,0.0073160087,0.14185438,0.0061282446,0.047851395,0.026214693,0.077465326,0.0027629172,0.052625556
CATTGAGAGGATGCGT-1,NHEJ-Deletion_NHEJ-Deletion,Insertion_Insertion,0.0723917,0.091143146,0.023898251,0.019253962,0.17001969,0.071619846,0.15492673,0.0078043663,0.16979757,0.008548368,0.027374363,0.015524488,0.094120294,0.011206234,0.062371004
GACCCTTCACCTGCGA-1,Insertion_Insertion,Insertion_NHEJ-Deletion,0.06392852,0.09898392,0.04735787,0.014810663,0.12752861,0.07125889,0.17746374,0.010538886,0.09209752,0.011519331,0.06600275,0.020175166,0.11651223,0.014689776,0.06713217
GTAATCGAGGTGGCTA-1,Insertion_NHEJ-Deletion,Insertion_NHEJ-Deletion,0.017147887,0.11336513,0.048660725,0.008136551,0.10184427,0.038317308,0.28182176,0.014203643,0.08969811,0.0036226907,0.021095721,0.019321008,0.11828736,0.0067266724,0.117751144
GAGTGAGGTGACCTGC-1,Insertion_MMEJ-Deletion,Insertion_WT,0.06899781,0.0999327,0.027786432,0.009622343,0.1934941,0.07839332,0.12456478,0.010727847,0.24117109,0.005824541,0.014507995,0.0063939155,0.06618832,0.0051867156,0.04720806
CCCTAACAGCCACTCG-1,Insertion_Insertion,Insertion_Insertion,0.034055658,0.08648433,0.041269068,0.022128126,0.19579901,0.0832502,0.16114669,0.00932542,0.11255235,0.0054905894,0.031550065,0.022945065,0.13323143,0.005094688,0.055677343
TTCATGTTCCAGTTCC-1,MMEJ-Deletion_WT,Insertion_Insertion,0.0674645,0.090805754,0.011217855,0.0074078757,0.2701483,0.067532904,0.11748213,0.0042719827,0.2201232,0.009800111,0.022204502,0.008680339,0.079263695,0.006520766,0.0170761
CACATGAGTAGTATAG-1,Insertion_Insertion,Insertion_Insertion,0.02984868,0.0674008,0.026746573,0.08517483,0.15073839,0.03969078,0.1311259,0.03521427,0.14583875,0.009667804,0.10540825,0.013166783,0.09931145,0.008342844,0.0523239
AATGAAGAGTCTGGTT-1,Insertion_SV,Insertion_Insertion,0.043368775,0.09536063,0.0681461,0.05143081,0.21909274,0.060125746,0.10837069,0.010840318,0.12622443,0.004418115,0.028401364,0.013835118,0.11440707,0.010620976,0.04535708
GTGTAACAGTGGATTA-4,Insertion_WT,Insertion_WT,0.042381667,0.04007756,0.041818306,0.027333723,0.19676098,0.06878668,0.11787821,0.019618666,0.24001558,0.005181104,0.014421048,0.030800754,0.09753682,0.013556568,0.043832336
CTCCGATCACTGGAAG-1,Insertion_MMEJ-Deletion,Insertion_Insertion,0.03397518,0.09338617,0.026861956,0.03411334,0.2783749,0.099313505,0.11628545,0.009886981,0.100076675,0.012553746,0.0245195,0.012859551,0.064219266,0.017940078,0.075633705
ACCCTTGGTGCAACGA-4,Insertion_NHEJ-Deletion,Insertion_NHEJ-Deletion,0.01944337,0.05765181,0.051791232,0.019764816,0.13854958,0.045738224,0.2437987,0.0052883793,0.12341734,0.007738434,0.023623899,0.00898595,0.21488328,0.0050559635,0.034268994
TCTGCCAGTCGACTTA-1,Insertion_NHEJ-Deletion,Insertion_NHEJ-Deletion,0.03183068,0.06383682,0.02597382,0.036355026,0.11014943,0.045308787,0.31111884,0.015099658,0.12978412,0.005130539,0.02231896,0.01667301,0.06325838,0.0072434735,0.11591846
CGAGGCTAGCGAGTCA-1,NHEJ-Deletion_NHEJ-Deletion,Insertion_Insertion,0.061011747,0.09951189,0.023718257,0.051529333,0.18814932,0.06796282,0.1060395,0.021463405,0.050344177,0.02305474,0.034218386,0.021213302,0.13410299,0.014020393,0.10365974
GGTCTGGAGAGCATAT-1,HDR_WT,Insertion_Insertion,0.11552046,0.09833365,0.03570716,0.03371993,0.18636385,0.04246698,0.12447424,0.008183659,0.13925749,0.05805388,0.029272422,0.034686547,0.0449018,0.009683283,0.039374676
GTACAGTAGTATAGAC-4,MMEJ-Deletion_MMEJ-Deletion,Insertion_Insertion,0.07368009,0.09650192,0.050541684,0.031218955,0.18541542,0.045953624,0.11235045,0.014849863,0.094370045,0.020125708,0.015196398,0.015957117,0.14652859,0.010225106,0.087085016
TCAGCAATCGGCTGTG-1,HDR_NHEJ-Deletion,Insertion_NHEJ-Deletion,0.014325712,0.07732929,0.0288855,0.021410361,0.09917527,0.06926125,0.1879435,0.019677417,0.14324996,0.010115144,0.020031624,0.013650832,0.1540858,0.009570216,0.13128808
TGGGTTAAGTGCCGAA-4,Insertion_WT,Insertion_Insertion,0.10682875,0.08345006,0.06264942,0.027474353,0.15849942,0.11078566,0.12798686,0.010979162,0.072317846,0.0098447995,0.038916264,0.032186877,0.10513578,0.006476887,0.046467897
GGTCTGGCAATTGCGT-1,Insertion_Insertion,Insertion_Insertion,0.053186007,0.066456854,0.018504672,0.04971094,0.30255857,0.09614793,0.145615,0.011896934,0.08996222,0.007392652,0.011992239,0.021102423,0.068400085,0.003593008,0.053480424
CGTGCTTAGCAAACAT-1,NHEJ-Deletion_WT,Insertion_WT,0.017654028,0.04709281,0.031801414,0.14687642,0.1196778,0.049765248,0.09869007,0.0050191125,0.2667253,0.00810297,0.022114368,0.030657541,0.05001762,0.004229173,0.10157616
TTCCTAAGTGAGATCG-1,HDR_NHEJ-Deletion,Insertion_NHEJ-Deletion,0.023273285,0.13197711,0.05658557,0.022719784,0.15500475,0.041422974,0.25809807,0.0059864107,0.09596404,0.0077609825,0.024353981,0.021437997,0.106830046,0.0056660566,0.04291895
GACATCATCTGGGAGA-1,Insertion_WT,Insertion_WT,0.05485901,0.08755165,0.0250248,0.028085412,0.1318561,0.105441004,0.14071725,0.01581573,0.2128011,0.007537524,0.041989442,0.035381094,0.052719932,0.013979863,0.046240084
GTAGATCCAGGTTACT-1,Insertion_NHEJ-Deletion,Insertion_NHEJ-Deletion,0.011468437,0.116859466,0.01793526,0.006891931,0.17282003,0.04692199,0.23730224,0.007730168,0.1498601,0.0057974085,0.016155697,0.03619755,0.10595078,0.0032188343,0.06489008
CGCAGGTCACAGCGCT-1,MMEJ-Deletion_WT,Insertion_Insertion,0.033025537,0.06394899,0.031094242,0.03072543,0.19134146,0.068793565,0.08771174,0.019266559,0.1127478,0.013026962,0.07150722,0.010038166,0.15600474,0.016893474,0.093874104
CTACTATCAATTGCCA-1,NHEJ-Deletion_NHEJ-Deletion,Insertion_Insertion,0.04647087,0.09652839,0.028644849,0.011107965,0.2524431,0.0840188,0.13596173,0.004897623,0.17629074,0.0064852834,0.025214283,0.026143957,0.07814204,0.0021434275,0.025506964
GCGGAAAGTTGGCCGT-1,MMEJ-Deletion_MMEJ-Deletion,Insertion_Insertion,0.021907879,0.101136535,0.031793095,0.023798428,0.19009678,0.040925406,0.16344692,0.015878469,0.15431607,0.006635308,0.028746974,0.031938437,0.09321594,0.008020462,0.0881433
AGTCACATCTCTGACC-1,Insertion_NHEJ-Deletion,Insertion_Insertion,0.021668347,0.053607065,0.019625321,0.009673684,0.29096982,0.07807878,0.17997888,0.0065038814,0.117403865,0.009174514,0.021174097,0.02573813,0.09721722,0.005685671,0.06350073
CTACATTAGGGTCAAC-1,Insertion_WT,Insertion_NHEJ-Deletion,0.011977489,0.06690653,0.053434636,0.04952512,0.13828617,0.057846796,0.19444735,0.013673348,0.12915903,0.0058732475,0.022911398,0.015641224,0.13202009,0.0046664746,0.103631094
GGTGTTAGTTGAGGAC-1,Insertion_NHEJ-Deletion,NHEJ-Deletion_NHEJ-Deletion,0.045247,0.06893978,0.031083463,0.016805163,0.18261452,0.074240774,0.118967734,0.014157477,0.13753186,0.00976416,0.03325645,0.026713043,0.18475154,0.0048245452,0.051102474
TGGGATTCATGAATCC-1,Insertion_Insertion,Insertion_WT,0.07605833,0.051004592,0.024463534,0.01633114,0.20557955,0.05896576,0.13907476,0.014733448,0.2072582,0.006006533,0.014877034,0.015209679,0.10664933,0.007347033,0.056441054
GAAGAATAGTTTCTTC-1,MMEJ-Deletion_NHEJ-Deletion,Insertion_Insertion,0.07367491,0.075881034,0.060040083,0.08048638,0.16321865,0.0572862,0.121357985,0.0260917,0.05612361,0.009817403,0.021262575,0.042552408,0.10142654,0.020311702,0.090468846
ACAAAGACAGTTGTCA-4,Insertion_NHEJ-Deletion,Insertion_WT,0.027236229,0.08060609,0.024557812,0.025863325,0.094604865,0.060356814,0.2052537,0.011772533,0.20775703,0.006490485,0.04023356,0.02186276,0.10992044,0.005025002,0.07845934
TGTAGACAGCCTCAGC-4,Insertion_NHEJ-Deletion,Insertion_NHEJ-Deletion,0.034341857,0.06906081,0.042392623,0.009503813,0.2344916,0.063617416,0.2440242,0.014814322,0.117916524,0.0095214015,0.013295237,0.012852651,0.06812767,0.003546252,0.062493578
CAAGACTTCTGATGGT-1,NHEJ-Deletion_NHEJ-Deletion,NHEJ-Deletion_WT,0.031320784,0.052977532,0.022122594,0.0493658,0.11047283,0.02887167,0.13892551,0.012496914,0.17776425,0.008674537,0.014794566,0.032600705,0.106419064,0.017681073,0.19551218
GTCGCGAAGCCACCGT-1,HDR_Insertion,Insertion_Insertion,0.042027857,0.1040211,0.015861826,0.06582184,0.1715759,0.05399273,0.16461022,0.009805434,0.049680974,0.011421459,0.075363204,0.029071087,0.12473223,0.01282844,0.06918569
ACGGGTCAGATACATG-1,HDR_Insertion,Insertion_Insertion,0.024605738,0.09393497,0.04669372,0.016435942,0.17819953,0.109900445,0.12610476,0.019818928,0.17440633,0.0039929296,0.0137679,0.0559464,0.048534885,0.0049771364,0.082680404
TCCCATGAGATGACCG-1,MMEJ-Deletion_NHEJ-Deletion,HDR_Insertion,0.12199929,0.12656064,0.054890253,0.018965952,0.12432789,0.07504059,0.10922775,0.026699482,0.04969934,0.009069801,0.048520632,0.01468327,0.09096616,0.012502854,0.11684608
GGGTTATAGTGATAAC-1,Insertion_Insertion,Insertion_NHEJ-Deletion,0.014754387,0.114396155,0.03545453,0.03043638,0.14570782,0.04004375,0.16315676,0.010912878,0.12064317,0.0047017387,0.06710123,0.011256738,0.14499095,0.0068938285,0.08954969
TTCTAGTCAAGAAATC-1,Insertion_Insertion,Insertion_NHEJ-Deletion,0.09157117,0.06411444,0.026227923,0.032323264,0.14176379,0.03603622,0.16901346,0.019385185,0.10317164,0.022060068,0.08009584,0.026104389,0.11895288,0.0070870672,0.062092688
GTGTCCTTCTTCACAT-1,Insertion_WT,Insertion_NHEJ-Deletion,0.050116558,0.07658971,0.025451705,0.02185303,0.09682917,0.047263883,0.28680402,0.007289128,0.12168845,0.0132926125,0.026032953,0.020505765,0.08012719,0.008063581,0.11809225
AGAGAATCATACCATG-4,Insertion_NHEJ-Deletion,Insertion_WT,0.0135071995,0.0757704,0.025477575,0.016225258,0.14224651,0.03943374,0.14959121,0.007821991,0.24519111,0.00402314,0.040669635,0.058895834,0.09931739,0.0029851054,0.07884383
ATCCATTGTATCGTAC-1,Insertion_Insertion,Insertion_Insertion,0.073127404,0.08155165,0.045718994,0.012876899,0.25286362,0.05418594,0.13628301,0.01436698,0.14176199,0.0048758597,0.0214192,0.010897281,0.05789961,0.012166123,0.080005474
TAACCAGGTATTTCTC-1,NHEJ-Deletion_SV,NHEJ-Deletion_NHEJ-Deletion,0.07086816,0.05156563,0.043997686,0.030930394,0.11722402,0.06732707,0.17405163,0.00876782,0.0863027,0.0064000185,0.0343759,0.012235691,0.1939203,0.023739113,0.07829386
AGCTACAAGCGTGCTC-1,Insertion_NHEJ-Deletion,Insertion_WT,0.14735112,0.054667834,0.019514501,0.028820802,0.1862511,0.047507875,0.13363165,0.013299501,0.20275433,0.004512088,0.016326267,0.02090673,0.06536748,0.007853276,0.051235437
CGGGACTAGTACTCGT-4,Insertion_NHEJ-Deletion,Insertion_Insertion,0.031551056,0.053100392,0.085564494,0.04048499,0.21716242,0.057630744,0.111108616,0.027516797,0.07350103,0.009367657,0.019869247,0.03740066,0.16128565,0.008571397,0.065884866
TTCCTTCAGCAGTAAT-1,HDR_HDR,Insertion_WT,0.03197913,0.078025855,0.013436743,0.025637498,0.15973164,0.052534997,0.17916182,0.02297656,0.22846171,0.0056968536,0.013832699,0.02025444,0.069767974,0.004195333,0.09430673
TTACTGTAGTACAGCG-1,Insertion_Insertion,Insertion_NHEJ-Deletion,0.041653693,0.06773361,0.041255035,0.010114164,0.20585166,0.051722724,0.25905505,0.014059194,0.106800824,0.0062165214,0.023510776,0.020498823,0.082254514,0.015030328,0.0542431
TGTGAGTCAGCACACC-1,NHEJ-Deletion_SV,HDR_HDR,0.24556944,0.05146758,0.04315089,0.021312503,0.11985709,0.032799285,0.06119626,0.009512748,0.19956279,0.015937632,0.025038658,0.022184117,0.06899894,0.01430392,0.06910817
AAGTCGTCATGTTTGG-4,MMEJ-Deletion_MMEJ-Deletion,Insertion_WT,0.009002864,0.06509807,0.029166015,0.062102687,0.15611608,0.050589636,0.12146169,0.030838814,0.17449148,0.0132339215,0.058884636,0.03868068,0.10107821,0.0060648723,0.08319036
ACCTGTCTCAGGTAAA-1,Insertion_Insertion,NHEJ-Deletion_NHEJ-Deletion,0.024698284,0.06857432,0.043400478,0.014653107,0.18194932,0.07421797,0.0965959,0.014341906,0.109100915,0.005567612,0.05591252,0.035706174,0.18979347,0.0042012357,0.08128679
GTGAGTTAGTCGGCAA-1,Insertion_Insertion,Insertion_Insertion,0.13297498,0.07140164,0.03261126,0.030891621,0.20990619,0.08841764,0.1391212,0.005558673,0.08930794,0.03812383,0.03225158,0.024354873,0.059668403,0.00818662,0.037223577
CTCCAACGTGATATAG-1,Insertion_NHEJ-Deletion,Insertion_Insertion,0.010419095,0.073413014,0.036376942,0.033001438,0.19473472,0.08619298,0.15962589,0.011171324,0.15037476,0.0068399105,0.012037973,0.016630486,0.12769611,0.0030763177,0.07840908
CTCTCGATCCTAGCCT-1,HDR_HDR,Insertion_Insertion,0.14203104,0.11455631,0.0518166,0.009233907,0.15888141,0.07923254,0.10482694,0.023937033,0.08356965,0.008468732,0.017438842,0.013500402,0.1073577,0.029781751,0.0553671
GTGTGGCGTTAGTTCG-1,HDR_Insertion,Insertion_Insertion,0.04358136,0.10445899,0.010976115,0.00426197,0.39988205,0.06265815,0.1630763,0.0035240462,0.06958219,0.005630618,0.019973215,0.018937284,0.058109194,0.0021563224,0.03319219
CATACAGTCGTAGGAG-1,Insertion_NHEJ-Deletion,Insertion_Insertion,0.07640017,0.03644282,0.034020677,0.067037776,0.2134774,0.07306022,0.15991351,0.023166222,0.14110799,0.00550119,0.015264498,0.027107613,0.050448295,0.008584162,0.06846745
TGAGTCACATTGAAAG-1,Insertion_MMEJ-Deletion,Insertion_NHEJ-Deletion,0.029144717,0.061220646,0.045503534,0.0493624,0.14875442,0.08988439,0.16487953,0.019673781,0.09748333,0.010543452,0.05632063,0.020013222,0.10272955,0.0038818147,0.10060462
CCTAACCTCACCATGA-1,NHEJ-Deletion_WT,Insertion_WT,0.036951438,0.12059964,0.0151152,0.018506313,0.16695683,0.055311006,0.14326803,0.013336181,0.16814952,0.012518493,0.040559206,0.017495295,0.06831975,0.013082518,0.10983058
CAGAGCCGTATACAGA-1,Insertion_Insertion,Insertion_Insertion,0.045218144,0.06367027,0.019092694,0.018824492,0.22049887,0.059867598,0.21388373,0.009723219,0.08697904,0.005307689,0.014968508,0.042410128,0.12906058,0.00653267,0.06396237
TCACTATTCCTGATAG-1,Insertion_NHEJ-Deletion,Insertion_Insertion,0.046982218,0.12865515,0.023449296,0.0076373494,0.23316759,0.047094725,0.17681034,0.017965933,0.14832717,0.0024524035,0.01302594,0.017730914,0.06023337,0.0021334218,0.07433412
TTACGCCGTGTTAGCT-4,Insertion_WT,NHEJ-Deletion_WT,0.016049985,0.09350412,0.031900883,0.013134228,0.106189504,0.057015024,0.08573714,0.008954898,0.07132621,0.009243494,0.009827316,0.024742711,0.055638302,0.009915185,0.406821
CTAACTTAGAATCCCT-1,NHEJ-Deletion_NHEJ-Deletion,Insertion_NHEJ-Deletion,0.033939082,0.08270723,0.032219667,0.03737631,0.083055675,0.09254314,0.17717825,0.017891549,0.10937013,0.0063147126,0.040234737,0.019925488,0.15604758,0.02547866,0.08571782
CCGTTCAGTCTTGCGG-1,Insertion_WT,Insertion_Insertion,0.13146363,0.044850722,0.016749436,0.014181204,0.36209312,0.04025671,0.14919583,0.008667408,0.04944883,0.008498662,0.023552049,0.023738652,0.083754,0.007694423,0.035855304
CTTTCGGAGCGACTAG-1,NHEJ-Deletion_WT,Insertion_NHEJ-Deletion,0.010704464,0.10032399,0.052690484,0.006395049,0.13227119,0.039074067,0.25299755,0.007680086,0.14989984,0.009658251,0.02062867,0.014552284,0.11856251,0.0046075834,0.07995395
CGAAGTTGTCGGTGTC-1,Insertion_WT,Insertion_NHEJ-Deletion,0.023635514,0.03616048,0.019722192,0.017085694,0.100582376,0.018938214,0.27692324,0.010520104,0.18360402,0.007945343,0.024083106,0.010950709,0.09605651,0.015930107,0.15786241
GCCATTCAGAGCAACC-1,Insertion_NHEJ-Deletion,Insertion_WT,0.022578845,0.04227398,0.037375562,0.04896911,0.1608334,0.04189017,0.18311945,0.0136161195,0.23113929,0.006151199,0.029182492,0.023148965,0.050041933,0.008670282,0.10100917
CTATCTAAGTTCGCAT-1,Insertion_WT,Insertion_WT,0.086725615,0.043863483,0.0284487,0.04123851,0.11438917,0.086264655,0.08694578,0.0062654912,0.32959452,0.0060818647,0.0137593765,0.022829501,0.077162705,0.004808587,0.05162202
CTGAATGCAGGAACCA-1,Insertion_WT,Insertion_Insertion,0.10579077,0.054214958,0.03253572,0.05842584,0.18256654,0.049843144,0.0793283,0.0092962505,0.16178513,0.0070262817,0.029091282,0.02966208,0.11817962,0.012260225,0.0699939
CGTAAGTCAGTTGCGC-1,Insertion_NHEJ-Deletion,Insertion_NHEJ-Deletion,0.016084023,0.03770229,0.018938981,0.0096940715,0.12417551,0.041618202,0.27812594,0.005673744,0.1686706,0.0061220583,0.031803668,0.027807513,0.09132945,0.002926201,0.13932778
AAACGAAGTAGGTAGC-1,Insertion_Insertion,Insertion_WT,0.056745604,0.12383593,0.024093848,0.04958582,0.18865675,0.07570635,0.09320657,0.0062536346,0.23363006,0.018595878,0.012962439,0.015166295,0.043654647,0.003278787,0.054627355
CAAGGGATCCGCAACG-1,Insertion_WT,Insertion_Insertion,0.07584782,0.032827016,0.025306504,0.06623471,0.28341255,0.032408997,0.14591224,0.009381966,0.12669289,0.011532647,0.029150084,0.03132867,0.06522867,0.005053726,0.05968149
TGGTGATTCCCGTAAA-1,Insertion_Insertion,Insertion_Insertion,0.014018502,0.08532079,0.030177668,0.021663906,0.21331142,0.043258004,0.21238385,0.0058901687,0.10370825,0.016342469,0.021104025,0.0089213215,0.17068996,0.005496913,0.04771272
TCGTGGGAGATGCCGA-1,Insertion_SV,Insertion_Insertion,0.1641757,0.08313625,0.02610675,0.029980455,0.17714834,0.07351226,0.07376431,0.017650353,0.0802215,0.009422474,0.03659795,0.019604784,0.09112483,0.012268243,0.10528576
CTCCGATGTACAACGG-1,Insertion_Insertion,Insertion_NHEJ-Deletion,0.03437389,0.07250551,0.033238225,0.022305455,0.18394041,0.057452556,0.18592542,0.012060518,0.13510405,0.010488087,0.040146757,0.014474729,0.11512471,0.004808967,0.07805072
GTCTTTAAGACCCGCT-1,Insertion_Insertion,Insertion_Insertion,0.05595421,0.047933977,0.022366198,0.03944208,0.24160028,0.09867996,0.15075687,0.005720999,0.10380149,0.010758731,0.008398504,0.023527252,0.115836784,0.017818615,0.057404075
GAAGTAATCGATACAC-1,Insertion_Insertion,Insertion_Insertion,0.13215575,0.08988829,0.026949087,0.010875132,0.15583317,0.10434824,0.09693167,0.0132594565,0.15397695,0.018692072,0.013865212,0.0427019,0.06746412,0.008476526,0.064582415
GGATCTAAGCATCGAG-1,Insertion_Insertion,Insertion_WT,0.058411215,0.06703145,0.023114694,0.04618534,0.13162053,0.064420685,0.13887638,0.009373666,0.20858382,0.03049977,0.020685647,0.023668293,0.0889131,0.004336394,0.08427905
CTGAATGTCCTGGCTT-1,Insertion_NHEJ-Deletion,NHEJ-Deletion_WT,0.017772166,0.0695907,0.030803405,0.021100815,0.08378991,0.025793256,0.15038112,0.008123572,0.18783556,0.005168542,0.00931445,0.03797464,0.07767945,0.0070186923,0.26765373
TCATCATCAGCGATTT-1,Insertion_WT,Insertion_WT,0.056875207,0.059800155,0.039940976,0.010215864,0.15573992,0.050218236,0.13741854,0.007871744,0.21737298,0.006873716,0.01785038,0.015363194,0.13017711,0.00728796,0.08699403
GATGACTTCAGACTGT-1,HDR_Insertion,Insertion_WT,0.113698125,0.078706846,0.023508668,0.017590495,0.1563377,0.06743778,0.12849538,0.014329012,0.18184048,0.009820991,0.078872666,0.020065932,0.054510158,0.0041161138,0.050669644
AGGGTTTAGTACCATC-1,Insertion_NHEJ-Deletion,Insertion_Insertion,0.080708936,0.17582348,0.04419332,0.018991714,0.2641334,0.03559465,0.13403541,0.011625788,0.10929044,0.011514037,0.017459609,0.023723044,0.036575068,0.006377266,0.029953836
CTGTACCAGACGAAGA-1,Insertion_Insertion,Insertion_NHEJ-Deletion,0.021248864,0.0690872,0.026546983,0.03131309,0.14676833,0.06361872,0.173043,0.01917579,0.17149997,0.014640949,0.0440285,0.015349749,0.1002614,0.018402595,0.08501483
TGTCCACCATGGACAG-1,Insertion_Insertion,Insertion_NHEJ-Deletion,0.01244271,0.13816573,0.016933676,0.027284749,0.14817421,0.027300866,0.26341817,0.011145718,0.119769014,0.0074521536,0.048104867,0.01155199,0.07178871,0.0043512764,0.09211613
TCATTACAGTCTCCTC-4,NHEJ-Deletion_WT,NHEJ-Deletion_WT,0.016379023,0.049774837,0.022400433,0.028769324,0.04897234,0.026878161,0.07695742,0.006465152,0.26088578,0.0022892302,0.015435625,0.014557632,0.11507464,0.0046870154,0.31047338
GTAATCGTCCAACCGG-4,Insertion_WT,Insertion_NHEJ-Deletion,0.10163452,0.09077705,0.03784282,0.016891222,0.15510796,0.050287064,0.18372208,0.016669702,0.07066212,0.0061192694,0.035555456,0.061368212,0.10647184,0.014610382,0.052280296
ATCATTCTCACCATCC-1,HDR_WT,Insertion_WT,0.051673274,0.033379067,0.017619442,0.037203994,0.047537223,0.034375787,0.11497765,0.0047210855,0.32853067,0.0075558876,0.011905328,0.04499906,0.1074653,0.0050688926,0.15298738
GGGCCATTCGCTCCTA-1,Insertion_MMEJ-Deletion,Insertion_NHEJ-Deletion,0.05641031,0.05371862,0.03094922,0.024318652,0.13980004,0.042050634,0.2689692,0.0067573157,0.13756377,0.0064247698,0.019468574,0.03140688,0.08645587,0.005969805,0.08973637
CTTTCAAGTGGTCTTA-1,Insertion_WT,Insertion_Insertion,0.02349438,0.04122413,0.021229869,0.00699358,0.5563613,0.04872661,0.07465614,0.0027981445,0.13748643,0.004202159,0.007383112,0.009237123,0.035448253,0.0038912403,0.026867528
TTGATGGGTGCCTAAT-1,Insertion_Insertion,Insertion_NHEJ-Deletion,0.14464103,0.071419895,0.085902885,0.013895611,0.15274388,0.093531944,0.17864521,0.022296917,0.08831996,0.010492139,0.023947738,0.024479073,0.035672676,0.0080996705,0.045911375
GTTAGACGTCGTTCAA-1,Insertion_WT,Insertion_Insertion,0.06139147,0.09457593,0.02873589,0.0059531224,0.31271452,0.048065268,0.13266695,0.008896911,0.15174992,0.0075295474,0.015716892,0.02307326,0.06251857,0.0037161787,0.042695574
TGGATGTAGATAACAC-1,Insertion_NHEJ-Deletion,Insertion_Insertion,0.029474666,0.0889316,0.015136467,0.01746036,0.25106102,0.0668622,0.17970054,0.009710596,0.16405505,0.0077432343,0.03129443,0.015121794,0.03627752,0.0053348877,0.08183565
CGGACACGTTCTCCAC-1,Insertion_NHEJ-Deletion,Insertion_Insertion,0.033538707,0.084101744,0.012116073,0.02808549,0.25978512,0.10048213,0.15405636,0.008424231,0.13742116,0.0063480306,0.04420945,0.03213143,0.061701037,0.011472621,0.026126448
TACAGGTAGCGTGTTT-1,Insertion_WT,Insertion_NHEJ-Deletion,0.017570438,0.105078936,0.023910994,0.036049653,0.07484638,0.028537279,0.2742504,0.015642082,0.15439254,0.0053877197,0.027031401,0.025838556,0.13100116,0.0047623655,0.0757001
GTGCGTGCAGCAAGAC-4,Insertion_NHEJ-Deletion,Insertion_Insertion,0.0427443,0.10977858,0.04627231,0.026668765,0.26269087,0.05810225,0.18276283,0.014131152,0.08043605,0.0037967607,0.030928154,0.011854026,0.07625466,0.0051956587,0.04838358
TGAACGTTCTTTCCAA-1,NHEJ-Deletion_NHEJ-Deletion,Insertion_WT,0.017754085,0.09802746,0.025380362,0.04794869,0.08795903,0.051886685,0.12792252,0.011160016,0.23037943,0.006002589,0.008529396,0.02776162,0.06441196,0.005024641,0.1898515
TGCGGGTTCATAGAGA-4,Insertion_NHEJ-Deletion,NHEJ-Deletion_WT,0.03280845,0.10319882,0.023299143,0.035063423,0.09034858,0.044415817,0.101395875,0.025087638,0.15791696,0.013514632,0.0669413,0.031458683,0.06720294,0.009483925,0.19786379
TTCTTCCTCTCCTACG-4,Insertion_NHEJ-Deletion,Insertion_Insertion,0.012075933,0.106990285,0.018093565,0.039661307,0.20252974,0.036934294,0.13395703,0.0071688304,0.10969448,0.021817254,0.0496798,0.0320355,0.08789256,0.006312279,0.13515717
ATTCCTACACCCTAAA-4,NHEJ-Deletion_NHEJ-Deletion,Insertion_NHEJ-Deletion,0.024262581,0.028450279,0.02764512,0.049305756,0.12028135,0.037283402,0.19538324,0.015335126,0.14661779,0.004371746,0.02840922,0.021745224,0.15839253,0.010845619,0.13167098
ACAAGCTTCCGGCAAC-1,Insertion_MMEJ-Deletion,Insertion_Insertion,0.03129826,0.04411167,0.013519201,0.04292121,0.25311562,0.03651356,0.11508448,0.011743737,0.16819239,0.006679991,0.007131516,0.026969874,0.15503736,0.0041547217,0.08352643
CACAGATGTTACACAC-1,Insertion_Insertion,Insertion_Insertion,0.03601149,0.07122744,0.0155833075,0.039716814,0.18214512,0.050691042,0.17128545,0.027728535,0.112938665,0.0033699323,0.02512015,0.009048541,0.10232941,0.004272184,0.14853196
ATTTCACAGAAATTGC-1,MMEJ-Deletion_WT,Insertion_Insertion,0.10435634,0.12955798,0.03646866,0.028111849,0.18621096,0.07196866,0.08754443,0.013910426,0.08602896,0.017648153,0.016195187,0.054379467,0.10290427,0.0066774134,0.058037244
GCTGGGTAGTCGCTAT-1,HDR_HDR,Insertion_Insertion,0.115384586,0.0706069,0.024881404,0.017450698,0.30255288,0.08535323,0.08417744,0.016974412,0.09196882,0.0067939446,0.011208157,0.01941204,0.084564105,0.013607519,0.05506388
CTGTCGTAGACAGCGT-1,MMEJ-Deletion_NHEJ-Deletion,Insertion_NHEJ-Deletion,0.021914227,0.10257287,0.019792374,0.016427118,0.15719843,0.04510652,0.25711092,0.01154937,0.075038135,0.010321177,0.05881145,0.009077197,0.13969634,0.0057594655,0.06962439
AGGACGAGTTGCTCCT-1,Insertion_WT,Insertion_WT,0.07310843,0.04069746,0.020776339,0.022312356,0.1146151,0.06813496,0.14304672,0.016920786,0.2498932,0.0055408482,0.016058901,0.02697334,0.105664335,0.0069387145,0.08931848
CACGGGTAGATGATTG-1,Insertion_Insertion,Insertion_NHEJ-Deletion,0.031917986,0.17537144,0.055203594,0.027928565,0.15035741,0.032402407,0.2091927,0.013325031,0.08508931,0.010023652,0.0418849,0.010583619,0.09944042,0.004428497,0.05285048
TAACACGTCCTCATAT-1,NHEJ-Deletion_NHEJ-Deletion,Insertion_NHEJ-Deletion,0.02293535,0.09560706,0.01699409,0.029238353,0.18177891,0.070221715,0.25206688,0.007087497,0.13414176,0.013793167,0.015045433,0.018155796,0.059130214,0.006209985,0.07759378
GATAGAAGTGTCGATT-1,Insertion_NHEJ-Deletion,Insertion_NHEJ-Deletion,0.018128986,0.059905242,0.06300922,0.018531034,0.15877354,0.09417806,0.19486788,0.010627884,0.18540327,0.005422549,0.02076889,0.01652425,0.079959355,0.0071911654,0.06670866
TCCTCTTCAATAGTAG-1,NHEJ-Deletion_SV,Insertion_Insertion,0.052268077,0.07726556,0.015137623,0.009290395,0.17552122,0.091488466,0.14139263,0.015014951,0.0993077,0.04791152,0.024485022,0.04594556,0.12531787,0.00931788,0.07033554
TCATTGTCATGGCACC-1,Insertion_Insertion,Insertion_Insertion,0.01803126,0.04416652,0.017105592,0.019249517,0.2911411,0.050017245,0.116381176,0.011003042,0.2663112,0.01060925,0.0125196185,0.026480336,0.06504238,0.0030908186,0.048850983
CCGGACAAGCTGTTCA-1,Insertion_Insertion,Insertion_WT,0.029036412,0.062026512,0.045026425,0.041572556,0.13320392,0.067154564,0.14876018,0.012368408,0.2582693,0.0028581182,0.016512983,0.01895275,0.04142089,0.0071415924,0.115695365
GTTAGTGAGCACTCCG-1,Insertion_NHEJ-Deletion,NHEJ-Deletion_NHEJ-Deletion,0.04013279,0.10338452,0.03238334,0.01309694,0.11447797,0.086077385,0.16371937,0.017764004,0.048005834,0.014508522,0.022536164,0.02143066,0.23080409,0.0091244485,0.082553975
TTGTGGATCATTTCCA-1,Insertion_MMEJ-Deletion,Insertion_Insertion,0.018523755,0.09176822,0.021701058,0.044984426,0.28123915,0.090070695,0.15294649,0.014012887,0.10315026,0.0039527426,0.021860978,0.023965148,0.08252447,0.0047341036,0.044565618
CATGCCTCATCGGATT-4,NHEJ-Deletion_NHEJ-Deletion,NHEJ-Deletion_WT,0.04762995,0.036814813,0.035163764,0.039007764,0.15545124,0.031529486,0.10400003,0.009859554,0.15029721,0.012140094,0.032110162,0.007963525,0.12376457,0.008993837,0.20527397
TTGTTCAGTAGGACCA-1,Insertion_Insertion,NHEJ-Deletion_NHEJ-Deletion,0.044231627,0.06722432,0.026476124,0.012235083,0.18349245,0.036948048,0.14216554,0.01149998,0.062428128,0.015915623,0.016526958,0.030667227,0.22070299,0.011435401,0.11805053
GTTACCCGTTAATGAG-1,NHEJ-Deletion_SV,Insertion_Insertion,0.018177817,0.058373086,0.0149843125,0.043652073,0.31807002,0.058538537,0.18044586,0.0084194215,0.14309591,0.006012113,0.01860558,0.015085994,0.053473208,0.006081517,0.0569845
CGGCAGTGTCGAGCAA-1,Insertion_Insertion,Insertion_Insertion,0.051041692,0.054775786,0.06846999,0.013266893,0.27748817,0.04292554,0.18264893,0.005599852,0.14764518,0.008201744,0.023855448,0.027351404,0.063608155,0.0020843092,0.031036934
GATAGCTGTGTCCATA-4,Insertion_WT,Insertion_NHEJ-Deletion,0.030943327,0.05293263,0.04608133,0.028600566,0.11172505,0.045568172,0.2867322,0.009879925,0.110449746,0.020332415,0.01698117,0.02441696,0.093909346,0.013345951,0.1081012
TCTACCGGTCCACAGC-4,Insertion_NHEJ-Deletion,Insertion_WT,0.022354273,0.046593506,0.016880015,0.0585588,0.13094468,0.050161652,0.21866238,0.0071739475,0.2480746,0.0052052774,0.020101383,0.017696667,0.066262476,0.0045022303,0.08682812
GATTTCTCATGACTTG-1,Insertion_NHEJ-Deletion,Insertion_Insertion,0.06288596,0.053962756,0.019712385,0.011697005,0.28316048,0.032241873,0.17389984,0.014449309,0.15420151,0.0040127104,0.02576808,0.03221047,0.04712265,0.0051530357,0.07952192
AAAGGGCTCTACCACC-1,HDR_Insertion,Insertion_Insertion,0.14420018,0.052860897,0.026331415,0.03983384,0.20674661,0.061195116,0.0653132,0.014468926,0.05326091,0.017702982,0.011432172,0.03312075,0.15384409,0.03734742,0.082341515
CATTGAGTCCATTCGC-1,Insertion_Insertion,Insertion_Insertion,0.04280679,0.08597566,0.028334023,0.0055610146,0.41160953,0.035151787,0.1997749,0.0036501167,0.10417499,0.0028534872,0.008685218,0.008455543,0.042122513,0.0019360136,0.018908435
CAATGACAGAACAAGG-1,HDR_NHEJ-Deletion,Insertion_WT,0.036524765,0.06905592,0.018345661,0.042606622,0.17745176,0.05474505,0.13118775,0.006504069,0.22364016,0.006613741,0.056255046,0.035531428,0.077083394,0.013661868,0.05079277
CTCTCAGCATAACGGG-1,NHEJ-Deletion_NHEJ-Deletion,HDR_HDR,0.21220435,0.05931716,0.019724635,0.16345318,0.08906906,0.05214939,0.084875315,0.010558823,0.067285776,0.005791685,0.015853614,0.026576312,0.07608687,0.011642297,0.105411574
CACGGGTCACGTCGGT-1,HDR_Insertion,NHEJ-Deletion_NHEJ-Deletion,0.013829127,0.057299726,0.016146211,0.011929106,0.16699809,0.09226958,0.1521603,0.007508646,0.13100727,0.006085297,0.023764644,0.011678036,0.22747453,0.005321502,0.07652795
TACTTGTCAAGTTCCA-4,Insertion_NHEJ-Deletion,Insertion_WT,0.07436933,0.076823525,0.02726196,0.017095499,0.09722526,0.058275,0.17688061,0.01352206,0.18623209,0.016301583,0.018179486,0.017483102,0.03489005,0.010362599,0.17509781
AGCTCAAAGAGGGTCT-4,NHEJ-Deletion_NHEJ-Deletion,Insertion_NHEJ-Deletion,0.015294145,0.05213279,0.027433448,0.04049908,0.17848028,0.043098513,0.18145761,0.0047879284,0.11014843,0.01897294,0.076265916,0.037746567,0.09943919,0.004149689,0.1100935
TCAGCAATCGTCTAAG-4,Insertion_MMEJ-Deletion,Insertion_NHEJ-Deletion,0.013537937,0.074078485,0.034836184,0.008975812,0.14124396,0.041932106,0.185205,0.010044384,0.122089215,0.008948452,0.022312174,0.034828592,0.12946795,0.0048452727,0.16765444
GTCGAATAGTTTCGAC-1,HDR_WT,Insertion_NHEJ-Deletion,0.017493466,0.054726932,0.042026322,0.039543495,0.17107257,0.08948866,0.21889208,0.010210756,0.18493444,0.003021752,0.0128461085,0.041473854,0.027498944,0.0035715431,0.083199054
TCTGGCTCATTGTCGA-1,NHEJ-Deletion_NHEJ-Deletion,NHEJ-Deletion_NHEJ-Deletion,0.047463335,0.060790464,0.010999947,0.0259841,0.12603673,0.06497968,0.16883686,0.010130024,0.099408045,0.00429739,0.010610323,0.01793352,0.2499184,0.0154296355,0.08718154
GTTAGTGCAATCCTTT-1,NHEJ-Deletion_WT,Insertion_WT,0.046131004,0.10883145,0.043812685,0.11357207,0.16486757,0.055853795,0.121199615,0.009644054,0.1733038,0.0145558035,0.025528265,0.016770989,0.037590675,0.011726421,0.05661181
ATAGACCAGGTGGTTG-1,HDR_WT,Insertion_WT,0.04871944,0.06715273,0.024325175,0.08936223,0.098283924,0.03673014,0.09237573,0.0051386054,0.2663496,0.0044171074,0.016675541,0.09020131,0.035273243,0.005810119,0.11918508
TCATGCCTCTCTGGTC-1,Insertion_MMEJ-Deletion,Insertion_Insertion,0.10395219,0.08169123,0.027053567,0.023729073,0.23302919,0.055159997,0.20260592,0.017826052,0.06792298,0.005605474,0.014092829,0.019312503,0.088116966,0.009295712,0.05060631
GTAGGTTTCAGCTTGA-1,Insertion_WT,Insertion_WT,0.06138709,0.0922216,0.02469983,0.054764554,0.07892616,0.046580497,0.06719228,0.006368103,0.289196,0.005667015,0.014930176,0.021557566,0.054147854,0.005353444,0.17700782
GTTACCCGTACCCAGC-1,MMEJ-Deletion_MMEJ-Deletion,Insertion_Insertion,0.10251782,0.06502614,0.03684696,0.018623373,0.26823336,0.103465125,0.088273205,0.015973704,0.09291821,0.0076062186,0.01136821,0.030454708,0.08620561,0.00664566,0.06584165
ATGCGATCACCTGTCT-1,Insertion_NHEJ-Deletion,Insertion_Insertion,0.024866749,0.06847356,0.036249973,0.022062482,0.2696769,0.08068665,0.16489688,0.007790289,0.1233911,0.009761248,0.019622164,0.011997935,0.10225703,0.007606355,0.050660715
TCTCACGAGCACTAAA-4,Insertion_WT,NHEJ-Deletion_WT,0.009646145,0.066251,0.022760538,0.026389522,0.08888979,0.041358486,0.178609,0.014961401,0.17448214,0.005279316,0.009498375,0.040832512,0.06483366,0.002681508,0.2535266
CTCAACCGTTTGGAGG-1,HDR_HDR,Insertion_WT,0.15039513,0.068197764,0.024762992,0.08607015,0.119318545,0.07339518,0.06498989,0.031080753,0.18962161,0.013565687,0.008265516,0.030087335,0.07694461,0.017886128,0.045418706
GGTGATTTCCTTACCG-4,NHEJ-Deletion_WT,Insertion_NHEJ-Deletion,0.012995302,0.04615403,0.008983534,0.03588244,0.1147839,0.0623537,0.25460702,0.015154497,0.14826633,0.0042503313,0.015399994,0.01721161,0.088922895,0.0073781856,0.16765624
TACACCCCATTAAGCC-1,HDR_HDR,HDR_HDR,0.22114283,0.058763713,0.036458507,0.023113836,0.11827899,0.04095818,0.10355985,0.00929499,0.16213055,0.025412615,0.010569633,0.021351952,0.10723938,0.017316645,0.044408355
TCTAACTCAGTTGCGC-1,Insertion_NHEJ-Deletion,Insertion_NHEJ-Deletion,0.010056495,0.07035622,0.03541859,0.014899806,0.15801695,0.063948944,0.25885513,0.022031218,0.1363477,0.00482546,0.026054993,0.011971403,0.11801773,0.007507009,0.061692327
AGGGTTTAGCACACCC-1,Insertion_MMEJ-Deletion,Insertion_Insertion,0.027439939,0.053199545,0.024132676,0.024008488,0.23141943,0.06735739,0.15635864,0.0050057364,0.12731868,0.013462652,0.022385875,0.011667227,0.05884135,0.006720284,0.17068206
AATTTCCCAAGACCTT-1,HDR_WT,Insertion_NHEJ-Deletion,0.06279682,0.07356843,0.03200151,0.0659804,0.14621083,0.09373233,0.14850436,0.015294502,0.14785999,0.00509847,0.019888615,0.03597709,0.064234726,0.019150801,0.06970112
TCGGGTGCAATTGCAC-1,HDR_HDR,HDR_Insertion,0.10801856,0.1887653,0.021408437,0.0081138555,0.109953515,0.09597683,0.10968178,0.026730433,0.072582886,0.01732629,0.050167095,0.029463062,0.09651498,0.013409334,0.05188762
ATCACTTAGGTGCGAT-1,Insertion_Insertion,Insertion_NHEJ-Deletion,0.0512033,0.053618167,0.027423305,0.050597955,0.10915748,0.102943964,0.23245126,0.018080115,0.08863745,0.014490031,0.011067767,0.03534353,0.119461834,0.010260659,0.075263165
GCCGTGATCCAGGACC-1,NHEJ-Deletion_WT,Insertion_NHEJ-Deletion,0.045561876,0.08818208,0.05594394,0.017404456,0.087216645,0.07599708,0.22948591,0.0042382968,0.103184946,0.0026679668,0.013646295,0.034247737,0.18429403,0.0049025626,0.053026192
AGATCGTCATTCGGGC-1,Insertion_Insertion,Insertion_Insertion,0.02011682,0.038847297,0.01698317,0.0060599837,0.3434055,0.0314536,0.26517722,0.008116726,0.1106937,0.0065919193,0.038838595,0.022759914,0.05464312,0.0035872883,0.03272519
AATTTCCAGTCACACT-1,Insertion_SV,Insertion_Insertion,0.068048224,0.05636205,0.01228486,0.08241035,0.20392269,0.10995469,0.07850892,0.024576914,0.07826228,0.034401916,0.04959927,0.009024442,0.09354168,0.02685311,0.07224855
CACTGTCCAAGACGAC-4,Insertion_MMEJ-Deletion,Insertion_NHEJ-Deletion,0.025807116,0.052805584,0.040447466,0.048005074,0.12065434,0.05997972,0.24674138,0.024873892,0.13137618,0.0088933045,0.03056274,0.010854449,0.129132,0.006613937,0.06325287
ACAAGCTAGTTGGCGA-4,Insertion_NHEJ-Deletion,Insertion_WT,0.021922322,0.112343505,0.07117566,0.06281367,0.08484211,0.024119189,0.18502316,0.008423001,0.20727213,0.0066706557,0.02214681,0.026384434,0.06103786,0.0025329853,0.10329256
ACGTAGTGTAGTCACT-4,Insertion_NHEJ-Deletion,Insertion_NHEJ-Deletion,0.0147494925,0.04898713,0.075104356,0.014703751,0.112427525,0.052966204,0.19002892,0.011943128,0.17144777,0.0071610403,0.02496009,0.015305854,0.07487242,0.0026603953,0.1826819
CCGTAGGCATCGATAC-1,Insertion_NHEJ-Deletion,NHEJ-Deletion_NHEJ-Deletion,0.06356851,0.12568563,0.027165266,0.046486404,0.14906201,0.053030673,0.121327445,0.010265804,0.06877726,0.013909725,0.045563735,0.030461876,0.16451235,0.012182581,0.06800071
ACTTTGTTCATTTGGG-4,NHEJ-Deletion_NHEJ-Deletion,Insertion_WT,0.014297408,0.072588526,0.031881317,0.016968373,0.154314,0.035118613,0.14640181,0.0107681025,0.27859432,0.010459581,0.017348137,0.035200167,0.075421534,0.003722582,0.096915565
TGACCCTGTGCGGCTT-4,Insertion_NHEJ-Deletion,Insertion_Insertion,0.016713543,0.07120808,0.01733606,0.01307637,0.41067505,0.04624478,0.17130429,0.0089798225,0.08049978,0.0032112654,0.020379553,0.023510886,0.07087868,0.0033414403,0.04264039
GCATTAGTCATTCTTG-1,Insertion_WT,Insertion_WT,0.036771663,0.057929717,0.04751682,0.026576882,0.11000264,0.058157653,0.2122699,0.016990619,0.22020537,0.005204327,0.033120032,0.024816915,0.08340159,0.006057921,0.060978007
TTGCTGCTCGCGTTTC-1,HDR_HDR,Insertion_Insertion,0.113444306,0.10282009,0.045263316,0.02082015,0.1914276,0.06335182,0.120848484,0.017565692,0.124039724,0.019040009,0.02100821,0.02973694,0.047481287,0.032876182,0.050276175
TCAAGACAGACTACGG-1,Insertion_NHEJ-Deletion,Insertion_NHEJ-Deletion,0.032425456,0.090159506,0.040115383,0.015997391,0.08710158,0.061565053,0.23656675,0.013069264,0.13154739,0.0069706608,0.029379362,0.020932125,0.09280232,0.01192135,0.12944645
TTCTTGAAGTAGATCA-1,MMEJ-Deletion_WT,Insertion_WT,0.028376713,0.075132266,0.013075555,0.21469623,0.07307409,0.024613075,0.047153693,0.009395472,0.28144762,0.009510417,0.006194474,0.027368953,0.11152787,0.0070095095,0.07142409
TCGCACTCAATTTCCT-1,Insertion_NHEJ-Deletion,Insertion_NHEJ-Deletion,0.048917133,0.04923784,0.045452133,0.0074532544,0.18197872,0.05394557,0.42352402,0.0056215413,0.05347229,0.0029949802,0.0107174385,0.020692926,0.051661417,0.005002812,0.039327953
CCACGTTTCCTTTAGT-4,HDR_WT,Insertion_Insertion,0.0369358,0.07824933,0.021926789,0.0702853,0.20124237,0.06854105,0.08139908,0.0088161295,0.15614814,0.019821627,0.023936665,0.030719178,0.10009004,0.0129169505,0.08897153
CCAATTTCACTTTAGG-1,Insertion_Insertion,Insertion_Insertion,0.07956401,0.08890481,0.024189522,0.009160448,0.22245708,0.10695245,0.18820618,0.020782214,0.076940864,0.014064521,0.026060378,0.017918902,0.05994773,0.03616484,0.028686099
GTTGCTCGTAGGTGCA-1,Insertion_MMEJ-Deletion,Insertion_NHEJ-Deletion,0.03961592,0.072627336,0.0245717,0.024023218,0.17655188,0.05264254,0.19335091,0.039470278,0.10146846,0.008528906,0.026384398,0.023736287,0.1067046,0.008761412,0.10156219
TCTCTGGGTCCTTAAG-1,Insertion_NHEJ-Deletion,Insertion_NHEJ-Deletion,0.00740349,0.08682309,0.028216712,0.0228281,0.19040407,0.021743089,0.20880055,0.019114435,0.122705825,0.007723138,0.021784248,0.017258685,0.12380005,0.0065459264,0.11484859
CATCAAGCACGATAGG-1,Insertion_Insertion,HDR_HDR,0.18775585,0.10968714,0.036407057,0.0139002595,0.116102755,0.05262063,0.12933688,0.009346163,0.122737266,0.010274246,0.033965405,0.0160763,0.10934625,0.0068834936,0.045560256
CCTCTCCTCACACGAT-1,Insertion_Insertion,Insertion_Insertion,0.10830112,0.07095137,0.023468696,0.030530753,0.26548702,0.058352057,0.1147542,0.015361686,0.1419714,0.0070682224,0.014566681,0.02118754,0.073503435,0.011968826,0.04252697
AGCATCATCGGACGTC-1,NHEJ-Deletion_WT,Insertion_NHEJ-Deletion,0.033549134,0.04168788,0.027034402,0.015447507,0.09866474,0.0257936,0.31177604,0.013227363,0.114781834,0.008190031,0.028374124,0.014789154,0.09922316,0.021353645,0.14610742
TGAGGAGCAGGATTCT-4,Insertion_NHEJ-Deletion,Insertion_NHEJ-Deletion,0.008116721,0.06000436,0.03070991,0.031222034,0.1457722,0.051226217,0.20354873,0.004831542,0.18630578,0.005240067,0.016057348,0.020273816,0.07821382,0.008971527,0.14950593
GAATAGAGTGTCGATT-1,Insertion_WT,Insertion_NHEJ-Deletion,0.030032268,0.1175641,0.01652911,0.009273711,0.16660075,0.044407874,0.22861284,0.012580831,0.17491727,0.0045945863,0.025010118,0.02477947,0.07965228,0.0041163573,0.06132839
CACGTTCGTACCTAGT-1,Insertion_WT,Insertion_NHEJ-Deletion,0.023768462,0.08458689,0.03535678,0.033876855,0.15721793,0.06677862,0.22012098,0.017266499,0.13659187,0.010803265,0.030125845,0.020462153,0.10508467,0.00364202,0.054317165
TGGGCTGAGGGCAATC-1,MMEJ-Deletion_NHEJ-Deletion,Insertion_Insertion,0.024835763,0.06071443,0.03866631,0.058260787,0.21614769,0.04061277,0.109480634,0.012721985,0.17476077,0.0050538336,0.027025186,0.024095478,0.093935914,0.0048349244,0.10885355
GAGGGTACAGGTGTTT-1,Insertion_Insertion,HDR_Insertion,0.08367494,0.22210194,0.019620322,0.015601515,0.123835176,0.06556477,0.14351577,0.009809222,0.12807332,0.005586113,0.016545173,0.019550767,0.07026707,0.020006232,0.056247707
TGAGCGCGTAAGGAGA-1,Insertion_NHEJ-Deletion,Insertion_NHEJ-Deletion,0.016292954,0.11609355,0.045388058,0.036900986,0.13836634,0.038832217,0.19573334,0.023832804,0.14105357,0.0068627265,0.021290353,0.021534292,0.10847839,0.007015121,0.08232529
AGCCAGCCAGCTGTCG-1,Insertion_NHEJ-Deletion,Insertion_NHEJ-Deletion,0.028722448,0.12302673,0.023211652,0.0067741876,0.17136829,0.048720326,0.29367858,0.009412735,0.10625858,0.008233217,0.05112329,0.009204277,0.06421613,0.0060472926,0.050002273
TCGACCTAGAATTCAG-4,Insertion_NHEJ-Deletion,Insertion_WT,0.027003607,0.056569774,0.022992874,0.027500711,0.08853821,0.052353933,0.12007254,0.007489394,0.25380465,0.0056543075,0.0076347366,0.017469116,0.10705252,0.004745458,0.20111814
GGATCTAGTGATGAAT-1,NHEJ-Deletion_WT,Insertion_NHEJ-Deletion,0.046838526,0.11087579,0.030982407,0.035974022,0.14820077,0.065941095,0.17670548,0.00843919,0.12743583,0.0087231025,0.039664116,0.042332754,0.0935055,0.0050906627,0.059290722
AACCATGAGAGAGGTA-1,Insertion_Insertion,Insertion_WT,0.027465286,0.057646036,0.034512013,0.011225809,0.12558456,0.05196433,0.18248938,0.025254244,0.18998756,0.010075442,0.039775,0.005416261,0.101874046,0.0076905894,0.12903942
TCCTCGAGTCGCTGCA-1,Insertion_NHEJ-Deletion,Insertion_Insertion,0.038392566,0.08708341,0.052868273,0.015893195,0.31324896,0.03665706,0.1280202,0.010689123,0.11147368,0.008104487,0.031885702,0.028064629,0.08475759,0.0053521395,0.04750898
AATGAAGTCTCACTCG-1,Insertion_WT,Insertion_WT,0.036297157,0.058212303,0.026739208,0.023275081,0.15776168,0.03266555,0.18972489,0.008982701,0.20128128,0.017036071,0.032112155,0.022164835,0.09976526,0.0044788127,0.08950297
GTCATGAGTTGCAACT-4,Insertion_WT,Insertion_WT,0.013229193,0.023381615,0.020678103,0.016416581,0.07065843,0.01724423,0.12799159,0.010991079,0.30418578,0.004606285,0.019829568,0.02587031,0.09463704,0.0035088079,0.2467714
TATCCTACAGAGAAAG-1,Insertion_MMEJ-Deletion,Insertion_Insertion,0.06588136,0.07569266,0.024002174,0.069383524,0.20794064,0.0690408,0.09039414,0.0050976817,0.1919704,0.009278346,0.019433612,0.03230931,0.065409765,0.0037236663,0.07044196
TTACGTTCATCAGTGT-1,MMEJ-Deletion_WT,Insertion_NHEJ-Deletion,0.019133566,0.05729741,0.03546215,0.008143184,0.17481205,0.03584019,0.25729367,0.0047079925,0.11619435,0.0051203975,0.0153686,0.017778214,0.14246678,0.0054986314,0.10488283
GTCTACCCATTGCCGG-4,Insertion_WT,Insertion_WT,0.042498358,0.06801537,0.027034055,0.05559146,0.108897775,0.042058602,0.120547876,0.0060264417,0.2776079,0.004334611,0.009121543,0.03194682,0.056442942,0.0022649537,0.14761132
TTACGTTTCCTAGCCT-1,NHEJ-Deletion_NHEJ-Deletion,Insertion_NHEJ-Deletion,0.06340081,0.15394153,0.028810916,0.009748466,0.11243724,0.024945363,0.261976,0.0077829333,0.1441446,0.012485898,0.010126728,0.021052007,0.08776639,0.0026320708,0.058749046
AGAAGTACAGAAATTG-4,Insertion_WT,Insertion_Insertion,0.015784025,0.065389246,0.024702128,0.020766877,0.19728921,0.030077271,0.16192307,0.026869573,0.13111971,0.009372056,0.031837806,0.034618087,0.12595867,0.014352558,0.10993969
GCGGAAATCATTCACT-1,Insertion_Insertion,HDR_Insertion,0.05842392,0.17021404,0.028617565,0.015753834,0.15961623,0.10727953,0.1644646,0.0075544324,0.08622822,0.009380178,0.021255182,0.013985651,0.08035168,0.015093983,0.061780997
ACTGTGAAGTGATAAC-1,HDR_NHEJ-Deletion,Insertion_Insertion,0.079338014,0.047555175,0.076449774,0.03787058,0.2458972,0.09949528,0.14053777,0.005169091,0.05868488,0.0096025895,0.019304609,0.019131258,0.09538725,0.009151562,0.056424983
TTGCCTGCATTAGGAA-1,Insertion_NHEJ-Deletion,Insertion_NHEJ-Deletion,0.04294852,0.078417234,0.022054149,0.03556457,0.1780386,0.070846096,0.22563997,0.012507396,0.07175616,0.006715521,0.03506197,0.03703138,0.1249137,0.0047908993,0.053713802
TTCCTTCAGAGCATCG-1,Insertion_WT,Insertion_NHEJ-Deletion,0.065129206,0.13536069,0.017682286,0.040154014,0.11996333,0.047165662,0.14103007,0.018862056,0.13123009,0.020730723,0.035420775,0.019194579,0.12507042,0.0068440237,0.076162055
GTCGCGATCATTTGGG-4,Insertion_Insertion,Insertion_WT,0.025524603,0.06728327,0.024219966,0.028685803,0.14798011,0.045725673,0.1767829,0.005474501,0.24643497,0.0072590434,0.029375732,0.027338212,0.06170969,0.0030300124,0.10317549
GTTTACTGTAACCAGG-1,Insertion_Insertion,Insertion_NHEJ-Deletion,0.03309629,0.099225946,0.03585569,0.011542787,0.19167466,0.08282687,0.20405148,0.009787035,0.09944053,0.00471881,0.03551531,0.008882233,0.11341732,0.004700662,0.06526434
ATAGAGAAGTGCTAGG-1,Insertion_NHEJ-Deletion,Insertion_NHEJ-Deletion,0.06432406,0.052010372,0.0215712,0.01537893,0.17483494,0.06628822,0.20129968,0.012487395,0.08864306,0.019188669,0.08804442,0.012444866,0.06263247,0.011472462,0.1093793
ATTCTTGGTGGATCGA-1,Insertion_Insertion,Insertion_WT,0.023287741,0.090258844,0.012576622,0.13459131,0.14996965,0.049572133,0.062709264,0.01768827,0.20794828,0.013386369,0.02890404,0.03967979,0.11997366,0.0040593934,0.045394596
TCGGATAGTCGCGTCA-4,Insertion_WT,Insertion_Insertion,0.051849484,0.07079864,0.08988799,0.014929206,0.19863178,0.03606213,0.09040408,0.021071153,0.14668342,0.017958265,0.029517772,0.03822592,0.09177333,0.0053386074,0.09686817
AGCCACGAGCCATTGT-1,NHEJ-Deletion_NHEJ-Deletion,Insertion_WT,0.026210086,0.06764348,0.037560593,0.0043684766,0.10405965,0.07286711,0.19818895,0.01015671,0.20832883,0.0070136404,0.05198664,0.02689134,0.07802027,0.009019108,0.097685136
GTTACGATCCATTCGC-1,Insertion_MMEJ-Deletion,Insertion_Insertion,0.03121301,0.056770492,0.038287017,0.012198524,0.23247378,0.062031824,0.21305725,0.0057221013,0.10257232,0.010646937,0.02718599,0.024793204,0.12865655,0.004883409,0.049507573
CGGAATTGTGAGTAAT-1,Insertion_SV,Insertion_WT,0.018091545,0.06417227,0.01630598,0.02379876,0.12752566,0.042797595,0.13080068,0.016053006,0.27695978,0.016278971,0.029679788,0.039189037,0.12594669,0.006519374,0.06588086
GGGATGAGTGTAAACA-1,HDR_HDR,Insertion_Insertion,0.11953176,0.12812927,0.023722492,0.02133578,0.22109734,0.06047225,0.09331801,0.017931143,0.08475066,0.0103174,0.04453757,0.017264448,0.07749082,0.027925162,0.052175853
ATCGATGGTAAGACCG-1,Insertion_WT,NHEJ-Deletion_WT,0.03384102,0.046954818,0.025601339,0.073319264,0.06371638,0.033792295,0.05543131,0.005792662,0.22053802,0.007197272,0.010298349,0.03574474,0.10181028,0.007341385,0.27862084
GGGTATTAGCCTTTCC-1,Insertion_WT,Insertion_WT,0.0067686955,0.02509242,0.02841297,0.17188843,0.096554555,0.020629367,0.091691196,0.0025314859,0.24563538,0.009619588,0.006816294,0.019905688,0.10077453,0.0026567215,0.17102268
AAGCATCTCGTAACAC-1,NHEJ-Deletion_WT,HDR_WT,0.025554275,0.03874643,0.017891452,0.18956195,0.06854095,0.048059374,0.065195955,0.006231746,0.1830454,0.009711695,0.008241069,0.12470246,0.040402252,0.009230625,0.16488436
TACGCTCCAAGGGCAT-1,NHEJ-Deletion_NHEJ-Deletion,Insertion_WT,0.06386352,0.043233696,0.019501165,0.11541836,0.091033146,0.09838696,0.11529503,0.018150859,0.17368758,0.022865992,0.012028228,0.022365468,0.09346131,0.008470874,0.102237806
ATTGTTCTCGCTTACC-4,Insertion_Insertion,Insertion_Insertion,0.044391625,0.06531615,0.029942123,0.032077856,0.18821867,0.071103774,0.16005442,0.025813205,0.11086253,0.008798994,0.026642755,0.02662771,0.118692674,0.00929511,0.082162365
TACGTCCAGCCTGCCA-1,HDR_HDR,Insertion_Insertion,0.009332326,0.071380295,0.06921398,0.017021783,0.22142464,0.09789347,0.16830052,0.007741743,0.11832113,0.004910553,0.018654922,0.019562937,0.11382714,0.0030987898,0.059315793
CATCGGGTCCTGCCAT-1,Insertion_SV,Insertion_NHEJ-Deletion,0.012150294,0.084775545,0.015251554,0.027288033,0.115000725,0.046577077,0.25289136,0.017466355,0.14048961,0.007167267,0.029653821,0.012764119,0.12815726,0.0036256793,0.10674129
CCCTAACCACTCACTC-1,Insertion_WT,Insertion_Insertion,0.037363004,0.06541468,0.028399454,0.009748207,0.28536558,0.04576493,0.17619225,0.009222113,0.09386662,0.0050610746,0.03869274,0.0297421,0.12111384,0.007824285,0.04622914
AAGACTCTCCAGTGCG-1,Insertion_Insertion,Insertion_WT,0.07029732,0.069459096,0.03461053,0.033269323,0.13273802,0.0392558,0.088953525,0.004908513,0.22768158,0.012273542,0.026345192,0.053241305,0.10131377,0.0054108724,0.10024159
GAGGCAATCTGCGAGC-4,Insertion_WT,Insertion_Insertion,0.10239054,0.0460471,0.024767153,0.032633487,0.33084196,0.047110595,0.10495835,0.014900218,0.106314465,0.0104127275,0.034304753,0.020001395,0.077833675,0.009557594,0.037925955
GACACGCAGCGTGTTT-4,Insertion_WT,NHEJ-Deletion_WT,0.009308139,0.06581244,0.011758671,0.032262012,0.09076147,0.020557262,0.18966426,0.012213611,0.23144093,0.003964058,0.015584966,0.022584857,0.049045626,0.002481129,0.24256054
GTCAAACTCGTGGCTG-1,HDR_HDR,Insertion_NHEJ-Deletion,0.1088014,0.059200663,0.029424867,0.009612779,0.12625246,0.113527596,0.27736124,0.009534536,0.054764178,0.00999238,0.0351687,0.009179186,0.07921231,0.01809274,0.059874944
CCTGTTGGTCGTTTCC-4,MMEJ-Deletion_WT,Insertion_WT,0.014671739,0.042287033,0.023109734,0.06296028,0.12731253,0.028368592,0.092770465,0.008098121,0.31211415,0.0043824483,0.017170154,0.018706298,0.045586746,0.006303796,0.19615789
TCGCAGGAGTAGGGTC-1,Insertion_WT,Insertion_NHEJ-Deletion,0.031634968,0.10156911,0.02157921,0.044366725,0.067231014,0.03932181,0.24253726,0.009209016,0.07976401,0.014281535,0.016475476,0.0070740352,0.17818199,0.01649225,0.13028158
CGTAGTACAACTGGTT-1,NHEJ-Deletion_NHEJ-Deletion,Insertion_NHEJ-Deletion,0.09745705,0.1088404,0.026617998,0.016119238,0.16982506,0.065595135,0.17423971,0.011669366,0.13402574,0.004834137,0.018365992,0.026033781,0.069149,0.010964669,0.06626276
GGGTATTCATAGCACT-4,NHEJ-Deletion_NHEJ-Deletion,Insertion_WT,0.020514946,0.039166756,0.037436415,0.03286655,0.1547506,0.06303771,0.062147744,0.01025875,0.17254925,0.0070685986,0.02074448,0.09464568,0.10681306,0.008761222,0.16923822
ATCCTATCACCATATG-4,Insertion_WT,Insertion_WT,0.031633165,0.11561667,0.017326852,0.023200672,0.13313965,0.06108935,0.096550144,0.007085377,0.18739128,0.022127334,0.11657678,0.019559713,0.0645261,0.012031831,0.09214504
AAGATAGCAGCGTATT-1,Insertion_Insertion,Insertion_WT,0.069369964,0.08360611,0.009267689,0.05214579,0.14559625,0.048637465,0.08864593,0.010185287,0.29049882,0.009725037,0.02236945,0.03941247,0.08017023,0.007071951,0.043297585
TCCTTTCGTGCCGTAC-4,MMEJ-Deletion_NHEJ-Deletion,Insertion_WT,0.03634456,0.027246512,0.027302787,0.038452398,0.20857115,0.055852883,0.14407782,0.023609288,0.22186612,0.004573264,0.018332276,0.02344577,0.06852721,0.0048815166,0.09691646
CTCCTTTTCACTGTTT-1,Insertion_Insertion,Insertion_Insertion,0.031537637,0.041342102,0.025302785,0.0073850583,0.3692695,0.09353257,0.1438797,0.008272755,0.15252744,0.003972183,0.0030251879,0.025474632,0.065314226,0.0021763952,0.02698782
TCGATTTCAGCGTAGA-1,Insertion_WT,NHEJ-Deletion_WT,0.015211201,0.103523366,0.016473241,0.019812273,0.094174124,0.05138575,0.11283166,0.015679149,0.21529005,0.004711143,0.021015298,0.0281783,0.080970265,0.004399383,0.21634476
TGAGCGCCAGCATCTA-4,Insertion_WT,Insertion_NHEJ-Deletion,0.045551658,0.07432872,0.038338166,0.008733628,0.10787768,0.157065,0.18373887,0.007889985,0.1359244,0.020251084,0.026666256,0.018310351,0.10201389,0.014860387,0.058449894
CTTGAGAAGGTTGCCC-1,Insertion_NHEJ-Deletion,Insertion_WT,0.086417146,0.06674592,0.031834915,0.030002713,0.15620548,0.05162965,0.15558042,0.010964839,0.17754918,0.0036974952,0.021990119,0.036521725,0.093910754,0.011361151,0.06558851
GATCGTAGTTAAGGAT-1,HDR_NHEJ-Deletion,Insertion_Insertion,0.119116105,0.05904412,0.018161176,0.06970746,0.18005338,0.073431075,0.12016874,0.007837621,0.102937214,0.010759394,0.05618737,0.010409266,0.07217753,0.016467517,0.083542
TTACAGGCAGTTTGGT-1,HDR_NHEJ-Deletion,NHEJ-Deletion_WT,0.012663208,0.09186413,0.041760277,0.035649396,0.17750047,0.048772108,0.15534113,0.018182661,0.0705141,0.006973026,0.033135988,0.023796385,0.09718904,0.0060958127,0.1805623
TCGATTTTCCCATTTA-1,Insertion_NHEJ-Deletion,Insertion_WT,0.050933678,0.07069658,0.051946357,0.08613854,0.10636978,0.050261047,0.13712126,0.012919727,0.19563867,0.008708145,0.01447553,0.01720454,0.053913757,0.011231361,0.13244101
TGAGTCAAGACCTTTG-1,NHEJ-Deletion_NHEJ-Deletion,Insertion_NHEJ-Deletion,0.011822361,0.07319343,0.026983047,0.02686357,0.13172415,0.050171774,0.25431633,0.01452602,0.15591961,0.0069540134,0.03427658,0.0124913445,0.13463801,0.004035164,0.06208458
TCTACCGAGTGGATAT-4,Insertion_Insertion,Insertion_Insertion,0.030685585,0.042549722,0.021595545,0.023010818,0.23473486,0.051468525,0.18671817,0.009501413,0.12162137,0.012672963,0.020679059,0.0062000444,0.084655985,0.0069152643,0.1469907
CTCAGAACAGCCTATA-4,Insertion_Insertion,Insertion_WT,0.034900866,0.1428846,0.016371328,0.03201252,0.13689414,0.05340852,0.14083563,0.011389646,0.14699042,0.026918072,0.022127979,0.027002215,0.13192704,0.013795983,0.06254103
ATGAGGGAGGACTTCT-1,Insertion_WT,Insertion_Insertion,0.07568489,0.04119317,0.035353653,0.071103096,0.24686445,0.0606094,0.11949463,0.026307013,0.12828243,0.0062918183,0.019738808,0.02934112,0.066880785,0.0066363583,0.06621835
CTAAGTGGTCTCACGG-1,Insertion_NHEJ-Deletion,Insertion_NHEJ-Deletion,0.012777616,0.05907585,0.016523018,0.03521239,0.17198426,0.045807246,0.21128285,0.014004854,0.12607692,0.00673043,0.026255254,0.014049492,0.19742596,0.003957781,0.05883603
GTCTGTCAGGTCCTGC-4,Insertion_WT,Insertion_Insertion,0.0147469165,0.1332809,0.025353123,0.025455985,0.16496535,0.12863106,0.09314834,0.007341266,0.1471253,0.007992385,0.029126534,0.065152586,0.08957633,0.0044219308,0.063681975
ATCTCTAAGTAGCAAT-4,Insertion_MMEJ-Deletion,Insertion_WT,0.014505084,0.04585961,0.02665023,0.03446584,0.13414578,0.02086171,0.1711132,0.013290217,0.29087988,0.0035853365,0.028837865,0.015318877,0.074652284,0.005020648,0.12081344
GCCGTGACAGGTCCCA-1,Insertion_WT,Insertion_NHEJ-Deletion,0.07073802,0.048708998,0.024912298,0.008245084,0.114666685,0.03500612,0.27122536,0.008842425,0.07789362,0.0148702385,0.02770994,0.022923576,0.23151155,0.006427572,0.03631851
TAAGCCACAGCACAGA-1,Insertion_Insertion,Insertion_Insertion,0.01922168,0.08806239,0.04701007,0.017853642,0.2595299,0.054500874,0.18106842,0.007836533,0.12552637,0.0049451105,0.027149485,0.016032891,0.06255283,0.0036603785,0.08504941
GTTGCGGTCAGTGTTG-1,NHEJ-Deletion_WT,Insertion_Insertion,0.05096285,0.065220706,0.014687269,0.02098105,0.3707197,0.08376535,0.12884803,0.008839176,0.11674839,0.00740838,0.0200054,0.03184085,0.032794535,0.003952149,0.04322621
GGTAACTCAACTGAAA-1,Insertion_Insertion,Insertion_NHEJ-Deletion,0.013572666,0.050722804,0.054203987,0.021724245,0.150767,0.07084873,0.25458825,0.010078999,0.098027624,0.009269348,0.028979557,0.03125809,0.15077882,0.00639006,0.048789848
TGCAGGCCACTCGATA-1,Insertion_Insertion,Insertion_Insertion,0.052559093,0.11015908,0.017251499,0.010624465,0.23523645,0.056275338,0.2123731,0.008370243,0.12909372,0.00614195,0.03909352,0.015760945,0.036694076,0.0068902015,0.06347633
CTCCTTTAGAATCGCG-1,MMEJ-Deletion_NHEJ-Deletion,HDR_WT,0.02339713,0.037911423,0.011756778,0.23073094,0.053037275,0.046769403,0.073599234,0.0064200046,0.21348746,0.005050401,0.007824658,0.023891613,0.08776367,0.004208909,0.17415106
GTATTTCCATGCGTGC-1,Insertion_NHEJ-Deletion,Insertion_Insertion,0.120109506,0.10862572,0.06584553,0.015557562,0.18964973,0.04116099,0.15826638,0.022853946,0.09496457,0.0062134736,0.029861307,0.014444642,0.08069094,0.018159777,0.033595946
AAGTTCGAGTTACGTC-1,NHEJ-Deletion_NHEJ-Deletion,Insertion_NHEJ-Deletion,0.07257568,0.080955975,0.010408401,0.019647898,0.1613133,0.063128665,0.1813809,0.024759239,0.12169008,0.010195368,0.042069167,0.012283141,0.122932605,0.004981926,0.07167763
GAGACCCGTGCAATAA-1,Insertion_Insertion,Insertion_Insertion,0.017141603,0.06357332,0.017256629,0.07520155,0.18195683,0.039811157,0.1463478,0.010054865,0.180437,0.010074686,0.019860566,0.03844742,0.085199766,0.0088532,0.10578363
CTGAGCGTCCGCGATG-1,Insertion_Insertion,Insertion_NHEJ-Deletion,0.011860721,0.08060569,0.03633398,0.015969895,0.13026467,0.030091302,0.3433205,0.0076976083,0.078557216,0.007407184,0.027923808,0.013323264,0.10963925,0.0154421525,0.09156278
TAGGTACAGCCTCACG-1,MMEJ-Deletion_MMEJ-Deletion,HDR_HDR,0.24744394,0.07112399,0.045865886,0.056912065,0.11317921,0.086234264,0.0392708,0.012554537,0.053627793,0.011421539,0.04603718,0.036025707,0.09856981,0.0053913826,0.07634195
TCTTGCGCATGGGTCC-1,Insertion_NHEJ-Deletion,Insertion_Insertion,0.013691707,0.1495563,0.019499613,0.030120157,0.17803134,0.082774825,0.16422297,0.013614481,0.11723836,0.009003119,0.02402017,0.013169462,0.060587008,0.0058780517,0.118592426
GCCAACGTCTTGGAAC-1,Insertion_NHEJ-Deletion,Insertion_Insertion,0.07015054,0.10563869,0.040367015,0.011093676,0.20185326,0.05429903,0.17174615,0.0081505,0.1310775,0.0034334722,0.019572163,0.029470142,0.080372185,0.0073447707,0.06543088
CTACGGGTCCCTCATG-1,Insertion_MMEJ-Deletion,Insertion_Insertion,0.042616215,0.123407915,0.017121691,0.093111865,0.21870212,0.059683945,0.12804647,0.011042383,0.12615915,0.0123508675,0.049431156,0.02095147,0.034987826,0.012832186,0.049554754
TCACTCGCACGTGTGC-4,HDR_WT,Insertion_NHEJ-Deletion,0.035104565,0.054941062,0.036807954,0.022954812,0.18548638,0.04432026,0.19638057,0.00745978,0.16693263,0.016699584,0.012958222,0.02383488,0.108161375,0.006455393,0.08150254
TCATGTTCACTGGCCA-1,Insertion_Insertion,Insertion_Insertion,0.063336186,0.05339327,0.057966184,0.08362625,0.22040449,0.03939885,0.082501955,0.014534312,0.099086635,0.013132824,0.011366959,0.046158362,0.06261659,0.009966036,0.14251107
TGTGAGTTCATTTGTC-1,HDR_WT,Insertion_WT,0.054410353,0.03837583,0.059550706,0.045877956,0.11354862,0.048187338,0.08708731,0.0060316916,0.24426809,0.013085166,0.010765084,0.07435411,0.09579905,0.007426301,0.101232335
GGGCCATGTCTTACTT-1,MMEJ-Deletion_WT,NHEJ-Deletion_NHEJ-Deletion,0.015996218,0.09693783,0.033695996,0.018729072,0.092300475,0.05049023,0.1599836,0.046189982,0.11306383,0.016728386,0.03917378,0.018435434,0.17311391,0.010124555,0.11503666
CATGGATTCACACCCT-4,Insertion_WT,Insertion_WT,0.013113283,0.11864228,0.012577915,0.011596319,0.11634209,0.048223477,0.16309269,0.016283715,0.16471449,0.0075743296,0.02872592,0.03296427,0.11637596,0.0091985855,0.14057465
ACAGCCGCAAGAATAC-1,Insertion_MMEJ-Deletion,Insertion_Insertion,0.11482078,0.06112527,0.035482515,0.054730967,0.17350072,0.08351192,0.13759102,0.008384345,0.12892981,0.008284657,0.024816604,0.041110534,0.07194441,0.0051986976,0.050567742
AGGACGATCTCTCTAA-1,Insertion_Insertion,Insertion_NHEJ-Deletion,0.08534761,0.107747234,0.022007694,0.0082564475,0.17325331,0.09722282,0.22261903,0.0149089135,0.10845713,0.021370681,0.022193624,0.028547069,0.04787726,0.007829324,0.032361872
AACGAAATCCCGTGTT-4,MMEJ-Deletion_NHEJ-Deletion,Insertion_WT,0.05985666,0.10508795,0.043761898,0.0105942525,0.17190169,0.056586776,0.13229358,0.008930384,0.18698417,0.0069050207,0.036215596,0.038686424,0.07598205,0.01291556,0.05329796
TACCTGCAGCTCCATA-1,Insertion_Insertion,Insertion_WT,0.04362516,0.041853473,0.01782118,0.03324967,0.149515,0.04458709,0.240126,0.0075924024,0.24922797,0.0041335193,0.01438219,0.011328636,0.0703826,0.003986138,0.068188995
ATTTACCTCCACTGAA-1,Insertion_Insertion,Insertion_WT,0.078816324,0.045091946,0.033246625,0.0361549,0.1516852,0.028678246,0.14193465,0.03453721,0.2025415,0.008818695,0.014461003,0.057327084,0.107792355,0.010659012,0.04825528
ATGAAAGGTTTCCCAC-1,Insertion_WT,Insertion_WT,0.017994476,0.06868269,0.037036534,0.07000117,0.0847056,0.058420513,0.1337715,0.012605403,0.23969652,0.012764303,0.009241815,0.08858418,0.07549701,0.003215061,0.08778324
CGGCAGTAGCTAGCCC-1,Insertion_Insertion,Insertion_Insertion,0.11042561,0.07432564,0.061432492,0.06035449,0.2143116,0.070879735,0.12285553,0.013995771,0.07317388,0.009599546,0.042671144,0.024362998,0.05350466,0.008806515,0.059300397
ATCCATTAGCCACTCG-1,NHEJ-Deletion_NHEJ-Deletion,NHEJ-Deletion_WT,0.021667153,0.033612948,0.016893514,0.19688563,0.086590685,0.042027276,0.047501035,0.007380907,0.201356,0.015641276,0.007956573,0.054344133,0.0524426,0.004061652,0.21163867
TCGCTCAAGTCTAACC-1,Insertion_WT,Insertion_WT,0.026902864,0.042692594,0.04094597,0.03230179,0.08528807,0.030835183,0.13720085,0.009331643,0.304509,0.009278645,0.013626136,0.021448486,0.100272015,0.0042624907,0.14110424
AGCATCACATAGAGGC-1,Insertion_NHEJ-Deletion,Insertion_Insertion,0.033839807,0.0771119,0.034019012,0.034429416,0.1875331,0.09243433,0.18035938,0.011234111,0.13832015,0.0053639663,0.026973156,0.017504122,0.09512387,0.0037106876,0.062042966
GCGAGAAAGAATACAC-1,Insertion_Insertion,Insertion_NHEJ-Deletion,0.02711088,0.0835998,0.033193786,0.07471169,0.12700619,0.021239374,0.2239481,0.0116987685,0.12573072,0.0050888862,0.040406983,0.011952704,0.10364237,0.0048890007,0.10578079
GGAACCCAGTGATCGG-4,Insertion_SV,Insertion_Insertion,0.03052128,0.07864426,0.083789654,0.010043195,0.1644515,0.051839728,0.15790042,0.015503078,0.056127112,0.055942148,0.029464254,0.028294044,0.14822356,0.017214483,0.07204131
AAACCCAGTGGTCCCA-1,Insertion_MMEJ-Deletion,Insertion_Insertion,0.026612172,0.1589768,0.027882347,0.04003463,0.1888045,0.10913439,0.13320406,0.018301986,0.120032966,0.0049712984,0.033401947,0.0059532295,0.072358236,0.009125918,0.051205512
CCGGACAAGTAGATCA-4,Insertion_Insertion,Insertion_Insertion,0.030833337,0.11614545,0.022793248,0.016098462,0.24054606,0.05324576,0.179406,0.0054562674,0.15569961,0.0063432464,0.031143432,0.03850659,0.061524387,0.007733847,0.0345243
GTATTGGGTGACAACG-1,Insertion_WT,Insertion_WT,0.030957375,0.10594011,0.054547593,0.031014407,0.0984053,0.064376354,0.14522338,0.008054633,0.19607562,0.004333083,0.012806768,0.048229042,0.08083201,0.0030812488,0.11612312
CCCTCAATCATCGCCT-4,Insertion_NHEJ-Deletion,Insertion_NHEJ-Deletion,0.010135113,0.04270997,0.011293218,0.009613761,0.22048698,0.092848465,0.24515001,0.005885796,0.17146991,0.0043940004,0.012251333,0.005254229,0.11082518,0.0036228402,0.054059204
CGACAGCAGGGTGGGA-1,Insertion_NHEJ-Deletion,Insertion_Insertion,0.05080714,0.0521685,0.025170157,0.047818366,0.22545789,0.08799545,0.17878167,0.01414998,0.10457915,0.015577586,0.03748074,0.010505418,0.102525994,0.0052696583,0.041712243
GTAGGTTTCCTGATAG-1,HDR_HDR,Insertion_Insertion,0.08545231,0.10923746,0.02131132,0.035113316,0.13341251,0.063124575,0.121033,0.007939517,0.11346394,0.015108108,0.015881183,0.050098453,0.11120698,0.014970067,0.10264729
AGCTCAAAGTGGATAT-4,Insertion_WT,Insertion_WT,0.01649129,0.06153715,0.028684061,0.062239334,0.09733286,0.027793229,0.09902535,0.006909232,0.3257597,0.0032084722,0.019552242,0.08178758,0.04933543,0.003316809,0.11702728
CTCAATTAGCATCCCG-1,MMEJ-Deletion_NHEJ-Deletion,Insertion_Insertion,0.10184679,0.07567072,0.013014344,0.007947035,0.29274485,0.06430258,0.09611409,0.013065613,0.108898,0.011693536,0.0459936,0.011389072,0.09252072,0.010327459,0.054471593
GACTATGCAATAACGA-1,HDR_HDR,HDR_WT,0.103354394,0.09729049,0.022316853,0.1694954,0.11011872,0.035584904,0.06327471,0.012560885,0.08354331,0.01542842,0.019650754,0.029970663,0.089607246,0.011844263,0.13595901
AGATCCATCCAGTGTA-1,Insertion_NHEJ-Deletion,HDR_HDR,0.14610934,0.053418055,0.023399012,0.05664515,0.11224375,0.042139776,0.11973157,0.008893371,0.13688877,0.012072859,0.023232155,0.035460245,0.09144654,0.006605714,0.1317137
GAGGGATAGTGCGCTC-4,NHEJ-Deletion_WT,Insertion_NHEJ-Deletion,0.012000812,0.04278696,0.034682453,0.009990729,0.19856666,0.045591895,0.21430293,0.009707213,0.1662124,0.0053337896,0.019064697,0.052269496,0.08310054,0.003659451,0.10273001
TTTCGATTCTGCGGAC-1,Insertion_Insertion,Insertion_NHEJ-Deletion,0.030507129,0.056611672,0.046419118,0.017359992,0.189184,0.026840925,0.20538646,0.009564649,0.17644055,0.0080059115,0.008528885,0.03611196,0.083992586,0.0031450929,0.1019011
ATTTCTGCATCGGCCA-4,MMEJ-Deletion_NHEJ-Deletion,Insertion_NHEJ-Deletion,0.070259765,0.03958154,0.03170931,0.011879456,0.18799001,0.042052772,0.20991245,0.016418682,0.14747077,0.0048714196,0.02393166,0.030995486,0.11977033,0.00403814,0.059118133
GTTGTAGGTAGAATGT-4,Insertion_WT,Insertion_NHEJ-Deletion,0.022225691,0.07621645,0.050468,0.017115196,0.16778384,0.0602299,0.24350207,0.01276,0.08164782,0.00695341,0.023331119,0.017196955,0.1351117,0.005199959,0.080257915
GACTCTCTCGGACAAG-1,Insertion_Insertion,Insertion_WT,0.031507455,0.0968999,0.033789005,0.046902627,0.09910889,0.065015204,0.12256022,0.0103276335,0.19219774,0.013497845,0.035713714,0.017668549,0.10542282,0.007359556,0.12202886
TTCAATCCAGCAGTCC-1,Insertion_MMEJ-Deletion,Insertion_Insertion,0.07691525,0.08062386,0.02677903,0.018508786,0.20965889,0.03678227,0.12902306,0.008687855,0.17508067,0.01873505,0.01485939,0.015923705,0.12479658,0.005569604,0.058056045
CCTCAGTCAGATCCTA-4,Insertion_Insertion,Insertion_Insertion,0.021841878,0.061950553,0.02090579,0.010760394,0.2616736,0.06841157,0.2105008,0.018181428,0.12974152,0.006217379,0.012405833,0.017332112,0.07518703,0.0075083324,0.07738178
TCTCTGGAGAGGCTGT-1,HDR_Insertion,Insertion_Insertion,0.057535358,0.08260209,0.015027319,0.13472533,0.21337204,0.047293235,0.094044045,0.0085674785,0.16218778,0.014215824,0.014578074,0.030764993,0.05733917,0.0037416255,0.06400566
GTCACGGCAGTGTGGA-1,Insertion_NHEJ-Deletion,Insertion_WT,0.021331597,0.05844677,0.018010713,0.033312332,0.17705403,0.04087529,0.15582256,0.0084104445,0.18487456,0.0049053757,0.054008476,0.009901789,0.14647046,0.003344617,0.08323099
GCAACATGTAAGATTG-1,Insertion_NHEJ-Deletion,Insertion_Insertion,0.044362262,0.051400244,0.016456487,0.0067966105,0.3450485,0.045571227,0.20980556,0.0034978397,0.16874401,0.009534314,0.02038796,0.011327927,0.02844999,0.0030223713,0.03559471
TTCCGTGGTGTCTTCC-1,HDR_Insertion,Insertion_WT,0.094928235,0.054554887,0.020864254,0.08747994,0.077927746,0.057096206,0.08803277,0.0074892817,0.29426375,0.0049533253,0.012745148,0.040767334,0.04859294,0.0030166777,0.107287504
TGTGTGATCCTCGCAT-1,HDR_NHEJ-Deletion,HDR_WT,0.0392306,0.12019361,0.018795045,0.23845087,0.08632816,0.058768157,0.099919885,0.007895442,0.120772354,0.0080605345,0.028749274,0.015243647,0.08207474,0.00523424,0.07028347
ATCGTAGGTTCCTAGA-1,Insertion_WT,Insertion_WT,0.12589099,0.049826156,0.013561189,0.0669223,0.13910091,0.018085815,0.097743824,0.0074737524,0.32680783,0.0062092054,0.030549115,0.033635274,0.042405944,0.0031960623,0.038591642
GGGTCACAGCTCTGTA-4,HDR_Insertion,Insertion_NHEJ-Deletion,0.06429269,0.06337164,0.020867249,0.022361103,0.17331676,0.040380217,0.23379624,0.0073535927,0.06349024,0.009963539,0.02493303,0.010248732,0.16694522,0.02153419,0.077145584
AGAAGTAAGTAGGTTA-1,Insertion_NHEJ-Deletion,Insertion_NHEJ-Deletion,0.029344397,0.051098254,0.042688683,0.018160483,0.19682121,0.05946721,0.23198451,0.016965041,0.10961038,0.0070463866,0.028125212,0.055433203,0.09268656,0.0025871338,0.057981305
GTGAGCCAGTTTGCTG-1,Insertion_Insertion,Insertion_Insertion,0.06534325,0.05903558,0.029502193,0.026106957,0.24284568,0.042545877,0.1483897,0.022290932,0.12928192,0.0069752643,0.03822266,0.046465456,0.050067455,0.0027554075,0.09017158
AGTACCAGTTAGAGAT-1,Insertion_NHEJ-Deletion,Insertion_Insertion,0.029429128,0.056161173,0.035838112,0.021772709,0.24749455,0.06419273,0.24538045,0.009467917,0.093260564,0.006205147,0.029625794,0.020002162,0.098775044,0.0114965215,0.030897949
TCCTTCTCAAGGCAAC-1,Insertion_WT,Insertion_NHEJ-Deletion,0.009890874,0.058251947,0.01696995,0.038966652,0.089969896,0.06118966,0.30347797,0.00843718,0.12203273,0.00852164,0.02708486,0.02595214,0.037520226,0.0034900827,0.18824421
GATTGGTAGGAACTAT-1,NHEJ-Deletion_SV,NHEJ-Deletion_WT,0.038381528,0.14575827,0.023456931,0.017694088,0.13846004,0.04063351,0.12073936,0.020539712,0.07901471,0.009746353,0.043700773,0.024898972,0.11075462,0.0059488015,0.18027231
CAACCTCGTATGGTAA-1,NHEJ-Deletion_SV,NHEJ-Deletion_NHEJ-Deletion,0.045401152,0.065269664,0.04913384,0.03827627,0.118866146,0.07356749,0.11899014,0.04102709,0.09701075,0.012646626,0.046256747,0.011147624,0.21136245,0.016246775,0.054797277
TAGCACATCCCGTTCA-1,HDR_WT,HDR_HDR,0.16187601,0.06060113,0.040330186,0.038463075,0.15254913,0.061619192,0.07508534,0.019110745,0.088080816,0.0072562513,0.057699025,0.019987071,0.08748012,0.040034655,0.08982727
CTAGGTACAGCAGTGA-4,Insertion_WT,NHEJ-Deletion_WT,0.010011685,0.056663204,0.021449003,0.044440012,0.074041426,0.02110152,0.16511062,0.009423563,0.19910046,0.01379439,0.017193707,0.04334344,0.07314185,0.0037207564,0.24746436
CAAGCTACAGCGGATA-1,Insertion_WT,Insertion_Insertion,0.054342814,0.095698625,0.041533425,0.035167363,0.23359254,0.08226542,0.1635719,0.007036522,0.10742815,0.006193433,0.023037529,0.014948674,0.09434848,0.0059894226,0.034845732
TCCGTGTCAGCGGTCT-1,HDR_Insertion,Insertion_Insertion,0.02482827,0.086312145,0.047142107,0.01208632,0.2858194,0.06523973,0.2050384,0.005255402,0.098454766,0.011284359,0.01835571,0.032285962,0.067480944,0.003939537,0.036476932
GCTGAATAGACCACGA-4,Insertion_Insertion,Insertion_NHEJ-Deletion,0.01849663,0.04742652,0.038252644,0.020979868,0.15221511,0.029541694,0.2530614,0.012320061,0.18018906,0.0039052758,0.02768714,0.033026256,0.07817879,0.0042902557,0.100429304
CGTGTCTGTCGGTACC-1,Insertion_NHEJ-Deletion,Insertion_NHEJ-Deletion,0.019028304,0.04179446,0.03764484,0.05154558,0.17971109,0.05362949,0.25704324,0.013488496,0.17511107,0.009477557,0.031435404,0.02470761,0.03923815,0.004860315,0.061284393
ACTGCAATCCATCACC-1,HDR_NHEJ-Deletion,Insertion_WT,0.040313166,0.1521036,0.013715753,0.011159517,0.17534417,0.05732862,0.10959173,0.009289612,0.2732707,0.00651258,0.018652432,0.017476456,0.067321666,0.005168227,0.0427518
TCACTCGAGCTAAATG-1,HDR_NHEJ-Deletion,NHEJ-Deletion_NHEJ-Deletion,0.14974838,0.077125855,0.043169964,0.054275304,0.18829268,0.06423955,0.06705801,0.0060474062,0.06122886,0.01077111,0.019273046,0.025877735,0.19049762,0.0056982427,0.036696214
CATACAGTCTCTGCTG-4,NHEJ-Deletion_WT,Insertion_WT,0.010991184,0.0507834,0.028884675,0.056895666,0.05479384,0.028540911,0.15720502,0.00930064,0.32866025,0.0051667457,0.022793708,0.078144364,0.042745665,0.0012973363,0.123796605
TCTGTCGCATTGAGGG-1,NHEJ-Deletion_WT,Insertion_Insertion,0.022158686,0.035852563,0.023115356,0.085045576,0.25497937,0.06348992,0.13127193,0.031281788,0.18574284,0.004117011,0.020898374,0.010164265,0.0741602,0.0067008664,0.05102123
TTCATTGGTGCTTATG-1,HDR_WT,Insertion_WT,0.012902121,0.07153285,0.055794653,0.026597582,0.18346547,0.032907866,0.1351041,0.017525464,0.18469484,0.004962253,0.029649502,0.020412864,0.12516949,0.005656419,0.09362452
GCAGCTGCAGAATCGG-4,MMEJ-Deletion_NHEJ-Deletion,Insertion_Insertion,0.065670475,0.08136045,0.024844933,0.0069693127,0.24667193,0.09679766,0.14995421,0.011449978,0.08025774,0.023256293,0.0456456,0.027514292,0.08413324,0.007368315,0.048105612
TGGAGAGAGCCACCGT-4,Insertion_SV,Insertion_NHEJ-Deletion,0.06597694,0.044755794,0.022975756,0.024204314,0.09237612,0.09413793,0.16000634,0.048082322,0.09389726,0.030450456,0.017041348,0.037502497,0.12971824,0.009414455,0.1294602
CTCATGCTCTGTGTGA-1,Insertion_NHEJ-Deletion,Insertion_Insertion,0.01817938,0.08086383,0.044531815,0.010928416,0.289369,0.069528736,0.21550559,0.007141758,0.08216894,0.0065047257,0.035273198,0.01376927,0.071958765,0.005099226,0.049177393
CCGTAGGAGACTTCCA-1,HDR_HDR,Insertion_NHEJ-Deletion,0.04048035,0.06359419,0.035072993,0.0302872,0.11595236,0.04907265,0.2167916,0.012598539,0.13168171,0.026401613,0.010509358,0.039256357,0.13371849,0.008348883,0.08623373
TCACAAGCACAGTGTT-1,NHEJ-Deletion_NHEJ-Deletion,Insertion_Insertion,0.038853195,0.04201518,0.023670955,0.015502451,0.1772858,0.06659593,0.1767835,0.018120928,0.167888,0.015405101,0.042164624,0.05656874,0.07208336,0.003958046,0.08310421
TGGGCGTGTCAAGCCC-4,NHEJ-Deletion_WT,NHEJ-Deletion_WT,0.01002212,0.030964684,0.027497703,0.04016363,0.084604405,0.025969166,0.17146093,0.016166069,0.20610371,0.008254139,0.019980576,0.01614128,0.10675838,0.0034227017,0.23249048
TGTCCTGGTGTCTTCC-1,Insertion_Insertion,Insertion_Insertion,0.14856608,0.14169812,0.021221777,0.051099595,0.20711951,0.07084724,0.04761251,0.017556438,0.052322157,0.0092184385,0.016522426,0.02416179,0.10640806,0.013230749,0.072415136
TGCAGTAAGCAGTAAT-1,HDR_Insertion,Insertion_Insertion,0.057900805,0.13208622,0.04812464,0.020456798,0.17835163,0.042042952,0.14885128,0.013063096,0.09763982,0.008886979,0.0409843,0.041764405,0.0711924,0.0073932004,0.09126148
TGCGATAGTAACATAG-1,Insertion_Insertion,Insertion_NHEJ-Deletion,0.04901539,0.08172349,0.07054447,0.041220963,0.13912672,0.05044246,0.14886652,0.016371194,0.10677711,0.018369295,0.016038429,0.018024307,0.14348719,0.02476026,0.07523221
CCTCATGGTGAGTAAT-1,Insertion_MMEJ-Deletion,Insertion_WT,0.058423974,0.13417745,0.048107788,0.0702241,0.09650162,0.034341782,0.16556309,0.016272329,0.17322475,0.008053497,0.014051261,0.024743391,0.06574945,0.009931083,0.08063447
GTACAGTGTGTAGCAG-1,HDR_Insertion,Insertion_Insertion,0.08885809,0.047433414,0.04341732,0.006723147,0.35646194,0.03970647,0.18118313,0.011477005,0.083807394,0.006630093,0.018210312,0.008827217,0.049359687,0.0025989928,0.055305786
TGTTGGAGTCTGATAC-1,Insertion_Insertion,Insertion_Insertion,0.14575508,0.05164655,0.020060644,0.072082326,0.22471265,0.04350839,0.06569265,0.0121270465,0.13592085,0.0078077186,0.026378766,0.034552466,0.056328084,0.012361224,0.09106552
TTCATTGCAGTCGCAC-1,HDR_HDR,HDR_HDR,0.21573891,0.080929816,0.035190426,0.09226868,0.14292288,0.048274577,0.057513908,0.021035183,0.088856414,0.006206394,0.011257532,0.023487214,0.08930959,0.006928535,0.080079935
GACCTTCAGCAATAAC-1,Insertion_Insertion,Insertion_WT,0.071563415,0.03128422,0.020856746,0.14045018,0.09888742,0.04444484,0.092563026,0.010352264,0.20165181,0.010331979,0.012479801,0.03704144,0.09499723,0.014291256,0.1188044
TGCGGGTTCCGTACGG-1,Insertion_Insertion,Insertion_Insertion,0.08772617,0.032532956,0.06460832,0.010021336,0.23530753,0.06863976,0.18197882,0.0093078,0.12732297,0.0053561386,0.024602992,0.0067843962,0.10177968,0.004896241,0.039134827
ATCGCCTAGGCTAGCA-1,Insertion_WT,Insertion_Insertion,0.057747953,0.07973223,0.015129423,0.015113725,0.382084,0.05484699,0.10295556,0.011553479,0.12368504,0.004369666,0.007384658,0.033759054,0.07167829,0.0032408345,0.036719088
AACTTCTTCATTCGGA-1,Insertion_NHEJ-Deletion,Insertion_NHEJ-Deletion,0.042200513,0.061157394,0.045537103,0.024491996,0.15411602,0.059618145,0.20084447,0.014923543,0.15779874,0.006288885,0.026585322,0.02738756,0.10691535,0.0050445604,0.067090444
GTCTAGACACGCACCA-1,Insertion_Insertion,Insertion_Insertion,0.03869484,0.06358618,0.0109478645,0.005351636,0.49859905,0.041105717,0.18110391,0.0038228147,0.07531511,0.002902614,0.00747542,0.005090312,0.036813162,0.0013534178,0.027837947
TACCCGTGTTAGGCCC-1,NHEJ-Deletion_WT,Insertion_WT,0.017771196,0.03856987,0.02559133,0.036774006,0.15694101,0.037022937,0.2074574,0.007120064,0.26048747,0.005616129,0.021948148,0.023257574,0.036983825,0.0017872198,0.12267186
TCTCAGCTCTGCCTGT-4,Insertion_WT,Insertion_NHEJ-Deletion,0.014582684,0.05363364,0.02887932,0.014863556,0.16927126,0.045002867,0.2886638,0.0056681284,0.08915842,0.0033553643,0.03375208,0.016107718,0.11417486,0.002374155,0.12051216
TCGCTTGGTATGCGGA-1,HDR_Insertion,Insertion_Insertion,0.016897867,0.058826324,0.017540518,0.046936706,0.18083008,0.081222765,0.16490404,0.0058319876,0.14095043,0.006281135,0.017474174,0.036538552,0.1122788,0.0054051233,0.10808149
AGCGCCAAGTGTACCT-4,Insertion_WT,Insertion_WT,0.02073541,0.04050914,0.043768957,0.057571806,0.09498473,0.037698604,0.15919466,0.016611613,0.19205175,0.011134335,0.016561722,0.033271894,0.08366731,0.0070908633,0.18514718
AAGCGAGGTGAAGCTG-1,NHEJ-Deletion_NHEJ-Deletion,HDR_HDR,0.16036214,0.12836628,0.025649276,0.02461036,0.10431894,0.08768488,0.12301743,0.011777135,0.10122796,0.011010556,0.0251009,0.035972815,0.09358124,0.012682148,0.054637946
ATTGTTCTCCGTACGG-1,Insertion_Insertion,NHEJ-Deletion_NHEJ-Deletion,0.017492976,0.068233415,0.02811404,0.013250946,0.18133608,0.038870692,0.15081754,0.034817267,0.14545876,0.006572042,0.01599535,0.023328707,0.18993391,0.0049874685,0.0807908
CTGTCGTAGGTTCATC-1,MMEJ-Deletion_WT,Insertion_WT,0.036241375,0.04922875,0.033631682,0.057249203,0.10754829,0.062197633,0.12528981,0.0070554568,0.25963616,0.010072817,0.042974044,0.044014335,0.070568115,0.004871363,0.08942097
GTACAGTAGTATGAAC-1,Insertion_WT,NHEJ-Deletion_WT,0.007572114,0.0397221,0.013971238,0.06027491,0.14992581,0.030637316,0.15119268,0.0031484978,0.17080905,0.0036205912,0.058306582,0.024129346,0.078895964,0.0032749455,0.20451884
ACAGCCGGTAGACAGC-1,Insertion_WT,Insertion_Insertion,0.01730871,0.060311966,0.03200212,0.04911427,0.22330935,0.04369958,0.14623182,0.004874247,0.22098087,0.0057843267,0.013134457,0.022987159,0.10054309,0.0018656281,0.05785235
ACTTTGTCAGGCTCTG-4,Insertion_Insertion,Insertion_Insertion,0.024693277,0.0636236,0.029063076,0.011229005,0.38774535,0.050482035,0.16681682,0.0094570955,0.103781946,0.006354825,0.017992934,0.015368432,0.035939205,0.0023426078,0.07510978
AGATAGACAATTCACG-4,Insertion_NHEJ-Deletion,Insertion_WT,0.010794633,0.063711494,0.060417946,0.08178622,0.13074893,0.07806436,0.14205588,0.007194527,0.17945758,0.0039261193,0.013849482,0.016229277,0.055998374,0.0028429127,0.15292229
ATTCGTTGTCAGGTAG-4,Insertion_WT,Insertion_WT,0.009419153,0.053565357,0.050763812,0.04835033,0.098906256,0.04874213,0.13474527,0.004569254,0.32822803,0.0056304736,0.0235735,0.038346242,0.04020096,0.0023972692,0.11256193
TGGTTAGCACAATGCT-1,Insertion_SV,Insertion_WT,0.04213889,0.05908106,0.021776175,0.049048945,0.12138728,0.045793723,0.1021552,0.016384225,0.32321993,0.0037478236,0.014075647,0.045888677,0.06409209,0.013807112,0.07740322
ACGTAGTGTTGACGGA-1,Insertion_WT,Insertion_Insertion,0.016772049,0.06877015,0.040041756,0.08394524,0.25550368,0.04538619,0.14567795,0.006306627,0.11206796,0.006983728,0.03149879,0.032136098,0.07093173,0.0077420515,0.076235995
TCGGGTGTCAGCAGAG-1,Insertion_Insertion,Insertion_NHEJ-Deletion,0.014578119,0.061180957,0.021536477,0.016149709,0.10635228,0.072862454,0.24716666,0.003671927,0.18359198,0.004598371,0.016577162,0.03820817,0.09889117,0.008455916,0.10617864
CTCCATGCACGACAGA-4,Insertion_Insertion,Insertion_Insertion,0.04282275,0.102063805,0.034759656,0.051886965,0.15592927,0.057045933,0.15039417,0.021754574,0.069800355,0.011157176,0.04145152,0.0150628425,0.13106093,0.01546293,0.09934714
GGGACCTAGGTCGTGA-4,MMEJ-Deletion_NHEJ-Deletion,Insertion_WT,0.016148962,0.042461783,0.037732027,0.026264256,0.11432461,0.054601386,0.09202763,0.012485266,0.2417796,0.0044262027,0.034284316,0.03714758,0.07598999,0.006046702,0.20427965
ATGATCGCATAGGTTC-4,Insertion_WT,NHEJ-Deletion_WT,0.049435563,0.0741614,0.030964896,0.019095346,0.17110902,0.05382113,0.11645535,0.009040562,0.1064764,0.024113936,0.01619876,0.040985428,0.08989443,0.007370099,0.19087772
CATCAAGTCATTCGGA-1,HDR_Insertion,Insertion_WT,0.031511933,0.057234112,0.0354921,0.02875192,0.1724741,0.03666167,0.14248873,0.012549558,0.23252721,0.009488295,0.03066023,0.038376532,0.083490804,0.0033429007,0.08494994
GACTATGAGTTCCGTA-1,Insertion_Insertion,Insertion_WT,0.08621743,0.07095752,0.013618316,0.037842087,0.15761347,0.04391067,0.13577,0.017677544,0.21622738,0.0049813166,0.025291473,0.027086372,0.10837629,0.010357143,0.04407299
CTATAGGTCCAGCTCT-1,NHEJ-Deletion_WT,Insertion_WT,0.103638925,0.031949412,0.02098083,0.06283454,0.14119045,0.061631557,0.109813906,0.0086359205,0.16172813,0.012063677,0.017587412,0.050194543,0.07009618,0.007651067,0.14000346
CAAGGGACAGCTGTTA-1,Insertion_WT,NHEJ-Deletion_NHEJ-Deletion,0.039306443,0.1045213,0.026224405,0.052388966,0.14104937,0.04335456,0.16047424,0.010155162,0.087124094,0.00971161,0.039655045,0.019033948,0.16637546,0.008142908,0.09248252
ACTTTCACACCAGCGT-1,Insertion_MMEJ-Deletion,Insertion_Insertion,0.07481229,0.09153558,0.020340627,0.017632732,0.1900831,0.116023816,0.12559079,0.018215323,0.08614925,0.009904151,0.021475313,0.013141296,0.15589036,0.0051044254,0.05410094
CGTCAAACACAAGTTC-1,HDR_Insertion,Insertion_Insertion,0.066607974,0.09243881,0.03366593,0.021662014,0.2768186,0.06332718,0.15800694,0.0045736004,0.12237056,0.009731171,0.020087551,0.031387556,0.060819753,0.0027423303,0.035760064
AGGCTGCCAAACTAAG-4,Insertion_Insertion,Insertion_Insertion,0.044774443,0.0772435,0.011830893,0.003778567,0.3267138,0.039809868,0.19269936,0.006306767,0.17311339,0.00970746,0.00677806,0.020380469,0.055852443,0.0032730943,0.02773785
TCACGCTCAGCGAGTA-1,Insertion_NHEJ-Deletion,Insertion_WT,0.028756063,0.045803826,0.021836523,0.050442975,0.088597685,0.05899489,0.18686847,0.01246336,0.24689543,0.011340259,0.036555417,0.029566588,0.09231082,0.011808858,0.07775884
GGCACGTAGCGACTGA-1,Insertion_MMEJ-Deletion,HDR_HDR,0.22048077,0.06598429,0.02505131,0.020815557,0.11693875,0.084063105,0.083946444,0.01158431,0.20234771,0.0045177294,0.014448437,0.008191961,0.079930216,0.013373551,0.048325878
CTCAACCGTCGTTTCC-1,Insertion_Insertion,Insertion_Insertion,0.0468329,0.045108628,0.02062143,0.06693059,0.21786617,0.055740956,0.15890336,0.027130073,0.14289413,0.008756099,0.013368313,0.029220233,0.08514219,0.0038088246,0.07767614
TCAAGCAGTACGAGCA-1,MMEJ-Deletion_WT,NHEJ-Deletion_WT,0.044392016,0.080919236,0.038051806,0.013350745,0.1537035,0.032096405,0.13978516,0.03048089,0.10519604,0.0198854,0.026620023,0.049935248,0.092144996,0.008537422,0.16490117
ACCTACCAGGTTGGTG-1,HDR_Insertion,Insertion_Insertion,0.09034183,0.0836762,0.024683451,0.006273168,0.23541191,0.054560214,0.08992665,0.0041657737,0.20249908,0.0129889045,0.028751303,0.07113269,0.06190306,0.011264257,0.022421528
GGAAGTGCACAGAAGC-1,HDR_HDR,HDR_HDR,0.14884695,0.057282932,0.020484455,0.10392589,0.13621923,0.052357037,0.07546847,0.02436986,0.12101259,0.008028652,0.008602804,0.081321545,0.0970341,0.009960527,0.055084966
GTGGCGTCATCCGTTC-1,Insertion_Insertion,HDR_WT,0.053109236,0.073619686,0.013065117,0.14997275,0.122092806,0.075098306,0.06929202,0.014082014,0.1474938,0.017093059,0.02081303,0.08800685,0.08508015,0.014968571,0.05621258
GAGACCCTCGCTCATC-1,Insertion_WT,Insertion_NHEJ-Deletion,0.014132609,0.1037234,0.027431,0.030748,0.10960934,0.035459485,0.23658898,0.017995793,0.18386717,0.0037868677,0.0081941895,0.0094945235,0.093762875,0.014981767,0.11022396
CCAATGAGTCATAACC-1,Insertion_Insertion,Insertion_NHEJ-Deletion,0.048536558,0.10638034,0.030295141,0.045515634,0.15880005,0.057808317,0.166476,0.029650204,0.081087165,0.018747443,0.033989366,0.016949786,0.11521993,0.01654985,0.0739942
CAATACGAGAATAGTC-4,MMEJ-Deletion_NHEJ-Deletion,Insertion_WT,0.014866055,0.07007464,0.020445257,0.105307974,0.10234021,0.025539754,0.16089864,0.007981366,0.30594215,0.0049717873,0.024831444,0.013001195,0.06504619,0.0053793844,0.07337397
TTCATGTGTTCCCACT-1,Insertion_WT,Insertion_WT,0.03282726,0.06070485,0.035487466,0.025668548,0.17304687,0.05959088,0.17220813,0.01729589,0.1734141,0.010566387,0.023744037,0.013706319,0.06492342,0.006024331,0.1307915
TAGGGTTCAGTATGAA-4,Insertion_MMEJ-Deletion,Insertion_Insertion,0.02050795,0.075634,0.065064035,0.030950965,0.18316102,0.05490411,0.15776423,0.013103573,0.1603807,0.014421403,0.034860693,0.019416125,0.09370544,0.0022899911,0.07383574
TACACCCCACGAGAAC-1,MMEJ-Deletion_NHEJ-Deletion,HDR_WT,0.03240476,0.042856563,0.012096032,0.2590317,0.100437686,0.035502475,0.119550966,0.011932367,0.14266568,0.0058374116,0.010756125,0.02079417,0.093016356,0.009645135,0.10347252
ACCCTTGTCCCGAACG-4,HDR_HDR,Insertion_Insertion,0.059661616,0.12933649,0.015485771,0.012121848,0.16839676,0.1677647,0.13703415,0.015409023,0.11891129,0.005800749,0.016057018,0.024445353,0.056175556,0.0060306173,0.06736909
GGTGTTAGTCGTTTCC-1,Insertion_NHEJ-Deletion,Insertion_NHEJ-Deletion,0.040135812,0.064850554,0.018702794,0.018155202,0.17094006,0.08337216,0.23960784,0.013276978,0.14388739,0.008092072,0.021964068,0.025754219,0.07658783,0.004567535,0.07010547
GGGTGTCTCCAGTGCG-1,NHEJ-Deletion_NHEJ-Deletion,Insertion_WT,0.06237204,0.06757635,0.03925118,0.023929657,0.16143556,0.051091436,0.18257026,0.020125637,0.18691435,0.011524773,0.019768788,0.029442606,0.10508487,0.008187954,0.03072456
AACCTGAAGGGTCACA-1,Insertion_Insertion,Insertion_Insertion,0.043567903,0.079823606,0.017166205,0.03376868,0.32182217,0.047479317,0.1033657,0.02907981,0.11275082,0.009388526,0.019548738,0.030520387,0.09481756,0.0090204915,0.04788014
TGAATGCAGGGACACT-1,MMEJ-Deletion_MMEJ-Deletion,Insertion_WT,0.02375247,0.06157679,0.04714138,0.045562346,0.21440277,0.028168125,0.1411737,0.0073210546,0.2588709,0.008596919,0.010212077,0.020240584,0.06606354,0.003635515,0.06328182
GTCTACCTCACAATGC-1,Insertion_Insertion,Insertion_NHEJ-Deletion,0.0219834,0.105983056,0.018834298,0.017444791,0.112867795,0.14285776,0.2609157,0.010089148,0.1266455,0.009570997,0.021436216,0.013167908,0.056132454,0.014679903,0.06739106
GCAGCTGAGGCATCTT-1,Insertion_Insertion,Insertion_NHEJ-Deletion,0.048796657,0.07338605,0.010575102,0.025915291,0.2205744,0.044142954,0.23269014,0.013366285,0.122548044,0.005122952,0.019178538,0.012194699,0.107988104,0.010262103,0.05325869
ACCAACACACTGTCCT-4,Insertion_NHEJ-Deletion,Insertion_NHEJ-Deletion,0.012791015,0.0628429,0.046748783,0.013786959,0.12577882,0.042969607,0.27336806,0.010193661,0.0879059,0.0036293538,0.009627553,0.011349329,0.1168246,0.0054686954,0.1767148
CCTAAGACAACGTTAC-1,Insertion_NHEJ-Deletion,Insertion_Insertion,0.04691892,0.05392733,0.015560789,0.010446393,0.2845746,0.07826573,0.11888057,0.014952717,0.12439953,0.0054646446,0.020577302,0.018533472,0.10320634,0.0045089875,0.09978271
TTTACGTGTTTCGTGA-1,Insertion_SV,Insertion_NHEJ-Deletion,0.018562268,0.065604225,0.023277884,0.029434633,0.09751815,0.06466648,0.20510885,0.01604387,0.108719446,0.0047410745,0.029358456,0.03576252,0.1664943,0.021096274,0.11361155
CCTTTGGTCGTACCTC-4,NHEJ-Deletion_NHEJ-Deletion,Insertion_Insertion,0.114319034,0.07223542,0.05566288,0.016927667,0.1936317,0.056526683,0.14752185,0.009371476,0.13206697,0.026049443,0.01188018,0.0178743,0.0624794,0.018360425,0.06509259
CCTAACCGTAGAGATT-1,NHEJ-Deletion_NHEJ-Deletion,Insertion_NHEJ-Deletion,0.01470144,0.047750987,0.021766843,0.08457341,0.16053401,0.037061103,0.24959202,0.012661648,0.15306586,0.004305181,0.031512406,0.01791535,0.09509448,0.0050760494,0.06438917
ATCAGGTGTTGCATAC-1,MMEJ-Deletion_NHEJ-Deletion,Insertion_Insertion,0.086800516,0.07754662,0.022930792,0.012140636,0.28563252,0.1017155,0.100304216,0.016274516,0.09310953,0.010024698,0.040440038,0.030923922,0.061159406,0.005506431,0.055490643
GGATGTTCAGCACAGA-1,MMEJ-Deletion_MMEJ-Deletion,Insertion_NHEJ-Deletion,0.016639037,0.054053854,0.028929263,0.021741232,0.12728798,0.07063672,0.24216413,0.014702298,0.15817986,0.0073875804,0.03006248,0.022141853,0.0754084,0.00409655,0.12656878
CAACGATGTTTCACAG-1,Insertion_Insertion,Insertion_Insertion,0.044009004,0.11283289,0.02983712,0.060974266,0.17526077,0.06346116,0.04128376,0.026670704,0.09122032,0.02740064,0.09726485,0.014827471,0.13630581,0.011724151,0.06692707
GACTCAACAAGTTCGT-1,NHEJ-Deletion_WT,Insertion_WT,0.037530944,0.057576884,0.033690188,0.098290116,0.15894157,0.038329445,0.056463085,0.013418544,0.20251565,0.018306118,0.023444895,0.030957244,0.0836594,0.020203743,0.12667222
AGTCACACAGTCGCTG-1,Insertion_NHEJ-Deletion,Insertion_Insertion,0.073125936,0.03700377,0.012366251,0.0052275057,0.32924378,0.06242123,0.16482767,0.0060256133,0.09635793,0.0028934765,0.04091307,0.01147703,0.12224332,0.007998194,0.027875192
TGTCAGAGTGCAACGA-1,Insertion_MMEJ-Deletion,Insertion_NHEJ-Deletion,0.053133663,0.06405323,0.030362863,0.008696432,0.1922579,0.06363429,0.21847363,0.016629005,0.1341462,0.009272916,0.02212859,0.03937723,0.08474373,0.01072845,0.052361846
GTGTGGCCATAGCACT-1,Insertion_Insertion,Insertion_Insertion,0.014770468,0.055526037,0.03251169,0.019098278,0.21102624,0.05791438,0.20423406,0.007877619,0.16223699,0.0058803926,0.03797219,0.021338286,0.12408215,0.0027319242,0.04279924
TAGGGTTTCAGACTGT-1,Insertion_Insertion,Insertion_NHEJ-Deletion,0.027729189,0.08826447,0.012220533,0.016320987,0.21328646,0.04654232,0.22873093,0.022493409,0.05470622,0.00804687,0.017064305,0.01692483,0.19020745,0.005583651,0.051878378
GAAGTAATCAAGCTGT-1,HDR_HDR,Insertion_Insertion,0.03354729,0.06871313,0.019533569,0.047515344,0.2566849,0.04148976,0.15650682,0.012058893,0.13218154,0.0059950836,0.024521828,0.013063993,0.08317261,0.009584854,0.0954304
ATGTCTTGTGAGAACC-1,Insertion_MMEJ-Deletion,Insertion_NHEJ-Deletion,0.027348064,0.086391024,0.020206165,0.0286356,0.106700644,0.053207196,0.20260285,0.021641219,0.15539892,0.0051910053,0.044464882,0.02776474,0.0979242,0.004651449,0.11787199
AACCAACAGACTCATC-1,Insertion_WT,Insertion_Insertion,0.03685593,0.13558418,0.009529839,0.0067513324,0.19677131,0.04556715,0.19416097,0.049725864,0.09769647,0.0137198735,0.034789663,0.034664154,0.082820274,0.0080839135,0.05327912
CCCTAACGTTCTCCTG-1,Insertion_NHEJ-Deletion,Insertion_Insertion,0.045163404,0.03326021,0.017234003,0.03882188,0.18435112,0.08760296,0.1157532,0.029986078,0.0911937,0.011690172,0.07382798,0.025984984,0.13413878,0.0067871427,0.10420435
AGCCAATTCCGGTTCT-4,Insertion_NHEJ-Deletion,Insertion_NHEJ-Deletion,0.0098491935,0.06420765,0.013012096,0.023987565,0.15296063,0.053043943,0.22828895,0.005802639,0.13577063,0.007592341,0.019773291,0.010918542,0.16846646,0.0040558856,0.102270156
CCTCAGTCATGACTTG-1,Insertion_MMEJ-Deletion,Insertion_Insertion,0.0654775,0.04659559,0.020288587,0.0058136676,0.3442755,0.072374895,0.12809576,0.008874067,0.14176235,0.005697419,0.012027002,0.0234799,0.07075306,0.002507174,0.05197753
CGAGGAAGTACCATAC-1,MMEJ-Deletion_NHEJ-Deletion,Insertion_NHEJ-Deletion,0.12628283,0.04721344,0.025486004,0.02568097,0.15538019,0.04590588,0.1769699,0.017759023,0.14108384,0.012848262,0.041533336,0.025835589,0.053085327,0.005720586,0.099214815
CCGGACATCAAACGAA-4,Insertion_NHEJ-Deletion,HDR_Insertion,0.008042819,0.19648169,0.02990182,0.007995086,0.16474585,0.040651698,0.15406345,0.014646489,0.14673892,0.013385046,0.018693931,0.02784481,0.10571522,0.004689586,0.06640359
CTATAGGCACACTGGC-4,NHEJ-Deletion_WT,Insertion_NHEJ-Deletion,0.01956942,0.04513271,0.039443284,0.02630089,0.13643643,0.04479495,0.21297486,0.02031222,0.15960753,0.015387726,0.024777535,0.022062572,0.09421655,0.014111123,0.12487218
CCTCAACAGCCTGAGA-1,Insertion_Insertion,Insertion_Insertion,0.09547261,0.055528305,0.04042601,0.031495888,0.15930584,0.100110315,0.15536486,0.015788103,0.13648929,0.01982095,0.018564062,0.020117499,0.09900611,0.004976065,0.047534127
TATTGGGTCTGGCCGA-4,NHEJ-Deletion_NHEJ-Deletion,Insertion_NHEJ-Deletion,0.072684735,0.070164524,0.03468731,0.01562953,0.14925969,0.046084043,0.26927596,0.011458076,0.07940531,0.010808391,0.02397357,0.0091605745,0.08740321,0.015614254,0.1043908
CGTGTCTCAGCAGATG-4,MMEJ-Deletion_WT,Insertion_NHEJ-Deletion,0.04033993,0.08520504,0.03803692,0.041669983,0.10034011,0.036062304,0.23932236,0.008526273,0.17149462,0.008850175,0.0192862,0.06396543,0.06115332,0.007310433,0.078436874
ACTTTGTGTCGTCATA-1,Insertion_MMEJ-Deletion,NHEJ-Deletion_WT,0.008718945,0.09611835,0.02297094,0.024834966,0.13555166,0.047829345,0.10617406,0.0082923,0.19033813,0.005623165,0.025298234,0.01709616,0.067068644,0.0063780574,0.237707
CCACAAAAGGCGCTCT-4,Insertion_SV,NHEJ-Deletion_WT,0.009940532,0.048825357,0.049075592,0.017345866,0.119828135,0.054562215,0.18046032,0.0057598692,0.17871216,0.010213958,0.0059058648,0.05500694,0.071473725,0.004001971,0.18888754
CAATCGACACCATTCC-4,HDR_NHEJ-Deletion,NHEJ-Deletion_WT,0.013593848,0.058091488,0.020312117,0.059888404,0.08368794,0.04083409,0.16768457,0.014574903,0.13263334,0.004116984,0.012049593,0.02290064,0.101926796,0.0057947324,0.26191053
TTGCCTGGTGATCGTT-1,HDR_HDR,Insertion_Insertion,0.04958908,0.09686675,0.01253898,0.013750548,0.28580013,0.09655996,0.12884356,0.008177087,0.08542471,0.025398336,0.032451022,0.015533964,0.097202905,0.00718744,0.044675566
CTAGGTAGTAGCTAAA-4,NHEJ-Deletion_WT,Insertion_NHEJ-Deletion,0.027906615,0.0982856,0.028262965,0.014275555,0.12736718,0.059778824,0.16493458,0.020147182,0.12968302,0.015026976,0.03832193,0.013842852,0.113270596,0.013238972,0.13565715
GACGCTGGTCATCCCT-4,Insertion_NHEJ-Deletion,NHEJ-Deletion_WT,0.011310563,0.046841018,0.015044248,0.024893407,0.116029955,0.033937484,0.14343351,0.014049204,0.22640648,0.0037291835,0.01216876,0.00789727,0.059414253,0.0036608581,0.2811838
CTCCATGTCGTCCATC-4,Insertion_Insertion,Insertion_NHEJ-Deletion,0.060170665,0.10845752,0.04420311,0.017835846,0.15393387,0.06432718,0.24510461,0.007703864,0.08839242,0.007729277,0.01400638,0.03618226,0.08159704,0.015689434,0.0546665
GGAGGATCAAAGGGCT-4,NHEJ-Deletion_SV,NHEJ-Deletion_NHEJ-Deletion,0.031858873,0.056783486,0.032360323,0.042011913,0.13362813,0.04432616,0.15565965,0.014680167,0.12495972,0.007744849,0.021686742,0.016043266,0.17012334,0.008017613,0.14011578
AGAGCCCGTGACTATC-1,Insertion_NHEJ-Deletion,Insertion_Insertion,0.046155896,0.105569296,0.018484233,0.017120011,0.16584852,0.06183412,0.12229747,0.0042361664,0.12848964,0.010054337,0.028023899,0.026380882,0.101791196,0.0047286446,0.1589857
AATAGAGCACTACACA-1,Insertion_Insertion,Insertion_Insertion,0.058826182,0.056657035,0.02119856,0.018657805,0.19735539,0.06269146,0.085650735,0.025830222,0.10894123,0.029083213,0.025001153,0.060987815,0.13164042,0.02259337,0.094885424
AAGTGAACACCCAACG-1,Insertion_WT,Insertion_Insertion,0.16497871,0.09148888,0.04317456,0.014081746,0.17000549,0.05373276,0.14064921,0.008264884,0.1523512,0.017811224,0.038012646,0.007457818,0.043645367,0.00874514,0.045600343
TCATCATGTAGAATGT-4,Insertion_NHEJ-Deletion,Insertion_WT,0.021337135,0.0578838,0.036930542,0.03306914,0.16815661,0.041992925,0.15711288,0.010312035,0.22400382,0.005913317,0.016041946,0.009940747,0.064405866,0.0097371135,0.14316209
CACGAATGTGCCTGAC-4,NHEJ-Deletion_NHEJ-Deletion,Insertion_Insertion,0.043123472,0.05902965,0.028022213,0.037897613,0.1868782,0.061712798,0.12511133,0.008123064,0.13642928,0.010820065,0.056813743,0.013092829,0.13396023,0.0051161987,0.09386934
CAGGTATAGCAGGGAG-1,NHEJ-Deletion_WT,HDR_HDR,0.23909204,0.03903006,0.053755835,0.10198928,0.10376837,0.0361988,0.075527094,0.005765043,0.16208601,0.012063778,0.014720156,0.050987914,0.027273435,0.0064038592,0.07133838
TTGGGTAGTTATTCTC-1,Insertion_Insertion,Insertion_NHEJ-Deletion,0.015292937,0.091791466,0.023299865,0.040843822,0.20266071,0.033249233,0.20556948,0.0058584237,0.13426915,0.005956895,0.021161666,0.013034828,0.08228264,0.006628002,0.11810088
CGAGAAGGTATCGCTA-1,HDR_Insertion,Insertion_Insertion,0.15001267,0.082363576,0.04404797,0.04497284,0.22171256,0.042299505,0.075747974,0.00693113,0.11521641,0.007404577,0.038581178,0.018171366,0.0920837,0.009547461,0.050907128
AGTTCCCAGTCTAGCT-1,Insertion_NHEJ-Deletion,HDR_HDR,0.15743904,0.046005692,0.03069742,0.06383985,0.14899947,0.08608372,0.10225439,0.006108582,0.14033052,0.011806309,0.020026289,0.01692694,0.08137358,0.01631669,0.07179152
ATCACAGGTCCTCAGG-1,NHEJ-Deletion_WT,NHEJ-Deletion_WT,0.009327009,0.11511047,0.03251713,0.009946294,0.12685192,0.042280134,0.14593653,0.006824358,0.15515813,0.0054159784,0.012798586,0.012806372,0.09086418,0.0033451072,0.23081778
AGAGAGCTCGAGCCAC-1,NHEJ-Deletion_SV,Insertion_NHEJ-Deletion,0.027170036,0.092233844,0.06227326,0.030471977,0.12982593,0.045744173,0.2780351,0.0081519475,0.1175882,0.012137739,0.02211076,0.008415392,0.111523315,0.004401454,0.04991688
TACGGGCGTATGACAA-1,Insertion_WT,Insertion_Insertion,0.083430395,0.10973578,0.03980388,0.019277893,0.21397398,0.073158905,0.14996189,0.004516303,0.12581794,0.0044723493,0.039146993,0.024928976,0.041725747,0.01566659,0.054382384
CAGTGCGCACATTGTG-1,Insertion_Insertion,Insertion_Insertion,0.09802455,0.085925184,0.035055097,0.02118707,0.22355652,0.070854284,0.1424434,0.009501777,0.08628107,0.006509875,0.032968275,0.022894053,0.12160074,0.012118766,0.031079363
ATGGATCAGGGCTTCC-1,HDR_Insertion,Insertion_Insertion,0.06015806,0.064923726,0.015350139,0.020064857,0.23030868,0.04941915,0.14276592,0.013680838,0.1469441,0.018319622,0.026180265,0.022982989,0.112740785,0.028370505,0.047790367
GGGTTTACAGCTGAAG-1,Insertion_Insertion,Insertion_Insertion,0.09396856,0.06334375,0.032843135,0.0053611817,0.25961432,0.059849977,0.12252521,0.008749564,0.14264005,0.0055700997,0.02863011,0.04168189,0.08892174,0.007984626,0.03831578
CCGTTCAGTCTCTCAC-4,Insertion_NHEJ-Deletion,Insertion_NHEJ-Deletion,0.02735245,0.07570579,0.027429074,0.014237519,0.13992997,0.07316481,0.25818866,0.0117501775,0.08007148,0.008333717,0.02491939,0.016608836,0.11816149,0.012725295,0.11142132
TCAAGCACATTCGGGC-1,Insertion_NHEJ-Deletion,Insertion_NHEJ-Deletion,0.06329623,0.08619169,0.021193305,0.0201716,0.17891999,0.042815816,0.18668,0.008324543,0.17855434,0.009429584,0.030921021,0.0084259845,0.058712438,0.0027718889,0.10359158
CCATCACTCCTGGGAC-4,Insertion_WT,Insertion_Insertion,0.028949393,0.068891,0.02702295,0.07567605,0.17018633,0.042857748,0.077499166,0.0075646783,0.14694357,0.013617093,0.020472387,0.025396988,0.12369557,0.017848564,0.15337855
TGTGTGACACGTCGGT-1,HDR_HDR,Insertion_NHEJ-Deletion,0.104523875,0.068107806,0.04828519,0.031920236,0.1302506,0.047379598,0.20076077,0.011708496,0.119856,0.009380586,0.026385892,0.02561255,0.090077825,0.0110945245,0.07465606
TTAATCCCAGAGGACT-1,Insertion_Insertion,Insertion_Insertion,0.1186816,0.07481485,0.012398762,0.008682646,0.32942066,0.058168527,0.09298678,0.0060231034,0.18679222,0.009037521,0.0063579623,0.02793996,0.04305914,0.0026941865,0.022942066
TTTCCTCGTCCCGCAA-1,NHEJ-Deletion_WT,NHEJ-Deletion_WT,0.026030852,0.06580772,0.012397783,0.016717458,0.12569705,0.029887656,0.11059746,0.009837413,0.12592743,0.007941091,0.04916888,0.012967713,0.096562445,0.0051841526,0.30527493
TAATTCCAGATACATG-1,Insertion_WT,Insertion_WT,0.00909951,0.05146264,0.018891912,0.12999181,0.106580794,0.047361612,0.0877634,0.0054434706,0.34541792,0.0049756165,0.0079562655,0.0051941588,0.054517236,0.004772976,0.12057068
CTTCAATCATCGTGCG-1,Insertion_WT,Insertion_Insertion,0.13745478,0.09417735,0.038937654,0.055757258,0.16179715,0.0706902,0.08797065,0.0055467985,0.1414199,0.00857127,0.03944563,0.025551468,0.07882806,0.0059915623,0.04786031
CCGATGGCAAAGCGTG-4,MMEJ-Deletion_NHEJ-Deletion,NHEJ-Deletion_WT,0.0487313,0.07704367,0.046250656,0.028703088,0.11344115,0.048841204,0.14617714,0.0125636775,0.12006799,0.013190134,0.06376633,0.013170075,0.07804834,0.007947472,0.18205777
CGTTCTGCACACTGGC-1,Insertion_Insertion,Insertion_Insertion,0.027011087,0.06530564,0.020876268,0.01788444,0.2542088,0.049983736,0.2085053,0.013190746,0.1273749,0.0037416746,0.026269848,0.019419102,0.08823536,0.004545853,0.073447235
CAACGGCTCGGTGCAC-4,Insertion_Insertion,Insertion_WT,0.020093637,0.028659757,0.007278516,0.036607247,0.12097547,0.0515691,0.15740535,0.008299131,0.37250587,0.0073141283,0.007475771,0.0110143,0.069510385,0.003137204,0.09815412
GTAGTACAGTTCCGTA-1,Insertion_NHEJ-Deletion,Insertion_Insertion,0.037204683,0.11907766,0.031213993,0.023808526,0.22736406,0.06712932,0.18284832,0.009353229,0.093208805,0.0077823005,0.03204242,0.008600301,0.0894266,0.0054908707,0.065448895
CGAAGGAAGGACGCAT-1,NHEJ-Deletion_NHEJ-Deletion,Insertion_WT,0.04979786,0.06589114,0.023408704,0.05195036,0.11095684,0.050668888,0.12959948,0.010458667,0.19847636,0.012265904,0.024695052,0.02904973,0.08495868,0.016407121,0.14141518
GCATTAGGTCCATCTC-1,Insertion_Insertion,Insertion_Insertion,0.083213754,0.07536167,0.022878246,0.025995405,0.20755696,0.042087693,0.14756373,0.0050571137,0.18253934,0.0075643165,0.016721407,0.051151346,0.0680357,0.00459157,0.059681725
GCACGGTAGACTGGGT-1,Insertion_NHEJ-Deletion,Insertion_Insertion,0.014922356,0.052926693,0.033884525,0.022551304,0.30249014,0.05008637,0.26061305,0.0052688397,0.11756535,0.0046636905,0.025408678,0.01060167,0.05288671,0.0044415854,0.041689005
TTGTTGTAGGAGAGGC-1,NHEJ-Deletion_WT,Insertion_Insertion,0.017331608,0.059380215,0.07389443,0.03817292,0.19902617,0.03879208,0.15710331,0.012273079,0.12088608,0.015739765,0.046102505,0.020407768,0.109544225,0.009971949,0.081373855
GTCGCGATCGCGTTTC-1,Insertion_WT,Insertion_NHEJ-Deletion,0.030060805,0.060160164,0.035949033,0.055856027,0.13529855,0.07645683,0.23955551,0.020194178,0.077981204,0.011044566,0.04158225,0.02324765,0.08477262,0.010866183,0.0969744
CAGTGCGAGAGTGACC-1,NHEJ-Deletion_NHEJ-Deletion,Insertion_NHEJ-Deletion,0.09453315,0.10902455,0.02482183,0.04194111,0.12125709,0.044046286,0.15349485,0.010102357,0.12039213,0.006419116,0.014464995,0.033040144,0.1153715,0.009413407,0.101677485
TTGCGTCTCACATTGG-1,Insertion_Insertion,Insertion_WT,0.010972633,0.036621768,0.03783509,0.029186254,0.10893547,0.02050325,0.12535511,0.017559882,0.26185104,0.007781259,0.025237849,0.026613876,0.07349107,0.009884311,0.20817116
TTGGTTTAGACTCCGC-4,HDR_HDR,Insertion_Insertion,0.09518165,0.08767413,0.05368892,0.024983948,0.16740468,0.06755057,0.12149347,0.011902144,0.09284884,0.011320666,0.021691544,0.023221655,0.07837457,0.015921172,0.12674205
TCCATCGAGCACCGAA-1,Insertion_Insertion,NHEJ-Deletion_NHEJ-Deletion,0.06414508,0.041341618,0.0143870115,0.10348095,0.142643,0.03220604,0.13562992,0.018922297,0.1301753,0.008873968,0.009691771,0.022642069,0.14583631,0.010808021,0.11921666
TACAGGTCAGACAATA-1,Insertion_Insertion,Insertion_Insertion,0.06281856,0.078325085,0.030603876,0.028302846,0.21386702,0.07121827,0.10476982,0.02392041,0.13757671,0.011177312,0.053925198,0.04122714,0.06363044,0.00965562,0.06898166
GAGAAATCATTACTCT-4,NHEJ-Deletion_NHEJ-Deletion,HDR_WT,0.013187214,0.049610987,0.043807723,0.15982309,0.14546964,0.034328815,0.11106224,0.0073119397,0.1584163,0.008700005,0.038484387,0.045917798,0.08517553,0.005012056,0.09369229
CTTTCAATCGTTAGTG-1,MMEJ-Deletion_MMEJ-Deletion,Insertion_Insertion,0.0372402,0.047589265,0.023052923,0.014676088,0.22329254,0.12953267,0.15278289,0.0064080018,0.123943575,0.010093098,0.023880053,0.013397296,0.11747339,0.012134313,0.06450375
GTGTTAGAGCTCTGTA-1,Insertion_Insertion,Insertion_Insertion,0.022782987,0.11506677,0.037737917,0.014075487,0.2557428,0.070855394,0.21886683,0.017991873,0.058614094,0.004173845,0.01889876,0.0055843415,0.070739016,0.0030580026,0.08581189
GTCATTTCATCCCGTT-1,HDR_HDR,Insertion_Insertion,0.10874512,0.10537248,0.024002226,0.04056311,0.13560522,0.08852144,0.09866253,0.013062825,0.08446351,0.043046385,0.014429413,0.049385615,0.08761965,0.010820439,0.09570003
TGTTGGAAGATTTGCC-1,Insertion_WT,Insertion_NHEJ-Deletion,0.05594028,0.081722885,0.026987905,0.07349869,0.104355365,0.04399834,0.18930402,0.0087747825,0.14581281,0.009152941,0.03336568,0.033750724,0.09827462,0.009693234,0.085367724
CAACCTCTCGTGCACG-1,Insertion_NHEJ-Deletion,Insertion_NHEJ-Deletion,0.042702824,0.10081544,0.020928022,0.029704966,0.094366536,0.04867693,0.1824889,0.016726645,0.10148906,0.028710319,0.06884139,0.013719017,0.1136981,0.01882591,0.11830595
GTACAACAGATAGCTA-1,Insertion_MMEJ-Deletion,NHEJ-Deletion_NHEJ-Deletion,0.054746203,0.07968134,0.037594795,0.035965648,0.09897418,0.08110882,0.15500948,0.013779767,0.061165407,0.035706792,0.03751379,0.051437315,0.18366168,0.019488199,0.054166578
AGGCATTGTGTCGATT-1,NHEJ-Deletion_NHEJ-Deletion,Insertion_WT,0.01360182,0.08443854,0.027507508,0.021835508,0.10165551,0.03531,0.22024408,0.011451475,0.22486801,0.005295693,0.037918013,0.017892418,0.13218781,0.008225863,0.05756769
AGCGATTCAGCGTGCT-1,NHEJ-Deletion_SV,NHEJ-Deletion_NHEJ-Deletion,0.0481653,0.122658126,0.019699039,0.0871326,0.100793086,0.05199241,0.14596374,0.007170169,0.091583334,0.011215723,0.017826006,0.01327968,0.1808189,0.008896171,0.09280568
CGCAGGTCAGAGGAAA-1,NHEJ-Deletion_SV,HDR_HDR,0.21843652,0.070833765,0.020680996,0.059388585,0.10704309,0.045370337,0.06555943,0.013787793,0.1544591,0.0036616204,0.049003482,0.019706983,0.09179605,0.022902513,0.05736977
AAGATAGGTCGGAAAC-1,Insertion_NHEJ-Deletion,Insertion_Insertion,0.06052236,0.08500494,0.061534416,0.018113092,0.26410615,0.06372726,0.22401805,0.010542606,0.065053776,0.0061366954,0.011911336,0.013302472,0.08429725,0.0048076687,0.026921926
GGCTGTGTCACCGGTG-1,Insertion_WT,Insertion_Insertion,0.028703792,0.08999239,0.032083955,0.013182053,0.18489558,0.0426894,0.1780194,0.00925307,0.11472555,0.0043072207,0.04636579,0.025378555,0.14771013,0.0060088304,0.07668427
TGAACGTTCTCGACGG-4,MMEJ-Deletion_NHEJ-Deletion,Insertion_Insertion,0.038535204,0.05130415,0.01377971,0.012137098,0.23039712,0.06805929,0.2250277,0.020712586,0.13924396,0.010334361,0.030365983,0.028867284,0.058175005,0.0033955616,0.06966502
CTTCAATCAGCAGAAC-1,Insertion_Insertion,Insertion_Insertion,0.11059723,0.055594236,0.018834513,0.014756872,0.21113251,0.049849663,0.14734833,0.021110965,0.09071783,0.010626977,0.03540622,0.02563715,0.11950468,0.01553907,0.07334378
AAAGAACCAAGTGGCA-1,HDR_Insertion,Insertion_Insertion,0.048737604,0.06544221,0.043411367,0.011695332,0.44005623,0.03852197,0.06125054,0.011651008,0.0900972,0.0049759867,0.0119032655,0.011057785,0.087716065,0.020806707,0.052676722
ACAGGGACATATGGCT-4,Insertion_WT,Insertion_WT,0.010416317,0.03150233,0.0141687635,0.054148026,0.075449616,0.05208619,0.10461713,0.0065265875,0.35261947,0.004771842,0.007828351,0.04651287,0.06676882,0.00518867,0.16739501
GAGTCATAGAGGCTGT-1,Insertion_WT,NHEJ-Deletion_WT,0.03784866,0.04804995,0.023233805,0.0857787,0.10493538,0.032775927,0.090311654,0.009722783,0.17860281,0.010235166,0.019549938,0.03967275,0.09749622,0.010169318,0.21161698
GTTCTATTCGCAGTGC-1,NHEJ-Deletion_WT,Insertion_NHEJ-Deletion,0.02925128,0.1123751,0.07645196,0.046732392,0.16192448,0.057724457,0.1977066,0.009396863,0.09914157,0.0051116957,0.013898469,0.06659,0.053915583,0.0050005256,0.06477907
CCAATGACAATTGCTG-1,Insertion_Insertion,Insertion_Insertion,0.027793065,0.04546338,0.03866798,0.097730786,0.23986514,0.05367426,0.16790055,0.023314564,0.10716917,0.008436755,0.013957502,0.0091588255,0.062800124,0.0069079543,0.097159944
TTCTTCCAGGATTTGA-1,NHEJ-Deletion_NHEJ-Deletion,Insertion_Insertion,0.080715016,0.15721437,0.052929018,0.018017473,0.16446298,0.053249165,0.13697165,0.0134065095,0.07686153,0.012928778,0.034669556,0.034931254,0.0827002,0.013539026,0.06740345
CTCCTCCCAACCAATC-1,Insertion_WT,Insertion_NHEJ-Deletion,0.056038246,0.07498988,0.016293993,0.020760978,0.16773617,0.09235016,0.1850532,0.007948048,0.13089758,0.010566773,0.021724394,0.016838668,0.14006156,0.014648562,0.044091824
AGTGCCGGTGAGTAGC-1,NHEJ-Deletion_NHEJ-Deletion,Insertion_Insertion,0.03235199,0.06700893,0.05264563,0.024908738,0.2274497,0.061059725,0.21017805,0.013906489,0.0950003,0.0043695522,0.013905216,0.04503103,0.081209294,0.0048856083,0.06608971
CCTCACAAGTCAACAA-1,Insertion_NHEJ-Deletion,Insertion_NHEJ-Deletion,0.013545076,0.080822974,0.03466307,0.01874702,0.19989935,0.08535821,0.21767342,0.01096337,0.10362769,0.011102715,0.049823597,0.035101265,0.07634889,0.006563049,0.055760328
ACATGCAAGTGTTCAC-1,Insertion_Insertion,Insertion_WT,0.06770303,0.09531406,0.028210511,0.018294197,0.14228824,0.10991891,0.12095873,0.0066356165,0.15219264,0.007132455,0.038528856,0.063932784,0.06911656,0.014704312,0.06506906
CAGTGCGTCTTCGTAT-4,Insertion_NHEJ-Deletion,Insertion_Insertion,0.013325164,0.055275504,0.015798368,0.018018128,0.2498862,0.01984841,0.15624933,0.009133039,0.12267443,0.008073065,0.026013508,0.032156948,0.1504499,0.0025175086,0.12058051
GACCTTCTCCATACAG-4,Insertion_WT,Insertion_NHEJ-Deletion,0.013288377,0.050277784,0.018686015,0.04707448,0.094131336,0.047616586,0.28558946,0.0041753505,0.15354578,0.015021801,0.016295578,0.03913882,0.08545979,0.0044644065,0.12523443
TGGATGTTCCAGCACG-1,Insertion_MMEJ-Deletion,Insertion_Insertion,0.020924842,0.08345506,0.03076962,0.018539678,0.20547771,0.05825525,0.1607085,0.005357338,0.106388725,0.0034109044,0.036159266,0.015420531,0.111205146,0.004487735,0.13943973
TCGCTTGGTCCTGGTG-1,Insertion_NHEJ-Deletion,Insertion_Insertion,0.05785089,0.07218624,0.018195415,0.008404238,0.28914502,0.11528253,0.1938924,0.008918626,0.07737616,0.0069508427,0.018400764,0.017396988,0.0800697,0.0053702164,0.030559933
TGTCAGAAGAGGGTGG-1,NHEJ-Deletion_WT,Insertion_Insertion,0.026485806,0.09249934,0.030102154,0.029033113,0.23679212,0.044278067,0.14886057,0.018688269,0.13449693,0.018331228,0.01865399,0.017209612,0.123792686,0.0032990216,0.057477087
CTCCATGCACTTCAAG-1,HDR_HDR,HDR_WT,0.09331875,0.039798215,0.02484094,0.2180141,0.12144096,0.0535317,0.08305157,0.005741602,0.106699,0.006876418,0.010644055,0.06448915,0.10138283,0.004466852,0.065703824
AGACCATGTTTGACAC-1,Insertion_Insertion,Insertion_Insertion,0.02442676,0.08832535,0.032322906,0.13132891,0.1672806,0.06586875,0.12831181,0.013249236,0.12718087,0.0062711514,0.044612724,0.03640031,0.08154199,0.004081337,0.048797294
TGGATGTTCAGTCAGT-4,NHEJ-Deletion_WT,NHEJ-Deletion_NHEJ-Deletion,0.031239055,0.058933713,0.022381477,0.022404872,0.13788787,0.051724568,0.16256058,0.009918729,0.16364765,0.006384103,0.015331918,0.010865941,0.17136319,0.006017525,0.12933883
ATTCCTAGTTGCATAC-1,HDR_NHEJ-Deletion,Insertion_Insertion,0.04520781,0.024747185,0.014853264,0.017828086,0.48195988,0.087029964,0.07088719,0.0030117563,0.11222179,0.0068135676,0.008408083,0.015665073,0.06062854,0.005843784,0.044893995
AATTCCTTCCACGTCT-1,HDR_NHEJ-Deletion,NHEJ-Deletion_NHEJ-Deletion,0.1139041,0.09939068,0.016056564,0.045015562,0.09827816,0.06643623,0.15676083,0.014334181,0.04628941,0.014240503,0.020717004,0.023450067,0.18841948,0.009718428,0.086988784
TTCTCTCCACCTCTAC-4,NHEJ-Deletion_SV,Insertion_Insertion,0.09546152,0.07344572,0.021361243,0.025677735,0.2071654,0.14876895,0.08664785,0.01449404,0.107888766,0.026698748,0.01712443,0.012767554,0.076138884,0.012614408,0.07374475
CATCGCTCAAGGCTTT-1,Insertion_NHEJ-Deletion,Insertion_Insertion,0.0286309,0.064484715,0.025964634,0.030379442,0.22230451,0.039994374,0.18353154,0.008137508,0.17259768,0.010306129,0.034457564,0.012085668,0.091494836,0.0065036183,0.069126874
AACGGGATCCGATTAG-1,Insertion_NHEJ-Deletion,Insertion_NHEJ-Deletion,0.046335347,0.09960479,0.034898248,0.018953416,0.11507675,0.0819968,0.1788985,0.030250508,0.1379354,0.012197898,0.025774093,0.02182081,0.11897585,0.011249054,0.066032566
GAATCGTGTACACGCC-1,Insertion_Insertion,Insertion_Insertion,0.028257262,0.12180512,0.023057805,0.028860794,0.18207432,0.07918372,0.18150654,0.01154511,0.16939157,0.0057399073,0.019271404,0.015171641,0.062002253,0.003570585,0.06856198
GTGTGGCAGGGCAGGA-1,Insertion_WT,Insertion_WT,0.02075416,0.041465696,0.023501469,0.21306917,0.045038726,0.04863308,0.06215776,0.0047123716,0.27938685,0.003766293,0.014856092,0.07566133,0.03475855,0.0027301323,0.12950833
GGTGGCTCAGGTGGAT-4,Insertion_WT,Insertion_NHEJ-Deletion,0.013965402,0.054649346,0.047128294,0.022340227,0.12530227,0.049835786,0.2217046,0.012160796,0.15420131,0.005046014,0.021425674,0.03542501,0.13961515,0.011061327,0.086138785
GCCAGTGAGCATGCAG-1,MMEJ-Deletion_WT,Insertion_WT,0.05800191,0.10619042,0.04007518,0.010589075,0.12406659,0.057230975,0.14780276,0.013411232,0.2261073,0.0030673938,0.025431475,0.023981797,0.075143464,0.0165116,0.0723888
GAACACTGTGATAGAT-1,MMEJ-Deletion_NHEJ-Deletion,Insertion_Insertion,0.11291947,0.040983543,0.026124991,0.021812005,0.22118898,0.11160702,0.18356532,0.011283962,0.09972062,0.011090345,0.02281823,0.031191522,0.07203226,0.010256616,0.023405096
GAGTTTGCAACGGTAG-4,Insertion_NHEJ-Deletion,Insertion_Insertion,0.057847988,0.047532164,0.023567047,0.010408319,0.41679418,0.058145028,0.10813564,0.0025988568,0.1711235,0.003339827,0.011771387,0.026329428,0.039615877,0.0026440988,0.020146623
CTCATGCCATTGGGAG-4,HDR_WT,Insertion_WT,0.03639719,0.05482963,0.0297674,0.11869392,0.07684893,0.029191332,0.10205653,0.005023007,0.2820831,0.0057886587,0.010875274,0.04629925,0.0736943,0.01082158,0.11762986
CACGTGGTCGAAGGAC-1,Insertion_NHEJ-Deletion,Insertion_Insertion,0.050139096,0.055643782,0.02069323,0.022860534,0.20581007,0.04935191,0.14705187,0.016235344,0.06724341,0.022363568,0.080093965,0.0072933882,0.10874194,0.07245777,0.07402008
TTCCGGTTCCGTAGTA-1,Insertion_Insertion,NHEJ-Deletion_WT,0.14044121,0.070725664,0.021986613,0.06740914,0.108050674,0.06846853,0.07912409,0.012802242,0.09182352,0.0065038702,0.023194266,0.045723606,0.08024335,0.011450562,0.17205267
GATGAGGGTATCGTGT-1,Insertion_Insertion,Insertion_NHEJ-Deletion,0.05934872,0.06830738,0.048138063,0.037140567,0.15862653,0.055107098,0.21039948,0.00646208,0.0887054,0.008735601,0.052235276,0.015964875,0.09532705,0.010546056,0.08495583
CGTAATGGTACAAGCG-1,Insertion_NHEJ-Deletion,Insertion_Insertion,0.01650693,0.07528375,0.019705633,0.032399002,0.2478723,0.05279675,0.18650012,0.009128398,0.11029306,0.007133588,0.029024296,0.0053288997,0.16524297,0.0052226144,0.037561644
TGGAACTGTGTACAGG-1,NHEJ-Deletion_SV,Insertion_NHEJ-Deletion,0.027799949,0.071837135,0.03204786,0.029505618,0.14800195,0.067163266,0.20693049,0.01268329,0.104417965,0.017319577,0.07231508,0.020652814,0.10783116,0.017138543,0.06435529
CTCAATTAGCCGTTAT-4,NHEJ-Deletion_WT,Insertion_WT,0.017492196,0.040177003,0.028958596,0.08490393,0.094530515,0.052407395,0.14685239,0.007006111,0.26801673,0.006188779,0.011412124,0.07762262,0.02889848,0.0026961446,0.13283701
GTAGGAGGTGACTGTT-1,Insertion_Insertion,HDR_HDR,0.18272957,0.05212796,0.018522179,0.08382034,0.094104126,0.061124578,0.12057727,0.025517369,0.14248258,0.010891455,0.019030506,0.02496036,0.072043136,0.0040314514,0.0880371
ATTTCACAGGATCACG-1,Insertion_Insertion,Insertion_NHEJ-Deletion,0.024851346,0.08249946,0.031954158,0.015135805,0.16812497,0.10775559,0.17157525,0.0072881756,0.12768908,0.018710466,0.01800407,0.011590505,0.106109835,0.006300137,0.102411136
CTCATTACATAGAAAC-1,HDR_Insertion,Insertion_Insertion,0.11339252,0.055302083,0.020025622,0.018152231,0.18524115,0.080399364,0.1421484,0.009618337,0.09744012,0.011927558,0.019280892,0.0464722,0.11724198,0.004785107,0.07857248
TGTAACGCAAATGAAC-1,Insertion_NHEJ-Deletion,HDR_HDR,0.21099824,0.08232771,0.02998039,0.006802173,0.14661953,0.06348868,0.09218044,0.010319536,0.16521037,0.008047213,0.014341582,0.04806142,0.08568563,0.0062642577,0.029672844
TCAGTGAGTCTGTCAA-4,HDR_NHEJ-Deletion,Insertion_Insertion,0.034728877,0.0717639,0.01879102,0.027847774,0.1639434,0.07834053,0.15029174,0.012689434,0.11469609,0.02233055,0.0224199,0.1389749,0.06027016,0.0075169127,0.075394794
CTTCGGTGTCCGAAAG-4,NHEJ-Deletion_WT,Insertion_NHEJ-Deletion,0.044739716,0.106841825,0.029818162,0.01988833,0.16711561,0.04431921,0.17388435,0.01905215,0.09429127,0.01650278,0.03527134,0.015847694,0.14800331,0.015357189,0.06906706
GACTATGTCTTTCCAA-1,Insertion_Insertion,Insertion_Insertion,0.030904334,0.09065384,0.038912185,0.022830673,0.16077459,0.14679639,0.10499425,0.02470849,0.10069438,0.01448143,0.0324883,0.011362732,0.0979894,0.0118845375,0.11052445
CTAACCCCACAGTGTT-1,Insertion_WT,Insertion_WT,0.02674994,0.06386287,0.038880166,0.017475557,0.08829282,0.029322887,0.16015531,0.004246143,0.17953695,0.018831216,0.011767142,0.027417094,0.16597983,0.02339465,0.14408746
CCCGGAACAAGTGGAC-1,Insertion_Insertion,Insertion_Insertion,0.06271667,0.049667355,0.038144663,0.02687209,0.15002544,0.0679422,0.11854226,0.019682715,0.13518228,0.021363985,0.030507337,0.025497066,0.14284763,0.0062394687,0.104768835
TGCTTCGAGGACAACC-1,Insertion_Insertion,Insertion_NHEJ-Deletion,0.08902123,0.10985945,0.024140038,0.021558315,0.14336686,0.10390783,0.16003673,0.005899154,0.07331056,0.015667398,0.033598054,0.028014282,0.1338658,0.008502311,0.04925199
GAAGAATAGGACACTG-1,Insertion_WT,Insertion_Insertion,0.02489813,0.07143701,0.028512595,0.05955572,0.17686285,0.06783422,0.15367164,0.011235077,0.15993029,0.013094781,0.035399426,0.007588886,0.08001425,0.01763812,0.09232702
GAGATGGTCTTAGCCC-1,Insertion_WT,Insertion_WT,0.018419923,0.13721636,0.04412584,0.08944846,0.123024486,0.034952503,0.094410636,0.0056023016,0.19700544,0.0029963218,0.011486281,0.06986877,0.049688272,0.0024936807,0.11926074
CATACAGTCTTGCAAG-1,HDR_Insertion,Insertion_Insertion,0.10855437,0.06322766,0.021758467,0.053465188,0.17575793,0.05839231,0.15610221,0.011715689,0.15055445,0.015074632,0.015724776,0.044323683,0.08868776,0.006459631,0.030201262
TCGGTCTAGCTGCGAA-1,Insertion_WT,Insertion_WT,0.009116815,0.07759064,0.019772526,0.09942807,0.09665258,0.05673741,0.102233976,0.013535082,0.22107531,0.004389615,0.02564091,0.039333243,0.11673479,0.0039734226,0.1137856
AGGTAGGCAGCTGAGA-1,HDR_WT,Insertion_WT,0.16083959,0.06449488,0.026224539,0.02917395,0.10962018,0.05290135,0.12774037,0.009821648,0.20726186,0.013302493,0.014198396,0.023408733,0.09119901,0.006428952,0.06338403
GCTGCAGTCCTGGGAC-4,Insertion_NHEJ-Deletion,Insertion_NHEJ-Deletion,0.015729597,0.056281835,0.020674352,0.017041264,0.16080186,0.06703452,0.22211802,0.013279112,0.20879716,0.003230493,0.01121986,0.017639158,0.08678909,0.003388055,0.09597565
ACTTTGTGTGTTCAGT-1,NHEJ-Deletion_NHEJ-Deletion,Insertion_WT,0.012460903,0.103473656,0.036971767,0.030854769,0.15037948,0.09108713,0.14081031,0.015636764,0.18924846,0.010003963,0.019442584,0.045126863,0.052740112,0.0026507932,0.099112414
CGATGGCCAACTCCCT-1,Insertion_WT,Insertion_NHEJ-Deletion,0.05740131,0.084826075,0.03858117,0.018703183,0.19565323,0.07561614,0.24334644,0.010942511,0.06846543,0.0059823403,0.024775106,0.018133465,0.08557012,0.0022316054,0.06977194
TCACGGGCAAATGGCG-1,MMEJ-Deletion_WT,Insertion_WT,0.1087373,0.05203246,0.039872315,0.026652506,0.14143053,0.062436763,0.12651424,0.02061494,0.15204966,0.0056800265,0.010817029,0.030798253,0.14102972,0.032657623,0.048676632
GGAACCCGTGGCTTAT-1,HDR_HDR,NHEJ-Deletion_NHEJ-Deletion,0.116000146,0.09670112,0.016522152,0.02570945,0.11927884,0.05809451,0.07576414,0.011917,0.079301514,0.03611192,0.024128208,0.017179882,0.23205549,0.012324426,0.07891117
GGAGGATTCACCTCGT-1,Insertion_Insertion,Insertion_Insertion,0.04132406,0.059415758,0.026728569,0.026998669,0.22440514,0.10770923,0.13593176,0.0130681,0.12328161,0.008138759,0.033350203,0.02205291,0.07389255,0.014845392,0.08885731
TCGGATACAATGGGTG-1,Insertion_Insertion,Insertion_Insertion,0.07149835,0.06856368,0.034522753,0.02495483,0.18323918,0.0386884,0.17423978,0.01108407,0.12169462,0.0063959267,0.015090096,0.02262356,0.104717985,0.0042009144,0.11848589
CTCAACCCAATGAAAC-4,Insertion_NHEJ-Deletion,Insertion_WT,0.017974958,0.047806323,0.021286277,0.045540318,0.10659226,0.044533245,0.105376616,0.013629182,0.24218532,0.01444284,0.01791453,0.0055640293,0.18936378,0.02114591,0.10664444
TTGGGATCAACTTGCA-1,HDR_HDR,NHEJ-Deletion_WT,0.07675284,0.08671307,0.077295,0.07054658,0.10679664,0.07067012,0.074253194,0.014788678,0.09869729,0.015665226,0.03250634,0.031516466,0.10206076,0.023363812,0.11837395
CTATCTAAGTCACGCC-4,Insertion_NHEJ-Deletion,NHEJ-Deletion_WT,0.01295294,0.059922952,0.052224398,0.014654099,0.09725598,0.030595988,0.12801686,0.0049351314,0.17910631,0.00290672,0.01567152,0.021851,0.105844036,0.014451151,0.25961095
TGCAGTAGTCACTAGT-1,Insertion_NHEJ-Deletion,Insertion_Insertion,0.032622952,0.07119184,0.022858437,0.017346803,0.28189322,0.11011266,0.08763329,0.013401961,0.17846628,0.0038024618,0.017673861,0.05733151,0.042045943,0.0068554846,0.05676329
GTTACCCGTACTCCCT-1,Insertion_SV,Insertion_Insertion,0.06339304,0.13132863,0.02315345,0.024440298,0.15791127,0.14942026,0.14949666,0.012703686,0.05433034,0.0068785492,0.038079616,0.011969285,0.11686859,0.009829125,0.0501972
CCGATCTCACTACGGC-1,MMEJ-Deletion_WT,Insertion_WT,0.047637347,0.046586893,0.027066898,0.013980075,0.11378959,0.05241621,0.17293784,0.010364547,0.26153898,0.008088671,0.025124934,0.03582107,0.07404135,0.0041151764,0.106490396
GGAACCCAGCGATGGT-1,Insertion_WT,Insertion_Insertion,0.09735205,0.07835221,0.03155727,0.03945285,0.14943972,0.06176269,0.102018155,0.020409456,0.08128882,0.015318589,0.025307002,0.12236701,0.099885166,0.008884509,0.066604465
GAGGGATGTTAGGACG-4,NHEJ-Deletion_WT,NHEJ-Deletion_WT,0.0053993124,0.03534513,0.018792726,0.029869322,0.11181545,0.017641276,0.21898831,0.0068231933,0.18162064,0.009834597,0.012971691,0.013796985,0.10663635,0.00405679,0.22640826
GCAACCGTCTTCACAT-1,HDR_HDR,Insertion_Insertion,0.14744239,0.10751173,0.024835315,0.024263961,0.16415259,0.14132917,0.067680605,0.0154395625,0.07424958,0.027897112,0.023934832,0.05917226,0.058113515,0.007910861,0.05606651
GATAGAAGTTTACCAG-1,Insertion_Insertion,NHEJ-Deletion_NHEJ-Deletion,0.026095646,0.11023764,0.06341525,0.08209842,0.1297784,0.04651604,0.08319843,0.018204467,0.10600678,0.01994541,0.043067075,0.022511369,0.14428502,0.0057693147,0.09887075
TCGTCCACAACTTGCA-1,Insertion_WT,Insertion_Insertion,0.042188894,0.07589034,0.018250879,0.0107979225,0.29654488,0.117896,0.12295108,0.0074717565,0.18582669,0.0039012085,0.020559117,0.027544158,0.029512975,0.0034934776,0.037170608
AGGTTACAGCAATAGT-1,Insertion_WT,Insertion_WT,0.07008349,0.06540195,0.02710599,0.04429336,0.15219043,0.067408465,0.11951839,0.010339282,0.18846224,0.017932892,0.014303332,0.021473596,0.122416705,0.009568825,0.06950108
ATGATCGTCAAGTTGC-4,HDR_WT,NHEJ-Deletion_NHEJ-Deletion,0.009774579,0.07838692,0.05529979,0.01496415,0.10027127,0.040667426,0.1678639,0.011351456,0.17687236,0.0067571984,0.020880448,0.01960788,0.20048915,0.0033912237,0.09342225
AAACCCAGTAATTAGG-1,MMEJ-Deletion_MMEJ-Deletion,Insertion_Insertion,0.0653348,0.087134086,0.03601333,0.020887448,0.23411188,0.062739395,0.13052958,0.018702418,0.13571712,0.0059040952,0.023025718,0.017868571,0.10112031,0.015661439,0.045249823
ACTTATCAGGGACCAT-4,Insertion_WT,Insertion_Insertion,0.094198965,0.06822625,0.019343942,0.033127554,0.2116814,0.14297175,0.10961666,0.008475476,0.087335885,0.038696285,0.014884226,0.03352454,0.073352806,0.015519265,0.049044985
GATCGTAGTACGGTTT-1,MMEJ-Deletion_MMEJ-Deletion,Insertion_Insertion,0.10564216,0.14443102,0.03864137,0.02365521,0.19465332,0.06574574,0.09168419,0.01230656,0.067101136,0.026867878,0.014368303,0.026843576,0.11741403,0.019936262,0.050709233
ACTGATGCACCAATTG-1,Insertion_WT,Insertion_NHEJ-Deletion,0.104641974,0.07307652,0.05137572,0.012596278,0.12400344,0.07999568,0.20839205,0.0064188335,0.16948467,0.004216228,0.030582348,0.0107382545,0.05310486,0.016493797,0.0548793
ATCACAGTCGCATTGA-4,Insertion_WT,Insertion_WT,0.023688361,0.055952024,0.023724133,0.033413764,0.16777705,0.04974714,0.116012946,0.0057245907,0.20195097,0.010632106,0.019244134,0.03773454,0.14059733,0.009931391,0.10386954
TCCTTCTTCATCGACA-1,Insertion_MMEJ-Deletion,Insertion_Insertion,0.15739487,0.096717454,0.04693393,0.046116635,0.19999336,0.048064798,0.09017047,0.014089849,0.05453129,0.014354721,0.0169494,0.019005843,0.13820192,0.009823997,0.04765149
GCGTTTCGTGCCGAAA-4,Insertion_WT,Insertion_WT,0.012629716,0.07588088,0.033141844,0.033956256,0.13263807,0.054800723,0.11954181,0.013838718,0.21324012,0.008927001,0.024585463,0.019999584,0.086410336,0.005331172,0.16507831
GACTCAAGTAGGCTGA-1,Insertion_WT,Insertion_WT,0.11929777,0.062487476,0.031056965,0.11338202,0.11803883,0.06406909,0.11026386,0.028035134,0.13361588,0.012212082,0.0202271,0.036454853,0.04467712,0.015671952,0.09050984
GATCGTAAGGCGTTAG-1,Insertion_WT,Insertion_Insertion,0.08934569,0.15549065,0.031563785,0.077114396,0.22043759,0.041516766,0.056419138,0.012611608,0.098432556,0.008581131,0.042613182,0.025337767,0.06695661,0.007562838,0.066016234
TAAGCCAAGGTCCCGT-1,HDR_Insertion,Insertion_WT,0.037731588,0.06676102,0.025376784,0.032700714,0.18870822,0.08163888,0.16687542,0.012715165,0.20053703,0.010525217,0.012630559,0.040386476,0.06313404,0.0028259722,0.05745289
GCACGTGAGATGCAGC-1,Insertion_WT,Insertion_Insertion,0.07488377,0.08944342,0.0465171,0.048787028,0.22258903,0.09038221,0.09642912,0.0129927285,0.09715687,0.012845673,0.026346212,0.013475128,0.073694706,0.018983176,0.07547382
TCCGTGTGTCTCGACG-1,NHEJ-Deletion_WT,Insertion_WT,0.1512347,0.05012661,0.021353135,0.025825452,0.16892828,0.048149567,0.11405877,0.012487928,0.22597316,0.0072934628,0.008986567,0.03254641,0.08103497,0.004649744,0.047351286
GCAACATGTCCTGTTC-1,Insertion_NHEJ-Deletion,Insertion_NHEJ-Deletion,0.03358407,0.11629414,0.013647044,0.048667137,0.13458866,0.066004395,0.19903465,0.020072859,0.1324382,0.019072456,0.03616709,0.016160041,0.08705658,0.013882121,0.06333053
AATAGAGTCTGCGATA-1,Insertion_Insertion,Insertion_WT,0.042025186,0.09170259,0.026202222,0.05703225,0.1610402,0.07626928,0.10421366,0.01190148,0.21474606,0.010218712,0.011025811,0.03196022,0.10677138,0.008472307,0.046418633
TACAGGTGTAAGATCA-4,Insertion_WT,Insertion_WT,0.029437507,0.04546875,0.06681841,0.08363137,0.09742948,0.046147387,0.16360721,0.009711507,0.19296774,0.012768184,0.03276398,0.020910174,0.07201673,0.01967045,0.1066511
GGGACCTGTTGCTCAA-1,Insertion_NHEJ-Deletion,Insertion_Insertion,0.054689433,0.10801009,0.07733769,0.062459927,0.13750431,0.09102961,0.08685202,0.013856815,0.10386324,0.012300142,0.05581207,0.03788775,0.10642082,0.0060722413,0.04590386
TAGACCAGTCCATACA-1,Insertion_WT,Insertion_Insertion,0.060320966,0.07932452,0.024413334,0.01636823,0.2350771,0.100094,0.104597114,0.017664999,0.16249311,0.0055548926,0.033519294,0.017285617,0.06106079,0.010461767,0.07176425
ATGGTTGCATCACAGT-1,Insertion_Insertion,Insertion_Insertion,0.16430557,0.11752626,0.0230166,0.005327097,0.2507506,0.070809916,0.1266413,0.0067590987,0.03586586,0.016203303,0.009844618,0.014752413,0.12225875,0.009113522,0.02682511
TTACTGTGTCTAATCG-1,HDR_NHEJ-Deletion,Insertion_Insertion,0.058984946,0.055925526,0.061645247,0.03840969,0.24644499,0.063191034,0.104384445,0.02329435,0.09685147,0.007586815,0.018516436,0.01218764,0.16111685,0.013963134,0.037497465
TTTGATCCAATAGTCC-1,Insertion_Insertion,Insertion_WT,0.024193164,0.07638098,0.007384699,0.09894761,0.15866722,0.06941784,0.090940334,0.008478149,0.19779707,0.0066281054,0.008944372,0.03221373,0.0574626,0.002684252,0.15985982
GTGGGAACACTGCTTC-4,Insertion_WT,Insertion_NHEJ-Deletion,0.015591238,0.111849636,0.02400958,0.059882663,0.1293284,0.044263426,0.20359005,0.014204833,0.11750516,0.018170705,0.03468948,0.064117976,0.092530034,0.008209518,0.062057238
TTGGGCGGTTAAACCC-4,Insertion_Insertion,Insertion_Insertion,0.12986994,0.05318659,0.03280331,0.018181752,0.23961762,0.05568773,0.12333411,0.00517903,0.0700027,0.023739196,0.0108129205,0.039098233,0.13527167,0.017572608,0.04564262
TACACCCAGGAGGGTG-4,MMEJ-Deletion_WT,Insertion_Insertion,0.026576081,0.059854284,0.05235286,0.0142349675,0.23799077,0.04410836,0.17570382,0.0051772576,0.18843842,0.00761766,0.014842182,0.06417922,0.061116595,0.0052080727,0.042599518
CATGGATCAACCCGCA-1,Insertion_NHEJ-Deletion,Insertion_NHEJ-Deletion,0.013020643,0.05767597,0.014796302,0.01640829,0.17548546,0.056695737,0.29534578,0.0250373,0.0958621,0.015226369,0.029632647,0.029417077,0.09975904,0.0034437685,0.0721935
GTTACCCTCAGTGTGT-4,NHEJ-Deletion_NHEJ-Deletion,Insertion_WT,0.026102947,0.04473861,0.026551332,0.035839222,0.1497809,0.050700918,0.1566738,0.01613044,0.20848177,0.008156068,0.0137676075,0.038320392,0.10378696,0.0073282267,0.11364079
CCTCCAACAGGGTTGA-1,Insertion_Insertion,Insertion_Insertion,0.08431452,0.13332334,0.015278988,0.009641997,0.23678811,0.07729811,0.11716015,0.009897041,0.10208976,0.020408323,0.029747631,0.038103886,0.043297723,0.008089883,0.074560575
TGTTACTTCTATCCAT-1,NHEJ-Deletion_WT,Insertion_Insertion,0.073324256,0.09553606,0.022726387,0.030822834,0.20255846,0.08577159,0.18339884,0.006987627,0.094053105,0.018609853,0.02941671,0.015075748,0.06449357,0.022865063,0.05435985
GACTCTCCAGCGTACC-4,MMEJ-Deletion_NHEJ-Deletion,Insertion_NHEJ-Deletion,0.010120734,0.07336614,0.024824044,0.04738004,0.09856776,0.05950135,0.20548409,0.013588277,0.17567809,0.012325398,0.016439477,0.029842671,0.09630543,0.0064722965,0.13010423
CTCCCAACAGCTGCCA-1,HDR_HDR,Insertion_Insertion,0.1214358,0.040869668,0.022527492,0.080197826,0.20572671,0.039479062,0.10403774,0.014451403,0.09728704,0.052590206,0.011762857,0.016646888,0.06257972,0.013783942,0.116623655
GTGTAACTCCCAGGCA-4,Insertion_Insertion,Insertion_NHEJ-Deletion,0.049016032,0.08872005,0.04287668,0.027466523,0.12265525,0.047440916,0.16340968,0.01057351,0.1432672,0.0102059925,0.082889274,0.069297984,0.06346103,0.032614183,0.046105728
TCAGTTTGTGTAAATG-1,Insertion_Insertion,Insertion_Insertion,0.054677345,0.053248037,0.023285512,0.037736524,0.21236855,0.052547738,0.100982524,0.017623942,0.09471025,0.019664166,0.064474896,0.030120712,0.14115894,0.016856506,0.080544405
GGAACCCGTGATTCAC-1,NHEJ-Deletion_WT,Insertion_Insertion,0.04864769,0.12653281,0.03460099,0.035377886,0.17114545,0.039886013,0.12900297,0.025552657,0.07299367,0.012593274,0.034088925,0.010573892,0.15626405,0.011649388,0.091090284
TGACTCCTCTCTGACC-1,Insertion_NHEJ-Deletion,Insertion_Insertion,0.106976114,0.074595034,0.025263624,0.026551614,0.16417077,0.0555826,0.10947757,0.006378642,0.15138882,0.0051354934,0.08341343,0.00946082,0.1029925,0.0072936444,0.071319364
TACGGTAAGCTGAAAT-1,Insertion_WT,Insertion_NHEJ-Deletion,0.02135279,0.062687695,0.040894337,0.043370645,0.16530235,0.058954768,0.21700573,0.012456992,0.17123467,0.0067187436,0.016856892,0.013455245,0.06547343,0.0061079953,0.098127775
CGCATGGTCTCATTGT-1,Insertion_Insertion,Insertion_Insertion,0.10592482,0.096418194,0.043833043,0.028229458,0.16256623,0.050890066,0.0840927,0.0101176705,0.08739472,0.016612573,0.030018134,0.052746627,0.11622688,0.020576634,0.09435225
CCTTCAGCAAGACTGG-1,Insertion_NHEJ-Deletion,Insertion_NHEJ-Deletion,0.019404294,0.065147646,0.0212761,0.042431317,0.15689726,0.039926514,0.20333928,0.021402538,0.15260184,0.014222925,0.023960045,0.032770414,0.06028845,0.00605943,0.140272
GCTTGGGTCATGCTAG-4,NHEJ-Deletion_WT,Insertion_Insertion,0.06203648,0.045294013,0.017342465,0.021078767,0.250188,0.09420702,0.1982032,0.007523358,0.14805728,0.004116938,0.0113320425,0.03970675,0.049867455,0.004328791,0.046717484
CCGATGGGTTGTCCCT-4,Insertion_Insertion,Insertion_WT,0.010869765,0.04064128,0.028326252,0.04128606,0.08863567,0.030496886,0.13281448,0.008879163,0.23166355,0.007733992,0.024093201,0.026450425,0.11418954,0.0039563435,0.20996334
CTACCTGCAACATACC-1,Insertion_WT,Insertion_Insertion,0.1371708,0.09478875,0.010145894,0.017065795,0.28494105,0.07503669,0.10590782,0.015569044,0.14412794,0.006161148,0.019836778,0.012743782,0.042759318,0.0029077833,0.030837413
CATTCCGCATTCACCC-1,NHEJ-Deletion_NHEJ-Deletion,Insertion_Insertion,0.12577139,0.052899588,0.018245397,0.030785535,0.22105902,0.03437854,0.120711386,0.0129733505,0.12601125,0.005089594,0.01290137,0.022891846,0.08945979,0.027285574,0.09953637
GAGAGGTGTGCATGTT-4,Insertion_Insertion,Insertion_NHEJ-Deletion,0.015186742,0.05831716,0.029226689,0.07013185,0.18083522,0.04585131,0.18473713,0.008412885,0.13310565,0.0026164067,0.024823735,0.021058835,0.1170551,0.004812921,0.10382838
ACACCAATCCGAGATT-1,Insertion_Insertion,Insertion_Insertion,0.02138272,0.07439982,0.019125998,0.023744276,0.27890304,0.11340954,0.1816561,0.0050804466,0.11671272,0.0070600025,0.006433181,0.037794646,0.06268233,0.0049987487,0.046616443
CCACGAGGTACATACC-1,Insertion_Insertion,Insertion_Insertion,0.06670777,0.048138294,0.01903492,0.03517687,0.18181762,0.07502765,0.15301892,0.01310522,0.09086184,0.010426382,0.039913777,0.05151113,0.16588815,0.013804294,0.03556721
CTCTCGATCGCGTTTC-4,Insertion_Insertion,Insertion_Insertion,0.053765662,0.060081474,0.02611375,0.022342943,0.25154623,0.041259486,0.15825242,0.0070404857,0.1521863,0.0052621677,0.06030593,0.023939671,0.05071598,0.008611128,0.078576386
CATGCGGGTGAGATAT-1,Insertion_WT,Insertion_Insertion,0.12782241,0.13786641,0.0278922,0.041039992,0.23502012,0.047413975,0.08214466,0.009506324,0.08793965,0.008819721,0.018474039,0.0710051,0.062440004,0.008457083,0.03415829
CTTTCAATCTACTGCC-4,Insertion_Insertion,NHEJ-Deletion_WT,0.020410828,0.059161507,0.024168156,0.03978112,0.18399507,0.048135903,0.14098014,0.005338162,0.13310167,0.0060894974,0.011732391,0.014371505,0.116592236,0.0031417385,0.19300006
GCACGTGAGGGCTGAT-1,NHEJ-Deletion_NHEJ-Deletion,NHEJ-Deletion_NHEJ-Deletion,0.11967878,0.05607972,0.021924391,0.022968898,0.112591326,0.056017954,0.1302722,0.006192889,0.07284919,0.015699802,0.075660706,0.016291369,0.25298518,0.009180778,0.03160681
CCGATGGAGTCGCCCA-1,HDR_HDR,NHEJ-Deletion_WT,0.06331302,0.031294305,0.03420671,0.12429947,0.116679214,0.06661234,0.10752083,0.018316844,0.13121168,0.00869696,0.030850373,0.032909483,0.06798476,0.011147995,0.15495597
AGACCATGTACACGCC-1,Insertion_Insertion,Insertion_Insertion,0.033438616,0.10078065,0.042943478,0.023385214,0.18526301,0.06874207,0.12777787,0.008117104,0.14869793,0.0061847935,0.025393028,0.04334824,0.13941526,0.0067444085,0.039768334
TGTCCTGGTTAGGAGC-1,Insertion_Insertion,Insertion_Insertion,0.06184844,0.061696537,0.011953258,0.016745577,0.28324273,0.078422315,0.21503934,0.0076846364,0.07148514,0.008077081,0.03456264,0.049635466,0.0627916,0.0026213252,0.034193896
CGCCAGATCCTATTTG-4,Insertion_NHEJ-Deletion,Insertion_Insertion,0.01128979,0.08834705,0.019740965,0.012890643,0.27920046,0.025986016,0.0917554,0.012948346,0.09669894,0.008312054,0.010840633,0.00935789,0.20041639,0.003638277,0.12857713
GCGGAAAAGTAAGAGG-1,NHEJ-Deletion_NHEJ-Deletion,Insertion_WT,0.10259453,0.1114996,0.027790733,0.017161528,0.13225013,0.046519086,0.13159858,0.013500695,0.14407544,0.0122574065,0.012483527,0.07093277,0.09037761,0.005319138,0.08163924
GAGTCTAAGACTACGG-1,HDR_Insertion,Insertion_NHEJ-Deletion,0.033123147,0.06865974,0.029705537,0.01741482,0.15557101,0.09699693,0.18265064,0.007903122,0.13857721,0.0085969595,0.04131896,0.11383565,0.045024745,0.0033566507,0.057264857
ACGCACGAGTTAACAG-1,Insertion_NHEJ-Deletion,Insertion_WT,0.016944699,0.07299381,0.028209707,0.03135287,0.116015054,0.05754664,0.15335178,0.012077814,0.2264568,0.0048746327,0.03548309,0.01890084,0.16107975,0.004457705,0.060254816
AACAAAGTCACCTTAT-1,Insertion_Insertion,Insertion_NHEJ-Deletion,0.026744194,0.070436455,0.025403602,0.03556884,0.17789137,0.0623361,0.20056759,0.007814572,0.1713478,0.0030323658,0.03510792,0.02484692,0.06172763,0.0035877079,0.09358698
TGCATCCAGCTACTAC-1,Insertion_WT,Insertion_NHEJ-Deletion,0.06031413,0.076553136,0.043516308,0.050931588,0.14886606,0.052110966,0.20839736,0.011248988,0.14055508,0.0084284255,0.025124965,0.048965793,0.05674514,0.010988448,0.057253614
CTGTATTCAATTGCAC-1,NHEJ-Deletion_WT,Insertion_Insertion,0.057557803,0.06364681,0.017701322,0.012657748,0.23205747,0.07723399,0.14016356,0.021156186,0.071547866,0.021646285,0.0520921,0.013739882,0.12709779,0.017368805,0.07433242
TTTGATCCAGTGAGCA-1,Insertion_WT,Insertion_WT,0.018480182,0.0746858,0.0154766785,0.026308844,0.11963487,0.046860863,0.17847922,0.01213068,0.17943771,0.0037667977,0.028156657,0.033722017,0.11207993,0.004327899,0.14645188
GGGACTCAGAAGTGTT-1,HDR_HDR,Insertion_Insertion,0.11215651,0.10839991,0.021019708,0.04707936,0.19122885,0.049156606,0.14523251,0.004920625,0.11566038,0.00742365,0.016690662,0.017181832,0.10408974,0.0041855387,0.055574134
TCATTGTGTATCGCGC-1,Insertion_Insertion,HDR_HDR,0.22699617,0.07734009,0.0189658,0.011551265,0.19461468,0.09087977,0.115968265,0.022264367,0.0836073,0.019221999,0.013183104,0.014178432,0.07582821,0.0069405483,0.028460024
CATTCATGTAACAAGT-4,Insertion_NHEJ-Deletion,Insertion_WT,0.01139956,0.041501436,0.020237364,0.032569744,0.13512583,0.0267886,0.18555903,0.009272336,0.2688292,0.005537243,0.010105039,0.010279871,0.11745514,0.0026933677,0.12264626
GTATTGGAGACGATAT-4,Insertion_Insertion,Insertion_Insertion,0.07046698,0.083066516,0.01593634,0.0056872596,0.3624854,0.07190084,0.104075134,0.006754809,0.07505745,0.012184667,0.042617775,0.023083279,0.06783912,0.005764719,0.053079687
CACTGTCGTTATCTGG-1,NHEJ-Deletion_WT,Insertion_NHEJ-Deletion,0.056799896,0.07296821,0.024462502,0.06997141,0.13746789,0.07012738,0.15597704,0.010321616,0.15505995,0.011826162,0.032034885,0.023476532,0.07147833,0.018359268,0.08966894
AGGAATAGTGTGAATA-4,Insertion_NHEJ-Deletion,NHEJ-Deletion_WT,0.021150747,0.044499014,0.038983084,0.031129519,0.076154225,0.038668472,0.12873913,0.016683828,0.1758026,0.0048786923,0.011191047,0.013502539,0.13898328,0.016297521,0.24333632
TTCCAATTCCGTGTAA-1,Insertion_Insertion,Insertion_NHEJ-Deletion,0.07932657,0.09393823,0.04821901,0.04101368,0.078825265,0.077564284,0.1866951,0.010241463,0.11145881,0.011947338,0.033377137,0.010007047,0.13014501,0.012442621,0.074798465
ACACGCGGTACTCAAC-4,NHEJ-Deletion_NHEJ-Deletion,Insertion_NHEJ-Deletion,0.022508243,0.049597654,0.026340362,0.030961921,0.09809695,0.07092748,0.19690025,0.016518565,0.18305728,0.006549078,0.013322504,0.032141894,0.14843218,0.008435813,0.0962098
GCAGGCTAGACCGTTT-1,Insertion_Insertion,Insertion_Insertion,0.043327294,0.07349709,0.051586505,0.028986348,0.18392599,0.052851826,0.13888407,0.004540648,0.17238319,0.005417103,0.014381885,0.12200638,0.04366139,0.002530374,0.062019933
AGTTCCCAGATTGTGA-1,Insertion_NHEJ-Deletion,Insertion_Insertion,0.039726853,0.055282652,0.020192567,0.017699158,0.2468193,0.08551927,0.2322854,0.006787956,0.08950815,0.008613624,0.05693008,0.009419519,0.07959211,0.0071666464,0.044456735
TTCACCGTCCGTGGCA-1,Insertion_Insertion,Insertion_Insertion,0.09658902,0.0875264,0.01394311,0.028321251,0.20246527,0.14132184,0.08302589,0.027122587,0.056032605,0.010586326,0.06337997,0.0084384065,0.10486504,0.030132063,0.046250205
CAGCGTGAGATTGATG-4,MMEJ-Deletion_MMEJ-Deletion,Insertion_Insertion,0.06032093,0.07801818,0.032449685,0.013928904,0.26099598,0.09592502,0.08908745,0.020418381,0.062333286,0.01025736,0.07252034,0.022703668,0.062093377,0.0073825223,0.111564934
AGAAATGTCTCGTGAA-4,NHEJ-Deletion_WT,Insertion_WT,0.013952673,0.0663903,0.025183376,0.019370696,0.17400873,0.0347221,0.14790593,0.010831615,0.21941648,0.0038397855,0.029722478,0.03146508,0.08999751,0.003168813,0.13002442
TTACTGTCAGCTATTG-1,Insertion_WT,Insertion_Insertion,0.09047358,0.13801366,0.013932605,0.018486876,0.15007149,0.07195922,0.13347632,0.013003538,0.14433053,0.0072013047,0.03930539,0.020344974,0.061699208,0.0062239897,0.09147735
GGTAACTGTAGCGAGT-1,Insertion_NHEJ-Deletion,Insertion_WT,0.10675728,0.1103536,0.032645572,0.019794194,0.12301197,0.046802238,0.1158182,0.019008765,0.15989645,0.021499513,0.022756375,0.041888423,0.11720465,0.011426083,0.051136646
TCGGTCTCAGATCCTA-1,NHEJ-Deletion_NHEJ-Deletion,HDR_HDR,0.28289875,0.03990776,0.025394721,0.035359997,0.20821966,0.045821566,0.04637633,0.021853266,0.07932058,0.0061759627,0.030541193,0.03349543,0.04312051,0.024452599,0.07706168
TGAATGCGTGCAGTGA-1,Insertion_MMEJ-Deletion,Insertion_Insertion,0.064813286,0.059921857,0.03926253,0.02362162,0.2610696,0.08801012,0.19588457,0.0062693115,0.10064382,0.0066394294,0.026882784,0.023386348,0.062364276,0.00676608,0.034464385
AGCGTATTCGCGTTTC-4,Insertion_MMEJ-Deletion,NHEJ-Deletion_WT,0.02251694,0.04609977,0.027916774,0.018918019,0.118562505,0.040475752,0.14680287,0.0066066193,0.20294163,0.015478979,0.026441773,0.025780983,0.07693892,0.011032856,0.21348563
ACCCTTGAGTGATAAC-1,Insertion_NHEJ-Deletion,Insertion_NHEJ-Deletion,0.020375472,0.045968864,0.056198236,0.04148925,0.13281658,0.056895487,0.2531318,0.018897811,0.08165449,0.033265296,0.020701526,0.020875996,0.11982361,0.010402272,0.08750328
GGAATCTGTGATTCAC-4,Insertion_NHEJ-Deletion,Insertion_WT,0.026281008,0.08414969,0.035611536,0.064836845,0.106704906,0.05953602,0.1835767,0.010628599,0.18428318,0.011895006,0.032494765,0.006140266,0.12008686,0.0051953746,0.068579234
GCACGTGCACGACGAA-1,HDR_Insertion,Insertion_NHEJ-Deletion,0.014450034,0.07228461,0.019739905,0.005789606,0.09355364,0.037539944,0.25030932,0.007646565,0.07426206,0.002933581,0.010163821,0.011229943,0.15981275,0.0022996273,0.23798458
CCAAGCGTCTTGGAAC-1,Insertion_NHEJ-Deletion,NHEJ-Deletion_NHEJ-Deletion,0.13930309,0.048753787,0.016503068,0.06495238,0.15644594,0.038393967,0.07388897,0.015679719,0.060506005,0.015210696,0.021790132,0.028565291,0.20059831,0.008274558,0.11113408
AGAGCAGAGCATTTGC-1,HDR_NHEJ-Deletion,Insertion_WT,0.04051057,0.07455671,0.056101758,0.024915045,0.11308757,0.07672179,0.08757801,0.007951035,0.18837571,0.008184789,0.022918338,0.08362741,0.08330051,0.013658325,0.11851238
GCATTAGCACAATGCT-4,Insertion_WT,Insertion_WT,0.017236883,0.06496697,0.017333847,0.030772021,0.1037984,0.04591177,0.13570537,0.014129297,0.37705985,0.0067563043,0.010139005,0.03350748,0.05224508,0.004932138,0.08550558
GAGACCCGTCACTCAA-1,Insertion_NHEJ-Deletion,Insertion_WT,0.05836452,0.106017694,0.028262245,0.039558187,0.12007293,0.06203963,0.15136127,0.01256213,0.17354977,0.0072072833,0.03333045,0.011577661,0.13343951,0.0060230372,0.05663364
AAGACTCGTACCACGC-1,Insertion_Insertion,Insertion_Insertion,0.11424443,0.14058964,0.034027465,0.011941186,0.20627773,0.07907134,0.10351935,0.008840482,0.048657853,0.012542213,0.026500454,0.0065406575,0.13601415,0.011775455,0.059457563
TGGATGTTCTGCTTTA-1,Insertion_WT,Insertion_Insertion,0.031898856,0.07553372,0.021383515,0.038987502,0.22283484,0.108554214,0.15931797,0.008465363,0.11465993,0.0056679295,0.025546886,0.03273029,0.05454153,0.0028221072,0.09705532
AACGTCACAGTAACGG-1,Insertion_Insertion,Insertion_Insertion,0.13165566,0.06917455,0.013853558,0.039387543,0.15663217,0.060040563,0.10445997,0.021803139,0.07521055,0.01433471,0.01747164,0.09092655,0.104880095,0.007356424,0.092812866
TGCGGGTCAGCTGCCA-1,Insertion_MMEJ-Deletion,Insertion_WT,0.0803824,0.10668122,0.021378195,0.051431168,0.17645618,0.054811597,0.099433556,0.022970792,0.18318069,0.018451544,0.022563795,0.032664426,0.060319252,0.012935912,0.05633927
CGGGTGTCAACGGGTA-1,Insertion_Insertion,Insertion_Insertion,0.03948515,0.06552888,0.034711264,0.07092489,0.17856109,0.07070608,0.12941228,0.011630993,0.12355364,0.020958107,0.06997187,0.011199058,0.08383644,0.015934922,0.07358536
AGGTCTAAGCGTGCTC-4,Insertion_SV,Insertion_Insertion,0.017100727,0.08539292,0.02223994,0.057686288,0.17222778,0.063089915,0.15752187,0.008162457,0.15705727,0.006846367,0.021266911,0.021474764,0.14979261,0.0068537914,0.05328635
GTTGTGATCCGAGGCT-1,Insertion_WT,Insertion_WT,0.028887972,0.07493233,0.03670842,0.008098108,0.17791283,0.09389378,0.13357073,0.012949106,0.19870602,0.0035973992,0.058979418,0.04549188,0.050228518,0.006950227,0.06909332
CTTCAATCACCCTATC-1,NHEJ-Deletion_WT,Insertion_WT,0.039832972,0.041283537,0.021655438,0.012688827,0.1604428,0.092083216,0.16674516,0.011023785,0.19807142,0.011613221,0.018818123,0.015037277,0.12979059,0.008954233,0.071959406
CCACGTTTCGCTCTCA-1,Insertion_Insertion,Insertion_Insertion,0.11237887,0.047798663,0.027747339,0.022950428,0.19954045,0.06338598,0.15476392,0.01682474,0.17284021,0.013711163,0.015508476,0.019817557,0.07347084,0.0031478682,0.056113515
AAGTACCTCATAGGCT-1,Insertion_Insertion,Insertion_Insertion,0.017825413,0.09727757,0.019895192,0.03255968,0.31612742,0.053726975,0.1453131,0.014521401,0.12821482,0.004584612,0.019606931,0.014064666,0.07964434,0.00306526,0.053572662
GGGAGTAAGCGAGTCA-1,Insertion_WT,Insertion_Insertion,0.06890437,0.09106247,0.036856644,0.038694207,0.21690528,0.08346943,0.13718721,0.018455572,0.13233958,0.0060245404,0.030616403,0.01233814,0.050459,0.015206763,0.061480332
AGGTCATGTACGGGAT-4,Insertion_Insertion,Insertion_WT,0.009422342,0.031995866,0.05148772,0.024767464,0.09522662,0.039285034,0.1260538,0.003977287,0.21319865,0.007080357,0.01530567,0.013402453,0.15406069,0.0071975254,0.20753855
CAATTTCGTCAGTCTA-1,MMEJ-Deletion_NHEJ-Deletion,Insertion_Insertion,0.016154956,0.07810717,0.027497737,0.016509242,0.38551363,0.035880428,0.125779,0.0067049265,0.1116715,0.006245484,0.017153349,0.01967522,0.053765353,0.0041639083,0.09517812
AAAGAACGTAACAGTA-4,MMEJ-Deletion_WT,Insertion_WT,0.021912765,0.062612295,0.013090121,0.06977889,0.14029123,0.06489062,0.11951064,0.015823243,0.17725769,0.016251976,0.01699562,0.05761642,0.08350052,0.0061441776,0.13432378
TTCTTGATCCCTCTTT-1,HDR_Insertion,Insertion_NHEJ-Deletion,0.035801165,0.1104679,0.028133096,0.010097134,0.20894869,0.0692916,0.26597437,0.0076953536,0.10677424,0.0033562116,0.010030012,0.0051258695,0.09924816,0.009721337,0.029334858
AACGGGATCATTCCTA-4,NHEJ-Deletion_WT,Insertion_NHEJ-Deletion,0.021880439,0.0710723,0.029883277,0.02116239,0.12313756,0.043584127,0.21673366,0.006465184,0.19027884,0.012227647,0.006985992,0.0215601,0.11793148,0.00306588,0.114031084
TTGGATGCAAATGAAC-1,Insertion_WT,Insertion_WT,0.02504141,0.035753556,0.019928994,0.008053795,0.083711065,0.03472837,0.17907993,0.009001792,0.37882224,0.004658833,0.022354191,0.0136355655,0.100165874,0.014653952,0.07041039
ACTTATCGTCGTACTA-1,Insertion_WT,Insertion_Insertion,0.008516923,0.0669254,0.011818494,0.021888746,0.1810645,0.026836554,0.14401217,0.0060560144,0.1645655,0.0040297857,0.019606004,0.014766039,0.14843771,0.0065436247,0.17493255
GTAGTACAGAGCAGCT-1,HDR_NHEJ-Deletion,Insertion_Insertion,0.04066093,0.053929802,0.021738794,0.041763477,0.33901465,0.046013456,0.09616719,0.0060251676,0.17194977,0.004474097,0.024286209,0.021547971,0.05806009,0.002321463,0.07204698
GTCCACTTCAAACGTC-1,NHEJ-Deletion_WT,Insertion_Insertion,0.018480709,0.10679419,0.014908152,0.014920176,0.2197131,0.042526618,0.13632162,0.0060701366,0.12001099,0.014966691,0.011808119,0.023645388,0.14788131,0.009806605,0.1121462
TGGGTTATCACGAGGA-1,Insertion_NHEJ-Deletion,Insertion_Insertion,0.04440335,0.12909551,0.014960632,0.009773777,0.30493593,0.034615237,0.17695944,0.00859454,0.100835435,0.0054328544,0.014826212,0.050863642,0.04048375,0.007906465,0.056313254
CGGAGAAAGGCGACAT-4,Insertion_NHEJ-Deletion,Insertion_Insertion,0.035087343,0.10072955,0.033947885,0.00740215,0.38759056,0.06131763,0.14183351,0.006288882,0.11718035,0.004657851,0.012910115,0.011307736,0.027394332,0.0076840734,0.04466804
GTGTCCTGTATCTCGA-1,Insertion_MMEJ-Deletion,Insertion_NHEJ-Deletion,0.10276733,0.08700981,0.05169831,0.0500182,0.20602766,0.06053491,0.20633917,0.014264236,0.06131208,0.0034899488,0.017981566,0.022322703,0.056903645,0.0071677146,0.052162696
TGATCAGCAGGTTCAT-4,Insertion_NHEJ-Deletion,Insertion_WT,0.014020851,0.09827746,0.034599148,0.013417267,0.1572433,0.052154973,0.16600008,0.016847845,0.16906218,0.0117583405,0.016901651,0.037339106,0.10978856,0.010652203,0.09193705
TAGATCGGTGACTGAG-1,HDR_WT,Insertion_WT,0.103048906,0.069132775,0.05774939,0.06550691,0.1298631,0.03937297,0.108445965,0.0186105,0.13826984,0.0061717676,0.03619823,0.029615596,0.082774594,0.01184175,0.10339773
GAGAGGTCACTGGCGT-1,HDR_Insertion,Insertion_Insertion,0.09521448,0.15482129,0.024233373,0.032215387,0.20041853,0.059240073,0.08302951,0.0062920423,0.07615034,0.0077300468,0.021274226,0.028270967,0.13649614,0.0166019,0.058011744
CCCTGATAGCAAGTCG-1,HDR_HDR,Insertion_Insertion,0.12448471,0.05888223,0.03973514,0.07063899,0.1890424,0.10155766,0.11202288,0.01019161,0.0536593,0.010676585,0.028052766,0.025057208,0.09495131,0.009701842,0.07134536
TTACGTTAGTGCTACT-1,Insertion_Insertion,Insertion_NHEJ-Deletion,0.025156522,0.033413954,0.054259554,0.035014283,0.13024373,0.035467707,0.2125117,0.024659365,0.093597315,0.005588788,0.02118794,0.0062196916,0.13803887,0.00887625,0.17576434
CAGTTCCTCAGTAGGG-4,NHEJ-Deletion_WT,NHEJ-Deletion_NHEJ-Deletion,0.03243622,0.103883244,0.02253712,0.037481334,0.084980905,0.06987063,0.115444705,0.0110642295,0.06871892,0.01804886,0.022160292,0.02186759,0.2643443,0.028034465,0.099127166
TTCTAGTAGAGTCAGC-4,Insertion_NHEJ-Deletion,Insertion_NHEJ-Deletion,0.01905439,0.07115259,0.024680534,0.023592794,0.1207249,0.047552083,0.18271045,0.011990096,0.13268039,0.0044969744,0.038481444,0.018364666,0.1727478,0.006434526,0.12533635
GGGCTCATCAACACGT-1,HDR_Insertion,Insertion_Insertion,0.06926639,0.058296464,0.023251088,0.010419439,0.2584106,0.088510215,0.2277501,0.0076092286,0.112789385,0.012337647,0.023210047,0.016144615,0.05913035,0.006354651,0.026519798
GAGTCTACAGGAGACT-1,MMEJ-Deletion_MMEJ-Deletion,Insertion_NHEJ-Deletion,0.113534495,0.05376753,0.020464778,0.038971633,0.112278216,0.05312744,0.18544042,0.014665803,0.12299564,0.009467078,0.027322162,0.013726823,0.12408256,0.009319267,0.100836135
GTGACGCAGCGAGAAA-1,Insertion_Insertion,Insertion_MMEJ-Deletion,0.11406318,0.064007655,0.014829081,0.01878257,0.13415912,0.1559657,0.1535949,0.00933144,0.15574513,0.007197518,0.025670312,0.024990568,0.061370175,0.007203946,0.053088672
ATTCAGGAGCCTGGAA-1,MMEJ-Deletion_NHEJ-Deletion,Insertion_Insertion,0.03518403,0.10867785,0.04394668,0.05051944,0.17114359,0.108604304,0.13097788,0.011521589,0.09209579,0.00948477,0.028912164,0.010450637,0.13379045,0.012324764,0.05236608
ATGCCTCCATAGGAGC-1,Insertion_Insertion,Insertion_WT,0.059020527,0.063807964,0.02715294,0.01937009,0.15397023,0.044485006,0.18888651,0.007985393,0.21258277,0.0054349387,0.020890066,0.015154512,0.113753125,0.006901865,0.0606041
CCGTGAGTCCTAAACG-4,HDR_Insertion,Insertion_NHEJ-Deletion,0.020464526,0.04180165,0.035403024,0.021567602,0.16194564,0.07111405,0.20396061,0.01285453,0.11586541,0.016149567,0.030941997,0.039981704,0.10763911,0.0037535208,0.116557
TTACAGGTCTACCACC-4,NHEJ-Deletion_NHEJ-Deletion,Insertion_NHEJ-Deletion,0.023992602,0.07019663,0.023358226,0.022926297,0.11680148,0.025483934,0.2100611,0.015827142,0.09094787,0.010350506,0.082639076,0.0078274915,0.116837524,0.0055892756,0.17716084
TGGGAGATCAAGAATG-1,Insertion_NHEJ-Deletion,Insertion_NHEJ-Deletion,0.05767567,0.10551809,0.013679714,0.014124209,0.18885736,0.06397395,0.24426426,0.0056605237,0.10329151,0.005709745,0.048231393,0.01409209,0.09809212,0.0077714473,0.029057972
AGACCATTCCTCTCTT-1,NHEJ-Deletion_WT,Insertion_Insertion,0.06004997,0.08554089,0.011677581,0.007951315,0.39267856,0.056954954,0.12939684,0.004576873,0.13330938,0.003351037,0.011414499,0.007241746,0.06277782,0.0031555165,0.029923007
ACTTTCAGTTCGGTAT-1,Insertion_WT,HDR_HDR,0.2219078,0.088587105,0.04409122,0.02489429,0.091309346,0.043779537,0.092691496,0.010619373,0.12463005,0.02154186,0.013390364,0.021337468,0.073951274,0.00812816,0.119140625
AGAGAGCTCTGGAGAG-1,HDR_Insertion,Insertion_Insertion,0.16663879,0.04158394,0.03188082,0.06750279,0.17736064,0.058569595,0.09535673,0.019875988,0.071191825,0.016615165,0.019026784,0.020334246,0.14910914,0.0054436442,0.059509885
TTTGGTTAGCGTGAGT-1,Insertion_NHEJ-Deletion,NHEJ-Deletion_NHEJ-Deletion,0.020871447,0.05460776,0.02262093,0.033614,0.11118455,0.044211995,0.18388368,0.012101234,0.12308126,0.0071361256,0.03384964,0.018492008,0.19394578,0.004727401,0.13567223
TCAAGACAGAGTAACT-4,Insertion_WT,Insertion_WT,0.007464666,0.1244613,0.038775653,0.021699663,0.07864989,0.03166633,0.15718831,0.0062308297,0.3187696,0.005756219,0.021267261,0.01937887,0.043557335,0.0045054923,0.120628566
ACGGAAGCATTGAAAG-1,Insertion_NHEJ-Deletion,Insertion_Insertion,0.08593993,0.087479,0.05123005,0.022220297,0.22666562,0.05229367,0.14312918,0.011830632,0.11138292,0.007801977,0.014254296,0.023444548,0.09481878,0.008227477,0.05928164
AATGAAGGTATACGGG-1,MMEJ-Deletion_MMEJ-Deletion,Insertion_Insertion,0.12249859,0.06962963,0.031856384,0.0106877955,0.20282637,0.046727274,0.18113612,0.016046492,0.14822753,0.01437802,0.0164142,0.010060208,0.061654612,0.010314738,0.057542037
TCTCAGCTCCATTGCC-1,Insertion_WT,Insertion_NHEJ-Deletion,0.0119187,0.043789722,0.027026787,0.08434132,0.103842966,0.022479126,0.19971111,0.013469448,0.19034138,0.007153,0.042786427,0.032590758,0.07167631,0.0046472563,0.1442257
TGGGAAGAGGTAGTAT-1,HDR_NHEJ-Deletion,NHEJ-Deletion_NHEJ-Deletion,0.052053798,0.053260956,0.042415097,0.04212523,0.16397403,0.07977454,0.08364431,0.007141228,0.11621485,0.01570795,0.030795129,0.0361405,0.16520232,0.014002192,0.09754788
CCACGTTAGTCCTACA-1,Insertion_MMEJ-Deletion,Insertion_Insertion,0.041083906,0.06507852,0.03600111,0.0076057687,0.17156602,0.07697625,0.15325314,0.029632209,0.08255366,0.008635639,0.041042514,0.097768866,0.12945397,0.008344091,0.05100436
GCCCAGAGTGGACTGA-1,Insertion_NHEJ-Deletion,NHEJ-Deletion_NHEJ-Deletion,0.03364032,0.09304335,0.017572923,0.010073065,0.13134702,0.037771583,0.13127917,0.006839347,0.09205269,0.004534094,0.032099858,0.017563064,0.33613905,0.012219682,0.043824792
TCCTCCCGTGGTCTGC-1,HDR_Insertion,HDR_Insertion,0.031069985,0.2687991,0.0122447945,0.05789231,0.1288981,0.052891042,0.09475763,0.012379258,0.15809213,0.0064857914,0.034453448,0.013684422,0.070790626,0.0025033406,0.055058036
ATGGTTGTCATAGAGA-1,HDR_Insertion,Insertion_NHEJ-Deletion,0.06580585,0.11625333,0.031162024,0.030044444,0.1385357,0.08567952,0.17293422,0.012399022,0.124008976,0.010485653,0.045995314,0.02557776,0.062958725,0.015026458,0.06313298
TTTACGTGTACTCAAC-1,Insertion_Insertion,Insertion_Insertion,0.022341494,0.10177575,0.02081395,0.05720164,0.24851733,0.091074914,0.08600092,0.015010152,0.18053822,0.0073344028,0.020013217,0.012333992,0.07273052,0.006042092,0.058271393
CCGTGAGTCTCATTAC-1,Insertion_NHEJ-Deletion,Insertion_Insertion,0.07576759,0.14096548,0.022330763,0.009515619,0.16851684,0.049825814,0.14178026,0.014508189,0.06291437,0.012910401,0.022112267,0.022608066,0.15676542,0.024664767,0.0748141
GCCCAGAGTGTGTACT-1,Insertion_WT,Insertion_Insertion,0.06205346,0.039736006,0.02099165,0.005334717,0.2883855,0.12849455,0.08968298,0.0065056826,0.15839207,0.0047996803,0.011002949,0.027764937,0.12701057,0.00621734,0.023627866
CCATAAGAGTCCGTCG-1,Insertion_Insertion,Insertion_Insertion,0.024617577,0.07051363,0.030637603,0.0091714235,0.22358772,0.04663826,0.14778134,0.013647623,0.1670065,0.0061988835,0.017551782,0.025558675,0.0748521,0.006074276,0.13616265
CGCCAGATCAAGGACG-1,HDR_Insertion,Insertion_Insertion,0.043423172,0.11987538,0.030104043,0.010846839,0.32008082,0.059988156,0.13756451,0.012094027,0.08788253,0.007070137,0.018212348,0.02022235,0.08091937,0.00536683,0.04634954
CCTGTTGGTGACAGGT-4,NHEJ-Deletion_WT,Insertion_WT,0.031896763,0.07314684,0.038718965,0.030062627,0.13463522,0.053384177,0.10591536,0.017732149,0.23945941,0.011853645,0.020807412,0.06337833,0.09562888,0.0063491403,0.07703109
TTTCAGTGTGTCTTGA-4,MMEJ-Deletion_WT,Insertion_WT,0.03823042,0.08439199,0.014395899,0.072074644,0.11902375,0.042177055,0.10183239,0.02514979,0.23874898,0.016819995,0.02593452,0.023594541,0.07716679,0.0147633795,0.10569583
TCGAAGTCAGAAGCTG-1,Insertion_Insertion,HDR_HDR,0.16513127,0.0753274,0.02809037,0.010426668,0.14228146,0.09634105,0.15545478,0.01739997,0.09470126,0.015158189,0.024407871,0.019654678,0.08487094,0.018795565,0.051958527
ATTCATCGTACTCCCT-1,Insertion_NHEJ-Deletion,Insertion_WT,0.029090475,0.037480395,0.011198023,0.10025039,0.09687993,0.029128682,0.13329859,0.00861605,0.2497087,0.011581822,0.01584789,0.017263753,0.11522477,0.013312818,0.13111775
AGAAGTAGTCAACCAT-1,Insertion_WT,NHEJ-Deletion_WT,0.039895337,0.055817492,0.04664861,0.058148276,0.12829226,0.043011226,0.13492346,0.011263205,0.1704893,0.0060930303,0.021535153,0.039510794,0.051821176,0.0061522555,0.18639842
AATAGAGTCTGTTCAT-1,Insertion_WT,Insertion_WT,0.020930475,0.07687002,0.021979107,0.0262042,0.10970916,0.059288837,0.14377426,0.012019801,0.19932768,0.010067102,0.026602812,0.015822243,0.11305088,0.008251083,0.15610231
ACGTAGTAGTAGACAT-1,NHEJ-Deletion_WT,Insertion_Insertion,0.07683496,0.054784164,0.037142575,0.023159271,0.20235378,0.07040525,0.16567974,0.008302287,0.17959347,0.003879804,0.01237575,0.03879283,0.050166998,0.0033349912,0.07319418
GGGTTATAGACGCCAA-1,Insertion_NHEJ-Deletion,Insertion_Insertion,0.026132269,0.0740565,0.022433778,0.04222935,0.24150549,0.039833706,0.12663667,0.015454385,0.1265884,0.009111699,0.014075979,0.014830346,0.13613346,0.008538441,0.10243949
GTACAGTTCGTAGCCG-4,Insertion_Insertion,Insertion_Insertion,0.03378559,0.045461908,0.020433072,0.013889473,0.34795886,0.049838204,0.108391106,0.010067183,0.12024688,0.0042059016,0.048890047,0.02228618,0.10103657,0.004217884,0.06929112
CACCAAAAGAAGCGCT-1,HDR_Insertion,HDR_HDR,0.1736591,0.066946246,0.035118513,0.036717534,0.110773906,0.04599435,0.11479496,0.009595836,0.11764999,0.019829022,0.055142995,0.024600312,0.09407931,0.0048705745,0.09022734
GAGTCTATCTACCACC-1,Insertion_Insertion,Insertion_NHEJ-Deletion,0.03865259,0.108586766,0.031158302,0.011816419,0.1909243,0.045766227,0.23240206,0.007167494,0.10207633,0.0073459437,0.024288926,0.017406635,0.102657944,0.005449248,0.07430086
AAGATAGGTCGCTCGA-1,Insertion_Insertion,Insertion_NHEJ-Deletion,0.020872438,0.10288513,0.0342279,0.016024334,0.12712932,0.03419271,0.22803992,0.011445426,0.12744324,0.008955845,0.03771395,0.01333516,0.12751909,0.0058555664,0.104359925
CATTGAGAGCGTCTCG-4,Insertion_Insertion,Insertion_NHEJ-Deletion,0.03248649,0.037981994,0.03687516,0.044749882,0.16473295,0.069601044,0.17008865,0.016104303,0.16698009,0.009882383,0.04873265,0.06317573,0.066416085,0.0033193908,0.068873204
GGTGTTACAATGAAAC-1,NHEJ-Deletion_NHEJ-Deletion,Insertion_NHEJ-Deletion,0.14256337,0.09362415,0.015622308,0.044759296,0.13577938,0.080881074,0.16056377,0.008353263,0.12787853,0.012374712,0.018821623,0.02365075,0.08659796,0.011946225,0.036583595
TCGGATAAGATGACCG-1,HDR_HDR,Insertion_Insertion,0.14300404,0.06796562,0.02440055,0.035293885,0.18814193,0.0664554,0.09676607,0.013981365,0.12809378,0.012956907,0.023170952,0.050239637,0.07299828,0.011912435,0.0646192
CCACGAGCAAAGGCAC-1,HDR_WT,NHEJ-Deletion_WT,0.04299595,0.086392194,0.04655573,0.05395948,0.1420464,0.06534347,0.092295825,0.019289149,0.113603875,0.010226621,0.013264675,0.02495165,0.101912424,0.025333133,0.16182946
AAGCCATCAGTGGGTA-1,Insertion_NHEJ-Deletion,Insertion_WT,0.08600737,0.053700242,0.025510564,0.022693027,0.18881041,0.045581255,0.12971133,0.006829268,0.24560905,0.00486853,0.011173116,0.03221607,0.065553024,0.003718578,0.0780182
TGGAGAGCAACTAGAA-1,MMEJ-Deletion_WT,HDR_Insertion,0.052342054,0.180391,0.035760287,0.047045432,0.120114796,0.055588428,0.06389599,0.0069020824,0.14479655,0.025395056,0.019063933,0.06849338,0.075178504,0.0122738425,0.092758626
GCATTAGTCCTTCTTC-1,Insertion_MMEJ-Deletion,Insertion_NHEJ-Deletion,0.017266855,0.057345305,0.04252541,0.026009852,0.12971804,0.052561704,0.3510072,0.00793609,0.102828175,0.003065942,0.018352097,0.014358841,0.05913447,0.009536327,0.108353704
CATCCGTTCACATTGG-1,HDR_HDR,HDR_HDR,0.24831538,0.07626728,0.02676808,0.045969896,0.09681029,0.06534967,0.06406031,0.01143026,0.10244651,0.016063023,0.027448658,0.028740453,0.0773964,0.009338622,0.10359521
TTACCATAGTTCACTG-1,HDR_HDR,NHEJ-Deletion_WT,0.04559277,0.052576404,0.026979417,0.08880149,0.11112695,0.028825548,0.08784688,0.00785521,0.13342035,0.011721557,0.022283236,0.014966442,0.13539463,0.015118605,0.21749051
AGTACTGAGCCTTTGA-1,HDR_HDR,HDR_HDR,0.26566613,0.0613774,0.019805692,0.010945025,0.19951056,0.08346305,0.078671366,0.020124802,0.10065763,0.020385833,0.024060927,0.01648855,0.03621964,0.010513301,0.05211011
GGAACCCTCACTAGCA-1,Insertion_Insertion,Insertion_WT,0.14243226,0.057684038,0.02297765,0.024657963,0.14411867,0.03109666,0.07694441,0.02920518,0.24226005,0.023048364,0.030266503,0.031918,0.042336106,0.015826562,0.08522761
GTAATGCGTTCGAAGG-1,HDR_HDR,Insertion_Insertion,0.09362823,0.11297182,0.036926273,0.035374135,0.17405684,0.03710774,0.16868325,0.013875105,0.10997862,0.021058006,0.023287065,0.025608273,0.070928365,0.009833527,0.06668272
GTGTAACAGATGATTG-1,Insertion_NHEJ-Deletion,Insertion_Insertion,0.06979159,0.08798715,0.050710652,0.017708048,0.25099048,0.10256241,0.09389493,0.012445965,0.12297296,0.011625809,0.033739787,0.028278664,0.06625075,0.024118137,0.02692266
TGCTCCATCATGAGTC-4,HDR_WT,Insertion_WT,0.022533365,0.039487462,0.023474792,0.019892573,0.16087106,0.03741183,0.13365398,0.006278203,0.24420214,0.0042250794,0.014098687,0.022520319,0.15754645,0.0051944223,0.10860965
TGAACGTTCTCTGACC-1,HDR_Insertion,Insertion_Insertion,0.12201966,0.09590559,0.013811117,0.011027102,0.18809311,0.068335794,0.16449055,0.005138446,0.117471285,0.003703402,0.011543001,0.012808545,0.12322551,0.0056539476,0.056772955
ATCAGGTCATGGATCT-1,HDR_WT,Insertion_NHEJ-Deletion,0.036464382,0.061643288,0.07049119,0.010731073,0.1623108,0.07259541,0.18696545,0.01724347,0.11515442,0.009583496,0.026565552,0.012221319,0.14701293,0.011494772,0.05952245
GTTCCGTCACTCCACT-1,NHEJ-Deletion_NHEJ-Deletion,Insertion_Insertion,0.049978096,0.061528537,0.026195243,0.083963916,0.18992558,0.052188795,0.08312807,0.0091076875,0.11503898,0.020680668,0.016788537,0.055724062,0.08821661,0.018030789,0.12950441
AAAGTCCTCTCTTAAC-4,Insertion_WT,Insertion_WT,0.034477018,0.0349933,0.017253125,0.033746455,0.14026184,0.051177986,0.16362788,0.014637041,0.2539177,0.014256963,0.021326067,0.028929036,0.051860224,0.003175161,0.13636021
ATCGATGGTGGATCGA-1,Insertion_Insertion,HDR_WT,0.057232223,0.044700995,0.026968388,0.19772881,0.052312575,0.03562533,0.070562184,0.022045556,0.15649594,0.008313101,0.01316992,0.059920073,0.106764294,0.0075679882,0.14059263
TGACTCCTCTCCTACG-1,NHEJ-Deletion_NHEJ-Deletion,Insertion_NHEJ-Deletion,0.061680432,0.05266517,0.02707569,0.04253846,0.13561311,0.04377093,0.19517235,0.013052966,0.056071267,0.021435792,0.042097475,0.016063979,0.13741875,0.014500465,0.14084315
GTAACCATCTGAGGTT-4,Insertion_Insertion,Insertion_Insertion,0.0329478,0.11108162,0.016053751,0.019835683,0.2602514,0.051061016,0.14976598,0.00960838,0.09043697,0.009325979,0.030366609,0.014066669,0.07930934,0.0027227462,0.12316608
ATTGTTCCACTCAGAT-4,Insertion_WT,Insertion_Insertion,0.03050959,0.06624937,0.030395523,0.04711512,0.22881298,0.025815472,0.15876895,0.013306617,0.18859787,0.007015365,0.051416043,0.01920235,0.06505655,0.0046197614,0.06311841
ATACCGATCCTTACCG-1,Insertion_WT,Insertion_Insertion,0.031950075,0.09398236,0.023587955,0.064302035,0.18991342,0.06634857,0.1538307,0.025670191,0.11350732,0.005546498,0.017648906,0.02391977,0.09520648,0.017817948,0.076767765
CTTTCGGCAAGAATGT-1,Insertion_Insertion,Insertion_NHEJ-Deletion,0.024673834,0.089179076,0.018408777,0.0121726515,0.14726502,0.05280917,0.20469242,0.018628128,0.18401405,0.007875007,0.030935057,0.015935753,0.14320458,0.0037962038,0.04641024
GATCAGTTCATGGGAG-1,MMEJ-Deletion_NHEJ-Deletion,Insertion_NHEJ-Deletion,0.023118837,0.057343375,0.027908662,0.042155314,0.15840144,0.05964135,0.17153642,0.018841475,0.051670145,0.004849675,0.057521787,0.015720606,0.16435003,0.09774091,0.049200002
ATGATCGAGGTAGTAT-4,HDR_Insertion,Insertion_WT,0.016826056,0.043011423,0.021725945,0.025031682,0.077176906,0.041068353,0.13565858,0.010917212,0.30790517,0.008215876,0.017221043,0.0826833,0.10510513,0.0024805397,0.10497279
GGGACTCTCTTTGCGC-1,NHEJ-Deletion_NHEJ-Deletion,NHEJ-Deletion_NHEJ-Deletion,0.037662625,0.053199623,0.028764023,0.031682827,0.1170883,0.030156676,0.13192646,0.018113399,0.16325091,0.0053948215,0.023658106,0.014878153,0.16460352,0.022588028,0.1570325
GCTCAAATCAGGTGTT-1,Insertion_WT,HDR_WT,0.038507897,0.043514445,0.040605325,0.23843834,0.10025591,0.037844077,0.07612176,0.009527642,0.16583483,0.015820825,0.017154153,0.012356403,0.07315543,0.008886701,0.1219763
ATTCCTACAATAACGA-4,Insertion_WT,Insertion_NHEJ-Deletion,0.041143257,0.06474756,0.016295893,0.027317898,0.16276191,0.06452974,0.17338814,0.020996483,0.12853983,0.0050626537,0.019332824,0.015135658,0.12785551,0.009264899,0.123627745
TCTTCCTAGTATAGGT-1,NHEJ-Deletion_WT,Insertion_Insertion,0.13522777,0.09018241,0.014024464,0.038942713,0.23546427,0.09620173,0.07331704,0.010177306,0.08625119,0.013719919,0.023612112,0.029761087,0.091296,0.0055026677,0.056319304
AGGATCTGTCGTGGAA-1,Insertion_Insertion,Insertion_Insertion,0.03755437,0.06450847,0.01660509,0.057847835,0.27131093,0.046534166,0.092644975,0.010616599,0.101172745,0.014925535,0.05250142,0.011126662,0.118561715,0.019064484,0.085024975
ATGGGTTTCCCTCTAG-1,HDR_HDR,Insertion_Insertion,0.059628423,0.1319873,0.027532997,0.018786311,0.17388298,0.048197333,0.13725977,0.013185509,0.12055124,0.0051935003,0.02881988,0.021929119,0.11761504,0.022026218,0.07340434
GCTGAATTCCAATGCA-4,Insertion_NHEJ-Deletion,NHEJ-Deletion_WT,0.015768465,0.033996377,0.0147683,0.029486319,0.10012341,0.044925075,0.11706682,0.025633397,0.21025121,0.006231971,0.011027221,0.0145943025,0.06189369,0.004336663,0.30989677
TATCTGTCAGGTGACA-1,Insertion_NHEJ-Deletion,Insertion_NHEJ-Deletion,0.041417394,0.10212256,0.028347518,0.019592892,0.13054337,0.043252442,0.20932849,0.025098663,0.09204294,0.006657839,0.045747582,0.04791562,0.12148043,0.0040391884,0.082413115
AGTGACTTCGCCTAGG-1,Insertion_Insertion,Insertion_NHEJ-Deletion,0.02329006,0.08671706,0.012005083,0.023164729,0.20569175,0.06758755,0.22442713,0.005776036,0.13708198,0.011118484,0.044611122,0.014942308,0.08297291,0.00537442,0.055239394
ATTACCTTCAAGCGTT-4,NHEJ-Deletion_WT,Insertion_NHEJ-Deletion,0.02861415,0.030428255,0.022877505,0.016627897,0.124140404,0.046908308,0.2333663,0.008167577,0.10303187,0.008202185,0.020758279,0.026470091,0.1609862,0.009286125,0.16013485
ATGGGAGCAATACGCT-1,HDR_HDR,HDR_Insertion,0.052130397,0.23858134,0.025319736,0.044861563,0.11557015,0.04934822,0.10172829,0.016508702,0.06377084,0.024479728,0.022819312,0.008658903,0.1455689,0.011924884,0.07872901
GGGTTTAGTTTAGAGA-1,NHEJ-Deletion_WT,HDR_HDR,0.16296664,0.07448518,0.040720683,0.052229762,0.14993817,0.0934638,0.09334629,0.004640763,0.105232,0.01206361,0.018256515,0.047860835,0.093707465,0.011038151,0.040050138
TCCATCGAGAGTCTGG-1,Insertion_NHEJ-Deletion,Insertion_Insertion,0.13639833,0.07503467,0.015115536,0.03721384,0.18925858,0.065175,0.11014823,0.011161271,0.13180734,0.0038964513,0.027473688,0.010302123,0.12782788,0.0023337617,0.056853246
CACCAAAAGGCGAACT-1,Insertion_Insertion,Insertion_Insertion,0.05393493,0.05804325,0.032679327,0.0071563637,0.5138028,0.0533619,0.11050457,0.008136315,0.06563497,0.009457984,0.01288073,0.009112225,0.033481456,0.00430913,0.027504034
GATTCGATCCCAGCGA-1,Insertion_Insertion,Insertion_Insertion,0.050887268,0.07976184,0.022801949,0.0061979326,0.29087004,0.07780204,0.2135052,0.010131925,0.11462165,0.005084686,0.026168244,0.01853568,0.053347938,0.0040209386,0.02626267
TCATTGTCAGTGGTGA-1,Insertion_WT,Insertion_NHEJ-Deletion,0.011285987,0.1220233,0.056330815,0.022814421,0.070925586,0.027778052,0.24670148,0.0039376603,0.1478411,0.0056917993,0.015708039,0.018059637,0.15453894,0.003124426,0.093238816
AATTTCCTCCAATCCC-1,Insertion_Insertion,Insertion_Insertion,0.13404317,0.100880645,0.03158069,0.013356568,0.25791526,0.08608258,0.12167462,0.012519486,0.06884014,0.00945385,0.009090429,0.015551321,0.08100977,0.008844459,0.049157035
AGAAATGTCTGCCCTA-1,HDR_Insertion,Insertion_NHEJ-Deletion,0.09831148,0.112292044,0.01913252,0.077626094,0.14992501,0.042291068,0.19027923,0.0075207492,0.10527267,0.0081218025,0.028594438,0.020710226,0.067192964,0.009945854,0.06278382
AATGACCGTTAAGTCC-4,Insertion_SV,Insertion_Insertion,0.05402348,0.06293455,0.03904484,0.011480464,0.26544043,0.08087676,0.122787744,0.021729086,0.05632371,0.010278878,0.022218024,0.007194218,0.17833883,0.009179182,0.05814978
CTCCATGTCTCCCTAG-1,NHEJ-Deletion_WT,Insertion_WT,0.014670502,0.07087816,0.025299335,0.028740944,0.09535959,0.038788617,0.122723185,0.009284151,0.22447062,0.00934061,0.018650753,0.02402733,0.10551383,0.021848658,0.1904037
ACGGTCGTCCGTCACT-1,Insertion_WT,Insertion_WT,0.04042869,0.05792191,0.061476797,0.014583273,0.10949887,0.08676964,0.10439683,0.011401003,0.17366152,0.014458763,0.025677761,0.03901554,0.13673665,0.035959106,0.088013664
AAAGGATTCACTTGGA-1,Insertion_Insertion,Insertion_WT,0.024384564,0.15771501,0.030226523,0.04196055,0.12202371,0.046037257,0.1345848,0.0065775984,0.21723582,0.011061714,0.030358147,0.027960552,0.06496962,0.0053708083,0.07953336
CTAGGTAAGGCCACCT-1,MMEJ-Deletion_WT,Insertion_Insertion,0.014833593,0.064558186,0.028796216,0.023877142,0.34248027,0.06312766,0.12948437,0.008682189,0.14244826,0.007931811,0.035264395,0.009872463,0.05894738,0.0041315453,0.06556451
CTTCCGATCAAGGTGG-1,Insertion_Insertion,Insertion_Insertion,0.08809553,0.059759166,0.04018359,0.027219543,0.2173644,0.13308898,0.06261235,0.012861041,0.12864049,0.015486006,0.02230475,0.063179806,0.07151641,0.0046151415,0.053072825
AAGCCATGTGCAGATG-1,HDR_HDR,Insertion_Insertion,0.0827398,0.093351185,0.018445043,0.03303624,0.26688388,0.03934345,0.14050007,0.0147083765,0.117549986,0.007342198,0.028057354,0.024606291,0.06606371,0.0068485523,0.060523838
TGTCAGAAGAGTGAAG-1,Insertion_WT,Insertion_NHEJ-Deletion,0.02383578,0.062461596,0.040255174,0.030814426,0.12747084,0.03087544,0.2469154,0.0065231654,0.19448948,0.01592274,0.033880584,0.03564781,0.087569445,0.0060700933,0.057268
ATCAGGTTCCGCCTAT-4,Insertion_Insertion,Insertion_Insertion,0.019107565,0.07636185,0.026727872,0.013816805,0.21398586,0.06606468,0.1581227,0.009010737,0.15362725,0.004908407,0.037236057,0.038522415,0.07667509,0.0038495972,0.10198311
ATCTCTATCATTGTGG-1,HDR_HDR,Insertion_NHEJ-Deletion,0.17604697,0.06251527,0.026730213,0.033546645,0.15152815,0.07427949,0.17715888,0.0073098093,0.075520486,0.01943352,0.027645364,0.020494245,0.09620938,0.0053782687,0.046203304
ACTTAGGCACGCCACA-1,Insertion_WT,Insertion_WT,0.012720921,0.028874226,0.03051517,0.10381955,0.13094597,0.033339184,0.15304743,0.0088448115,0.19580711,0.0042215986,0.016442439,0.027060354,0.101740696,0.0045330217,0.14808755
GTTGTGATCTGCGGGT-4,Insertion_WT,Insertion_WT,0.042821724,0.043144174,0.036572427,0.0731171,0.12161812,0.05826906,0.07204348,0.011784989,0.25016135,0.0062243035,0.011198362,0.056559317,0.033736244,0.0043821353,0.17836718
AAAGGGCCAAGGTTGG-1,HDR_HDR,Insertion_Insertion,0.17722651,0.065408446,0.058154345,0.016653843,0.17765972,0.05942922,0.13920364,0.0097300345,0.051960647,0.019121392,0.016456999,0.014674707,0.07985171,0.015220962,0.099247806
CAAAGAAGTGCACATT-4,Insertion_WT,NHEJ-Deletion_NHEJ-Deletion,0.055025674,0.05929995,0.02248405,0.039713144,0.069470614,0.028179696,0.14958015,0.017809832,0.11754149,0.03941768,0.045448873,0.031394456,0.18601722,0.008897248,0.12971993
GACCAATCATCGCTAA-4,NHEJ-Deletion_WT,Insertion_WT,0.019572593,0.05359136,0.04358304,0.015684033,0.12038597,0.038368087,0.11276998,0.004955307,0.21232636,0.007358604,0.026925543,0.014214189,0.20585068,0.024482727,0.09993157
GTGGGAAAGACAGTCG-1,Insertion_Insertion,HDR_Insertion,0.06632465,0.19869979,0.017982084,0.024211591,0.15219776,0.049562424,0.1303005,0.012988682,0.16446817,0.006641694,0.023245566,0.0136494655,0.06467563,0.0059366263,0.06911534
AGAGCCCGTACGAGCA-4,MMEJ-Deletion_NHEJ-Deletion,Insertion_Insertion,0.024504336,0.0801641,0.028191349,0.05083126,0.16887416,0.06432546,0.1483546,0.009718296,0.1386875,0.007116137,0.03852419,0.027052725,0.08705798,0.012123976,0.1144739
TGTAAGCTCTGGGAGA-1,NHEJ-Deletion_NHEJ-Deletion,Insertion_WT,0.09482198,0.054860923,0.06714684,0.024631353,0.15259781,0.04366551,0.07592494,0.013992201,0.18787217,0.0062843864,0.048697274,0.034436103,0.1334555,0.010704529,0.050908446
CCCATTGGTTCATCGA-1,Insertion_WT,Insertion_NHEJ-Deletion,0.0055674105,0.062193718,0.04171495,0.015378184,0.169129,0.054359347,0.40377507,0.004825665,0.0875039,0.006878674,0.023419755,0.004858441,0.044241287,0.005158032,0.07099654
GTGTCCTGTTAGAAGT-1,Insertion_Insertion,NHEJ-Deletion_NHEJ-Deletion,0.046258908,0.05764859,0.018584019,0.02573135,0.16309728,0.06287126,0.15548454,0.008024431,0.11477322,0.0058463803,0.030802086,0.017944211,0.18051845,0.011984101,0.10043119
CTCCCAACAGTGCGCT-1,Insertion_Insertion,HDR_HDR,0.14598303,0.109473675,0.034797277,0.023540374,0.14582671,0.05946245,0.121147625,0.014126117,0.10340122,0.01144202,0.08732484,0.014855071,0.075861774,0.008961576,0.043796264
TGTGGCGGTGCTCGTG-1,Insertion_MMEJ-Deletion,NHEJ-Deletion_NHEJ-Deletion,0.021087416,0.15006655,0.045087233,0.019106418,0.109755225,0.038902383,0.14598379,0.009170296,0.117431045,0.006171199,0.036638893,0.00936372,0.16916654,0.0078217145,0.11424759
GAACGTTTCAATCTTC-1,MMEJ-Deletion_NHEJ-Deletion,Insertion_NHEJ-Deletion,0.03487136,0.066210955,0.028193468,0.030534279,0.18995747,0.04194499,0.21035896,0.010833782,0.1475626,0.0067919465,0.04044943,0.018288245,0.11344716,0.0042350115,0.05632035
GGTCTGGGTGTTCGTA-4,Insertion_Insertion,Insertion_WT,0.039801326,0.046783797,0.019135466,0.025839556,0.21500523,0.055238187,0.14429617,0.012490266,0.2588374,0.003939408,0.019446108,0.0346073,0.07552504,0.0052410574,0.0438137
GATGATCGTGTTTGCA-4,Insertion_Insertion,Insertion_NHEJ-Deletion,0.026901823,0.02972663,0.017790522,0.010258174,0.19300215,0.08615821,0.32256913,0.008384617,0.11142881,0.0062411474,0.014436021,0.01861535,0.050036192,0.0098184645,0.09463274
CCACGAGGTGCAACAG-1,NHEJ-Deletion_WT,NHEJ-Deletion_NHEJ-Deletion,0.025982507,0.059644956,0.040529534,0.008024991,0.1313556,0.031472333,0.15419947,0.016193992,0.1358676,0.01017049,0.04275371,0.012319912,0.15428759,0.04638472,0.13081257
CCACTTGTCATCACCC-1,NHEJ-Deletion_NHEJ-Deletion,Insertion_Insertion,0.17976552,0.09478176,0.034708038,0.031792406,0.20584626,0.04625819,0.12946458,0.015599693,0.09148723,0.04781224,0.010074015,0.02982169,0.044128023,0.0061716354,0.03228868
TCGCACTAGCCATTCA-1,Insertion_WT,Insertion_Insertion,0.07676856,0.055550084,0.02616815,0.057947394,0.25095022,0.083107784,0.0873599,0.013779557,0.11002444,0.016980791,0.032169625,0.023638481,0.055806514,0.02176315,0.08798536
GAGTGAGAGGCCATAG-1,HDR_Insertion,Insertion_WT,0.10366659,0.05621742,0.033366147,0.033466708,0.09903212,0.09143517,0.11459622,0.009602881,0.27422097,0.012318648,0.0074252677,0.039631285,0.034913663,0.009396982,0.08070996
TTTACGTCAGTCAGTT-1,Insertion_WT,Insertion_Insertion,0.060031064,0.092686914,0.04306726,0.060948834,0.23840266,0.081184715,0.10253575,0.012193813,0.14267828,0.01002313,0.01469469,0.023702445,0.058930427,0.0064745937,0.05244545
CATGCTCAGATGGGCT-1,Insertion_MMEJ-Deletion,HDR_Insertion,0.02130555,0.19282943,0.026540406,0.029759232,0.15032515,0.040361952,0.16197598,0.017736977,0.12544277,0.010069614,0.017517963,0.025808793,0.10000077,0.0060316264,0.07429376
GCCGTGATCCATCTAT-1,Insertion_WT,Insertion_NHEJ-Deletion,0.05856247,0.08589835,0.029679425,0.049513124,0.1111965,0.076589234,0.19116698,0.010730925,0.10968545,0.0043377206,0.021447087,0.043259125,0.112503156,0.013701953,0.08172845
AGGTCATCAGGATCTT-1,Insertion_Insertion,Insertion_Insertion,0.0112938015,0.07774222,0.013032732,0.045464437,0.18373927,0.04393203,0.18357733,0.007917758,0.11600174,0.01568255,0.049498115,0.021677637,0.10545394,0.0039180433,0.121068366
CAGTTAGTCTGGCCTT-4,NHEJ-Deletion_NHEJ-Deletion,Insertion_NHEJ-Deletion,0.036112502,0.057842474,0.03081957,0.03370398,0.1397633,0.09281051,0.17157191,0.010732608,0.07275349,0.040245295,0.029217517,0.020104133,0.09410512,0.006551596,0.16366597
TTCGCTGTCGTCGATA-1,HDR_HDR,Insertion_Insertion,0.026024312,0.06843182,0.014884929,0.022374922,0.18331721,0.053057045,0.16053762,0.010593793,0.12856482,0.0045678862,0.04548969,0.04591761,0.12465179,0.00887609,0.10271043
GTAACACAGAAGGATG-1,Insertion_Insertion,Insertion_Insertion,0.027775446,0.06444486,0.04604222,0.019144246,0.27031767,0.075673446,0.1419959,0.009249518,0.06836818,0.0123493755,0.01865376,0.013195853,0.15889747,0.018876314,0.055015728
CTGTCGTGTGTACAGG-1,Insertion_MMEJ-Deletion,Insertion_NHEJ-Deletion,0.11200351,0.072046965,0.055129353,0.02187839,0.1428567,0.08014568,0.2580742,0.0057642153,0.08293708,0.016634986,0.022361375,0.014270585,0.060757298,0.008314699,0.04682497
GATGAGGTCGTGTTCC-1,MMEJ-Deletion_WT,Insertion_Insertion,0.021258187,0.07716112,0.019755688,0.016574517,0.4008977,0.044604007,0.12816167,0.014668656,0.0991558,0.028627248,0.026827805,0.014169181,0.07632206,0.004295333,0.027521044
AGTAACCTCGGCACTG-4,HDR_NHEJ-Deletion,NHEJ-Deletion_NHEJ-Deletion,0.058030494,0.062014356,0.04254558,0.050429273,0.13245413,0.033394318,0.13470246,0.012595343,0.11359725,0.024513016,0.013880063,0.032737255,0.15674157,0.010075542,0.12228934
AGGCATTAGATGACCG-1,Insertion_MMEJ-Deletion,Insertion_Insertion,0.105183,0.14022379,0.019542582,0.015352005,0.19712582,0.057846796,0.13245541,0.0077032573,0.072493196,0.03808519,0.025662608,0.04773351,0.06286048,0.004406548,0.07332578
TTGACCCCAGGCGTTC-1,Insertion_WT,Insertion_Insertion,0.11540114,0.053299855,0.027767701,0.02500876,0.19783776,0.04710232,0.065186255,0.011350173,0.060424805,0.021711143,0.060031842,0.023707323,0.15799789,0.012486741,0.12068629
TCAAGCAAGGCTTAAA-1,HDR_HDR,Insertion_NHEJ-Deletion,0.10232546,0.07144227,0.031948935,0.053265817,0.131065,0.05321068,0.14229316,0.012276468,0.13360806,0.007718948,0.036785223,0.036381338,0.11775147,0.012604647,0.05732255
ATTCTTGAGTGAGCCA-1,Insertion_NHEJ-Deletion,Insertion_NHEJ-Deletion,0.018227069,0.056405343,0.024922397,0.028173033,0.1763735,0.057487305,0.25634268,0.007425696,0.12653466,0.0042459657,0.05792461,0.0166619,0.1066894,0.002537927,0.06004853
GTCAAGTGTGAACCGA-4,Insertion_WT,Insertion_Insertion,0.018239958,0.07083035,0.02605602,0.004688923,0.30586424,0.06925152,0.167763,0.011056807,0.20821677,0.0059262603,0.013095887,0.01516904,0.05441312,0.0030617984,0.026366327
CATGGATGTTCAAGTC-1,Insertion_WT,Insertion_WT,0.13652048,0.09942252,0.026145577,0.016236624,0.1582732,0.10130503,0.071876325,0.010830745,0.16056058,0.013966956,0.01823122,0.043394916,0.09814677,0.004786756,0.040302314
GTTCCGTAGTGCCCGT-4,Insertion_WT,Insertion_WT,0.06271506,0.08574196,0.039341435,0.029831463,0.11940712,0.065015785,0.101954006,0.012573758,0.21825826,0.011374374,0.037585605,0.03686958,0.090804935,0.021191524,0.06733513
ACGATGTCAACAAAGT-4,Insertion_NHEJ-Deletion,Insertion_Insertion,0.073556066,0.066176996,0.01738295,0.023237273,0.18417971,0.072385974,0.17920454,0.0059743766,0.123012476,0.00953102,0.043648455,0.023079786,0.12752782,0.0051639625,0.045938622
CCGTAGGGTTCCGTTC-1,NHEJ-Deletion_NHEJ-Deletion,Insertion_Insertion,0.026400946,0.061739136,0.049031675,0.02256717,0.18344097,0.107156575,0.1279834,0.015846895,0.14908472,0.0070749945,0.032490548,0.019619036,0.13184614,0.0062189456,0.059498865
GACATCATCAAGATAG-1,Insertion_NHEJ-Deletion,NHEJ-Deletion_NHEJ-Deletion,0.09035466,0.11056702,0.034055207,0.057373468,0.14590576,0.0423645,0.07792146,0.007847979,0.07153207,0.03396472,0.040315002,0.031136971,0.18573983,0.021886976,0.049034372
GGGTTTATCCACCTGT-1,HDR_HDR,Insertion_WT,0.14328861,0.09214207,0.026272446,0.024225626,0.1329943,0.07629788,0.11469961,0.0382431,0.1609161,0.01107657,0.041183397,0.011973404,0.07097325,0.007100456,0.048613206
TCACAAGAGAGCAAGA-1,Insertion_WT,Insertion_NHEJ-Deletion,0.116742864,0.054715008,0.029946001,0.07487478,0.11886519,0.047297716,0.13859555,0.009602454,0.09121081,0.024317734,0.022353679,0.041080225,0.08283567,0.011760763,0.13580154
TCTTTGACAGATAAAC-4,NHEJ-Deletion_WT,Insertion_Insertion,0.017135506,0.06285807,0.045981765,0.014133784,0.17528132,0.03826699,0.1598085,0.007179107,0.14574601,0.010796039,0.013032224,0.016368438,0.15749943,0.003826227,0.13208662
GGTGTTAGTCGTGCCA-1,Insertion_NHEJ-Deletion,NHEJ-Deletion_WT,0.054599494,0.043828484,0.031055681,0.17085087,0.08314546,0.06668505,0.0472938,0.009902453,0.1428019,0.0102579715,0.013127968,0.064420655,0.07790465,0.0063990187,0.17772658
GCATTAGCATTGCTTT-1,Insertion_SV,Insertion_Insertion,0.10935449,0.068005286,0.023330605,0.015828246,0.33166248,0.027049806,0.12846369,0.014164155,0.0682604,0.016814493,0.015017242,0.010376558,0.084944636,0.031060489,0.05566742
AACGTCAAGACCCGCT-1,NHEJ-Deletion_WT,NHEJ-Deletion_WT,0.06476752,0.051060867,0.038187277,0.059036516,0.06623221,0.05058253,0.05272818,0.009365043,0.14404157,0.0148712685,0.008924923,0.03227058,0.09049372,0.012020539,0.30541724
GTGAGGAAGTGCTAGG-1,Insertion_Insertion,Insertion_Insertion,0.03558963,0.07653556,0.022245487,0.008426614,0.29851434,0.057117615,0.1332474,0.0061710076,0.19789854,0.0072632777,0.00817254,0.024704648,0.047735244,0.0022568593,0.07412124
TCAGGTACAACATACC-1,Insertion_SV,Insertion_WT,0.09170444,0.032239385,0.025155734,0.092984624,0.05800338,0.07216225,0.052216202,0.004023243,0.39839172,0.0028101124,0.008744561,0.05507883,0.027535575,0.0087128375,0.07023708
CTCAATTTCGTCGCTT-4,HDR_WT,NHEJ-Deletion_NHEJ-Deletion,0.02571112,0.05038716,0.03977727,0.032070294,0.1108543,0.11029896,0.11891636,0.008487358,0.1681738,0.005421611,0.029740365,0.028786894,0.1781576,0.007877006,0.08533994
AACCTTTGTTTCCATT-1,Insertion_Insertion,Insertion_Insertion,0.099563606,0.0647338,0.01980587,0.015593521,0.369259,0.044158526,0.066369586,0.01818053,0.07660204,0.01566455,0.04974636,0.023370609,0.086503476,0.0060728644,0.044375654
TACAACGTCACCATCC-1,Insertion_WT,HDR_HDR,0.20142232,0.061638087,0.024112929,0.06900447,0.15860182,0.07625836,0.07764306,0.008414623,0.10568174,0.00899762,0.0393262,0.010472019,0.1001442,0.014448615,0.04383398
GTTTGGAGTCCTGGTG-1,MMEJ-Deletion_WT,Insertion_Insertion,0.09974341,0.03654786,0.057002295,0.0375809,0.17804174,0.093097895,0.1623934,0.008633055,0.15369283,0.0068442733,0.01706243,0.022047779,0.07138881,0.009419721,0.046503622
GGGAAGTGTGTTTACG-4,Insertion_Insertion,Insertion_Insertion,0.016958633,0.056403387,0.02445712,0.051854264,0.24313058,0.048585683,0.2376715,0.0066648754,0.09876137,0.0062961364,0.019580068,0.019833472,0.07292754,0.0024977748,0.094377644
CCAATTTGTTACGATC-1,NHEJ-Deletion_NHEJ-Deletion,Insertion_Insertion,0.115025826,0.08906933,0.038553674,0.038535923,0.19542839,0.060971387,0.16007733,0.012662177,0.1311871,0.016409332,0.020718083,0.018474435,0.04676711,0.006739322,0.0493806
CACAGGCCACGCGTCA-1,Insertion_WT,Insertion_Insertion,0.09858695,0.046977427,0.02352444,0.036351684,0.18652359,0.068403356,0.17456685,0.018859543,0.068669215,0.0136478925,0.015363561,0.023909383,0.16878603,0.0070424364,0.048787676
AAGAACATCGGCATTA-1,Insertion_WT,Insertion_Insertion,0.025272975,0.07215455,0.035083283,0.028304929,0.2186038,0.07184246,0.1312588,0.028824046,0.18398085,0.004435003,0.01430648,0.017051117,0.09813389,0.0046605943,0.066087194
GTGATGTTCTCTCAAT-4,HDR_NHEJ-Deletion,Insertion_NHEJ-Deletion,0.011261318,0.057697378,0.020189993,0.034422334,0.15302616,0.061983272,0.18662868,0.0121825375,0.14129151,0.0045965686,0.020765439,0.018132893,0.14688212,0.003992351,0.1269474
TGCTGAATCTCGGCTT-1,Insertion_MMEJ-Deletion,Insertion_Insertion,0.03140777,0.06263481,0.018541658,0.022159833,0.27387643,0.07516385,0.1954539,0.013925561,0.09556001,0.014726149,0.05677806,0.026188903,0.049562782,0.005979976,0.058040317
GCATTAGGTCTGTCAA-4,Insertion_WT,Insertion_NHEJ-Deletion,0.00983182,0.03334015,0.012857417,0.09363089,0.109609894,0.035478763,0.1797479,0.004425849,0.15464379,0.004555716,0.013543791,0.020135667,0.15664683,0.0029981588,0.16855332
GGCACGTTCACTCTTA-1,NHEJ-Deletion_WT,Insertion_NHEJ-Deletion,0.011236398,0.10034498,0.018279148,0.033637468,0.16449809,0.05098848,0.23325105,0.007472597,0.1426707,0.003493954,0.021186745,0.019272763,0.07369352,0.003538614,0.11643547
TGCTCCATCTGTTGGA-1,Insertion_Insertion,Insertion_Insertion,0.027631877,0.080886304,0.041317947,0.028892273,0.19066964,0.053545978,0.17292899,0.0065609375,0.092832,0.0088650845,0.028042916,0.028928632,0.12804145,0.0032190157,0.10763694
GCACTAATCATTTGTC-1,Insertion_NHEJ-Deletion,Insertion_NHEJ-Deletion,0.052346773,0.09935068,0.02653049,0.019514933,0.17503178,0.060553964,0.3149386,0.0070340508,0.12265739,0.0040472425,0.0165606,0.020657083,0.042685624,0.0028464517,0.03524435
TCGCAGGAGAACAGGA-1,Insertion_NHEJ-Deletion,Insertion_NHEJ-Deletion,0.016927646,0.06588846,0.022390405,0.061969023,0.12536295,0.06206051,0.17790057,0.007617087,0.15937303,0.009506991,0.015752705,0.019241503,0.13726968,0.0034452905,0.115294136
CGTGATAAGAATTGCA-1,Insertion_Insertion,Insertion_Insertion,0.036243554,0.05508508,0.114520945,0.018209692,0.25759798,0.049169723,0.1564666,0.018928647,0.04508957,0.007905653,0.026513498,0.028803242,0.13079384,0.016648622,0.038023364
AGAAATGGTTGGGACA-1,NHEJ-Deletion_WT,Insertion_NHEJ-Deletion,0.047605325,0.06338598,0.017567273,0.045356415,0.10952954,0.03894148,0.19942237,0.029001871,0.16087618,0.013230814,0.05052692,0.025563773,0.0826727,0.017620387,0.098698944
ATCACGAGTATCTCTT-4,MMEJ-Deletion_WT,NHEJ-Deletion_WT,0.032661527,0.040966406,0.010639131,0.016295724,0.089915745,0.050090343,0.12945999,0.009181524,0.13091256,0.011433737,0.01904166,0.018592978,0.12899935,0.0067710113,0.3050383
CCACACTGTCTGTCCT-1,Insertion_Insertion,Insertion_NHEJ-Deletion,0.03956255,0.09809865,0.013928554,0.021769864,0.1642653,0.04699115,0.18612248,0.0389432,0.06238496,0.010396261,0.022015503,0.026948709,0.12253828,0.012500255,0.13353425
ATTCATCCACTGCTTC-4,Insertion_NHEJ-Deletion,Insertion_WT,0.0080422275,0.05333481,0.027178407,0.03409051,0.10027355,0.108879425,0.12813665,0.0068841022,0.2555379,0.00574526,0.014601993,0.02020493,0.071784556,0.0021823633,0.16312332
TGCTCCATCGACGAGA-1,Insertion_Insertion,HDR_HDR,0.24911779,0.06801341,0.028741032,0.025388332,0.123448215,0.06404022,0.08739408,0.009346448,0.04985953,0.02090347,0.011992371,0.027343912,0.1548834,0.016198033,0.06332979
ATACCTTTCTCCTGAC-4,Insertion_NHEJ-Deletion,NHEJ-Deletion_NHEJ-Deletion,0.029349172,0.0642232,0.033382993,0.027889766,0.15497765,0.13355516,0.16439405,0.020562071,0.05984687,0.022442274,0.01861586,0.008265797,0.20419751,0.00732081,0.050976787
TGGGATTGTTACACTG-1,Insertion_MMEJ-Deletion,Insertion_WT,0.048720606,0.14085984,0.045280732,0.0134879155,0.14865234,0.044064738,0.15546718,0.015035532,0.16575389,0.011427614,0.04396904,0.0243968,0.08248134,0.003440931,0.05696152
GGTCTGGCAAGGGTCA-1,Insertion_Insertion,HDR_WT,0.099823095,0.068169296,0.031162333,0.15961924,0.11392032,0.06088464,0.059036426,0.018094217,0.12419707,0.017950127,0.014464757,0.04784943,0.086557366,0.014966769,0.08330495
ATCCATTCACTGTTCC-1,Insertion_NHEJ-Deletion,Insertion_NHEJ-Deletion,0.023955418,0.06399556,0.026742201,0.014725392,0.18394472,0.051248007,0.18783857,0.008379848,0.13093649,0.016572636,0.046052843,0.046552785,0.09196184,0.002291125,0.10480259
TGTGATGGTGGCGCTT-1,HDR_HDR,Insertion_NHEJ-Deletion,0.042903602,0.044995807,0.051366854,0.04109356,0.1615348,0.05587803,0.28883457,0.015274019,0.11264725,0.010544908,0.017907774,0.01739742,0.08262578,0.005427975,0.051567666
AGGTCATCAATAGTCC-1,Insertion_MMEJ-Deletion,Insertion_NHEJ-Deletion,0.03754462,0.06558963,0.05903814,0.04737907,0.08804514,0.13560845,0.19711311,0.00482336,0.15496987,0.005757541,0.0072022937,0.010840415,0.07257894,0.008273833,0.10523559
GTGCTGGAGGATTTCC-4,NHEJ-Deletion_WT,Insertion_NHEJ-Deletion,0.026003877,0.08011791,0.03237518,0.018515682,0.14055209,0.066691115,0.1620584,0.005681567,0.09596998,0.015086309,0.016896432,0.03765835,0.15621993,0.006921253,0.13925195
GTTAGTGTCTAGTGTG-4,Insertion_NHEJ-Deletion,Insertion_NHEJ-Deletion,0.014549288,0.04314796,0.023369262,0.019479001,0.12392812,0.05511346,0.2992743,0.008401915,0.128979,0.008774652,0.05742798,0.016197884,0.086555146,0.0042541455,0.110547885
ATCCGTCTCAACCCGG-4,Insertion_NHEJ-Deletion,NHEJ-Deletion_WT,0.009822111,0.061247453,0.030212106,0.040947784,0.12232464,0.042226803,0.17991994,0.012685452,0.13967869,0.002919759,0.009824687,0.0129668005,0.06884296,0.0023291304,0.2640517
CGCATGGTCACCTACC-4,Insertion_WT,NHEJ-Deletion_NHEJ-Deletion,0.015521199,0.060025375,0.023384219,0.016558724,0.11656101,0.03699651,0.15282899,0.009081921,0.16237226,0.01162835,0.013387037,0.024481686,0.18907091,0.011430029,0.15667176
TCGGATACATCCTCAC-4,Insertion_NHEJ-Deletion,Insertion_NHEJ-Deletion,0.027036445,0.046942197,0.016352853,0.056497935,0.17385344,0.03635872,0.1897787,0.008472364,0.1839443,0.013092666,0.011674461,0.04624107,0.061786283,0.0022677693,0.12570074
TACCCGTTCCAATCCC-1,Insertion_Insertion,Insertion_NHEJ-Deletion,0.025787465,0.10111377,0.021351933,0.024499452,0.20139617,0.06692521,0.20774105,0.008697202,0.12686454,0.0056205397,0.0206759,0.018179333,0.07257011,0.003552187,0.09502519
TGTTCATAGGTCCCTG-1,Insertion_NHEJ-Deletion,Insertion_Insertion,0.15016674,0.07537165,0.05642159,0.014155912,0.15618226,0.084634274,0.14657177,0.010750172,0.10246354,0.007837145,0.021842714,0.022406155,0.071044356,0.009969772,0.07018196
TGTTCTAGTCATCGGC-1,Insertion_NHEJ-Deletion,Insertion_Insertion,0.03270063,0.08106476,0.032851875,0.03726214,0.16404617,0.04184002,0.13321477,0.054193307,0.10609011,0.008002414,0.035819624,0.017584125,0.066969916,0.05013116,0.13822895
ATTCTACAGACAAGCC-1,Insertion_Insertion,NHEJ-Deletion_NHEJ-Deletion,0.01800078,0.05207113,0.010645553,0.017475335,0.09642628,0.033827588,0.252129,0.010814029,0.068987556,0.0023668648,0.014113608,0.033820584,0.31672212,0.0036316628,0.06896793
TTACGCCGTGATACAA-1,HDR_Insertion,Insertion_Insertion,0.09481415,0.06590996,0.041556485,0.018811261,0.18499823,0.061670363,0.16522634,0.0150118945,0.12597735,0.009281953,0.021709347,0.028267423,0.10722405,0.004681899,0.05485929
GCAGGCTGTCTCTCAC-1,NHEJ-Deletion_NHEJ-Deletion,Insertion_WT,0.040431123,0.06820406,0.025951931,0.06760728,0.090253755,0.04402754,0.105114326,0.004939154,0.29213297,0.009045512,0.011921034,0.040687773,0.07975422,0.005905109,0.1140242
ATGTCTTGTGGTCTAT-4,NHEJ-Deletion_WT,Insertion_Insertion,0.024622282,0.083930306,0.025460808,0.02667547,0.19549368,0.05734515,0.16899124,0.012341945,0.095608205,0.012520108,0.0123521285,0.048586175,0.10145634,0.003029851,0.13158631
TGGTTAGTCAGAATAG-1,Insertion_Insertion,Insertion_Insertion,0.02685039,0.066378474,0.028968776,0.08578201,0.22934477,0.06753609,0.1398383,0.007929702,0.11462976,0.0054123504,0.0430837,0.028791089,0.07337382,0.0059682084,0.07611256
AGATGAACATGACTTG-1,Insertion_Insertion,Insertion_Insertion,0.053131472,0.0876633,0.02775553,0.0770412,0.2216892,0.08482924,0.14265348,0.011580158,0.073302545,0.022939224,0.037816618,0.027851297,0.058588196,0.011047536,0.06211102
TTCTTGAAGAAATCCA-4,Insertion_WT,Insertion_WT,0.03097305,0.07597861,0.024953341,0.040921856,0.123572364,0.042418648,0.088428944,0.01619219,0.22408444,0.028445505,0.020823598,0.08525191,0.06614505,0.015591433,0.116219044
TCCACCACAAGCCCAC-4,NHEJ-Deletion_NHEJ-Deletion,NHEJ-Deletion_NHEJ-Deletion,0.047651023,0.046487376,0.016364312,0.028514748,0.1383433,0.06044363,0.14354669,0.008229038,0.113155104,0.016982049,0.0074478313,0.041566756,0.21755989,0.008111961,0.10559629
GTAGATCAGGGAGGGT-1,Insertion_Insertion,Insertion_Insertion,0.03281641,0.07172461,0.015999172,0.033857178,0.22915466,0.10672837,0.12896195,0.008232903,0.19858173,0.005076259,0.027602538,0.0626715,0.046102077,0.0025361371,0.029954487
CATTGCCAGTGCAGGT-4,Insertion_NHEJ-Deletion,Insertion_NHEJ-Deletion,0.04142834,0.06131833,0.056304906,0.016272256,0.16188967,0.056098215,0.2224681,0.025684476,0.10638254,0.009638487,0.014791712,0.009966818,0.14122075,0.0106685385,0.06586691
GGTGGCTCATAATCCG-1,Insertion_NHEJ-Deletion,Insertion_NHEJ-Deletion,0.036696192,0.14161293,0.016169395,0.02744129,0.1677824,0.09872224,0.18849662,0.0056544603,0.09393785,0.009895569,0.012575526,0.01059517,0.122020766,0.0083368,0.06006276
CCTAACCTCACCTACC-4,Insertion_NHEJ-Deletion,Insertion_Insertion,0.024305398,0.07797437,0.011312322,0.010760507,0.17194659,0.0813159,0.16856273,0.02262604,0.13464628,0.0046896753,0.015157152,0.013822404,0.1370975,0.0033197056,0.12246346
TAGACCATCCATTGTT-1,HDR_Insertion,Insertion_WT,0.13049522,0.07188676,0.023053624,0.00876307,0.18409103,0.05386904,0.11426735,0.021065729,0.19482477,0.009156849,0.027789937,0.021263676,0.055592727,0.010562746,0.07331752
TTTGATCCATCCGATA-1,Insertion_Insertion,Insertion_NHEJ-Deletion,0.026536394,0.13548402,0.02557001,0.018002575,0.18639147,0.09057548,0.22887881,0.007879314,0.1250761,0.003226982,0.038708296,0.020008154,0.046994444,0.0044714063,0.04219656
CGATCGGTCGACGCGT-1,Insertion_NHEJ-Deletion,Insertion_NHEJ-Deletion,0.037227366,0.1273742,0.030073948,0.03186411,0.16576213,0.04945965,0.18047954,0.01031525,0.13960002,0.0064557004,0.02704979,0.027517837,0.10060861,0.009159901,0.057051938
GGAATGGGTGTAACGG-4,Insertion_Insertion,Insertion_NHEJ-Deletion,0.039688434,0.08296935,0.060107913,0.008731389,0.16949385,0.04087986,0.24673952,0.011483386,0.12463545,0.007644756,0.017036512,0.009344739,0.15144898,0.007216526,0.022579316
TGATGCAGTGGCTTAT-1,Insertion_NHEJ-Deletion,Insertion_Insertion,0.032398004,0.08185428,0.044399947,0.025899263,0.17195347,0.051716838,0.14435521,0.008446799,0.14784405,0.0059430995,0.05004013,0.010496143,0.12312555,0.010770228,0.09075704
GTCGTTCTCTATACGG-1,NHEJ-Deletion_NHEJ-Deletion,Insertion_Insertion,0.03942126,0.10139868,0.030360479,0.029059023,0.20230655,0.04877194,0.14730284,0.010493623,0.108980894,0.016138867,0.024291456,0.010115547,0.1627303,0.004422179,0.06420631
GTCTGTCAGCAATTAG-1,Insertion_WT,Insertion_NHEJ-Deletion,0.029178062,0.07562442,0.026882423,0.014092339,0.19077109,0.06410095,0.21765219,0.013048027,0.118751734,0.012120542,0.027332732,0.03687747,0.113092735,0.0056424094,0.054832857
CATCGGGAGTATTGCC-4,Insertion_NHEJ-Deletion,Insertion_NHEJ-Deletion,0.019460833,0.09272758,0.047286894,0.017406836,0.11507697,0.026883828,0.19734652,0.007126804,0.15128328,0.0058367127,0.047037464,0.010851808,0.13758996,0.0032349196,0.120849565
GTTGCGGCATGACAGG-1,Insertion_NHEJ-Deletion,Insertion_Insertion,0.012612996,0.10083371,0.01772761,0.01104412,0.23994133,0.10197214,0.16131335,0.0110722175,0.1656947,0.0022487452,0.025316741,0.013146787,0.042714033,0.011297604,0.083063886
CAGATACCATAGAATG-1,NHEJ-Deletion_NHEJ-Deletion,Insertion_WT,0.04081051,0.05542333,0.034414183,0.08040248,0.09011991,0.06652773,0.0947066,0.0077704773,0.20116833,0.006923638,0.012739185,0.034405056,0.1246975,0.008944198,0.1409469
TTTATGCCATAACAGA-1,Insertion_WT,Insertion_WT,0.04641094,0.039342146,0.024629558,0.060814533,0.12107035,0.046197224,0.10053278,0.0076653007,0.28806832,0.0044745645,0.017338945,0.08399145,0.070641845,0.0034969924,0.08532502
TTCCGGTGTCGATTTG-1,HDR_NHEJ-Deletion,Insertion_WT,0.017876254,0.058147825,0.026436059,0.10522455,0.120119326,0.043319795,0.09143656,0.01084757,0.23612152,0.005752569,0.020252053,0.057872076,0.07671565,0.0034176463,0.12646051
ACCACAAGTGGTGATG-4,Insertion_NHEJ-Deletion,Insertion_NHEJ-Deletion,0.03295202,0.0652348,0.021157717,0.020760149,0.19473746,0.041924786,0.22292262,0.019032134,0.11840635,0.0075402097,0.016780749,0.014840002,0.08487208,0.027421325,0.11141762
CGAAGGAGTTCGAACT-1,NHEJ-Deletion_WT,NHEJ-Deletion_WT,0.01956174,0.036316283,0.029957112,0.046499755,0.16607971,0.032101404,0.14480467,0.01210299,0.14974631,0.0049897823,0.01893251,0.08317183,0.05611259,0.0074539087,0.19216937
ACTTATCCACGAAAGC-1,Insertion_MMEJ-Deletion,Insertion_Insertion,0.054943882,0.071921155,0.016009117,0.027615124,0.252398,0.044008028,0.113288544,0.035053253,0.08155475,0.006546865,0.032145295,0.01480843,0.14592002,0.0043957075,0.099391796
AGAAGCGTCCAAGCTA-4,NHEJ-Deletion_WT,Insertion_WT,0.025351938,0.058633983,0.019240094,0.012690291,0.110135205,0.09689109,0.18469349,0.010695886,0.23289187,0.0053555192,0.028268581,0.021432621,0.08428427,0.0051714275,0.10426375
CTCGAGGTCAAACCTG-4,Insertion_NHEJ-Deletion,Insertion_WT,0.016528906,0.05465461,0.035233974,0.04210313,0.11581777,0.047021907,0.18488786,0.0071354974,0.26214173,0.0069931247,0.022877734,0.044705756,0.08817806,0.0036679993,0.068051964
TAACCAGCAACGTATC-1,HDR_NHEJ-Deletion,Insertion_Insertion,0.049475167,0.08581242,0.031475563,0.024485493,0.24305762,0.05801008,0.21962783,0.007014132,0.12323937,0.010535271,0.0150244795,0.025898406,0.04963505,0.0025414033,0.054167777
GAGATGGGTTGCCAAT-1,Insertion_NHEJ-Deletion,Insertion_NHEJ-Deletion,0.040598027,0.09392002,0.0504566,0.022083865,0.15590526,0.08561741,0.19694251,0.012226984,0.08439505,0.016097244,0.061692078,0.017402891,0.11500576,0.003964452,0.043691874
TCAGTTTAGCTGGTGA-1,NHEJ-Deletion_WT,Insertion_Insertion,0.019986961,0.1038554,0.022048656,0.05258608,0.23370326,0.033148956,0.15614893,0.015202187,0.14463784,0.005898973,0.017843382,0.024406632,0.086106025,0.006388974,0.07803772
GTGGAGACAGCTATTG-1,Insertion_Insertion,Insertion_Insertion,0.04646476,0.100971855,0.021703882,0.03463039,0.2494389,0.049541343,0.16753913,0.01654814,0.11297183,0.006427044,0.034342334,0.00980912,0.05339456,0.004388944,0.09182781
CCTCATGTCACTGCTC-4,NHEJ-Deletion_NHEJ-Deletion,Insertion_NHEJ-Deletion,0.0084914435,0.07343451,0.02028513,0.016289214,0.18119217,0.08815807,0.21651322,0.017567115,0.11420891,0.0033037297,0.058548734,0.0070847566,0.06206794,0.002919489,0.12993562
CGGGACTAGGCATGCA-1,Insertion_NHEJ-Deletion,Insertion_Insertion,0.05683601,0.06992394,0.017630165,0.028403694,0.21206518,0.080612,0.19735812,0.012607106,0.118009634,0.013211283,0.016932882,0.022243705,0.0900716,0.008421139,0.055673495
AGACACTAGCTGTTAC-1,HDR_NHEJ-Deletion,Insertion_NHEJ-Deletion,0.025438538,0.04330891,0.030476373,0.015169357,0.16889302,0.06489195,0.18496229,0.0112412665,0.08433256,0.010976229,0.03321589,0.037343953,0.113882475,0.008308607,0.16755854
TGGGAGAAGAGAGAAC-1,Insertion_NHEJ-Deletion,Insertion_NHEJ-Deletion,0.019167338,0.06055243,0.030538172,0.017371954,0.18180197,0.03588987,0.18359645,0.00758509,0.13847056,0.005487384,0.02653776,0.039130285,0.119041756,0.008988747,0.12584023
CGAATTGTCTGTCCGT-1,Insertion_Insertion,Insertion_Insertion,0.05849622,0.036413793,0.018498473,0.015741084,0.24440245,0.09380593,0.19756329,0.012921219,0.17397845,0.004542313,0.0057090605,0.020535063,0.08193163,0.007834481,0.027626513
AAGACTCGTTAGGGAC-4,HDR_NHEJ-Deletion,Insertion_WT,0.01255848,0.09626109,0.055572815,0.036060687,0.07739644,0.029342813,0.13453007,0.00898741,0.2101949,0.014047802,0.030589834,0.015764015,0.11995085,0.0033786227,0.15536417
GTAACCATCAAGTCGT-1,Insertion_Insertion,Insertion_NHEJ-Deletion,0.1290724,0.09701581,0.062198546,0.022557624,0.124564,0.07567742,0.14229451,0.009575836,0.12773818,0.012027748,0.013483378,0.016517526,0.11168806,0.0073925983,0.04819636
TACGGTACATCACAGT-4,Insertion_Insertion,Insertion_Insertion,0.10196174,0.058820542,0.010276249,0.025141582,0.22174957,0.060816698,0.14061461,0.008111355,0.19321215,0.009158072,0.010033763,0.049379364,0.05168765,0.013136467,0.045900136
AATTCCTAGTGGTTCT-1,Insertion_Insertion,Insertion_Insertion,0.053283457,0.104200475,0.014538835,0.014162799,0.39301753,0.04310657,0.13342442,0.0057842685,0.107577346,0.012261276,0.015886042,0.026103051,0.040460557,0.0040140175,0.032179378
ATGGGTTAGGCCTTGC-1,Insertion_Insertion,Insertion_NHEJ-Deletion,0.095978156,0.093223915,0.021292958,0.036291465,0.13552031,0.0333138,0.22755277,0.0064743133,0.12001281,0.012729715,0.020639945,0.024378462,0.11908658,0.008221544,0.045283303
TCGACCTTCATCCTGC-1,Insertion_Insertion,Insertion_WT,0.023727162,0.057620797,0.024938578,0.029544212,0.15599076,0.13337135,0.13533762,0.007757468,0.19326612,0.0073772147,0.02734672,0.028544882,0.08139597,0.009085611,0.084695496
AACCTTTCAGCAGAAC-1,HDR_Insertion,Insertion_Insertion,0.05758423,0.09529337,0.03253887,0.023030221,0.16807891,0.07708886,0.12016165,0.0154555105,0.12646481,0.012285924,0.029502492,0.016613945,0.1534721,0.019176556,0.053252578
AGGTTGTGTACTAACC-4,Insertion_WT,Insertion_Insertion,0.037619185,0.047481574,0.08201095,0.02218428,0.26098478,0.034934055,0.21080807,0.008899126,0.13662481,0.0071993815,0.01916224,0.027024794,0.053668585,0.010629013,0.040769167
ACGTACACAAGTCATC-1,Insertion_Insertion,Insertion_Insertion,0.03676756,0.06187038,0.014857942,0.014269775,0.35644493,0.03757305,0.14442861,0.004146862,0.19728379,0.0040405663,0.017797118,0.01280239,0.052910842,0.002661621,0.042144522
ACATGCAGTCCACTTC-1,MMEJ-Deletion_WT,Insertion_WT,0.05332687,0.06574307,0.023551019,0.03788724,0.19973758,0.05463787,0.12588297,0.009169045,0.22117412,0.0038160796,0.020732192,0.028872758,0.09136091,0.004836761,0.059271507
GTAAGTCTCCCAAGTA-1,Insertion_Insertion,Insertion_Insertion,0.033470955,0.14031272,0.024744108,0.0284282,0.18301193,0.047833186,0.109278314,0.011518676,0.17178841,0.014041639,0.011362957,0.036366012,0.1049566,0.0031165509,0.079769775
TTGATGGCACGGTGCT-1,NHEJ-Deletion_NHEJ-Deletion,Insertion_NHEJ-Deletion,0.044819493,0.054670043,0.065262444,0.011769883,0.17561984,0.06078078,0.33623195,0.012935593,0.08227328,0.007869993,0.020652844,0.015262303,0.073451206,0.0046685436,0.03373177
TATATCCAGAAATGGG-1,Insertion_WT,Insertion_Insertion,0.051596507,0.08212742,0.043218836,0.012458167,0.30863908,0.04562109,0.090644084,0.010794768,0.19318259,0.005202546,0.040391445,0.042665,0.0379511,0.003010279,0.03249709
TTCCTTCCAATAGTCC-4,Insertion_WT,Insertion_WT,0.041594908,0.020780418,0.013296309,0.119326696,0.067104645,0.030965317,0.107600205,0.011332155,0.28144133,0.010375084,0.021621786,0.040185213,0.0497436,0.0039773914,0.1806549
ACTCCCAAGATGGCAC-4,NHEJ-Deletion_NHEJ-Deletion,Insertion_WT,0.044293065,0.05623273,0.021159392,0.028049316,0.08363868,0.048827965,0.10691075,0.003637201,0.22281311,0.0061202473,0.012116475,0.05420826,0.10028543,0.0044123414,0.20729505
TTGTGGAGTCTGTGGC-1,Insertion_Insertion,Insertion_Insertion,0.029414954,0.050152224,0.029006692,0.077408336,0.28369012,0.062310293,0.111077264,0.0053757583,0.14948769,0.009965285,0.023186484,0.010581116,0.10444553,0.009639785,0.04425844
CTCTGGTGTACGAGCA-4,Insertion_MMEJ-Deletion,Insertion_WT,0.024907963,0.10565803,0.04207466,0.037401304,0.09250138,0.05616638,0.08395189,0.010242788,0.21295607,0.006694269,0.040124103,0.035967436,0.11614022,0.00750439,0.12770912
GTCATTTGTGGTAATA-1,Insertion_Insertion,Insertion_Insertion,0.051985633,0.042733327,0.037352595,0.07213145,0.16860019,0.04796469,0.11108592,0.0060408027,0.1330914,0.01738408,0.053296067,0.0327879,0.1320043,0.013289943,0.08025169
ACAAGCTCATTGAAAG-1,Insertion_NHEJ-Deletion,Insertion_Insertion,0.026300572,0.06546305,0.019228391,0.0060912464,0.252212,0.0979165,0.18634011,0.00847209,0.11645226,0.0070826416,0.026237203,0.026707156,0.10228871,0.0031672474,0.05604085
GGGATCCGTGTTCATG-1,NHEJ-Deletion_WT,Insertion_WT,0.0106494045,0.052373983,0.027334576,0.09375716,0.09953347,0.038846888,0.14969419,0.004706556,0.2558571,0.0062719076,0.020013476,0.021872891,0.11349274,0.0042107515,0.10138489
CAATTTCCAAGTCATC-1,Insertion_WT,Insertion_Insertion,0.021533571,0.054905184,0.0149477795,0.008377943,0.2558695,0.07269319,0.20181324,0.006579781,0.1465752,0.0047925403,0.0255965,0.00957171,0.09899163,0.0036448818,0.0741073
ACCCTCATCTCTCGCA-1,Insertion_Insertion,Insertion_Insertion,0.08432261,0.03768328,0.028846221,0.025307843,0.2597828,0.09039121,0.10637609,0.004024794,0.2006335,0.008412252,0.0057773846,0.031331066,0.0535628,0.002335175,0.06121297
CTCAAGAGTCTGTCCT-1,NHEJ-Deletion_WT,HDR_HDR,0.31770357,0.050318472,0.013279409,0.0077594365,0.15816577,0.09198804,0.11357378,0.0058544916,0.08345414,0.008663313,0.034835853,0.020918861,0.05238614,0.005061882,0.036036838
TGGTACAAGAAGCTCG-1,Insertion_NHEJ-Deletion,Insertion_NHEJ-Deletion,0.012718947,0.091603816,0.036244188,0.02916778,0.16623482,0.10919855,0.1809428,0.026452327,0.14904042,0.0045090327,0.015372904,0.017366674,0.1087643,0.0041558407,0.048227623
GCAACCGCAGGTCAAG-4,Insertion_Insertion,Insertion_Insertion,0.073264524,0.063180886,0.028552052,0.01739129,0.29334798,0.06513378,0.17306738,0.009687063,0.14148946,0.0062970757,0.011274627,0.014494455,0.0682496,0.0025624519,0.032007344
TTAGGCACATCCTCAC-1,Insertion_NHEJ-Deletion,Insertion_Insertion,0.10449459,0.05537166,0.017767819,0.006303224,0.24089755,0.07272123,0.16936114,0.0071562217,0.09585045,0.0024546767,0.03219118,0.013900781,0.1132001,0.006230596,0.06209877
ATGAGTCGTGATATAG-1,HDR_HDR,Insertion_Insertion,0.09614936,0.11860505,0.019508235,0.016491063,0.17747596,0.13357326,0.13203731,0.01176179,0.0641787,0.016440198,0.030161235,0.0277398,0.078964345,0.0084923515,0.06842133
ATGGGAGAGGCTGAAC-1,Insertion_NHEJ-Deletion,Insertion_NHEJ-Deletion,0.06663658,0.09093612,0.010420758,0.020470371,0.16535439,0.06832818,0.19586651,0.0056658573,0.15610576,0.009115506,0.014292333,0.030790525,0.048671994,0.0040247706,0.113320306
TCGCACTCAATTAGGA-1,HDR_Insertion,Insertion_WT,0.056762718,0.08785184,0.04559521,0.022910058,0.15649885,0.093833886,0.12858173,0.0058896104,0.16819252,0.00800287,0.051486824,0.034642257,0.043037314,0.0054421197,0.0912722
CCACCATCAAGGTCAG-1,Insertion_SV,Insertion_Insertion,0.0387952,0.085660174,0.036561936,0.013466612,0.1675485,0.074473955,0.12066346,0.030176288,0.08399978,0.010479526,0.05355873,0.010558525,0.1315308,0.023119614,0.119406916
CCTCAACCAAGACGGT-1,MMEJ-Deletion_NHEJ-Deletion,Insertion_NHEJ-Deletion,0.049286082,0.08177785,0.03807515,0.04999687,0.14710787,0.061254524,0.1878628,0.0079091545,0.11373767,0.00593766,0.036625177,0.0462031,0.09164704,0.0085846875,0.07399436
AGGCCACAGAATCCCT-4,Insertion_NHEJ-Deletion,Insertion_Insertion,0.0570457,0.12871791,0.035528727,0.012170933,0.17977965,0.043673713,0.15855138,0.0067831124,0.109689824,0.004989455,0.018006675,0.02595853,0.15995918,0.010923408,0.048221767
TGTGCGGTCCAGCAAT-1,Insertion_Insertion,Insertion_NHEJ-Deletion,0.047404483,0.09221274,0.014199259,0.047316387,0.18244694,0.03447603,0.20514372,0.012061655,0.054180585,0.0066661634,0.041997176,0.0103976745,0.16581295,0.010360378,0.07532381
TCGCTTGAGTAATACG-4,Insertion_Insertion,Insertion_NHEJ-Deletion,0.01191243,0.07048439,0.048020724,0.047537323,0.09257432,0.03869135,0.20953263,0.010734241,0.15854463,0.0043226164,0.02957733,0.020927222,0.14666905,0.0029749693,0.10749681
GGTGAAGCAATGTCTG-4,Insertion_SV,Insertion_WT,0.026425088,0.0569245,0.040590037,0.01529027,0.08225685,0.063624136,0.1519292,0.03611279,0.23213768,0.0070128306,0.02225996,0.016137892,0.11999609,0.010190908,0.11911178
AGAAGTATCGCTAATG-1,NHEJ-Deletion_WT,Insertion_WT,0.036705326,0.04508244,0.019605033,0.048666086,0.18180688,0.05953082,0.17527449,0.00557141,0.18959612,0.007179957,0.03422033,0.024002774,0.08592804,0.0025946554,0.08423561
ACCTGTCGTTACGCCG-1,MMEJ-Deletion_WT,Insertion_Insertion,0.032761134,0.080312945,0.057299532,0.06491693,0.29486018,0.03588864,0.04777161,0.012663771,0.07702196,0.021615308,0.026194619,0.010259949,0.17100605,0.009385172,0.058042176
CCAATGAAGATAGCAT-1,Insertion_NHEJ-Deletion,Insertion_Insertion,0.05552321,0.092070974,0.033902153,0.04446984,0.1901354,0.06942152,0.14993997,0.023122042,0.07991064,0.016160741,0.024440331,0.039662573,0.09289385,0.013757449,0.07458928
GCGGAAAGTCAAAGTA-4,NHEJ-Deletion_WT,Insertion_WT,0.024984585,0.08143514,0.043125298,0.02976639,0.060464524,0.03399409,0.17616044,0.010962106,0.27150175,0.0036429113,0.014109602,0.013697975,0.101887934,0.012678981,0.121588245
GAGCTGCCACGGTCTG-1,Insertion_Insertion,Insertion_Insertion,0.03071389,0.048815414,0.045016415,0.08556019,0.19097187,0.039765123,0.15858243,0.009545441,0.14026648,0.0075141396,0.03899686,0.02908551,0.096102186,0.013525425,0.06553865
GTCCCATAGGTCGACA-1,HDR_Insertion,Insertion_Insertion,0.18626551,0.10337324,0.0184193,0.012100359,0.1931966,0.09806921,0.11341812,0.01502147,0.08281249,0.0077016274,0.033189747,0.01445826,0.069926746,0.0068184044,0.045228917
GTTCATTGTGTAAACA-1,Insertion_Insertion,Insertion_Insertion,0.032105397,0.0918468,0.024650803,0.023528578,0.2072661,0.054074895,0.13562779,0.0220875,0.20108025,0.006171342,0.033564392,0.05031411,0.08447814,0.0037921278,0.02941178
AAGACAACAGCGTGCT-1,MMEJ-Deletion_WT,Insertion_Insertion,0.13439658,0.104838416,0.018854631,0.018954206,0.2653932,0.061438046,0.10746375,0.013055766,0.08558747,0.020575112,0.023551004,0.015032813,0.06972246,0.012354932,0.048781604
TGGAGGATCCGAAGGA-1,Insertion_WT,Insertion_WT,0.041767992,0.06994635,0.009344069,0.18933079,0.08188008,0.03208821,0.047770865,0.007364581,0.27804044,0.017158063,0.015649663,0.03186669,0.068542235,0.009245035,0.10000496
AGGATCTTCGGCGATC-1,Insertion_NHEJ-Deletion,Insertion_Insertion,0.057972908,0.12722328,0.031089729,0.011019818,0.2201868,0.087231085,0.09100449,0.015076072,0.08010012,0.014864204,0.027744312,0.015787689,0.075514555,0.016547352,0.1286376
GTAACACAGCAGGTCA-4,NHEJ-Deletion_WT,Insertion_WT,0.03738796,0.04080968,0.039976746,0.04403019,0.14158462,0.083529726,0.09606983,0.013587036,0.1440438,0.014869503,0.019192502,0.038956214,0.13944189,0.005285863,0.14123446
TGTCCACGTCGCATCG-1,MMEJ-Deletion_NHEJ-Deletion,Insertion_Insertion,0.035612892,0.09402791,0.023706552,0.03389698,0.20471516,0.07384651,0.19510941,0.006307315,0.09527467,0.008367534,0.028119313,0.021964211,0.08162636,0.004722301,0.09270287
CACGAATAGTACCGGA-1,Insertion_WT,Insertion_WT,0.014838265,0.03138889,0.030028354,0.045568235,0.09079451,0.032780252,0.12280579,0.026461221,0.24882667,0.0047441926,0.047158014,0.056056794,0.038383804,0.015646758,0.19451822
CAGGTATAGATGCCGA-1,Insertion_MMEJ-Deletion,Insertion_WT,0.046217617,0.084685005,0.028245969,0.06928728,0.14726417,0.10784776,0.10228317,0.012262044,0.2226397,0.00846152,0.011776985,0.031345263,0.032897275,0.0026271322,0.09215912
TCTGCCAAGGGAGAAT-1,HDR_Insertion,Insertion_NHEJ-Deletion,0.08209243,0.12720597,0.04723053,0.024942111,0.14361247,0.081839316,0.19246255,0.009783595,0.13224421,0.0065465476,0.017495802,0.017894449,0.062456053,0.007869118,0.0463248
CTGTATTCAACGCATT-1,HDR_NHEJ-Deletion,Insertion_Insertion,0.09440369,0.073169924,0.024504738,0.027155401,0.21488294,0.05695856,0.1116572,0.011095454,0.11335298,0.0076495586,0.024949754,0.042129174,0.053665638,0.03206659,0.11235842
CGGTCAGAGTTGCATC-1,Insertion_Insertion,Insertion_NHEJ-Deletion,0.02274703,0.07659401,0.042884964,0.03312314,0.10680946,0.03025614,0.20692877,0.008044692,0.1556978,0.0050426815,0.040896796,0.05965453,0.09979612,0.0024548618,0.10906902
CAATTTCAGCACCAGA-4,Insertion_WT,Insertion_NHEJ-Deletion,0.013200542,0.11607962,0.053890552,0.016517794,0.14715539,0.03298971,0.17657878,0.014782351,0.11135978,0.0077941143,0.01530925,0.013665569,0.11763473,0.0046464223,0.15839541
AACCACAGTCGTTTCC-1,HDR_WT,HDR_WT,0.06808729,0.04592285,0.0122715775,0.19918804,0.09386661,0.032313023,0.06071354,0.009746824,0.1699689,0.0096433675,0.013800022,0.037055895,0.07858514,0.007928957,0.16090797
TCATATCAGCGTGTTT-1,Insertion_WT,Insertion_WT,0.08416645,0.07204926,0.032956585,0.12863167,0.12345234,0.037546333,0.1284656,0.006839159,0.18916334,0.012001653,0.012930978,0.023684988,0.07474563,0.003457889,0.0699081
AGCTCAATCTGCACCT-4,NHEJ-Deletion_WT,NHEJ-Deletion_WT,0.017354883,0.091217406,0.03779139,0.05101769,0.11825191,0.09077077,0.13505527,0.012485727,0.11782889,0.008158256,0.020843638,0.031463634,0.04756059,0.016944077,0.20325589
TCCTCTTAGTATGACA-4,Insertion_NHEJ-Deletion,Insertion_NHEJ-Deletion,0.008381661,0.055897526,0.01524892,0.02166016,0.22636858,0.07451535,0.22975543,0.0124073075,0.14201546,0.010981327,0.019687656,0.023730561,0.038952596,0.0132768545,0.10712057
ATGTCTTGTATCGCGC-1,MMEJ-Deletion_WT,Insertion_WT,0.058976173,0.15261744,0.021373773,0.06882843,0.16473895,0.084582165,0.05141868,0.011163036,0.17048126,0.00966376,0.029536122,0.046522543,0.07966376,0.011517235,0.03891663
TACAACGGTACAACGG-1,HDR_HDR,Insertion_WT,0.09552265,0.06694832,0.028363137,0.013596817,0.16298969,0.076418124,0.13735259,0.0075905514,0.18264845,0.007773365,0.029860085,0.043217726,0.051254418,0.0052953055,0.09116876
CCGTTCAGTTGGCTAT-1,HDR_Insertion,Insertion_WT,0.012642142,0.10881119,0.043577865,0.019615317,0.13272597,0.05591739,0.13891008,0.007830507,0.16255501,0.005152641,0.04215926,0.010742147,0.096496865,0.009824827,0.15303874
TACCCACAGACCCTTA-4,Insertion_Insertion,Insertion_Insertion,0.01712964,0.09768923,0.013881662,0.0380776,0.22596763,0.04110505,0.16418615,0.0043540457,0.2120271,0.0038843944,0.016099574,0.012776994,0.106254846,0.002852627,0.04371344
GCCAGGTCAGAATCGG-4,Insertion_WT,NHEJ-Deletion_WT,0.011652583,0.04066683,0.035096202,0.043625195,0.117643,0.043254174,0.15670599,0.012042769,0.17673874,0.008361537,0.017481092,0.032649275,0.07299146,0.0053070453,0.22578408
GGAGAACGTCCACGCA-1,NHEJ-Deletion_WT,Insertion_Insertion,0.10664867,0.10634929,0.05115926,0.045250274,0.13785711,0.09338111,0.068893455,0.0066061127,0.13620591,0.020990744,0.036797598,0.02955577,0.08347543,0.009741666,0.06708758
GTCTAGATCGAAACAA-1,Insertion_Insertion,Insertion_Insertion,0.062250603,0.08528607,0.034040283,0.024163244,0.2896529,0.086437926,0.119293556,0.02447563,0.11967478,0.00765947,0.014729999,0.01423469,0.07291609,0.00559259,0.03959214
TGTGGCGGTAACCAGG-4,Insertion_Insertion,Insertion_Insertion,0.014377328,0.057263494,0.017067643,0.04187979,0.22866823,0.04861111,0.11650242,0.010819832,0.14395277,0.006362828,0.030513486,0.0226546,0.0774662,0.0035600604,0.1803002
CCTCCTCTCGCAGTGC-1,NHEJ-Deletion_NHEJ-Deletion,Insertion_NHEJ-Deletion,0.10308978,0.09864799,0.024868246,0.08159944,0.14052983,0.05234457,0.14917092,0.026438322,0.12417954,0.008083762,0.012025604,0.013917472,0.0762827,0.010196342,0.07862545
GGTGATTGTAAGGAGA-4,Insertion_WT,Insertion_WT,0.020443475,0.08051074,0.042686548,0.0711834,0.14790343,0.032928046,0.14730492,0.011760415,0.21884196,0.009727997,0.026787242,0.020088186,0.05306552,0.010394269,0.10637389
AGATGCTTCGTCTAAG-1,Insertion_NHEJ-Deletion,Insertion_NHEJ-Deletion,0.025880871,0.14759164,0.026540034,0.011699979,0.15062028,0.033812325,0.24648914,0.011076292,0.12646633,0.0053585535,0.04122341,0.029186415,0.07640838,0.00410747,0.063538864
CATGGATAGGGAGATA-1,MMEJ-Deletion_NHEJ-Deletion,HDR_Insertion,0.117903516,0.13631225,0.03833591,0.049532715,0.11843937,0.08652274,0.12305111,0.012611561,0.055733964,0.01446909,0.034941968,0.031154703,0.06695887,0.021909539,0.09212271
AATAGAGAGAAATTCG-1,Insertion_WT,Insertion_Insertion,0.0353768,0.07701588,0.02874955,0.055907622,0.21971084,0.047106512,0.089009866,0.0067511704,0.18084572,0.008332523,0.09310653,0.06903836,0.042005062,0.005262521,0.041781038
AGTCACATCAACCTCC-1,NHEJ-Deletion_NHEJ-Deletion,Insertion_Insertion,0.018243946,0.11546774,0.04539186,0.028995749,0.22447501,0.06556516,0.21933535,0.011920666,0.09704351,0.0057467953,0.014348577,0.011973878,0.05053093,0.0051177978,0.08584298
GTGGCGTTCCGGCAAC-1,MMEJ-Deletion_MMEJ-Deletion,Insertion_NHEJ-Deletion,0.05503173,0.089911886,0.04679775,0.03417659,0.12454074,0.057861008,0.1508891,0.013457021,0.11913136,0.018414186,0.043892775,0.01948028,0.12494861,0.03317531,0.06829164
TGGGCGTAGCGTTGTT-1,Insertion_Insertion,Insertion_Insertion,0.0168761,0.037115622,0.035600383,0.008602428,0.24554908,0.056587845,0.188923,0.013436438,0.15604351,0.014577661,0.013603745,0.022122422,0.091183774,0.003605517,0.096172445
GGAGGATCACTTGAGT-1,Insertion_Insertion,HDR_Insertion,0.040149584,0.15767139,0.034517296,0.045112196,0.13384746,0.0700113,0.11369904,0.020393094,0.11989252,0.008343097,0.030588105,0.0734083,0.068911836,0.017067367,0.06638742
CTCCCAATCGGTGTTA-1,HDR_Insertion,Insertion_Insertion,0.07680653,0.07694837,0.020634277,0.016814357,0.36533856,0.0576626,0.12742326,0.016836982,0.121977985,0.006486693,0.011183294,0.037451964,0.03918277,0.004303174,0.020949198
AAAGGTAGTCGTTGCG-1,Insertion_Insertion,Insertion_NHEJ-Deletion,0.10228061,0.054781545,0.07384031,0.027535014,0.12755851,0.079066664,0.13637628,0.020418687,0.07369356,0.006537456,0.015515559,0.09752882,0.115138695,0.012598907,0.057129364
CTGAGGCGTATCCTTT-4,NHEJ-Deletion_WT,Insertion_WT,0.01589552,0.043185007,0.026597045,0.0185017,0.16158372,0.02454789,0.15648216,0.007547,0.20572051,0.012183308,0.023270523,0.035297774,0.08530924,0.004463603,0.17941503
GGAACCCTCCAAGCAT-1,HDR_WT,Insertion_Insertion,0.07406748,0.067224376,0.03307458,0.14491408,0.1470193,0.06037936,0.093448795,0.022929678,0.11722737,0.0114675565,0.0148844095,0.03215803,0.06718583,0.016695252,0.09732392
CGGCAGTGTCATCGGC-4,Insertion_MMEJ-Deletion,Insertion_Insertion,0.058696907,0.10242563,0.044579417,0.028412292,0.17740214,0.042511065,0.11850229,0.0099468175,0.15718615,0.01218228,0.043750957,0.0322294,0.07491868,0.007114191,0.090141766
GTGGGAAAGTGTAGTA-1,NHEJ-Deletion_NHEJ-Deletion,Insertion_Insertion,0.053146753,0.03313795,0.020555492,0.024721134,0.34532854,0.09198835,0.13911699,0.01264563,0.0701482,0.008071217,0.016746653,0.00844562,0.0825901,0.009635834,0.083721586
CGCAGGTAGGAACGAA-1,HDR_NHEJ-Deletion,Insertion_MMEJ-Deletion,0.091354385,0.10137173,0.021169197,0.03274253,0.1065384,0.16564691,0.1221335,0.00947388,0.127605,0.01139152,0.031055735,0.03670348,0.071697675,0.007755979,0.063360095
TAACACGCATGACTCA-1,HDR_WT,HDR_WT,0.10460602,0.08759962,0.036220253,0.15104823,0.111550145,0.049999386,0.078722954,0.008649156,0.08106161,0.021956487,0.012218512,0.037364032,0.085678644,0.0102244485,0.12310049
TTAGGGTGTAACAAGT-1,Insertion_WT,HDR_HDR,0.21496908,0.059335098,0.023347406,0.05144939,0.17712314,0.057672303,0.060709033,0.014791413,0.097595334,0.020038636,0.014079935,0.03057415,0.097120576,0.013662487,0.06753197
CTCAATTAGACCTCCG-1,NHEJ-Deletion_WT,NHEJ-Deletion_NHEJ-Deletion,0.040364582,0.11577227,0.04971161,0.031470016,0.0943468,0.04763837,0.10870498,0.024881324,0.07650904,0.011583632,0.036625054,0.008868241,0.24017826,0.020381374,0.092964455
AAGGAATGTACAAGCG-1,Insertion_WT,Insertion_Insertion,0.06777418,0.07176899,0.058798883,0.017125133,0.14770812,0.07283577,0.11687617,0.0132119255,0.14661635,0.007618256,0.033652432,0.032301594,0.13342841,0.0063866507,0.07389713
AAATGGACATTGACAC-1,Insertion_MMEJ-Deletion,Insertion_NHEJ-Deletion,0.055414867,0.08304339,0.027608132,0.0369072,0.14321223,0.05568955,0.19862652,0.011980644,0.17889376,0.0034086653,0.016251046,0.037577737,0.08101776,0.0056779445,0.06469059
CTTCAATAGCCTATCA-4,MMEJ-Deletion_NHEJ-Deletion,NHEJ-Deletion_NHEJ-Deletion,0.0268967,0.07245958,0.02902513,0.01613898,0.11433616,0.052884024,0.13295849,0.019576518,0.123490795,0.035865415,0.014518605,0.03565437,0.16167499,0.013873803,0.15064642
GCACTAAGTTTCCATT-1,Insertion_Insertion,Insertion_Insertion,0.07683416,0.048562594,0.013329908,0.014150553,0.17723373,0.07981952,0.1634812,0.027051669,0.141014,0.0083768135,0.037582107,0.030086774,0.124703966,0.009735834,0.048037145
CAAGACTGTCACTGAT-1,Insertion_WT,Insertion_WT,0.13308413,0.08814757,0.020994464,0.028488623,0.14842367,0.06113191,0.13123743,0.013965133,0.15063244,0.024816792,0.015529287,0.04147938,0.043248292,0.00934517,0.08947573
CTAGACAGTCTCGACG-1,Insertion_NHEJ-Deletion,Insertion_Insertion,0.034239013,0.063221164,0.04527675,0.010761041,0.17008151,0.10460563,0.15114142,0.008530143,0.08810415,0.016008563,0.02165685,0.011565357,0.1651621,0.016057774,0.093588494
CATTTCAGTTCTTGTT-1,NHEJ-Deletion_WT,Insertion_Insertion,0.045422014,0.05637415,0.032477636,0.018162703,0.23190576,0.047978178,0.21265276,0.006941169,0.1386351,0.0040384317,0.022692021,0.017199242,0.12294966,0.0031512494,0.03941993
AAGACAATCCTTATAC-1,MMEJ-Deletion_WT,Insertion_WT,0.045105465,0.06164177,0.030086227,0.06555537,0.10504878,0.07164496,0.2127019,0.013554667,0.22690603,0.0064769634,0.016539225,0.023495633,0.056272138,0.0045027295,0.06046811
GGTGAAGGTATGAAGT-1,HDR_HDR,Insertion_NHEJ-Deletion,0.12074046,0.10064553,0.042246524,0.031085845,0.12406795,0.07729555,0.14912763,0.010038161,0.08234238,0.0041212225,0.07719169,0.036318373,0.044358738,0.02205244,0.078367546
CATAGACAGGCACGAT-1,Insertion_Insertion,Insertion_Insertion,0.022309704,0.063398935,0.027807428,0.023429632,0.16894989,0.06409155,0.16498986,0.013372696,0.122826055,0.006953212,0.050031822,0.02360313,0.14889157,0.0037720173,0.09557249
AGATCGTAGACGGTTG-1,NHEJ-Deletion_WT,Insertion_Insertion,0.056656476,0.08758871,0.022401132,0.050832875,0.21617378,0.07613714,0.11713624,0.019366644,0.11368167,0.006661384,0.033706915,0.019984575,0.13164335,0.0032267212,0.044802375
ATGTCCCGTACCAGAG-1,Insertion_NHEJ-Deletion,Insertion_Insertion,0.09464388,0.11007155,0.029017529,0.057634387,0.21325,0.040872995,0.09214838,0.0078027113,0.13373998,0.006195287,0.023456346,0.028915081,0.091177076,0.02584781,0.045227
AAGCGAGGTCGTTGCG-4,NHEJ-Deletion_WT,Insertion_Insertion,0.07433204,0.076536216,0.044366624,0.0066524493,0.23761387,0.05559163,0.12751645,0.0250714,0.14064498,0.010703004,0.030715315,0.037337583,0.08314848,0.0057706796,0.043999266
GCCATTCAGTAGGCCA-1,MMEJ-Deletion_MMEJ-Deletion,Insertion_NHEJ-Deletion,0.08488188,0.06599378,0.050129585,0.021430071,0.13814344,0.061736684,0.20817156,0.009700041,0.13826407,0.015955146,0.021664653,0.021382919,0.10551521,0.012285098,0.044745855
AGACCCGAGACCGCCT-1,Insertion_NHEJ-Deletion,Insertion_Insertion,0.031912066,0.04971813,0.030862544,0.014102706,0.25512505,0.06343685,0.23466529,0.014029221,0.100870214,0.007662409,0.01552435,0.030039173,0.082044885,0.005763382,0.06424376
TCACGGGCAGAAGTGC-4,Insertion_MMEJ-Deletion,Insertion_WT,0.026931118,0.07449457,0.062328443,0.048990622,0.102980405,0.050661087,0.1631385,0.007817485,0.20445578,0.0129593965,0.014572173,0.018008683,0.11245804,0.0032860148,0.096917726
GACCCTTGTAGCTGTT-1,Insertion_MMEJ-Deletion,Insertion_NHEJ-Deletion,0.025122885,0.053979747,0.038658757,0.018946642,0.14556503,0.06722766,0.17217515,0.014404797,0.16605932,0.0040612705,0.024055248,0.04687032,0.09021099,0.029636318,0.103025846
ACAGCCGCAGAACTCT-1,Insertion_NHEJ-Deletion,Insertion_Insertion,0.04939303,0.08351046,0.014243354,0.022264343,0.17566922,0.11139653,0.13020894,0.011230256,0.08169801,0.016253643,0.0640645,0.016779106,0.11584846,0.022819808,0.08462034
GTCACGGCAGTCAGAG-1,NHEJ-Deletion_WT,Insertion_Insertion,0.014533809,0.084568225,0.025854856,0.021614965,0.18646269,0.024380805,0.1863603,0.015827332,0.14564249,0.0032218152,0.018063273,0.023602106,0.13374738,0.0039562057,0.11216378
AACCCAAAGAATTCAG-1,NHEJ-Deletion_NHEJ-Deletion,NHEJ-Deletion_WT,0.015423543,0.049481116,0.020062061,0.043661658,0.10578027,0.020894129,0.1157093,0.012123307,0.13888985,0.034793876,0.010892722,0.037362415,0.17429358,0.010592018,0.21004017
AGAGCCCTCCCGAAAT-4,Insertion_NHEJ-Deletion,NHEJ-Deletion_NHEJ-Deletion,0.020451166,0.03944223,0.031279083,0.021192027,0.12289225,0.030001005,0.13183329,0.0078556845,0.12704526,0.011808901,0.025041614,0.05204171,0.20327652,0.0060987514,0.16974054
AATTCCTTCGCACTCT-1,Insertion_NHEJ-Deletion,Insertion_Insertion,0.0520373,0.060853835,0.018627666,0.024694422,0.22210322,0.047201853,0.18618609,0.0129292095,0.09858287,0.006334623,0.018745167,0.021871436,0.11215281,0.0020675198,0.115611985
CGGTCAGCATCTAACG-1,MMEJ-Deletion_NHEJ-Deletion,Insertion_Insertion,0.11233712,0.07846641,0.035571184,0.0278345,0.17837411,0.077331625,0.10509482,0.01055151,0.13230394,0.0069938977,0.04544947,0.015863178,0.102289304,0.0050038877,0.06653499
TACAACGGTGGAACCA-4,Insertion_WT,Insertion_Insertion,0.021219393,0.059577104,0.035759754,0.03305888,0.23415807,0.036572374,0.14077213,0.013369126,0.14400971,0.009974236,0.018533416,0.035484366,0.14127547,0.004780421,0.07145552
CGTGCTTAGGTCCGAA-1,NHEJ-Deletion_NHEJ-Deletion,Insertion_NHEJ-Deletion,0.013970566,0.080302775,0.026747229,0.010237563,0.07757439,0.0291151,0.2671332,0.00861757,0.1309284,0.002327987,0.015592548,0.007185652,0.22743745,0.0086025335,0.094227046
AAATGGAGTATGCGTT-1,Insertion_WT,Insertion_NHEJ-Deletion,0.02052191,0.15682508,0.020763367,0.012289117,0.18853424,0.06695723,0.19611599,0.017766556,0.12165272,0.0046330835,0.025269097,0.017729316,0.084892586,0.0034439438,0.062605746
ATGCATGCAGAGAGGG-4,Insertion_WT,Insertion_WT,0.05916919,0.057560224,0.015940977,0.03700878,0.122300655,0.053211935,0.14522491,0.0112869935,0.32312292,0.003911486,0.03454643,0.028440341,0.042530287,0.013129802,0.052615073
GTCGTAACAGACTCTA-4,NHEJ-Deletion_NHEJ-Deletion,Insertion_NHEJ-Deletion,0.011424669,0.074479476,0.016746124,0.0115116,0.10799424,0.053893223,0.3072837,0.010645681,0.11431102,0.006094458,0.011819836,0.033852708,0.122789375,0.004675362,0.1124785
ATTCAGGGTTACACTG-1,Insertion_Insertion,Insertion_Insertion,0.15294467,0.08601377,0.023120092,0.013687885,0.15584993,0.060221016,0.1515045,0.009967241,0.11294522,0.009914667,0.02476577,0.05710197,0.07029987,0.0057671117,0.06589627
TCTATACCAAATACGA-1,Insertion_NHEJ-Deletion,Insertion_Insertion,0.026624825,0.07874643,0.02395259,0.025904343,0.3024163,0.06755947,0.20665349,0.0056394567,0.07867314,0.0066899685,0.044955004,0.022137098,0.070872635,0.0043538995,0.034821387
TCTCAGCTCCATCACC-1,NHEJ-Deletion_NHEJ-Deletion,Insertion_NHEJ-Deletion,0.014602756,0.07111732,0.017124176,0.01235887,0.12771969,0.04753053,0.38201216,0.011138717,0.119373664,0.010523967,0.008927337,0.019215565,0.078775875,0.0039569978,0.07562235
GACGCTGCACGGCTAC-1,Insertion_NHEJ-Deletion,Insertion_Insertion,0.063251324,0.12251178,0.048496783,0.04082913,0.19252682,0.06043456,0.08479263,0.008492917,0.16854313,0.0071839974,0.013639224,0.030299844,0.10247376,0.018147308,0.038376816
GACCGTGAGTAATCCC-4,NHEJ-Deletion_WT,Insertion_NHEJ-Deletion,0.01797288,0.09329135,0.017425083,0.023107987,0.16978237,0.043586038,0.20311005,0.00739507,0.16290475,0.005665477,0.035742067,0.016715685,0.104561076,0.0062398664,0.09250027
GCCATTCTCATGCAGT-1,Insertion_Insertion,Insertion_Insertion,0.049489446,0.09652887,0.0147698745,0.020097217,0.24895082,0.050693866,0.19657779,0.012830998,0.14048639,0.006343567,0.028522665,0.023900429,0.05958004,0.004881657,0.046346366
GCGAGAATCCTACAAG-1,Insertion_NHEJ-Deletion,Insertion_WT,0.028853904,0.0437589,0.022685332,0.06936414,0.18104845,0.04906837,0.13341846,0.016198616,0.19731466,0.011706028,0.040470365,0.024794623,0.09458345,0.0038430558,0.082891665
TCTGCCATCTCAGGCG-1,Insertion_NHEJ-Deletion,Insertion_NHEJ-Deletion,0.018178303,0.069347836,0.022870937,0.06176096,0.09756301,0.04218998,0.19061069,0.008600258,0.15378807,0.010402971,0.013605141,0.017142275,0.10285467,0.0049080118,0.18617691
CTAGGTACAATCGCCG-1,NHEJ-Deletion_NHEJ-Deletion,Insertion_WT,0.03606337,0.10600181,0.03134014,0.024335327,0.112165175,0.071344495,0.19710496,0.010369841,0.20172904,0.0035713448,0.049145,0.028541366,0.08405942,0.003890957,0.04033774
AGAGCCCGTACGATCT-4,Insertion_Insertion,Insertion_NHEJ-Deletion,0.020907931,0.069022864,0.019813815,0.030926075,0.1757294,0.02970756,0.21596552,0.012700738,0.10904676,0.008906265,0.031879555,0.01605735,0.11570126,0.0035389995,0.14009592
CCACCATTCTCTCAAT-1,Insertion_Insertion,Insertion_Insertion,0.046603065,0.1189002,0.015554144,0.015515432,0.1591421,0.068148986,0.1454706,0.011843674,0.11445464,0.004742148,0.015971847,0.017675538,0.12409234,0.0030570882,0.13882817
ATCGTCCGTACCACGC-1,Insertion_NHEJ-Deletion,Insertion_Insertion,0.04711307,0.072592266,0.032289352,0.018793086,0.17735738,0.0717949,0.17425719,0.009924232,0.15320885,0.013165813,0.03657374,0.042643573,0.10199627,0.008762323,0.039527994
CCTCCTCAGTTTCGGT-1,HDR_NHEJ-Deletion,NHEJ-Deletion_NHEJ-Deletion,0.03352819,0.069573954,0.014835236,0.006783317,0.15348457,0.06465135,0.15680239,0.014110877,0.14847587,0.013460938,0.022579325,0.021067934,0.21006733,0.013758288,0.056820396
TAGACTGCAGGCTCTG-4,NHEJ-Deletion_WT,Insertion_WT,0.007813538,0.027513593,0.01245699,0.07251172,0.055415496,0.031653434,0.057982087,0.007034103,0.42792597,0.0035322146,0.009271062,0.057784196,0.08376995,0.0016156881,0.14371993
CAGAGCCTCAGGGATG-4,Insertion_NHEJ-Deletion,Insertion_WT,0.018165536,0.04358829,0.02232523,0.07118762,0.0755535,0.07139931,0.15969838,0.0051002116,0.20028763,0.0045285802,0.014175282,0.07739721,0.06463605,0.0018508495,0.17010632
TCGCACTCATGTGGCC-1,NHEJ-Deletion_WT,Insertion_WT,0.053949103,0.06135716,0.019261068,0.041221116,0.17419277,0.05782174,0.06521257,0.023540497,0.23733005,0.004040459,0.047978815,0.038918,0.08555211,0.012556581,0.07706795
CATTCCGCATACATCG-1,Insertion_Insertion,HDR_HDR,0.16151665,0.08078606,0.033093993,0.040924236,0.10643349,0.06306009,0.072730206,0.0126094725,0.15496515,0.009920355,0.014573191,0.01771124,0.10957832,0.012694421,0.10940316
TCGACCTCAACCGTGC-1,Insertion_Insertion,Insertion_Insertion,0.10671615,0.083612286,0.033890784,0.079688415,0.20822196,0.07653015,0.095280945,0.016535345,0.082383975,0.011413561,0.032660548,0.02806575,0.048265643,0.017404342,0.07933014
TTTGGTTAGGGAGTGG-1,Insertion_MMEJ-Deletion,Insertion_Insertion,0.09086332,0.039522834,0.019374862,0.008204616,0.34682813,0.05353977,0.22636482,0.017543538,0.07019137,0.0042316206,0.015628483,0.0053955168,0.05216583,0.007707556,0.042437736
AGTGTTGTCGGCTGTG-1,HDR_HDR,NHEJ-Deletion_NHEJ-Deletion,0.0814691,0.073888935,0.042102214,0.016646342,0.13327244,0.051802,0.11701635,0.016649002,0.14499855,0.0053093815,0.040460173,0.02648256,0.16224043,0.013551582,0.07411096
GTTGTCCTCTCCAAGA-1,Insertion_Insertion,NHEJ-Deletion_WT,0.03289731,0.05969479,0.018931167,0.016517881,0.12748146,0.052000593,0.11850052,0.012873969,0.16717614,0.011611049,0.031211406,0.01624233,0.108444996,0.03157642,0.19483997
TCAGTTTTCACTGTTT-4,NHEJ-Deletion_NHEJ-Deletion,NHEJ-Deletion_WT,0.018346261,0.026855104,0.01903889,0.05194284,0.09702595,0.043490503,0.17723997,0.008917848,0.16196989,0.008198049,0.035824295,0.011244628,0.117838316,0.004093786,0.21797365
ATTCCATGTCCATAGT-1,HDR_HDR,Insertion_NHEJ-Deletion,0.050737713,0.13844648,0.025651015,0.04090913,0.14292702,0.082082085,0.19091208,0.006296933,0.12171348,0.0041592154,0.031304903,0.026716458,0.0670294,0.0092439605,0.0618701
ACGATGTAGAGCTGCA-1,Insertion_NHEJ-Deletion,Insertion_Insertion,0.047361348,0.08221934,0.036033522,0.027868425,0.17002706,0.041107595,0.1643475,0.0075991126,0.06311907,0.01856771,0.08486891,0.027968587,0.1315367,0.010962755,0.08641231
GGGACAAAGAATTGTG-4,HDR_HDR,Insertion_Insertion,0.09239204,0.11195575,0.038911987,0.012489137,0.23149243,0.07021095,0.12891603,0.0061771236,0.1389643,0.008836475,0.012318159,0.018221417,0.06762588,0.007902263,0.05358607
AAGTTCGCATTCAGGT-1,Insertion_WT,Insertion_WT,0.013556143,0.041571062,0.024971595,0.06217629,0.05258649,0.04673109,0.06556676,0.016099097,0.38542065,0.005853093,0.018241992,0.04365964,0.046078138,0.0041570226,0.17333095
GCATGATAGGCATTTC-4,HDR_WT,NHEJ-Deletion_WT,0.039862134,0.06495146,0.037819594,0.01186083,0.10027444,0.05005105,0.13620055,0.010662182,0.16961417,0.005824904,0.036465146,0.011362409,0.102089174,0.042023163,0.18093878
CCTAACCAGGAATCGC-1,Insertion_Insertion,Insertion_Insertion,0.064207524,0.09835077,0.02582023,0.06569763,0.17537846,0.046744503,0.15729223,0.011617668,0.06306629,0.041982956,0.031908207,0.019960582,0.1269342,0.01415148,0.05688725
TGATGGTAGCTAAACA-1,HDR_Insertion,Insertion_Insertion,0.05412736,0.071167395,0.016167127,0.01288841,0.25202763,0.059398673,0.16599698,0.0070127384,0.16883704,0.0036890695,0.012105814,0.022462351,0.09019956,0.004188704,0.059731122
GTAGAGGAGCAGTACG-1,NHEJ-Deletion_NHEJ-Deletion,Insertion_Insertion,0.07200724,0.12814206,0.026729422,0.017452136,0.23212601,0.075169384,0.09838938,0.02336535,0.059645973,0.008839391,0.019380294,0.019853972,0.14168206,0.008641585,0.06857569
GCGTGCAGTCCAGAAG-1,Insertion_Insertion,Insertion_Insertion,0.054055993,0.07274428,0.039778337,0.018147124,0.19961216,0.0745233,0.17688777,0.0056780456,0.14291641,0.0044029215,0.019200435,0.08283435,0.054959435,0.004733669,0.049525786
ATGTCCCTCACTGGGC-4,Insertion_MMEJ-Deletion,Insertion_NHEJ-Deletion,0.1281016,0.07571944,0.05065766,0.006531944,0.14316836,0.04806729,0.15436034,0.009702545,0.088158995,0.018725332,0.028635452,0.031902935,0.13203329,0.008933032,0.07530182
CCGTAGGTCAATCTTC-4,Insertion_NHEJ-Deletion,Insertion_WT,0.04274918,0.080377005,0.02835164,0.052070603,0.16814208,0.03752155,0.15559421,0.00412079,0.19826294,0.0065630185,0.027218254,0.0439143,0.081074744,0.00417213,0.06986757
TCGAAGTAGCCTGAGA-1,Insertion_WT,Insertion_NHEJ-Deletion,0.032368038,0.09204314,0.015676945,0.035329137,0.12194319,0.06887745,0.19657454,0.0057616457,0.12241888,0.0039925305,0.01513885,0.019076284,0.17279164,0.017495405,0.08051227
TGATTCTAGTAATTGG-4,Insertion_WT,NHEJ-Deletion_WT,0.020636743,0.059877653,0.046086233,0.026115304,0.089576095,0.08332835,0.13116197,0.0133069465,0.14140122,0.0052851574,0.01330752,0.036745563,0.054303292,0.0067730756,0.27209488
CTTTCGGGTGCCTGCA-1,Insertion_Insertion,Insertion_Insertion,0.043751128,0.0705927,0.036943745,0.008327969,0.34290233,0.050195716,0.17934094,0.0054743034,0.07810816,0.0045457813,0.013595689,0.012672874,0.095434405,0.004300975,0.05381332
ATTGGGTAGGAGGTTC-1,Insertion_WT,Insertion_Insertion,0.048559662,0.059761126,0.051297963,0.011948336,0.35776743,0.035838645,0.117753334,0.00725037,0.12653835,0.0057145883,0.016545825,0.035305332,0.046832863,0.0025395458,0.0763466
CTCAGAACAACTGCCG-1,Insertion_Insertion,Insertion_Insertion,0.10854791,0.083136596,0.02942719,0.030519871,0.2686107,0.079453595,0.088266246,0.0048864554,0.09335946,0.013278913,0.019762576,0.029860713,0.054695614,0.008310199,0.08788401
TAGGTTGAGGAAGAAC-4,NHEJ-Deletion_WT,Insertion_NHEJ-Deletion,0.024172207,0.07514068,0.047674995,0.022876954,0.08678634,0.03324402,0.23577882,0.010969024,0.23157279,0.0062260716,0.008275212,0.013431233,0.089109115,0.017730214,0.09701228
TGTGCGGCACATACGT-1,Insertion_NHEJ-Deletion,Insertion_Insertion,0.03678749,0.048391897,0.057738148,0.02821592,0.18731898,0.07212832,0.16416265,0.017805198,0.13676438,0.012345959,0.03796635,0.05483238,0.07929745,0.014687343,0.051557492
TTAGGGTCATGACTAC-1,HDR_Insertion,NHEJ-Deletion_WT,0.022604113,0.10117142,0.020162113,0.009442776,0.100150004,0.032062367,0.16071478,0.008060835,0.113336325,0.012598429,0.0324717,0.012013779,0.15753491,0.019769013,0.19790749
GTGTGGCTCCACAGGC-4,NHEJ-Deletion_WT,Insertion_NHEJ-Deletion,0.07618739,0.055531606,0.015117882,0.078497194,0.09428536,0.039864574,0.19778752,0.014402823,0.16111426,0.017521048,0.008756222,0.03558787,0.089207046,0.013197544,0.10294163
AAGTCGTTCCCAGGCA-1,NHEJ-Deletion_NHEJ-Deletion,Insertion_WT,0.04713156,0.04994183,0.03140199,0.08820837,0.13157211,0.05814774,0.08806924,0.017828338,0.28305992,0.014893125,0.012517989,0.013340041,0.0871677,0.0059531606,0.0707669
GCGGATCAGGTGCTGA-1,MMEJ-Deletion_NHEJ-Deletion,Insertion_Insertion,0.026902517,0.05115667,0.04453164,0.03456974,0.19132014,0.036953636,0.17940974,0.0051821545,0.15152588,0.0072518485,0.056346584,0.038865108,0.078938596,0.0050567375,0.09198901
CATGCAATCCGATGTA-1,HDR_WT,HDR_WT,0.027169226,0.047130227,0.02669613,0.12809378,0.12259355,0.055872764,0.11010632,0.014469363,0.097346775,0.059538607,0.018495698,0.028605854,0.12043137,0.019647138,0.12380321
GGTAGAGTCCATCTGC-1,Insertion_WT,NHEJ-Deletion_WT,0.05956097,0.08310715,0.02505183,0.06070003,0.09754627,0.036449783,0.09013301,0.019135853,0.081444,0.010949654,0.045768134,0.022305759,0.15579334,0.009326078,0.2027281
CGTGCTTAGACGAGCT-1,MMEJ-Deletion_NHEJ-Deletion,Insertion_NHEJ-Deletion,0.0234518,0.08759243,0.03716587,0.011630189,0.19172826,0.06380055,0.27426785,0.010596842,0.08735472,0.015021404,0.031068742,0.008622347,0.09010899,0.002268989,0.065321
CTCAACCCAGCCGTCA-1,MMEJ-Deletion_MMEJ-Deletion,Insertion_Insertion,0.037392527,0.11788713,0.0225012,0.064830005,0.19413039,0.06326623,0.15722646,0.0045645623,0.109858155,0.007464817,0.03983928,0.014163382,0.08324529,0.005469504,0.07816111
CATTTCATCCGCGATG-1,Insertion_Insertion,Insertion_NHEJ-Deletion,0.062140882,0.14182168,0.0141867865,0.01939196,0.13811502,0.07191323,0.22382069,0.022759466,0.074394666,0.017497737,0.049292423,0.012683562,0.061142597,0.013238344,0.07760101
GGATGTTCAACTGGTT-1,Insertion_Insertion,NHEJ-Deletion_WT,0.047407977,0.058027416,0.021141006,0.09794102,0.11925448,0.025722824,0.109693095,0.016798273,0.10233706,0.01292411,0.032227565,0.017886205,0.09643941,0.006873923,0.23532565
TCTATACAGCACCCAC-1,Insertion_MMEJ-Deletion,Insertion_Insertion,0.083509274,0.051293053,0.024192512,0.030285938,0.29259083,0.07636075,0.15961063,0.0073750718,0.048578218,0.043911085,0.014320226,0.048410747,0.06846656,0.010727652,0.040367443
TCACGCTAGCGTCAAG-4,Insertion_Insertion,Insertion_WT,0.018504426,0.06149379,0.014271942,0.07035153,0.10203265,0.08825182,0.1241832,0.005285626,0.2998223,0.008062559,0.009014265,0.04946262,0.07734746,0.0018321426,0.07008363
TGACGCGAGCTCGAAG-1,Insertion_MMEJ-Deletion,Insertion_Insertion,0.025293935,0.071994245,0.01985873,0.02018288,0.2768873,0.059357475,0.13116102,0.010870988,0.1361721,0.004767011,0.050408762,0.017971033,0.09175678,0.01823413,0.065083615
CGGGCATCAACACGAG-4,NHEJ-Deletion_NHEJ-Deletion,NHEJ-Deletion_NHEJ-Deletion,0.033594985,0.05291493,0.022965997,0.012432267,0.10995483,0.06447705,0.12781768,0.0040876493,0.16938306,0.0077759367,0.035566676,0.025874155,0.22366038,0.006517292,0.10297709
TGTTGGACAATAGTGA-1,HDR_Insertion,Insertion_NHEJ-Deletion,0.015059174,0.08464822,0.04929813,0.046376962,0.11181924,0.06743614,0.21798256,0.014480886,0.19321837,0.01025635,0.044636507,0.019902851,0.055797543,0.006293429,0.06279369
ACGATCATCTATCCAT-1,NHEJ-Deletion_WT,Insertion_NHEJ-Deletion,0.029441059,0.078032136,0.017275253,0.017599031,0.22151077,0.04450854,0.26882654,0.009754292,0.10634369,0.0049340883,0.035716757,0.0076754782,0.06348631,0.011973593,0.08292248
GTCAAACCAGGATTCT-1,Insertion_NHEJ-Deletion,Insertion_Insertion,0.018294532,0.057875805,0.036865685,0.08034262,0.22291443,0.10122238,0.16388619,0.020329444,0.093835354,0.0068398826,0.037669826,0.018746737,0.09068317,0.009022453,0.04147149
TACGCTCGTACATTGC-1,HDR_Insertion,Insertion_Insertion,0.060259897,0.07409551,0.033087254,0.028147312,0.2114237,0.08309103,0.13364156,0.008420091,0.07131261,0.011154976,0.05852106,0.016597506,0.11239489,0.013445665,0.084406994
AATGACCCAATAGTGA-1,Insertion_WT,Insertion_NHEJ-Deletion,0.018860094,0.064978115,0.019535841,0.05042994,0.110077955,0.053661022,0.28074935,0.0042288615,0.1216596,0.0036056098,0.020937778,0.010269394,0.10893694,0.0041067232,0.12796277
ATGGGTTTCCTATTTG-1,Insertion_WT,Insertion_NHEJ-Deletion,0.0068214242,0.04031048,0.021427734,0.017552711,0.17502849,0.04765699,0.23497573,0.01132104,0.19601561,0.0032326267,0.033193987,0.016086627,0.09908136,0.006319295,0.09097597
TAGGTACAGCGTCTGC-1,Insertion_NHEJ-Deletion,Insertion_Insertion,0.039260533,0.09301193,0.031025948,0.041525126,0.21897434,0.061295755,0.18128648,0.019517323,0.11616018,0.006660989,0.018237196,0.010852829,0.11085465,0.004654652,0.046682112
AGGAGGTAGTTACGTC-1,NHEJ-Deletion_NHEJ-Deletion,Insertion_Insertion,0.0678439,0.10438785,0.020436626,0.015799072,0.22865152,0.05308951,0.18780321,0.012487,0.080591366,0.007299644,0.031082446,0.033468757,0.08579134,0.0066270526,0.06464073
GAACGTTAGGAAACGA-1,NHEJ-Deletion_WT,NHEJ-Deletion_WT,0.029536368,0.056163825,0.020494781,0.08334451,0.12505351,0.0326046,0.06892095,0.011952864,0.10559393,0.018609123,0.023153499,0.042185426,0.05601435,0.00895904,0.31741318
CATGCTCCACGGAAGT-1,HDR_HDR,HDR_HDR,0.18780361,0.115025446,0.07889382,0.014244369,0.11619161,0.040238596,0.13543554,0.01258712,0.060911335,0.024438873,0.031905103,0.023073794,0.11973718,0.014933675,0.02457994
TCGAAGTCAAGAGATT-1,Insertion_MMEJ-Deletion,Insertion_Insertion,0.040837195,0.04845991,0.039332483,0.015244825,0.35423982,0.03932229,0.14056538,0.01026927,0.12232789,0.0065936134,0.028384821,0.02133542,0.05861789,0.009172737,0.06529647
CGATGGCGTAGCACAG-1,Insertion_WT,Insertion_WT,0.020091817,0.03951072,0.022645304,0.046263147,0.14564936,0.051645115,0.21698883,0.014274635,0.23846838,0.0044893883,0.01045058,0.03311266,0.07745409,0.0077512027,0.07120478
GCTTGGGCACAACCGC-1,HDR_HDR,Insertion_Insertion,0.0868513,0.069638014,0.023657119,0.008541603,0.19308686,0.09619427,0.12241459,0.012655391,0.073536254,0.008763647,0.03587571,0.031173155,0.18269864,0.0078870915,0.047026314
GTCAGCGAGAGCTGCA-1,NHEJ-Deletion_NHEJ-Deletion,Insertion_NHEJ-Deletion,0.030661402,0.08994223,0.045981806,0.032211795,0.15094766,0.047136795,0.27802348,0.008628054,0.06569681,0.007405636,0.022789083,0.018488692,0.13342787,0.003991165,0.0646675
TTAGGGTGTGACTATC-1,Insertion_MMEJ-Deletion,Insertion_NHEJ-Deletion,0.034968257,0.077008136,0.032931354,0.050117537,0.18464044,0.052927632,0.20375928,0.008101462,0.18258244,0.0054883705,0.026730396,0.020641353,0.057451222,0.005852887,0.05679924
ACAAGCTTCGCAGATT-1,HDR_WT,Insertion_NHEJ-Deletion,0.068939745,0.09696614,0.027030068,0.016783345,0.19177145,0.06467411,0.20161444,0.014613235,0.08160184,0.021931935,0.022549892,0.04427237,0.07180803,0.010555781,0.06488762
CACTGAAGTGAGTAGC-1,NHEJ-Deletion_WT,Insertion_Insertion,0.01587744,0.05354573,0.04245688,0.015096405,0.20638782,0.05231426,0.17172137,0.015291266,0.1413827,0.007210141,0.050529104,0.018646464,0.150945,0.004925819,0.05366966
CTTTCAATCCGTGTGG-1,Insertion_WT,Insertion_WT,0.08441719,0.056539014,0.04234811,0.015995305,0.122611135,0.08607915,0.11061797,0.0098248115,0.27393556,0.0066938656,0.008583474,0.03739637,0.08115389,0.004568927,0.059235204
CATACTTCAGGTCCGT-4,Insertion_WT,Insertion_WT,0.0065024383,0.052524675,0.04208194,0.035746627,0.0637353,0.028114693,0.15386522,0.0063310177,0.3175459,0.009095062,0.014649677,0.010867085,0.10615515,0.004595731,0.14818949
GTTGTGACATTGACAC-1,MMEJ-Deletion_WT,NHEJ-Deletion_WT,0.04073443,0.07482474,0.06690434,0.03716413,0.11504028,0.06500716,0.10111678,0.0062303944,0.10724517,0.013639505,0.024300575,0.028095243,0.15075922,0.015325176,0.15361285
CAAGACTTCTTGCGCT-1,NHEJ-Deletion_NHEJ-Deletion,Insertion_Insertion,0.03808586,0.054857656,0.022031896,0.024796145,0.22630706,0.07798467,0.21180446,0.011164519,0.15522304,0.008589286,0.019000627,0.02202136,0.07086835,0.003636404,0.053628687
TGCAGGCTCACTCTTA-4,NHEJ-Deletion_WT,Insertion_WT,0.013420923,0.051413693,0.031718615,0.020026729,0.11207588,0.043932613,0.05121774,0.009425484,0.25785133,0.009247432,0.011022796,0.03506174,0.10331541,0.006862226,0.2434074
ATGTCCCTCCTCACTG-1,Insertion_NHEJ-Deletion,Insertion_Insertion,0.05790741,0.055877816,0.029680023,0.094537616,0.14349994,0.04689745,0.12948175,0.013916107,0.141709,0.0054350584,0.021706065,0.02035593,0.09151396,0.021924457,0.12555742
ACTCTCGCATGTTACG-1,Insertion_WT,Insertion_NHEJ-Deletion,0.036649324,0.042911418,0.029385911,0.013389145,0.12591906,0.03413484,0.25130954,0.01157115,0.056627087,0.0061002886,0.045795783,0.010672403,0.19748195,0.013147301,0.124904804
GTGCTTCTCGACACTA-1,Insertion_MMEJ-Deletion,Insertion_Insertion,0.02486356,0.09307291,0.020910198,0.054960005,0.2721844,0.032949,0.11489341,0.018214663,0.13134243,0.008598343,0.022327093,0.022648862,0.10224199,0.005199428,0.07559372
ATGCGATCACAAGCCC-1,HDR_WT,Insertion_Insertion,0.01979166,0.06399469,0.019607289,0.03602428,0.36806992,0.038177706,0.0895853,0.0083245635,0.11930784,0.0060524773,0.038574792,0.027168546,0.08579645,0.0048567993,0.074667685
GCGGATCCACTCAGAT-1,Insertion_Insertion,Insertion_Insertion,0.13134171,0.05434501,0.036217533,0.008176262,0.21754222,0.073186725,0.18692194,0.018725423,0.08633215,0.00766283,0.011830283,0.015947672,0.080197304,0.008073741,0.06349921
AAAGGGCTCGTCAACA-4,Insertion_WT,Insertion_WT,0.012407252,0.11061757,0.037088595,0.04475378,0.08916542,0.04206568,0.15621461,0.008801084,0.22515185,0.00649177,0.02189404,0.03697424,0.050122894,0.0026304524,0.15562074
GGTGGCTCACGCACCA-1,Insertion_NHEJ-Deletion,Insertion_NHEJ-Deletion,0.08408165,0.04051742,0.021890046,0.019536592,0.12567733,0.064539224,0.2785466,0.01227622,0.089606725,0.0042798608,0.033619877,0.010601648,0.14156336,0.008126174,0.0651373
CATGGTACACCGGTCA-1,HDR_NHEJ-Deletion,Insertion_Insertion,0.08860702,0.08872214,0.034818504,0.020369628,0.31247365,0.08193103,0.1074692,0.009688608,0.09407857,0.013401926,0.015761832,0.027805198,0.053570334,0.009148737,0.04215362
GGTAACTAGACGCTCC-1,Insertion_Insertion,Insertion_NHEJ-Deletion,0.03298159,0.039165672,0.02193486,0.03828467,0.18703398,0.07996222,0.19007178,0.015808845,0.14302438,0.011517521,0.038365133,0.031301077,0.07671611,0.0055913487,0.0882408
TCGCTTGTCCTTGAAG-1,HDR_Insertion,Insertion_WT,0.058261644,0.08956908,0.027773157,0.13376765,0.09545086,0.057770927,0.08328074,0.01020154,0.2250079,0.012676376,0.019575246,0.033944763,0.062382046,0.006013495,0.084324606
GTGTGGCCAGGTCAAG-1,Insertion_WT,Insertion_NHEJ-Deletion,0.029258609,0.10407638,0.030628411,0.06795285,0.13491476,0.05266852,0.15540223,0.011697147,0.10108735,0.009177134,0.034708522,0.032276757,0.101439334,0.016952852,0.11775917
CCTCCAAAGAAGCTCG-1,Insertion_Insertion,Insertion_Insertion,0.04855406,0.08710267,0.022535432,0.04066383,0.25700572,0.10863746,0.146032,0.0064994376,0.1838885,0.0048915204,0.014909291,0.013124055,0.03290515,0.0029605066,0.030290337
CAAGACTAGTGTAGAT-1,HDR_WT,Insertion_WT,0.047749285,0.0389424,0.006582902,0.2020313,0.0710586,0.031949032,0.06706496,0.0071902494,0.31542352,0.008881534,0.010033411,0.017985381,0.06856654,0.011526093,0.09501477
GCCAGCAGTACAAGCG-1,Insertion_WT,NHEJ-Deletion_NHEJ-Deletion,0.014846553,0.06944765,0.037145294,0.00912766,0.117281325,0.027898142,0.2311279,0.015661085,0.12772864,0.0054325038,0.02069101,0.013468648,0.26069292,0.0027121154,0.046738524
GAAGGGTAGTTGCTGT-1,Insertion_Insertion,Insertion_Insertion,0.1361672,0.12125003,0.017459366,0.02879861,0.21070583,0.049618065,0.07454128,0.012063328,0.11363288,0.013987114,0.044958197,0.027093338,0.06784791,0.025773726,0.056103155
CTCCACAGTATGCTAC-4,Insertion_Insertion,NHEJ-Deletion_NHEJ-Deletion,0.052562013,0.078304924,0.021488512,0.0301579,0.107588954,0.050861876,0.14848034,0.01200591,0.15669695,0.006269396,0.019778227,0.016099697,0.21296398,0.007360405,0.079380885
GGTCTGGAGAAATTCG-4,NHEJ-Deletion_WT,Insertion_NHEJ-Deletion,0.013484108,0.058842495,0.017844353,0.014411887,0.07679683,0.023582317,0.3196529,0.011642236,0.13179192,0.0043988647,0.047887746,0.006134577,0.19786067,0.0031691797,0.07249994
TGTTCTAGTTGGTACT-1,NHEJ-Deletion_NHEJ-Deletion,Insertion_NHEJ-Deletion,0.06334323,0.05919063,0.03527291,0.0306194,0.122598276,0.06861478,0.17139101,0.013001446,0.10144582,0.013519338,0.024206057,0.022224506,0.11047921,0.014495262,0.14959817
CTCCACAGTGGAAATT-4,Insertion_NHEJ-Deletion,Insertion_NHEJ-Deletion,0.010532091,0.053367566,0.024152685,0.032894455,0.17079514,0.07133708,0.2370027,0.019235771,0.14936243,0.006576391,0.03181992,0.02215884,0.08926087,0.0064817993,0.07502223
CCTCTCCGTCCACGCA-4,NHEJ-Deletion_WT,Insertion_Insertion,0.13229549,0.058548667,0.044337932,0.034293942,0.23816122,0.0783125,0.07369368,0.011769769,0.06934752,0.010944741,0.015034731,0.05299345,0.11358217,0.022282705,0.044401456
ATCAGGTAGTTTGCTG-1,Insertion_NHEJ-Deletion,Insertion_Insertion,0.04447093,0.12869287,0.035540566,0.022002155,0.2756158,0.056493897,0.10676127,0.0077556274,0.17072195,0.0047527137,0.015456072,0.05689329,0.031103976,0.0058771144,0.037861783
AGGATCTCAGTAACCT-1,Insertion_NHEJ-Deletion,Insertion_NHEJ-Deletion,0.014508079,0.13213375,0.02738582,0.01153728,0.14310917,0.03459433,0.2649517,0.0069718435,0.14732035,0.01537254,0.037905727,0.014849746,0.07485206,0.0037183173,0.070789285
TACGGTAAGATAACGT-1,HDR_Insertion,Insertion_Insertion,0.06700235,0.047230735,0.031423267,0.020197786,0.29161483,0.09640024,0.13060738,0.009440181,0.14929762,0.009623638,0.0144084385,0.010934735,0.082353674,0.007247666,0.03221747
CGTTAGACAGCATTGT-1,Insertion_Insertion,Insertion_NHEJ-Deletion,0.027573084,0.042306457,0.04435197,0.028054608,0.25287244,0.063775524,0.26258892,0.014296587,0.09486752,0.0071886447,0.029617608,0.012043891,0.050106168,0.0054036225,0.06495301
CATGGATAGCATCTTG-4,MMEJ-Deletion_NHEJ-Deletion,Insertion_WT,0.016599666,0.040831942,0.02463308,0.03090592,0.10786045,0.02086458,0.19490194,0.0052124565,0.2802345,0.0037699547,0.02042607,0.024296077,0.10560412,0.0040124836,0.11984676
CTGAATGCAGCGTATT-1,MMEJ-Deletion_MMEJ-Deletion,HDR_HDR,0.2811696,0.09412659,0.04810855,0.04300134,0.1568972,0.06137533,0.045662124,0.011614905,0.065264784,0.009643895,0.03672828,0.020921562,0.08018325,0.011331226,0.03397138
GGTAATCTCGATGCTA-4,NHEJ-Deletion_NHEJ-Deletion,Insertion_NHEJ-Deletion,0.011804094,0.08643708,0.02003653,0.008268447,0.09238748,0.020869073,0.21696594,0.017948639,0.17497407,0.0039195353,0.015449026,0.012642726,0.11676078,0.006919787,0.19461675
TCAAGACCATCCAACA-1,Insertion_Insertion,Insertion_NHEJ-Deletion,0.11166985,0.037543867,0.03934764,0.02083769,0.1764397,0.044157922,0.20019327,0.0072707855,0.1257706,0.021236133,0.00867326,0.03142879,0.10601366,0.01131233,0.058104493
TGTGTGATCGAACGGA-4,NHEJ-Deletion_WT,Insertion_WT,0.007469659,0.07893675,0.01105951,0.022946682,0.086091116,0.051435664,0.09981841,0.009240843,0.3044459,0.008673034,0.019056803,0.02254977,0.099391066,0.0020331708,0.17685163
TTGTGGAAGTGAATAC-1,Insertion_NHEJ-Deletion,Insertion_Insertion,0.1185141,0.10368891,0.033231344,0.024187515,0.26335672,0.060646188,0.12449705,0.011128133,0.09863783,0.012648918,0.039556254,0.028453754,0.034610353,0.0066186935,0.040224254
AGCGTATAGTCGAATA-1,HDR_NHEJ-Deletion,Insertion_NHEJ-Deletion,0.03015791,0.049075548,0.027698297,0.10176305,0.114747,0.06150315,0.2721491,0.015341412,0.120111406,0.011685846,0.0074499114,0.01758933,0.058518756,0.005547375,0.106661916
TCACATTGTGACTAAA-4,HDR_WT,Insertion_WT,0.040907107,0.033877295,0.025783353,0.099717185,0.085941456,0.042576272,0.07889931,0.010499166,0.3635167,0.008163985,0.011233229,0.054522816,0.06606906,0.0049412646,0.07335182
AACGTCACAGTTCACA-1,HDR_NHEJ-Deletion,HDR_HDR,0.17630965,0.079001874,0.036181115,0.023333326,0.13490885,0.080588855,0.08309892,0.011194988,0.115252085,0.019307345,0.04723649,0.040521465,0.087062486,0.00954467,0.05645788
TTACGTTTCCGGCAAC-1,Insertion_NHEJ-Deletion,Insertion_Insertion,0.051512588,0.1214459,0.02260536,0.013439044,0.30888525,0.12297026,0.09898721,0.02313624,0.042649217,0.014036425,0.039259832,0.0076844147,0.107027344,0.0029445745,0.02341637
AGGCATTAGTTGGACG-1,Insertion_NHEJ-Deletion,Insertion_Insertion,0.012788056,0.1004524,0.04833821,0.051646404,0.18624412,0.053666778,0.12201134,0.01371689,0.16241315,0.0055132834,0.04106941,0.033847097,0.04177878,0.0057703247,0.12074376
CAGTGCGTCAAGTCGT-1,MMEJ-Deletion_MMEJ-Deletion,Insertion_Insertion,0.0818433,0.10078296,0.07007021,0.06267119,0.14178902,0.047844782,0.07684163,0.028429706,0.103558145,0.010218061,0.03948116,0.05132625,0.031977948,0.011795698,0.14136995
GCACGGTAGCTTAGTC-1,NHEJ-Deletion_WT,NHEJ-Deletion_WT,0.023622334,0.06618324,0.04266533,0.030247848,0.13320792,0.042413663,0.14880385,0.015623098,0.17209294,0.009680068,0.030996464,0.01450142,0.07618279,0.006784332,0.1869947
TACGGGCAGGCCTTCG-4,Insertion_Insertion,Insertion_WT,0.040099397,0.088656895,0.021825226,0.031102182,0.18104482,0.06534104,0.16184752,0.019742055,0.19086951,0.0059686,0.029148562,0.042214055,0.06900606,0.0029265468,0.050207507
CGCATGGAGCAAGTGC-4,MMEJ-Deletion_NHEJ-Deletion,NHEJ-Deletion_WT,0.03719187,0.1520767,0.015502372,0.04184236,0.07291411,0.041017197,0.1331657,0.02107038,0.075280555,0.01048042,0.022889012,0.0100207925,0.08378727,0.006359161,0.2764021
TGGAGGAGTTGCCGAC-1,HDR_Insertion,Insertion_NHEJ-Deletion,0.04399488,0.07702677,0.09258607,0.015548273,0.108227275,0.06073542,0.33182788,0.006447239,0.08785879,0.006679426,0.03252081,0.027866703,0.07618544,0.0053133992,0.027181605
AAACGAAGTCAGATTC-1,Insertion_NHEJ-Deletion,Insertion_NHEJ-Deletion,0.06884,0.11350594,0.0073114475,0.027681278,0.14431117,0.048968032,0.22645997,0.010103805,0.15602146,0.0057772133,0.034576215,0.064706765,0.03891969,0.002845726,0.049971312
CGGAGAAAGCGAGTAC-4,NHEJ-Deletion_NHEJ-Deletion,Insertion_Insertion,0.03798242,0.059900645,0.043674815,0.01681658,0.20176056,0.109912395,0.14485404,0.030186689,0.12777686,0.006482188,0.045847002,0.011971124,0.090606906,0.017562015,0.054665778
CTCCACAAGACATCAA-4,Insertion_Insertion,Insertion_WT,0.014085477,0.03589538,0.028352533,0.054297514,0.16669706,0.021848802,0.0936771,0.0072717294,0.23041338,0.0055245543,0.014600965,0.06473051,0.07133892,0.005258966,0.18600707
GTGCACGAGAGTGTGC-4,Insertion_Insertion,Insertion_NHEJ-Deletion,0.030004604,0.11846928,0.02140095,0.024149284,0.12635553,0.06768354,0.20267268,0.015975859,0.13024136,0.005817566,0.0243952,0.007779708,0.104591064,0.010121849,0.11034154
ACCAACACAATGTCTG-1,Insertion_NHEJ-Deletion,Insertion_WT,0.01702518,0.10966523,0.016845077,0.021712407,0.07330098,0.034893606,0.18493076,0.008177705,0.1956715,0.013361735,0.022740401,0.005410472,0.111615494,0.010360377,0.17428903
ACGGTTATCTCAGAAC-1,Insertion_WT,Insertion_WT,0.026579956,0.11838165,0.034794763,0.08738757,0.09897536,0.07710833,0.14116125,0.006592565,0.23587865,0.003516447,0.010351225,0.030398812,0.04049231,0.0025559848,0.08582512
TGTGGCGGTAGACGTG-1,Insertion_Insertion,Insertion_WT,0.11886038,0.047145754,0.014882898,0.056500062,0.15849239,0.046504147,0.09623381,0.015499184,0.27443042,0.0072319712,0.02148055,0.015288503,0.07200911,0.0030397035,0.052401163
CATAGACGTCGCATTA-1,Insertion_WT,Insertion_NHEJ-Deletion,0.02433431,0.06474299,0.06584138,0.019640071,0.14571714,0.07881937,0.22248018,0.009691402,0.09923428,0.012063893,0.027825164,0.053422425,0.09334612,0.006671053,0.076170236
AGGAAATCATAGTCGT-4,Insertion_WT,Insertion_WT,0.036072165,0.04954331,0.059105188,0.024139753,0.1239614,0.055524725,0.1389895,0.013406249,0.20616747,0.0072115343,0.046550572,0.024173787,0.07697809,0.0039056493,0.13427061
ACCAAACTCGCATAGT-4,Insertion_Insertion,Insertion_WT,0.025157772,0.030470105,0.02176283,0.017120998,0.085825674,0.0606989,0.17605136,0.019568982,0.23991229,0.011318,0.012968707,0.029032225,0.17277521,0.008146287,0.08919069
TGGTTAGTCTCTCTAA-1,Insertion_NHEJ-Deletion,Insertion_Insertion,0.05131138,0.046477187,0.026826829,0.02059377,0.25367016,0.07117114,0.12170152,0.012202142,0.16398035,0.0064792586,0.02514987,0.023672974,0.07336713,0.01861012,0.084786154
TCTATACAGGTGCATG-4,Insertion_WT,NHEJ-Deletion_WT,0.018203234,0.05461724,0.027571337,0.028278338,0.12420819,0.029909797,0.1605753,0.004760797,0.078054525,0.0062637357,0.015666638,0.009286443,0.13952705,0.009256024,0.29382133
TATTGCTAGATAGGGA-1,Insertion_NHEJ-Deletion,Insertion_WT,0.014395883,0.08127702,0.02803944,0.06268049,0.12461644,0.035585504,0.15902913,0.0039244266,0.2548569,0.0055222334,0.023334451,0.01986978,0.12600392,0.0060006445,0.05486372
GCCATTCTCTGTCTCG-1,Insertion_Insertion,Insertion_Insertion,0.07785991,0.06586169,0.010767175,0.093888134,0.2984114,0.06272086,0.11363379,0.0119728865,0.09437663,0.009977851,0.014769129,0.02805567,0.041892074,0.004019118,0.07179371
GGTGTCGTCGTAACAC-1,HDR_Insertion,Insertion_WT,0.06763122,0.032476023,0.021192752,0.07101796,0.13004147,0.055510107,0.08294609,0.012703536,0.32188773,0.004486117,0.0144585185,0.023877507,0.06882284,0.004211738,0.08873641
ATCGGATCAGCGTTTA-1,Insertion_NHEJ-Deletion,NHEJ-Deletion_NHEJ-Deletion,0.066846475,0.11907287,0.026215626,0.023375474,0.14532611,0.041296195,0.11980729,0.013422834,0.08783879,0.009087626,0.02763584,0.028991066,0.16557391,0.012451348,0.11305856
TTGACCCTCGCCGATG-4,Insertion_WT,Insertion_NHEJ-Deletion,0.020833904,0.045072887,0.012214194,0.030468877,0.1731173,0.0464265,0.18835153,0.01176258,0.17243984,0.0063978117,0.020776602,0.089352354,0.12128689,0.0032284264,0.05827029
ACTATTCCATCTGGGC-4,Insertion_WT,Insertion_WT,0.0123674,0.07035609,0.019430691,0.04413112,0.0712611,0.034206785,0.16559175,0.006596923,0.33563477,0.008284846,0.011692534,0.039631482,0.056815557,0.00878567,0.115213305
CCATCACAGCACTAGG-1,Insertion_MMEJ-Deletion,Insertion_Insertion,0.03976208,0.048920587,0.02126536,0.012943827,0.28959867,0.07255977,0.104006015,0.0039186375,0.23935793,0.0079486305,0.012381351,0.029014878,0.06123067,0.0047990587,0.05229254
CAGGGCTGTTCCGTTC-4,NHEJ-Deletion_NHEJ-Deletion,NHEJ-Deletion_WT,0.010741364,0.05930725,0.042804386,0.013215556,0.090313934,0.028530741,0.19115657,0.00658539,0.11539478,0.0061836676,0.012529448,0.052161906,0.10809317,0.003431484,0.25955033
AGCGATTTCAGAATAG-4,Insertion_WT,Insertion_NHEJ-Deletion,0.0070770797,0.056172498,0.019476231,0.022496384,0.1589269,0.04721423,0.24067913,0.011775521,0.1274192,0.009359646,0.04079635,0.019150902,0.15883838,0.0056297374,0.07498784
CGCCAGATCAGTAGGG-1,Insertion_NHEJ-Deletion,Insertion_Insertion,0.065735534,0.08394681,0.025700992,0.030175997,0.24939191,0.04730698,0.16241854,0.005044987,0.13731302,0.0121430885,0.010137862,0.023730783,0.08585617,0.01807528,0.04302198
GTATTTCAGGAGGCAG-1,Insertion_Insertion,Insertion_Insertion,0.056384496,0.045677744,0.04644639,0.01992864,0.23979834,0.048888832,0.19768742,0.005159493,0.15045206,0.008450044,0.02733646,0.018291464,0.06907636,0.0060486444,0.06037363
CAGAGCCTCATGGCCG-4,HDR_WT,Insertion_NHEJ-Deletion,0.02662067,0.051012553,0.01777209,0.063445635,0.18694079,0.04250996,0.20340191,0.007037498,0.15774858,0.016041948,0.041092623,0.008610609,0.12548357,0.005095466,0.047186114
CACAGATTCCGCCTAT-1,Insertion_WT,Insertion_Insertion,0.040575884,0.15774114,0.025123972,0.07476525,0.16000457,0.050194137,0.10322735,0.020617958,0.10870435,0.008791309,0.015874187,0.017705984,0.10462687,0.007629107,0.10441792
GTGGAGAAGTGTACAA-1,Insertion_Insertion,Insertion_WT,0.08241538,0.052628193,0.01732264,0.0925676,0.08162479,0.04219337,0.06658202,0.007886861,0.31466988,0.008052886,0.012191279,0.06402165,0.05589831,0.008075221,0.09386992
AGCCACGCAGCGTGCT-1,HDR_Insertion,Insertion_Insertion,0.030461682,0.14318274,0.02932869,0.024333505,0.332812,0.04896892,0.14290524,0.010118721,0.085455626,0.009224759,0.019254018,0.023166975,0.05531748,0.007969948,0.03749969
GCATTAGAGTACTGGG-1,Insertion_Insertion,Insertion_WT,0.043961216,0.06687576,0.017692594,0.017963247,0.11227755,0.073489435,0.17245796,0.011361289,0.22049716,0.008254455,0.020865193,0.041440297,0.1266663,0.015853455,0.050344042
TCGCTTGTCGAAACAA-4,Insertion_NHEJ-Deletion,Insertion_WT,0.0119112125,0.06980824,0.02561246,0.012335499,0.11125976,0.0404568,0.17596422,0.0065266625,0.19570114,0.004960346,0.009718898,0.014162199,0.13793539,0.0062672826,0.17737986
TTGGGCGGTTGTATGC-1,Insertion_Insertion,Insertion_Insertion,0.052769408,0.1654594,0.047901507,0.007673923,0.30751336,0.035834607,0.09135793,0.022107791,0.04950749,0.011744394,0.010245289,0.034604274,0.10520488,0.007872822,0.050202947
GACCGTGCAATTGCGT-4,Insertion_NHEJ-Deletion,NHEJ-Deletion_NHEJ-Deletion,0.023748681,0.05948207,0.07903342,0.032850776,0.10223952,0.038384367,0.18716818,0.014368168,0.14937904,0.012220506,0.02549352,0.03695083,0.18724903,0.007454086,0.04397781
GACACGCGTCTCACGG-1,Insertion_Insertion,Insertion_WT,0.054673042,0.0795396,0.022914562,0.015953548,0.20648085,0.05359203,0.18429273,0.0076188594,0.22530371,0.005980623,0.028503215,0.030037414,0.032839507,0.0058815936,0.046388686
GTCACGGCAAGCGAAC-1,Insertion_WT,Insertion_WT,0.15321971,0.036089733,0.010396911,0.17353915,0.07611838,0.06043046,0.029874105,0.007893054,0.2777292,0.013921102,0.020925714,0.049397912,0.031902757,0.008236703,0.050325096
GGGTTTACAGCAGATG-1,Insertion_NHEJ-Deletion,Insertion_Insertion,0.056329846,0.08245447,0.020194033,0.02309806,0.22168425,0.044778146,0.16097946,0.014320755,0.059622917,0.009107553,0.025546568,0.010084754,0.08662177,0.008666532,0.17651087
GGCTTGGGTTGGACCC-1,HDR_Insertion,Insertion_NHEJ-Deletion,0.051355593,0.074811906,0.04200415,0.058860995,0.13347512,0.039266277,0.17779021,0.013533174,0.15051591,0.0035212373,0.022428945,0.02364913,0.122370206,0.01639192,0.07002519
TGGGAGAGTCCTTGTC-1,Insertion_WT,Insertion_NHEJ-Deletion,0.018541396,0.09648136,0.03582287,0.02384141,0.10355422,0.057473402,0.27171886,0.006725984,0.17076375,0.0067093163,0.02385723,0.025074549,0.08828825,0.0041615125,0.06698593
TCATCCGCAGTTTGGT-1,Insertion_NHEJ-Deletion,Insertion_Insertion,0.057613637,0.105206154,0.035098266,0.019036246,0.2729802,0.059281867,0.124958865,0.042192582,0.1046252,0.016066391,0.016035706,0.020153182,0.057809785,0.0075925556,0.06134936
GATGGAGCATGCAGGA-4,HDR_WT,Insertion_WT,0.038220197,0.05320102,0.04422835,0.03170597,0.14802119,0.07267683,0.13596064,0.012892671,0.18517122,0.0073666535,0.011139913,0.01751546,0.11134398,0.012223879,0.11833199
AGAAATGTCTTCCAGC-1,HDR_HDR,Insertion_Insertion,0.18028258,0.055594377,0.011141102,0.00698144,0.2627664,0.0940343,0.09407123,0.021652374,0.078773096,0.024639295,0.011654351,0.028558023,0.082682565,0.0057581626,0.04141071
CTCATTACAAGTCCAT-1,Insertion_Insertion,Insertion_Insertion,0.061172575,0.13778056,0.037454754,0.013381094,0.19041999,0.03504989,0.14103524,0.0137681905,0.09758239,0.0063100513,0.045128535,0.027887324,0.12578514,0.004487185,0.06275706
CGGGCATCATTGCTTT-1,MMEJ-Deletion_WT,HDR_HDR,0.20536561,0.06904463,0.030526187,0.015878148,0.13014309,0.05399663,0.083478175,0.006141044,0.08479503,0.04996161,0.0073954393,0.032706473,0.15982705,0.010677906,0.060062967
CTCCATGTCCGGACTG-1,HDR_Insertion,Insertion_Insertion,0.14373823,0.10110829,0.030331142,0.014064435,0.15378478,0.065367736,0.08660156,0.017619736,0.11024784,0.020802233,0.038277045,0.0519121,0.093028665,0.012058638,0.06105759
TGGGTTATCGTAGAGG-1,Insertion_Insertion,Insertion_NHEJ-Deletion,0.035101358,0.079193056,0.0437291,0.0969825,0.16388567,0.043403484,0.18782103,0.015416386,0.1495687,0.0065260055,0.013877933,0.023956638,0.06570028,0.0045708865,0.07026695
GATGTTGGTGACTCTA-1,HDR_HDR,HDR_HDR,0.2778909,0.061891906,0.01571398,0.026651084,0.1346554,0.029049028,0.12589939,0.011889784,0.05402691,0.01036634,0.06847298,0.015210618,0.106351554,0.017505324,0.0444248
TCTTCCTAGGGCTTCC-4,Insertion_MMEJ-Deletion,NHEJ-Deletion_NHEJ-Deletion,0.040084843,0.045966435,0.026181087,0.029815668,0.13432908,0.036905125,0.1279526,0.00526689,0.12177204,0.009778815,0.010579371,0.020514896,0.32641688,0.006943327,0.057492975
TACACCCTCAGACTGT-1,Insertion_Insertion,Insertion_Insertion,0.16199797,0.059694104,0.0376375,0.01590532,0.29311514,0.05629868,0.074487165,0.015766824,0.09373252,0.005152896,0.02133877,0.022349821,0.10598003,0.010229923,0.026313324
TTGCGTCCAGCTATAC-1,Insertion_NHEJ-Deletion,Insertion_Insertion,0.06260793,0.07818063,0.039396413,0.019208297,0.17482755,0.08722527,0.15863504,0.022438359,0.0940546,0.017476022,0.032450695,0.014817772,0.11726397,0.016680889,0.06473653
CTCATCGCAGTTACCA-1,Insertion_Insertion,Insertion_Insertion,0.06345121,0.07575615,0.038231198,0.013941157,0.2602968,0.07631443,0.15621386,0.013226238,0.12108722,0.010837089,0.01197681,0.025922105,0.083542615,0.0052225147,0.04398059
ACGTAACAGGAAAGAC-1,Insertion_MMEJ-Deletion,HDR_Insertion,0.04240231,0.23411243,0.02424887,0.026031451,0.1088383,0.06293928,0.1351959,0.01115819,0.08657799,0.0060226847,0.017313275,0.024982937,0.1671578,0.0059787743,0.047039777
TCGAACATCAGTGTTG-4,Insertion_WT,NHEJ-Deletion_WT,0.044329155,0.07248088,0.056402016,0.07087071,0.08543945,0.05310861,0.122217216,0.013387836,0.15620185,0.007523481,0.014344238,0.032038514,0.08265641,0.0052177454,0.18378192
GTGTTAGCATTGCCTC-1,Insertion_Insertion,Insertion_WT,0.050544206,0.058202133,0.020342678,0.024633864,0.12312095,0.07075421,0.14973225,0.013908052,0.17709655,0.0061288043,0.030864848,0.028728362,0.14786802,0.01387967,0.084195405
CATTGCCTCTGGCCGA-4,Insertion_Insertion,Insertion_NHEJ-Deletion,0.055254605,0.07125706,0.024166588,0.004837643,0.23347987,0.072799146,0.24351043,0.014600575,0.06580883,0.003801829,0.019026212,0.011580525,0.10689192,0.0114585,0.0615263
GTTACGAAGGGATCAC-4,Insertion_NHEJ-Deletion,Insertion_NHEJ-Deletion,0.022504814,0.0862207,0.026787374,0.036388937,0.1527216,0.069962904,0.19859374,0.01203036,0.19731024,0.010335466,0.016308008,0.0447516,0.069084436,0.004888939,0.052110925
CCCGGAAGTTGCCAAT-4,Insertion_Insertion,Insertion_WT,0.009840331,0.09311443,0.015121345,0.016443301,0.09506521,0.044714022,0.17466797,0.020986937,0.31026632,0.004337834,0.033196554,0.047661237,0.068607464,0.0031647265,0.06281231
GGAACCCAGCGTCGAA-1,NHEJ-Deletion_NHEJ-Deletion,HDR_HDR,0.39133763,0.054952234,0.024531102,0.023255568,0.14255285,0.040088486,0.056203287,0.008460814,0.09184267,0.013412828,0.004470426,0.031593412,0.05050698,0.008319034,0.0584727
TGTTGGAAGCCTCAAT-1,Insertion_MMEJ-Deletion,Insertion_Insertion,0.030092048,0.069788806,0.059416,0.03900064,0.24184172,0.07606399,0.12558034,0.009544268,0.16516301,0.005187374,0.04897791,0.010131041,0.05490603,0.009260715,0.055046074
GGCAGTCCACCTCAGG-4,Insertion_WT,Insertion_WT,0.028129911,0.038271,0.015488222,0.048303433,0.12554164,0.065111324,0.13984881,0.003752819,0.3100146,0.005863042,0.019036619,0.035015285,0.09301168,0.0041823583,0.068429194
GTAGGTTTCCATTGGA-4,NHEJ-Deletion_NHEJ-Deletion,Insertion_WT,0.020096328,0.06890944,0.01727703,0.018822592,0.14928333,0.049238145,0.15401492,0.013006692,0.23278287,0.010483094,0.020127915,0.028955987,0.0701417,0.0033925518,0.1434674
GCTCAAATCTTGCAGA-4,Insertion_WT,NHEJ-Deletion_WT,0.007112776,0.03300973,0.016267689,0.013297855,0.060682453,0.017651506,0.17211112,0.01127141,0.21190278,0.0038107801,0.0070532733,0.023957217,0.05184018,0.0024496652,0.36758158
CAGCACGCAGGATCTT-1,Insertion_NHEJ-Deletion,Insertion_WT,0.017047202,0.08177051,0.029332045,0.020527333,0.16608675,0.050808627,0.13561864,0.01035658,0.2178185,0.006170328,0.021494875,0.01259219,0.1107498,0.008517988,0.11110865
CTCAGAAGTGACCTGC-1,HDR_NHEJ-Deletion,Insertion_NHEJ-Deletion,0.035749305,0.10439732,0.024934273,0.032334346,0.16549724,0.07938349,0.19122502,0.010430179,0.09691764,0.0082349945,0.022970058,0.020797191,0.09991239,0.004767654,0.10244894
TACCCACTCACAATGC-1,Insertion_Insertion,Insertion_NHEJ-Deletion,0.030702965,0.056213234,0.015234272,0.0777145,0.13805242,0.04115413,0.1726994,0.009610671,0.08649145,0.02929876,0.0070766616,0.019619772,0.17011338,0.016172152,0.12984622
GAGTTACGTCAGTTTG-1,Insertion_Insertion,Insertion_Insertion,0.058730334,0.050333824,0.023674963,0.012364382,0.3144223,0.05784471,0.16922897,0.009805814,0.16090254,0.004385459,0.012453534,0.02388265,0.04531675,0.0045069978,0.052146744
AATGGCTCAGTTCTAG-4,Insertion_MMEJ-Deletion,Insertion_NHEJ-Deletion,0.043980997,0.069548026,0.029274642,0.028757127,0.2061859,0.03452097,0.20629424,0.0079511935,0.14268732,0.009372637,0.013806612,0.026178146,0.11898602,0.004435538,0.05802068
AGGCCACAGTATAGGT-1,HDR_HDR,Insertion_Insertion,0.14919113,0.060213298,0.031562187,0.03400614,0.2312898,0.06297626,0.08247865,0.012899315,0.08378762,0.009634796,0.022441776,0.024966657,0.0981524,0.028004663,0.06839533
TCAGTGACACAAACGG-4,HDR_Insertion,Insertion_Insertion,0.04058038,0.05661594,0.03803836,0.010048833,0.248104,0.061936736,0.22237039,0.007633539,0.091624334,0.007060521,0.040658616,0.017651543,0.083213985,0.0056394427,0.06882341
GGAATCTAGGGAGGCA-1,HDR_Insertion,Insertion_Insertion,0.06703379,0.06817978,0.03041454,0.0048391717,0.3025458,0.06061677,0.16386291,0.0059170513,0.16699888,0.0053207674,0.017439852,0.010985565,0.06368726,0.00823385,0.023924017
TATATCCTCAGGAGAC-1,HDR_Insertion,Insertion_Insertion,0.06500207,0.13750689,0.017127816,0.030223476,0.14674202,0.123007625,0.14272219,0.016987048,0.11408242,0.0056439415,0.026509674,0.024176626,0.074452125,0.005188964,0.070627086
TTCCGGTCATCGCTAA-4,Insertion_WT,Insertion_Insertion,0.043739952,0.04526938,0.038775135,0.029065315,0.31391498,0.07406724,0.13808525,0.012613602,0.16546641,0.005109123,0.010100134,0.020800082,0.063605785,0.005853768,0.033533875
TCACGGGGTTCTCTAT-1,Insertion_NHEJ-Deletion,Insertion_NHEJ-Deletion,0.011401229,0.056084406,0.04149145,0.007563872,0.20514926,0.053612415,0.3583897,0.0058342344,0.060724076,0.0038137324,0.032101475,0.007965074,0.1081777,0.012368501,0.03532289
GTGTTAGCATTCACAG-1,Insertion_Insertion,Insertion_Insertion,0.17468299,0.079763986,0.011051053,0.013232712,0.20193914,0.05442438,0.1256354,0.023279376,0.053897567,0.006572173,0.024373258,0.01747067,0.16866054,0.005535185,0.039481577
CGTTGGGAGCTTACGT-1,Insertion_NHEJ-Deletion,Insertion_NHEJ-Deletion,0.022489965,0.0908351,0.048681766,0.06850392,0.1602329,0.032815993,0.24084812,0.016912153,0.08801725,0.0045557884,0.030131062,0.017590456,0.09093812,0.003708063,0.083739325
TCTATCACAACAGAGC-1,NHEJ-Deletion_WT,NHEJ-Deletion_NHEJ-Deletion,0.045930598,0.11081587,0.029506844,0.035474144,0.13935365,0.056021724,0.15004024,0.008484178,0.045802165,0.008245598,0.031968135,0.019032214,0.25849786,0.014858159,0.045968633
CCAATGACACATATCG-1,Insertion_NHEJ-Deletion,Insertion_Insertion,0.041016776,0.03169188,0.039696943,0.022186903,0.2845453,0.05609686,0.16668022,0.010343598,0.15967162,0.007973754,0.020184135,0.013338643,0.08281206,0.0041877255,0.059573546
TCTAACTGTGGGTATG-1,Insertion_Insertion,NHEJ-Deletion_NHEJ-Deletion,0.028975511,0.08382974,0.024919733,0.022204991,0.18761083,0.082582876,0.14314257,0.022305131,0.07418973,0.010719243,0.03139614,0.014565941,0.19306189,0.011700419,0.06879524
GCGGAAATCGCATTAG-1,HDR_HDR,HDR_HDR,0.14523399,0.112956986,0.05848177,0.06649633,0.13923624,0.059618168,0.08894063,0.02852542,0.08234503,0.011280588,0.015283838,0.04199453,0.06168591,0.036951616,0.050968938
TCTCTGGAGTTCTCTT-1,Insertion_NHEJ-Deletion,Insertion_NHEJ-Deletion,0.026200904,0.061209355,0.020482687,0.0166997,0.13231136,0.05935536,0.2707562,0.009879634,0.18585715,0.0067033097,0.025406232,0.015287524,0.053826462,0.0028640034,0.11316009
GCAACATTCTGCGGGT-1,Insertion_WT,HDR_HDR,0.18110874,0.092512585,0.02347143,0.044736523,0.15858373,0.12746513,0.039833672,0.015051007,0.08982139,0.007321634,0.05652684,0.01855809,0.079903804,0.007959822,0.057145577
GCTTGGGAGGATATAC-1,NHEJ-Deletion_WT,Insertion_NHEJ-Deletion,0.05748132,0.0665748,0.03113965,0.032525092,0.10152749,0.06316256,0.18398209,0.011178572,0.13647869,0.010227146,0.026727876,0.02792921,0.13325888,0.016601102,0.101205505
GTAATGCCACCACTGG-1,MMEJ-Deletion_WT,Insertion_NHEJ-Deletion,0.06064708,0.11708378,0.022037255,0.032051504,0.13622163,0.07833814,0.18107189,0.017171182,0.06445234,0.011150481,0.028124964,0.013858203,0.12099408,0.008360686,0.10843679
ACTGTGACATCTTTCA-1,Insertion_Insertion,Insertion_NHEJ-Deletion,0.11318503,0.08154955,0.028740883,0.021434868,0.17040883,0.08703958,0.19260663,0.0071056876,0.12105882,0.0072571193,0.025359238,0.03449779,0.04655784,0.0078356555,0.055362526
GAATCACAGCGATGCA-1,Insertion_NHEJ-Deletion,Insertion_NHEJ-Deletion,0.11053066,0.07748934,0.036075093,0.04513281,0.09624947,0.07008585,0.15243623,0.03264347,0.10354965,0.0103561925,0.024193874,0.014221223,0.13441633,0.015472409,0.07714738
TTTACCAGTTCGTACA-1,Insertion_Insertion,Insertion_WT,0.015468488,0.104221314,0.007834332,0.027492603,0.116052404,0.049006965,0.15632944,0.01674242,0.2633867,0.006245023,0.026315263,0.025403712,0.09845752,0.010828842,0.076214984
ACAGAAACATAGAATG-4,Insertion_WT,Insertion_WT,0.006846911,0.04279083,0.026239533,0.025978055,0.0889647,0.03268501,0.20808749,0.029472373,0.23730268,0.0043636337,0.015207481,0.04826186,0.118787915,0.00309817,0.11191331
ATAGAGACAGGACGAT-1,HDR_HDR,Insertion_Insertion,0.05731913,0.06273722,0.030100444,0.07117356,0.17387535,0.082023405,0.10929138,0.006849201,0.10727062,0.0074850656,0.041014977,0.022756148,0.17074019,0.009540487,0.04782285
ATCGGCGCATACTTTC-4,Insertion_Insertion,Insertion_WT,0.030962635,0.051055178,0.03556501,0.048173208,0.16212824,0.058604103,0.14709161,0.017248195,0.17320417,0.009566912,0.023570323,0.038293675,0.09742624,0.0036194199,0.10349109
TTGGGTAAGCGCATCC-4,NHEJ-Deletion_NHEJ-Deletion,NHEJ-Deletion_WT,0.020336417,0.047392055,0.04426696,0.06641441,0.10176127,0.033359382,0.14436401,0.014275687,0.15246072,0.016484674,0.017363405,0.010202561,0.08076474,0.036885254,0.21366844
GGGTTATTCAGCTAGT-1,Insertion_Insertion,Insertion_Insertion,0.04529717,0.06652941,0.028378308,0.015788876,0.28095758,0.07579079,0.221298,0.010941099,0.0763649,0.012506436,0.030429725,0.02492492,0.059583753,0.0025330554,0.048676
ACTGTGACATCGTGGC-1,Insertion_Insertion,Insertion_WT,0.108558245,0.05025993,0.014661645,0.01133238,0.17307453,0.0826549,0.14663468,0.017691778,0.1976732,0.006972408,0.028223773,0.014707325,0.08766863,0.0139148915,0.04597171
GTCGTTCCAGCTAACT-1,NHEJ-Deletion_NHEJ-Deletion,Insertion_Insertion,0.03413597,0.051529214,0.06490926,0.01810545,0.25294313,0.06505475,0.10626341,0.013273541,0.16863889,0.00909233,0.024329627,0.025914175,0.079195164,0.004745742,0.08186937
TCGTCCACAAGTGCTT-1,Insertion_Insertion,Insertion_Insertion,0.14718184,0.061546702,0.015381895,0.03753235,0.24238043,0.06481933,0.092949435,0.0056828964,0.17728451,0.0043677366,0.0321178,0.027084047,0.04982699,0.009660675,0.032183398
TGGATCAAGCGAATGC-1,Insertion_NHEJ-Deletion,Insertion_WT,0.02164485,0.028795475,0.03260088,0.054401994,0.12591778,0.067500375,0.17412078,0.022288477,0.18963829,0.005789539,0.020448595,0.025531095,0.1206374,0.0040209983,0.10666346
ATGGTTGCAACTCGTA-1,HDR_NHEJ-Deletion,Insertion_Insertion,0.023821233,0.08405,0.03257757,0.014891208,0.22233291,0.06024185,0.21732217,0.01393459,0.10753129,0.0050031105,0.019887708,0.016711539,0.08379354,0.005879429,0.09202187
GAGGGTACATCGCCTT-1,Insertion_NHEJ-Deletion,Insertion_NHEJ-Deletion,0.01892613,0.05614982,0.04577354,0.026556622,0.15185027,0.03685886,0.24146414,0.01401719,0.15155198,0.005861566,0.028391032,0.014930909,0.12834206,0.0044174613,0.07490845
GCGGATCCACTTCATT-1,Insertion_WT,Insertion_NHEJ-Deletion,0.014818211,0.040929157,0.05937912,0.064259246,0.12665397,0.0653965,0.18005459,0.0071547753,0.17879736,0.004719601,0.022862094,0.020363193,0.113422155,0.0034996017,0.097690426
CATGCGGTCTCGAGTA-1,NHEJ-Deletion_NHEJ-Deletion,Insertion_Insertion,0.057605986,0.08643715,0.060348388,0.018167675,0.20563437,0.04565673,0.17932835,0.004086361,0.16142058,0.0041605304,0.017837688,0.033832163,0.06435003,0.0036327909,0.05750117
ACGTACATCTCAGGCG-1,NHEJ-Deletion_NHEJ-Deletion,Insertion_Insertion,0.06267564,0.058912262,0.025475739,0.012519216,0.24094054,0.028461084,0.18006322,0.010907582,0.11411043,0.0065557305,0.03962518,0.02795201,0.086029656,0.003844185,0.10192757
GATGCTAAGTGGCCTC-1,Insertion_Insertion,Insertion_WT,0.058204893,0.06358227,0.020061685,0.019445486,0.17290555,0.04171489,0.17721279,0.01682327,0.18947476,0.009254741,0.028643971,0.017230729,0.09154045,0.009992039,0.08391243
CTCATTACAGGTAGTG-1,Insertion_NHEJ-Deletion,NHEJ-Deletion_NHEJ-Deletion,0.10578166,0.071864374,0.036504786,0.027501738,0.11578524,0.054443993,0.11854367,0.013459403,0.07705522,0.016322842,0.07374434,0.011947589,0.14362934,0.030926827,0.10248896
ATTCCCGTCCACTTCG-1,NHEJ-Deletion_NHEJ-Deletion,Insertion_Insertion,0.043873694,0.093991324,0.068010606,0.026125945,0.20664886,0.05906508,0.14942342,0.015273848,0.12652232,0.0051300596,0.029202165,0.01363769,0.08620133,0.0034182086,0.07347541
TCCTAATTCAAACTGC-1,HDR_Insertion,Insertion_NHEJ-Deletion,0.025387032,0.09988278,0.032028295,0.026948787,0.1945674,0.070776634,0.21556528,0.006881299,0.109792724,0.0059104394,0.025192622,0.014306613,0.057527177,0.002651795,0.112581134
TAGGTACCAGTCGCTG-1,Insertion_Insertion,Insertion_NHEJ-Deletion,0.026148448,0.04155856,0.035466626,0.035545163,0.14028202,0.06408255,0.22546725,0.009160783,0.104820706,0.014018172,0.020475687,0.017769936,0.109412216,0.00997459,0.14581725
ATTGTTCGTATGACAA-1,Insertion_Insertion,Insertion_NHEJ-Deletion,0.034259234,0.11339634,0.015012227,0.045384347,0.14201285,0.0632773,0.14367962,0.030918853,0.1417752,0.00427961,0.01664048,0.0071781096,0.097389065,0.009761603,0.13503516
AGGCCACGTTGGCCGT-1,MMEJ-Deletion_MMEJ-Deletion,Insertion_Insertion,0.023192173,0.04906131,0.023015197,0.037454784,0.29759014,0.034951087,0.13688037,0.014650636,0.12534142,0.015786948,0.03504516,0.03097618,0.096912876,0.008939348,0.07020239
TATATCCGTTCCGGTG-4,NHEJ-Deletion_NHEJ-Deletion,Insertion_NHEJ-Deletion,0.018867876,0.08399632,0.045127057,0.010066896,0.20379756,0.068803824,0.283548,0.011142347,0.05536052,0.0045423806,0.025341636,0.009765976,0.12921149,0.0055724327,0.04485565
GGGATGATCCCATGGG-1,HDR_WT,Insertion_Insertion,0.082472324,0.06839605,0.031176314,0.021385573,0.21799402,0.089415506,0.14635365,0.013215872,0.18421228,0.00833544,0.018445421,0.022226484,0.04353511,0.01332004,0.03951588
TGTGGCGTCCAAGAGG-1,Insertion_WT,Insertion_Insertion,0.030817743,0.09110238,0.024744041,0.037251983,0.18168654,0.06411571,0.09770971,0.015613256,0.16075929,0.010370632,0.018739149,0.028171036,0.15201896,0.023836914,0.06306268
TCGAACACACGTGAGA-1,Insertion_Insertion,Insertion_Insertion,0.11682641,0.06704053,0.04260792,0.042839453,0.18567678,0.07633491,0.14466968,0.036772877,0.0629751,0.02583618,0.039361116,0.019781075,0.0813931,0.007145375,0.050739508
GTGAGGATCAATGCAC-1,Insertion_NHEJ-Deletion,Insertion_NHEJ-Deletion,0.01345689,0.0491117,0.064992405,0.07358212,0.1557018,0.0704533,0.16254598,0.009578212,0.1552831,0.015917301,0.046107616,0.044002783,0.091581725,0.0047373893,0.04294771
TGATTTCAGCGACATG-1,HDR_HDR,Insertion_Insertion,0.13537654,0.06944097,0.030834483,0.036046267,0.14688057,0.075435966,0.13975096,0.02237044,0.12343353,0.005046455,0.0184875,0.02306614,0.08598129,0.02522764,0.062621236
TCCTTCTTCGGCTATA-1,HDR_HDR,NHEJ-Deletion_NHEJ-Deletion,0.074809246,0.066468276,0.030561574,0.021360679,0.16170283,0.053949323,0.08633369,0.024039723,0.05589389,0.0197157,0.06534926,0.030459387,0.17911437,0.0046587996,0.12558329
CGTCCATCAATAAGGT-1,Insertion_Insertion,NHEJ-Deletion_NHEJ-Deletion,0.039462775,0.112239905,0.015179834,0.018557975,0.11203636,0.059991516,0.16928513,0.020720765,0.099125996,0.012506491,0.02285093,0.022152487,0.21167378,0.0076042567,0.076611824
AGGACGAGTGAAAGTT-1,HDR_Insertion,Insertion_Insertion,0.16621853,0.064787395,0.031965032,0.010916949,0.27921,0.09236287,0.11927171,0.0079111345,0.04089853,0.031723462,0.010609124,0.031587552,0.07029693,0.004884229,0.03735651
TGGAGGAGTCGCTTAA-1,HDR_Insertion,Insertion_Insertion,0.08816285,0.08518574,0.026492933,0.041355908,0.18751253,0.058255136,0.1599643,0.014722358,0.07494058,0.013055172,0.024001842,0.113231465,0.05657261,0.010267284,0.046279293
CTAACTTGTATGGGAC-1,HDR_WT,Insertion_WT,0.025114663,0.050297894,0.023635559,0.038612764,0.09869065,0.06122356,0.07297992,0.006458637,0.33457467,0.0073652854,0.016960332,0.11680902,0.037934843,0.002947998,0.106394224
TATCCTAAGCAATAAC-1,MMEJ-Deletion_MMEJ-Deletion,Insertion_Insertion,0.063770086,0.0683276,0.02647017,0.015794067,0.16140343,0.051208664,0.12377632,0.010142779,0.13029882,0.018443584,0.04754617,0.040579543,0.10314655,0.015579498,0.1235127
TTTCAGTAGTACTGTC-4,Insertion_WT,Insertion_WT,0.014924806,0.070504494,0.028929876,0.03131988,0.08395131,0.083960205,0.23250374,0.009315163,0.25473326,0.005442933,0.017906295,0.022284893,0.048861332,0.0041466346,0.091215216
GCCAGGTCAGCCGTCA-1,NHEJ-Deletion_NHEJ-Deletion,HDR_HDR,0.21238053,0.10923053,0.055398148,0.03440156,0.15318576,0.062337834,0.0653068,0.008689299,0.058019888,0.004952724,0.028261656,0.03210237,0.12539609,0.009030475,0.04130635
AGCTTCCGTAACGTTC-1,NHEJ-Deletion_NHEJ-Deletion,Insertion_Insertion,0.118536994,0.095803104,0.030797446,0.04259796,0.17507161,0.060413193,0.09974774,0.011486627,0.12419986,0.006197876,0.048978884,0.033571113,0.070450835,0.004689228,0.07745753
CATCAAGTCCGTGTAA-1,Insertion_NHEJ-Deletion,Insertion_WT,0.0152394865,0.075831965,0.021266818,0.027137855,0.099833,0.030965414,0.15971209,0.012975877,0.31590143,0.0040246923,0.013404896,0.05665833,0.07021343,0.0050250967,0.09180964
ATGGATCAGGCTGGAT-1,NHEJ-Deletion_NHEJ-Deletion,Insertion_Insertion,0.02396574,0.065863036,0.021323068,0.004850461,0.22725868,0.117037065,0.21453592,0.014193996,0.050085768,0.009894365,0.07339481,0.0132148685,0.10591419,0.018536434,0.03993162
TTTCACAAGGTTCCGC-1,Insertion_WT,Insertion_NHEJ-Deletion,0.03249809,0.07121919,0.03907705,0.028190922,0.16787063,0.08109273,0.17152488,0.016621979,0.12290062,0.0103996135,0.029795662,0.019228213,0.15392248,0.010042118,0.04561584
TGAGGTTCAGTCGAGA-1,Insertion_Insertion,Insertion_WT,0.06597053,0.12540746,0.01946689,0.021759264,0.12908415,0.055333354,0.09689838,0.013542445,0.26785737,0.006749211,0.04144953,0.02908091,0.05511492,0.025038144,0.04724742
GAGGGATTCCTAAACG-4,HDR_NHEJ-Deletion,Insertion_WT,0.03175893,0.13595717,0.011362048,0.024647295,0.13778123,0.04645515,0.11148285,0.017330399,0.17340645,0.011256438,0.011315539,0.017808748,0.15908349,0.009069709,0.10128454
ACGTAGTAGCCTATCA-1,Insertion_MMEJ-Deletion,Insertion_NHEJ-Deletion,0.07742123,0.10840059,0.019038575,0.023415186,0.10695516,0.10775248,0.12959205,0.014169032,0.12313766,0.0035569242,0.06914403,0.033512678,0.09235303,0.012918634,0.07863275
TGATCTTGTCTTACAG-1,Insertion_NHEJ-Deletion,Insertion_Insertion,0.0630197,0.045213066,0.029085614,0.045302384,0.33135352,0.046837267,0.16562629,0.0061024404,0.13740876,0.0040506776,0.032707784,0.025423462,0.026516093,0.007839947,0.033513024
CAGATTGAGTATAGAC-1,NHEJ-Deletion_SV,Insertion_WT,0.05523944,0.058535106,0.025432691,0.03826467,0.13670728,0.06671827,0.1259479,0.017237492,0.1457872,0.0063263383,0.037359368,0.06502262,0.10385292,0.010000416,0.10756834
AAGACAAGTCCATAGT-1,Insertion_Insertion,Insertion_Insertion,0.050317656,0.049537916,0.07195841,0.009382845,0.31503332,0.032921515,0.22222939,0.00548303,0.08819943,0.0058416137,0.027530214,0.021432057,0.06317812,0.0035517276,0.033402756
CTCGAGGCATTGAAAG-1,Insertion_MMEJ-Deletion,Insertion_NHEJ-Deletion,0.061977945,0.13664714,0.05791914,0.0476873,0.1509366,0.053728145,0.1581177,0.007322744,0.09713397,0.011672337,0.045161456,0.014627708,0.07964238,0.005398396,0.07202706
ATCACTTCATAGATGA-1,Insertion_Insertion,Insertion_NHEJ-Deletion,0.01786717,0.0996842,0.016736835,0.03122344,0.14725378,0.09957952,0.25825608,0.010493255,0.07341244,0.0033704836,0.047272682,0.0064926133,0.08414692,0.0049540317,0.09925653
GATCACACATAACTCG-4,HDR_Insertion,Insertion_NHEJ-Deletion,0.020925699,0.05287087,0.030893005,0.036471553,0.18327546,0.042818453,0.2232802,0.006813312,0.12143182,0.006937033,0.020683005,0.030319802,0.09649391,0.0027946169,0.12399125
TATTGCTCAGCAGTAG-1,HDR_NHEJ-Deletion,Insertion_Insertion,0.049632426,0.0870653,0.027791593,0.02222171,0.22291465,0.0567767,0.11625971,0.01976605,0.12703645,0.017392643,0.0321242,0.013694992,0.12234108,0.006088698,0.078893825
TCGGTCTCATGTCAGT-1,Insertion_Insertion,Insertion_NHEJ-Deletion,0.04514978,0.04992366,0.022177545,0.06211868,0.1541248,0.036098287,0.1969822,0.0088855615,0.1845655,0.009078868,0.02798891,0.023162188,0.070886,0.00822056,0.10063749
TTGAACGCAGCAGTGA-4,NHEJ-Deletion_WT,Insertion_NHEJ-Deletion,0.033765707,0.06651733,0.033714764,0.03737761,0.14444003,0.04973222,0.19602007,0.009229965,0.1635434,0.00678885,0.03129376,0.019078642,0.11271861,0.006756828,0.08902225
TACTTCACACAGAGAC-1,Insertion_WT,Insertion_WT,0.011855322,0.028291948,0.023465639,0.04071374,0.10225219,0.027580306,0.14166383,0.005684431,0.2520954,0.01479713,0.015266393,0.019710455,0.17190911,0.0046974015,0.1400167
GACGTTACAGAAGCTG-4,Insertion_WT,NHEJ-Deletion_WT,0.07492002,0.084375754,0.021564318,0.094826706,0.0939215,0.07779044,0.095395006,0.012802664,0.096891694,0.018191686,0.033757042,0.08626577,0.046582777,0.017292675,0.14542192
ACACAGTTCTAGAACC-1,Insertion_WT,Insertion_WT,0.016221965,0.045190886,0.033393364,0.053325664,0.16826431,0.070391394,0.1512588,0.012687844,0.24589097,0.0032150028,0.022016319,0.017916419,0.07043255,0.0042905416,0.08550395
GAACGTTCAAGACCGA-4,Insertion_WT,Insertion_NHEJ-Deletion,0.007874234,0.04182597,0.014302327,0.016983801,0.09376484,0.045306932,0.24333511,0.006794802,0.20573367,0.0049570226,0.0064512226,0.024624648,0.12481888,0.0025587147,0.1606678
CCACAAAAGCTTCGTA-1,Insertion_NHEJ-Deletion,Insertion_WT,0.0912086,0.11384808,0.04181131,0.01876029,0.15914331,0.055927508,0.1692716,0.019002046,0.17494653,0.0051435754,0.022487784,0.011681096,0.042781346,0.0054414757,0.06854546
CATCGTCCATGCACTA-1,Insertion_Insertion,Insertion_NHEJ-Deletion,0.033544887,0.036596578,0.029966636,0.026825042,0.17556673,0.05009503,0.21350917,0.008231119,0.13556863,0.006167515,0.014195637,0.032247584,0.14317513,0.003824376,0.090485916
GTTGTGAAGTCACGCC-4,NHEJ-Deletion_NHEJ-Deletion,Insertion_NHEJ-Deletion,0.06928398,0.044900782,0.031513058,0.025692634,0.13976364,0.048747137,0.18092968,0.016498754,0.16117367,0.005060881,0.047346167,0.023131067,0.119083166,0.017479235,0.06939617
TTCATTGCAATCGCAT-1,Insertion_Insertion,Insertion_Insertion,0.015104695,0.045869123,0.025235193,0.024735266,0.20001073,0.058110263,0.18732674,0.01192478,0.1622382,0.007962693,0.029695217,0.029848905,0.108730994,0.003994588,0.08921261
GAATAGAAGGCCATAG-4,Insertion_Insertion,Insertion_Insertion,0.017772613,0.071752265,0.039545458,0.0174228,0.17190322,0.06578756,0.1708064,0.018049745,0.12658621,0.006906009,0.04193739,0.03289348,0.123247385,0.0028614684,0.09252802
GGCTTTCGTGATTGGG-1,HDR_Insertion,HDR_HDR,0.1575981,0.12318544,0.04070928,0.04352142,0.07191311,0.075426385,0.08105281,0.005755254,0.15193877,0.010171935,0.013192434,0.061324388,0.068393014,0.004855979,0.0909617
GAAGCGAAGTGATAAC-1,NHEJ-Deletion_SV,Insertion_NHEJ-Deletion,0.023202026,0.09543576,0.03689487,0.040930573,0.16086927,0.04015293,0.19027983,0.021122955,0.13221721,0.011814036,0.061057698,0.02177824,0.07380695,0.0037514388,0.086686246
CCAAGCGTCAGAATAG-1,Insertion_MMEJ-Deletion,Insertion_NHEJ-Deletion,0.07064143,0.087852955,0.028214298,0.012297504,0.13148578,0.035079345,0.20351307,0.010037726,0.1401475,0.010477174,0.056808032,0.011018673,0.11677406,0.009636817,0.07601565
CCACGTTGTAGCGAGT-4,Insertion_NHEJ-Deletion,NHEJ-Deletion_WT,0.01207611,0.057806365,0.04461632,0.027218275,0.14052103,0.03640116,0.15428813,0.008190455,0.12799647,0.0045668106,0.02715074,0.019998759,0.08501377,0.005723155,0.24843243
GAAGCCCAGAGGCTGT-1,Insertion_MMEJ-Deletion,Insertion_NHEJ-Deletion,0.011671129,0.030928716,0.020528056,0.051689755,0.17797291,0.03982988,0.18923108,0.01705998,0.18306485,0.007783675,0.019472266,0.02529828,0.057569865,0.004831337,0.16306822
TCGTAGATCCTTTGAT-4,Insertion_WT,NHEJ-Deletion_NHEJ-Deletion,0.037683837,0.051300593,0.032695364,0.02662445,0.107360624,0.064187,0.15350132,0.008095845,0.14573704,0.010274474,0.020109091,0.03886802,0.1626135,0.00588942,0.13505942
TTCTCTCGTCACTTAG-1,NHEJ-Deletion_WT,Insertion_WT,0.018554933,0.044087596,0.046795137,0.07922162,0.12565623,0.045396492,0.1326966,0.009137474,0.25779882,0.01702872,0.011153048,0.018885456,0.044424843,0.0031727534,0.14599031
CCTAACCCACCTCGTT-4,NHEJ-Deletion_WT,Insertion_NHEJ-Deletion,0.04122368,0.05570466,0.031706635,0.013745273,0.13243613,0.07142978,0.2472176,0.010870794,0.06792319,0.008719418,0.025954945,0.006339518,0.19776554,0.010070447,0.07889235
CATTGTTTCCAATCCC-1,Insertion_MMEJ-Deletion,Insertion_Insertion,0.15436439,0.07541835,0.015484935,0.050069805,0.18222663,0.04488418,0.109318286,0.007927249,0.06760611,0.0056971353,0.046385974,0.07291751,0.08722085,0.006585765,0.073892854
TCACTCGTCTACTCAT-1,Insertion_WT,NHEJ-Deletion_WT,0.009131008,0.06816456,0.03161753,0.047166277,0.047504235,0.02551161,0.14047676,0.0051370338,0.10753836,0.0024163085,0.0048816893,0.012314278,0.066627465,0.0026380438,0.42887482
GTACAACCATGAAAGT-1,Insertion_Insertion,Insertion_WT,0.04719986,0.0887535,0.0467469,0.02034169,0.16639057,0.057338275,0.12953731,0.00944135,0.17237426,0.008809558,0.01798368,0.025894104,0.13052602,0.002612953,0.07604999
CGATGGCTCCCGGTAG-4,Insertion_WT,Insertion_WT,0.009293377,0.058296654,0.0153317675,0.114574306,0.11853186,0.04083868,0.078494415,0.006446765,0.38958806,0.0035955093,0.02071194,0.039591115,0.035236448,0.0028835374,0.06658555
ATCGGCGTCTCCGAAA-1,Insertion_Insertion,Insertion_NHEJ-Deletion,0.081452765,0.06843092,0.05438782,0.00891071,0.12573837,0.057495907,0.2028399,0.013579447,0.074859634,0.021658406,0.020736227,0.031400714,0.20016219,0.009887739,0.028459288
CCTTTGGTCAGACAAA-4,Insertion_NHEJ-Deletion,Insertion_NHEJ-Deletion,0.013505992,0.058016934,0.01943924,0.021999927,0.18182154,0.043691363,0.23409244,0.021738607,0.087906666,0.01178266,0.01932344,0.027774129,0.14587365,0.010840116,0.1021933
ACAGCCGTCGAACGGA-1,NHEJ-Deletion_WT,Insertion_Insertion,0.06961388,0.13484584,0.027741306,0.018907782,0.13636753,0.055612814,0.13319129,0.0068102535,0.13185513,0.012650093,0.013307729,0.06798908,0.07230239,0.018922953,0.09988191
GTGCACGTCGTGGGTC-1,HDR_Insertion,Insertion_WT,0.118957505,0.09838462,0.042427555,0.013144291,0.13293236,0.08801629,0.08181748,0.013357068,0.1773778,0.009087738,0.036870964,0.01714089,0.07103227,0.03248127,0.06697187
AGACCATTCAAATAGG-1,Insertion_WT,NHEJ-Deletion_NHEJ-Deletion,0.016312812,0.045916345,0.06176017,0.06705787,0.14867233,0.031149345,0.14262912,0.012681072,0.13907813,0.004354507,0.028934078,0.012429774,0.1601513,0.0035345769,0.12533855
CCTGCATCATCTGCGG-1,NHEJ-Deletion_NHEJ-Deletion,NHEJ-Deletion_NHEJ-Deletion,0.060421504,0.091571964,0.01805649,0.03199582,0.10223231,0.066175856,0.11947958,0.0053078122,0.09021237,0.022914462,0.0107355965,0.025547436,0.29958913,0.006855505,0.048904143
TACGCTCCACTGCGAC-1,Insertion_NHEJ-Deletion,Insertion_NHEJ-Deletion,0.041595284,0.12091651,0.025480008,0.03604875,0.17297505,0.07400305,0.18257946,0.010302469,0.09738983,0.0063504376,0.045137215,0.011361889,0.11897441,0.0038231206,0.053062525
GGCGTCATCCAATGCA-1,NHEJ-Deletion_WT,Insertion_NHEJ-Deletion,0.057189193,0.08003007,0.06233521,0.036881287,0.14327945,0.04776921,0.23398945,0.0059772483,0.0762147,0.009810972,0.02487412,0.018889725,0.09121701,0.014310863,0.097231485
GAAACCTCAGAGGGTT-1,NHEJ-Deletion_NHEJ-Deletion,Insertion_Insertion,0.040375266,0.075214624,0.035847876,0.054743584,0.20520619,0.042950027,0.11084712,0.023166593,0.1430189,0.005015455,0.026653182,0.07205416,0.08180245,0.017180786,0.06592384
TCGGGTGTCGGAAACG-1,Insertion_Insertion,HDR_Insertion,0.08203943,0.16439734,0.023936933,0.045671772,0.14808221,0.056304406,0.13901341,0.013246396,0.065924115,0.015973004,0.054660525,0.035161227,0.09750464,0.013294135,0.04479047
CACAGGCGTGCCGGTT-1,NHEJ-Deletion_NHEJ-Deletion,Insertion_Insertion,0.04954696,0.09980979,0.053556032,0.05254785,0.16125093,0.05142778,0.12224558,0.016164774,0.15990207,0.009620423,0.025699567,0.010914373,0.119021304,0.0049849404,0.06330758
TCACACCTCTAAACGC-4,Insertion_Insertion,Insertion_WT,0.023659598,0.075574145,0.03757935,0.06598244,0.13041751,0.03805118,0.1301889,0.023193931,0.15563163,0.023028089,0.035049032,0.022557637,0.08842818,0.0037710902,0.14688726
TAGCACATCGTCCTTG-1,Insertion_Insertion,Insertion_Insertion,0.033627726,0.07263564,0.03176097,0.036517356,0.3554681,0.038455166,0.14166345,0.00918368,0.08223039,0.004689642,0.013540185,0.03145149,0.067512,0.00475506,0.076509126
TGCATGACACCAACAT-1,Insertion_MMEJ-Deletion,Insertion_Insertion,0.041800745,0.07705205,0.03173745,0.022891304,0.2211745,0.050193816,0.1265843,0.02606165,0.10743841,0.017719803,0.01700072,0.04044372,0.114632495,0.027696835,0.07757218
GTGGGAATCTCCAAGA-4,NHEJ-Deletion_NHEJ-Deletion,Insertion_NHEJ-Deletion,0.023128899,0.06440123,0.021658905,0.01125423,0.10160151,0.04491317,0.24980271,0.0057120807,0.15079048,0.0061636944,0.027807044,0.023364834,0.15257959,0.008272951,0.10854868
CTCAGGGAGGCACTAG-4,Insertion_Insertion,Insertion_Insertion,0.03838197,0.11852701,0.106390715,0.04193833,0.25612846,0.04094736,0.08493307,0.009414392,0.107882746,0.03671775,0.022011504,0.027322315,0.058586165,0.0063703437,0.04444785
CAACAGTGTCCAATCA-1,Insertion_NHEJ-Deletion,Insertion_NHEJ-Deletion,0.030352402,0.05290054,0.026942007,0.026686952,0.13215627,0.041905623,0.3140305,0.03068968,0.08735267,0.035345204,0.026444472,0.01564298,0.120092094,0.01417496,0.045283664
GACAGCCAGTCTTGGT-1,Insertion_Insertion,NHEJ-Deletion_NHEJ-Deletion,0.062486727,0.07527684,0.028910061,0.024793709,0.17757975,0.06492497,0.10424789,0.013549251,0.09712682,0.008070879,0.03214248,0.04556506,0.19232114,0.027174305,0.04583017
GATCACAAGCCATGCC-1,Insertion_WT,Insertion_WT,0.04648282,0.06938294,0.035497498,0.069666326,0.1666842,0.047383882,0.13036154,0.010022721,0.19293734,0.01073663,0.014726124,0.012310264,0.11047289,0.002538826,0.08079601
TAAGCACGTTCGGTTA-1,Insertion_WT,Insertion_WT,0.057017524,0.060968023,0.022350231,0.086413376,0.06404728,0.04417775,0.049828615,0.004782099,0.39555886,0.0029464453,0.017017877,0.051283646,0.062809385,0.005806561,0.07499236
TCTATACTCGAAGAAT-1,Insertion_WT,Insertion_Insertion,0.030573573,0.05815942,0.02595564,0.024485061,0.254118,0.075653,0.13936639,0.01163732,0.14196377,0.009908684,0.03273379,0.04281899,0.090350814,0.0057006916,0.056574866
AGTTAGCAGGCTTCCG-1,NHEJ-Deletion_NHEJ-Deletion,NHEJ-Deletion_NHEJ-Deletion,0.13069643,0.066206,0.018400876,0.035115227,0.16225149,0.04864201,0.10104598,0.022212954,0.059371307,0.02338681,0.03820675,0.013539098,0.20432879,0.010639377,0.06595693
AACCTTTAGGCATCAG-1,NHEJ-Deletion_WT,Insertion_Insertion,0.11047336,0.082510404,0.02354777,0.012824771,0.2547259,0.052122474,0.15327992,0.013560612,0.04603327,0.016706727,0.022692442,0.012560218,0.107806064,0.013398485,0.077757575
ATGAGGGTCGCCAGTG-4,Insertion_Insertion,Insertion_NHEJ-Deletion,0.02273525,0.068838425,0.051448505,0.03206545,0.10741546,0.057992425,0.2138136,0.0068552396,0.16921882,0.009019719,0.036007438,0.025082055,0.11480601,0.0027791688,0.08192246
TTGAGTGGTCGTGGTC-1,Insertion_WT,HDR_HDR,0.20400006,0.069550924,0.021874221,0.016749358,0.17605798,0.0676443,0.081550635,0.011797323,0.12086236,0.020160291,0.015830314,0.03098795,0.10350994,0.008349567,0.051074795
ACAGAAAGTTCCATTT-4,HDR_Insertion,Insertion_NHEJ-Deletion,0.014645183,0.072303094,0.025040442,0.03722782,0.13191007,0.07673957,0.19917761,0.01638398,0.1148818,0.00658966,0.011961662,0.035646975,0.13502447,0.0045709754,0.117896676
GTAGGAGTCACTGGGC-4,HDR_WT,Insertion_WT,0.009471553,0.06332592,0.03200305,0.06366348,0.05892037,0.059791964,0.10341708,0.006909103,0.28383216,0.0054579414,0.01612262,0.055684373,0.05028764,0.0030109677,0.18810178
GTACAACTCCTGTAAG-4,Insertion_NHEJ-Deletion,Insertion_NHEJ-Deletion,0.033115312,0.049992006,0.0478221,0.020552894,0.13122694,0.052286644,0.26684713,0.008963238,0.1534265,0.0067792186,0.011420965,0.038553424,0.0864229,0.008695355,0.08389534
AGCCAATTCCCGAAAT-1,HDR_WT,Insertion_Insertion,0.19486524,0.054316103,0.019540183,0.004699827,0.22234002,0.09537364,0.056065712,0.009647791,0.07592704,0.018061094,0.051441524,0.038010634,0.08395364,0.014902086,0.060855426
GCTGCAGCAGCTACTA-1,NHEJ-Deletion_NHEJ-Deletion,Insertion_NHEJ-Deletion,0.036713798,0.046999354,0.038983904,0.020138577,0.1823484,0.060131967,0.20323086,0.0117693925,0.189436,0.0078421775,0.021826262,0.050109908,0.0371402,0.0032287755,0.09010046
GGAGATGTCTCCCAAC-4,Insertion_WT,Insertion_WT,0.03544839,0.06521008,0.02233072,0.024922548,0.16343504,0.07078043,0.08804771,0.006680147,0.25204223,0.008347283,0.05165156,0.11459782,0.041232,0.013917112,0.0413569
ACACGCGCAAGTGGAC-1,Insertion_Insertion,Insertion_Insertion,0.051570095,0.04836636,0.019223077,0.05490284,0.22089025,0.042535152,0.13135016,0.009737216,0.1170252,0.018245392,0.022424813,0.019881118,0.15513797,0.011130337,0.07758004
TAGAGTCGTAGAAACT-1,MMEJ-Deletion_NHEJ-Deletion,Insertion_Insertion,0.067210935,0.046509594,0.02594178,0.03654825,0.18556415,0.058871474,0.16711162,0.010422033,0.1737381,0.0036271452,0.015441002,0.01795027,0.10315938,0.007412303,0.080491915
CAGATTGCAACCCTAA-1,Insertion_NHEJ-Deletion,Insertion_WT,0.026412332,0.06979766,0.024124777,0.096289165,0.11097915,0.04258865,0.13917187,0.01330956,0.20308915,0.007002387,0.00664571,0.018784065,0.08616675,0.0033250712,0.1523137
CTGAGCGTCACGGAGA-4,Insertion_Insertion,Insertion_NHEJ-Deletion,0.02549106,0.051821664,0.072005,0.025243696,0.1276359,0.03337278,0.23586509,0.011252649,0.15784912,0.006776583,0.050229244,0.019385323,0.092279956,0.0064260648,0.084365904
ATGATCGAGAAGGATG-1,Insertion_Insertion,NHEJ-Deletion_NHEJ-Deletion,0.039022345,0.108192876,0.03280048,0.025743444,0.1846991,0.064226985,0.11948732,0.015951673,0.08636746,0.015324364,0.017504012,0.0070956843,0.2094963,0.013336659,0.060751315
TCTACCGTCGCTACGG-1,Insertion_NHEJ-Deletion,Insertion_Insertion,0.046336893,0.085976906,0.036312737,0.018068006,0.25974643,0.05605314,0.10891597,0.047550667,0.046266027,0.013854536,0.027852563,0.02377974,0.16082358,0.041865434,0.026597373
GAAGCGAAGAGTCAGC-1,Insertion_Insertion,Insertion_WT,0.014422485,0.058705706,0.047673732,0.037998784,0.090820305,0.042709794,0.13131963,0.016790835,0.21796283,0.00510619,0.021328064,0.037949536,0.14679791,0.0034014236,0.12701279
GTTTACTGTTATAGAG-1,HDR_NHEJ-Deletion,Insertion_Insertion,0.050286286,0.11086323,0.03856028,0.04354143,0.18447423,0.0458069,0.123310484,0.009036476,0.112665005,0.006173339,0.032445546,0.021861782,0.13479966,0.0034930238,0.08268233
ACCCAAAAGGTCCTGC-4,NHEJ-Deletion_NHEJ-Deletion,Insertion_Insertion,0.08722096,0.058359724,0.012510502,0.045805093,0.21380189,0.05359978,0.17770055,0.009435354,0.08561924,0.006782141,0.012826025,0.022025088,0.12631905,0.003501313,0.08449327
TGATGGTGTCGGATTT-1,Insertion_WT,NHEJ-Deletion_NHEJ-Deletion,0.025284048,0.14923264,0.031121965,0.01623702,0.10443636,0.05711637,0.075906165,0.0150510045,0.12568396,0.0060072388,0.013777551,0.032422546,0.21989532,0.011060089,0.1167677
CTGCTCATCACACCGG-1,Insertion_NHEJ-Deletion,Insertion_NHEJ-Deletion,0.017182205,0.06922289,0.06682963,0.021205513,0.10100541,0.036527682,0.33578917,0.007532179,0.11891858,0.010330535,0.027943144,0.018942818,0.110863745,0.0032347962,0.05447168
TGTACAGAGCGCCATC-4,NHEJ-Deletion_SV,Insertion_Insertion,0.11623729,0.05218948,0.033526976,0.01649307,0.18890214,0.042932495,0.15020034,0.010187994,0.11597878,0.019663617,0.026305271,0.031420574,0.12364593,0.038323477,0.033992622
CAATTTCGTAGGCAGT-1,Insertion_WT,Insertion_WT,0.03147958,0.03166256,0.033751827,0.07610628,0.18965419,0.06456022,0.1084684,0.006906818,0.19620001,0.011087239,0.019940417,0.05808562,0.079680376,0.0071819364,0.0852345
AACCACAGTCGGCCTA-1,Insertion_Insertion,Insertion_Insertion,0.07379482,0.0864954,0.021064479,0.012294904,0.17830303,0.10986182,0.14663453,0.03847537,0.088019356,0.0041045034,0.01875137,0.02669554,0.08655517,0.012476235,0.09647344
TCTCACGAGGCTTCCG-1,NHEJ-Deletion_NHEJ-Deletion,Insertion_Insertion,0.028071241,0.055410884,0.020811152,0.046202745,0.22442755,0.06408253,0.08722483,0.030879496,0.105271846,0.024667725,0.02574886,0.028425764,0.17458355,0.017831702,0.066360086
ATCACAGTCCGCAAAT-4,HDR_NHEJ-Deletion,Insertion_NHEJ-Deletion,0.008068909,0.080340475,0.028159754,0.010508817,0.12725946,0.03338555,0.30723467,0.010269081,0.116082855,0.004684454,0.014675835,0.020506907,0.11229267,0.002090496,0.12444004
AATCACGTCGATAACC-1,HDR_Insertion,Insertion_Insertion,0.039645147,0.08075559,0.019126726,0.07959809,0.16577582,0.071284704,0.13393132,0.017442528,0.15106903,0.029592218,0.030627634,0.021242589,0.094818994,0.0036068924,0.061482694
CTTCGGTAGCCTGGAA-1,HDR_WT,Insertion_NHEJ-Deletion,0.022480484,0.08150952,0.023457091,0.011525357,0.15453051,0.05297367,0.20228145,0.01237998,0.13815574,0.0077034566,0.038141306,0.040553655,0.088712856,0.0056403666,0.119954534
CGTCCATAGTCTGCGC-1,Insertion_Insertion,Insertion_WT,0.069449365,0.07786085,0.028134532,0.066857904,0.11454197,0.043598592,0.10267703,0.022852058,0.24242823,0.00888715,0.0115525285,0.050662264,0.07159149,0.011497485,0.07740857
CCGTAGGGTACGAGTG-1,Insertion_NHEJ-Deletion,Insertion_NHEJ-Deletion,0.053148102,0.1115798,0.03463543,0.028483838,0.14005648,0.06024077,0.15627605,0.00787716,0.10632716,0.0050728084,0.031414036,0.068592556,0.0647097,0.00440211,0.12718402
ACGTACATCCGTATAG-1,Insertion_NHEJ-Deletion,Insertion_WT,0.052412815,0.10006551,0.016125165,0.003790334,0.20322186,0.10638244,0.15445787,0.0075699682,0.22642304,0.006389132,0.019986212,0.025711348,0.04301284,0.005252838,0.029198622
TATCCTATCCATATGG-4,Insertion_WT,Insertion_NHEJ-Deletion,0.01265739,0.05220638,0.027054086,0.022411417,0.059041146,0.03804763,0.20785172,0.006982343,0.17802583,0.010995861,0.01134481,0.01882714,0.15789315,0.0052835303,0.19137754
TTCCACGCAAACTCGT-1,HDR_HDR,HDR_HDR,0.21581726,0.06105532,0.022092331,0.087634355,0.14411713,0.07842479,0.05959514,0.011010404,0.082761444,0.017233724,0.01681455,0.03031758,0.0759448,0.015626527,0.08155464
CAGGGCTCAAATAAGC-1,NHEJ-Deletion_WT,Insertion_NHEJ-Deletion,0.021291606,0.056816757,0.032960303,0.018274235,0.1543042,0.043621633,0.19976185,0.0044221017,0.19149867,0.007869037,0.016618606,0.019657275,0.06503805,0.011385512,0.15648021
AGACCCGAGTCATCGT-1,HDR_Insertion,Insertion_Insertion,0.039230373,0.0651492,0.026845263,0.013885012,0.2857707,0.058221377,0.09437208,0.009699931,0.11907411,0.0137990955,0.024818238,0.03810388,0.14286801,0.013784469,0.054378264
ATCCGTCAGTTGCGCC-1,HDR_Insertion,Insertion_Insertion,0.027802931,0.1145952,0.022845827,0.012370735,0.26919952,0.061199006,0.186407,0.0060055936,0.08834795,0.0027833492,0.01363444,0.027299004,0.10918155,0.0029035362,0.055424344
GAAGCCCGTACTAACC-1,NHEJ-Deletion_WT,Insertion_WT,0.01820628,0.08631209,0.064589046,0.0587422,0.101442695,0.065470226,0.14660795,0.0069546,0.218419,0.0026102492,0.040213846,0.023681903,0.06424319,0.005844448,0.09666226
ACTTTCATCCGAGTGC-1,Insertion_WT,Insertion_NHEJ-Deletion,0.023561927,0.12807791,0.02144722,0.027175939,0.14961123,0.078830175,0.16517943,0.015837628,0.14415509,0.0072143585,0.017376924,0.016127585,0.04615504,0.0035601344,0.15568939
TTGGTTTAGGGTGAAA-4,Insertion_WT,Insertion_WT,0.016019333,0.08070444,0.037886493,0.05779039,0.12632284,0.03443643,0.16620868,0.007644432,0.17183074,0.0062848097,0.020197943,0.03723486,0.07931846,0.0033105735,0.15480961
TCCTGCATCTAACGCA-1,Insertion_WT,Insertion_WT,0.028964194,0.04808371,0.011110443,0.0295396,0.11935764,0.023972237,0.1529345,0.008950566,0.38214618,0.0052444274,0.013532452,0.02836137,0.08509965,0.0037981577,0.058904894
TACTTGTTCGAAGGAC-1,Insertion_Insertion,Insertion_NHEJ-Deletion,0.027053557,0.077588215,0.011324866,0.015467053,0.13923874,0.049209166,0.2027922,0.013027164,0.17122594,0.0077049173,0.020604327,0.012126589,0.098492205,0.0037669104,0.15037814
AGGCATTAGGCATTTC-1,Insertion_WT,Insertion_WT,0.011496712,0.057765923,0.013862621,0.045706294,0.1391201,0.0827905,0.16883485,0.008799372,0.1726056,0.002927257,0.051813353,0.10159305,0.07068066,0.002677565,0.069326095
AGTGACTGTCGGTGTC-1,Insertion_NHEJ-Deletion,Insertion_NHEJ-Deletion,0.02660493,0.05757794,0.02631604,0.020312782,0.15350583,0.08675265,0.17486757,0.02188957,0.13627954,0.0063341865,0.047882263,0.023681754,0.09850854,0.025584588,0.093901835
GCACTAAAGTTGAAGT-1,Insertion_WT,Insertion_WT,0.026380997,0.05746428,0.03195758,0.027443627,0.16590905,0.03531404,0.10950881,0.0072212326,0.24081051,0.006920544,0.020267595,0.12377514,0.052678283,0.0031558499,0.09119241
TTTCAGTTCATGCCAA-1,NHEJ-Deletion_NHEJ-Deletion,Insertion_Insertion,0.027238384,0.07845219,0.043950524,0.026272602,0.1933692,0.05265407,0.177223,0.0047641583,0.15502493,0.0070470334,0.023785764,0.025168613,0.118202694,0.0028993776,0.06394746
CGTAGTAGTGTCTTAG-1,Insertion_NHEJ-Deletion,Insertion_Insertion,0.016090423,0.097599894,0.050676703,0.02053215,0.25557378,0.037108798,0.10730527,0.012592764,0.11896813,0.006786581,0.023365896,0.02151829,0.12461171,0.003622369,0.1036472
TCACATTTCCCTTTGG-1,NHEJ-Deletion_NHEJ-Deletion,NHEJ-Deletion_NHEJ-Deletion,0.03838874,0.107112296,0.039320845,0.061975077,0.1324434,0.065057494,0.092592366,0.008458823,0.12090064,0.01772407,0.022155734,0.038685333,0.17426656,0.011479982,0.069438644
TAACTTCCAAAGTGTA-1,NHEJ-Deletion_SV,Insertion_Insertion,0.15878713,0.08438452,0.050294623,0.056262854,0.16465966,0.046789363,0.0786174,0.029677829,0.0859775,0.018188886,0.020521108,0.028513975,0.09304709,0.013639077,0.07063895
TGGATCACAGTTGGTT-1,Insertion_Insertion,Insertion_WT,0.034826137,0.057087082,0.016193522,0.01348553,0.1488926,0.06872135,0.109676145,0.011519806,0.23067337,0.005995262,0.037997186,0.022779653,0.15029976,0.0030081433,0.08884447
TCTATACAGTCCCGAC-1,Insertion_Insertion,Insertion_NHEJ-Deletion,0.104557484,0.086644515,0.01896636,0.019568142,0.13380085,0.049713936,0.23726325,0.023013745,0.05369723,0.022675589,0.022565283,0.017132746,0.13510555,0.019083207,0.056212127
CAACGGCGTAGGTACG-4,HDR_Insertion,Insertion_Insertion,0.01481626,0.082468174,0.020382775,0.011570224,0.22632577,0.049141735,0.18195266,0.016667224,0.085399866,0.009038332,0.04603165,0.0462516,0.11682453,0.0054529984,0.0876762
TGTAGACGTTTGTTGG-1,MMEJ-Deletion_NHEJ-Deletion,Insertion_Insertion,0.03648363,0.0721021,0.056625906,0.0170088,0.19861393,0.027348997,0.17170486,0.011786394,0.11785249,0.0033584572,0.014964412,0.05654162,0.12648338,0.0025965774,0.08652846
AATGACCCACCAAAGG-1,HDR_HDR,Insertion_NHEJ-Deletion,0.054475565,0.09436639,0.033573363,0.06512741,0.16052753,0.040813167,0.18555911,0.014311461,0.1366254,0.016003527,0.018673155,0.01684404,0.039204147,0.009908387,0.11398734
GACTTCCGTTCAGGTT-1,Insertion_NHEJ-Deletion,Insertion_Insertion,0.048253965,0.08955574,0.03453655,0.010720168,0.23365976,0.046551194,0.20110133,0.00593217,0.15717085,0.004464469,0.015146243,0.028830897,0.06265087,0.0049761347,0.056449704
ATCGCCTTCCGTGGGT-1,Insertion_NHEJ-Deletion,Insertion_Insertion,0.033459727,0.10882406,0.037255146,0.033890773,0.1767139,0.05034431,0.10843878,0.017277652,0.1388383,0.007329377,0.05111364,0.0134313945,0.14664087,0.03130008,0.045142014
TTGCCTGCACAATGAA-1,HDR_HDR,Insertion_Insertion,0.15484484,0.08197796,0.03234293,0.05702912,0.16736585,0.069830485,0.04926012,0.00943565,0.09835103,0.023921885,0.019361341,0.12155259,0.06187965,0.0103179,0.042528663
TGGAGGAGTGTCGATT-1,Insertion_WT,Insertion_WT,0.041595962,0.058256328,0.023070188,0.06790877,0.16975366,0.048535924,0.1585962,0.011997732,0.19594952,0.0071037584,0.013107275,0.04379948,0.058066618,0.0036164597,0.09864213
AACCAACCATACAGCT-4,Insertion_NHEJ-Deletion,Insertion_Insertion,0.021695761,0.06271637,0.027171213,0.028863546,0.21584825,0.04511295,0.13863412,0.0099385725,0.15868807,0.011887679,0.02765105,0.012898595,0.10227852,0.004895536,0.13171974
CCACCATAGTCAGCGA-1,Insertion_WT,Insertion_WT,0.0117095625,0.0419779,0.02083998,0.027693005,0.08123169,0.028020415,0.09116577,0.010541577,0.30540586,0.0046382956,0.006387768,0.03622147,0.06301391,0.0062970077,0.26485583
AGCCACGTCAACTACG-1,Insertion_Insertion,Insertion_Insertion,0.078767024,0.07622173,0.01430275,0.029922826,0.19641191,0.04013576,0.10701255,0.020089736,0.109532535,0.042902898,0.017184079,0.01246784,0.14875498,0.010110864,0.096182495
CACCAAATCTGTCGCT-1,Insertion_NHEJ-Deletion,Insertion_Insertion,0.08579988,0.040061556,0.03535902,0.011247868,0.36505485,0.054308888,0.14751178,0.007082687,0.15301864,0.004231547,0.023126896,0.015935116,0.033458527,0.002173719,0.021629063
TGTTGAGAGTCGAAGC-4,Insertion_NHEJ-Deletion,Insertion_Insertion,0.019850014,0.07689056,0.036449187,0.07205985,0.17449504,0.052456513,0.10767647,0.024969209,0.10013704,0.009812839,0.018750168,0.015794586,0.115498915,0.008331519,0.16682814
TCAGTCCCATCGGAAG-1,HDR_HDR,Insertion_Insertion,0.058974057,0.07173464,0.03771207,0.0065310523,0.26407537,0.05673462,0.22633575,0.013539603,0.08686138,0.008498387,0.013782142,0.043405876,0.053069893,0.009820407,0.04892476
GTTACCCTCGAGTACT-4,MMEJ-Deletion_WT,Insertion_Insertion,0.039220434,0.075643964,0.044823617,0.011100333,0.2325905,0.04813379,0.20379636,0.018998923,0.11811828,0.0039576483,0.028071439,0.01592937,0.1130636,0.0031159967,0.043435708
CTGTCGTCAAGCCATT-1,Insertion_Insertion,Insertion_Insertion,0.015480297,0.0768188,0.039671984,0.017971786,0.1992162,0.05434618,0.16712536,0.012259325,0.18189448,0.005658728,0.023935406,0.030214397,0.0640506,0.0041089677,0.10724745
GTCTGTCGTCCATCTC-1,NHEJ-Deletion_NHEJ-Deletion,Insertion_Insertion,0.1444812,0.07933796,0.029859336,0.020893477,0.18344939,0.045081966,0.11018417,0.019687263,0.12476786,0.0063689537,0.022523418,0.02527133,0.09393226,0.013040392,0.08112098
ACCATTTGTTATTCTC-1,MMEJ-Deletion_WT,HDR_HDR,0.18670496,0.07586839,0.025297875,0.042391647,0.14067541,0.04270411,0.099416,0.008292491,0.15580718,0.0082359295,0.018830013,0.027916504,0.082276486,0.007477914,0.07810506
CAGGCCACAAGTTGGG-1,Insertion_NHEJ-Deletion,Insertion_WT,0.05783989,0.04218804,0.029528007,0.018619621,0.19349657,0.072801486,0.12093282,0.008189519,0.2296295,0.0067766723,0.036174178,0.031917553,0.08634981,0.016171679,0.04938462
CTCCAACCACACCGCA-4,MMEJ-Deletion_WT,Insertion_WT,0.010095677,0.03478894,0.018075662,0.05188996,0.116826914,0.036661495,0.10594365,0.0061761537,0.31435522,0.008290905,0.011444744,0.045231212,0.090888076,0.0028475265,0.14648387
GATCCCTAGGAATGTT-4,Insertion_WT,Insertion_Insertion,0.015642945,0.042925972,0.040842,0.016818166,0.3725437,0.05694881,0.10592131,0.003345223,0.20108545,0.0046821903,0.018874554,0.021228023,0.045673136,0.003666831,0.049801663
CTACCTGGTAGTTCCA-1,NHEJ-Deletion_WT,Insertion_NHEJ-Deletion,0.034376644,0.038816042,0.042051483,0.022122795,0.09202844,0.078690216,0.258693,0.0097186295,0.11138225,0.0045368294,0.024053354,0.022033384,0.09145234,0.018455805,0.15158881
GGGTAGACAATGTGGG-1,Insertion_NHEJ-Deletion,HDR_HDR,0.19943379,0.056609422,0.028568959,0.054583203,0.11834048,0.057068113,0.07323809,0.011085206,0.100853145,0.0169391,0.0459746,0.014685305,0.14557487,0.010177606,0.06686811
TACCGAAGTCATCACA-1,Insertion_SV,Insertion_Insertion,0.06473852,0.12807392,0.035738297,0.020058403,0.20619923,0.1308171,0.12188369,0.013777845,0.081040435,0.00867175,0.009654794,0.011286745,0.106436394,0.008601007,0.053021833
ATCCATTAGCGACTGA-1,Insertion_WT,Insertion_Insertion,0.11598331,0.09567951,0.011942656,0.024271412,0.19659302,0.0713615,0.09565148,0.00983921,0.17583697,0.009699675,0.034087826,0.0260623,0.07722033,0.0043980195,0.051372852
TTTGACTTCTCGTCAC-4,HDR_WT,Insertion_NHEJ-Deletion,0.03148145,0.054782253,0.036147933,0.017367147,0.21635257,0.07456375,0.22823559,0.022367995,0.1249199,0.010601818,0.022898981,0.016036673,0.077781945,0.003976356,0.062485643
TAACTTCCAAAGCTCT-1,Insertion_NHEJ-Deletion,NHEJ-Deletion_NHEJ-Deletion,0.0588661,0.10198175,0.037588112,0.024202911,0.17232025,0.079176694,0.16140799,0.0064576836,0.06956216,0.0049988143,0.013906317,0.008753567,0.19949597,0.009123771,0.052157924
GAGTCATGTGCGACAA-1,Insertion_Insertion,Insertion_Insertion,0.020871809,0.057473887,0.045656264,0.0153889265,0.29057586,0.039152876,0.21125524,0.009129848,0.09684504,0.0076058684,0.025535807,0.00854304,0.09686439,0.0045699086,0.07053127
GTACAGTTCTTAGCTT-1,Insertion_WT,Insertion_WT,0.031866934,0.12993145,0.024673553,0.07039812,0.07221598,0.0797829,0.11055975,0.018375495,0.13227585,0.01760991,0.013313089,0.075155884,0.090111196,0.006663146,0.12706679
ATACCTTTCAGCGGAA-1,HDR_WT,Insertion_WT,0.035785772,0.03931211,0.05309422,0.047121067,0.13008341,0.04360765,0.11998847,0.014093017,0.29967162,0.008731712,0.03491958,0.07239344,0.062540054,0.0038673189,0.034790583
GCCTGTTGTTACACTG-1,Insertion_MMEJ-Deletion,Insertion_WT,0.022747232,0.1135392,0.020012386,0.030196434,0.08606872,0.0701226,0.12820211,0.012264104,0.2720333,0.0048324293,0.023515992,0.09508388,0.06588972,0.0070880326,0.048403844
GAACTGTTCGCTACAA-1,Insertion_MMEJ-Deletion,Insertion_Insertion,0.03522693,0.06160382,0.017208936,0.016491923,0.21484452,0.054888695,0.15614808,0.016495142,0.12774761,0.009388718,0.014707527,0.019696768,0.14437298,0.0062703444,0.10490796
ACTGCAACAGCTCATA-1,Insertion_WT,Insertion_WT,0.023633797,0.034254014,0.013371278,0.033401668,0.08931239,0.05629031,0.09161817,0.0038273784,0.3446545,0.0035864962,0.008477908,0.1084027,0.06494679,0.0028257838,0.12139678
GCACTAAGTCTTCAAG-1,Insertion_Insertion,Insertion_Insertion,0.13246092,0.0456304,0.028185684,0.044528484,0.18249913,0.0972271,0.083571196,0.024858737,0.061884236,0.043336924,0.011986441,0.020015355,0.13575986,0.023867968,0.064187616
GTCCTCACAAATCCCA-1,Insertion_Insertion,Insertion_Insertion,0.16227923,0.057740968,0.0627404,0.03451635,0.1705168,0.065543056,0.09355526,0.019987565,0.10549611,0.028153082,0.022076786,0.059252735,0.061527666,0.010812525,0.04580149
TGATCAGGTATTGGCT-4,Insertion_NHEJ-Deletion,Insertion_Insertion,0.033084564,0.06279592,0.028792359,0.05340197,0.21723802,0.042872716,0.08833517,0.009557602,0.13934152,0.014851527,0.039666183,0.050112437,0.12551548,0.01979678,0.074637786
AAATGGAGTACAGAAT-4,NHEJ-Deletion_NHEJ-Deletion,Insertion_WT,0.022240713,0.039484456,0.024478603,0.011708174,0.1429514,0.05767397,0.18024646,0.0083377985,0.19843757,0.013628436,0.02216918,0.031068003,0.14359307,0.0095994845,0.09438265
TGTGTGATCAGCAGAG-1,Insertion_Insertion,Insertion_NHEJ-Deletion,0.013805772,0.11045044,0.028080078,0.016709419,0.15495667,0.045890067,0.22724403,0.008411099,0.15988307,0.012873532,0.023981187,0.024026573,0.093020745,0.0037270095,0.076940365
ACGGTCGGTGGCAACA-4,NHEJ-Deletion_WT,Insertion_WT,0.014330484,0.06487313,0.027293958,0.02710777,0.14010642,0.062087584,0.16737045,0.006879099,0.2690557,0.008526795,0.016410884,0.008918336,0.09425358,0.0028506555,0.08993512
TCCGGGATCTCTGAGA-1,MMEJ-Deletion_NHEJ-Deletion,Insertion_NHEJ-Deletion,0.015127209,0.09628997,0.031451195,0.013805547,0.15426251,0.06244174,0.2112403,0.012636036,0.19636962,0.006600797,0.03783701,0.026863184,0.06740335,0.0026308869,0.06504065
CCGTGAGCACTGAGTT-1,HDR_Insertion,Insertion_NHEJ-Deletion,0.016744824,0.064349085,0.041050855,0.03800262,0.15594152,0.049663857,0.22813848,0.014865455,0.11165232,0.0060823523,0.018392328,0.03434426,0.12259111,0.0035220876,0.09465882
CAACGGCCACTTCTCG-1,NHEJ-Deletion_WT,NHEJ-Deletion_NHEJ-Deletion,0.03735924,0.04109496,0.037850767,0.11761556,0.15216452,0.03575295,0.13271078,0.014618418,0.079909354,0.010817225,0.034788385,0.017968426,0.17930438,0.014191033,0.09385401
GGCAGTCAGTTCCATG-1,Insertion_NHEJ-Deletion,Insertion_NHEJ-Deletion,0.010915416,0.06945796,0.02400585,0.03773417,0.1556102,0.07626576,0.21347846,0.014881015,0.18551278,0.0031087054,0.015825834,0.00907532,0.08757927,0.002531498,0.094017714
CATACCCAGCGTGAAC-1,Insertion_Insertion,Insertion_WT,0.09454205,0.07259668,0.015901728,0.0421625,0.17224006,0.05244717,0.13471466,0.00870225,0.21607624,0.0025957625,0.013956819,0.012378743,0.0890929,0.014856393,0.057736054
GTCAAACTCGTTTACT-1,Insertion_MMEJ-Deletion,Insertion_Insertion,0.024185315,0.062478904,0.0155917825,0.017469186,0.35112172,0.05158953,0.15990186,0.0075560873,0.07581443,0.0026015006,0.021323467,0.033447713,0.08384168,0.002669333,0.090407476
GGGCCATCAGTGAGCA-1,Insertion_NHEJ-Deletion,Insertion_WT,0.051706232,0.041671924,0.029082002,0.11814314,0.11606624,0.051519457,0.15429452,0.011462107,0.18549775,0.0059993337,0.017505936,0.036407176,0.12663329,0.0028113008,0.051199645
AGTCACAAGCTTACGT-1,Insertion_NHEJ-Deletion,Insertion_NHEJ-Deletion,0.042130068,0.0827299,0.034503706,0.04900341,0.06610732,0.062507175,0.18401779,0.027891768,0.11750072,0.005292019,0.040067792,0.025303116,0.18010707,0.013498283,0.06933988
ACGTCCTAGGCCTTCG-4,HDR_WT,Insertion_Insertion,0.079089604,0.07223853,0.018534996,0.04433539,0.20243838,0.053922977,0.06663938,0.0135504,0.18783529,0.024419248,0.009721581,0.04320849,0.11480346,0.004532779,0.06472947
GATTCGAAGTCAACAA-1,MMEJ-Deletion_NHEJ-Deletion,NHEJ-Deletion_WT,0.020737628,0.030972626,0.023466812,0.035228807,0.09407849,0.039356086,0.10190768,0.005425177,0.16724423,0.015605434,0.014078355,0.044326372,0.13966937,0.008160152,0.2597428
CACTGGGGTGAGTTGG-1,Insertion_Insertion,Insertion_NHEJ-Deletion,0.016529826,0.10491326,0.036890067,0.015850816,0.17375824,0.05232247,0.192943,0.021296188,0.1280234,0.0041520447,0.021587433,0.01062348,0.15867206,0.009962736,0.052475028
TCGACCTGTGTTATCG-1,Insertion_Insertion,Insertion_Insertion,0.04225118,0.07360638,0.034614258,0.024325319,0.21472675,0.06880188,0.17314237,0.013176584,0.11016659,0.0071617593,0.049455404,0.02512837,0.08608846,0.006475025,0.07087973
TAGGGTTGTCATACCA-1,HDR_WT,Insertion_WT,0.046210837,0.05160201,0.06343068,0.01614909,0.18519117,0.038777355,0.10733609,0.010214616,0.27509415,0.003957153,0.02091001,0.030350108,0.081353195,0.0021430054,0.06728057
GATAGAACAACGATTC-1,HDR_Insertion,Insertion_Insertion,0.05086586,0.13668574,0.013662301,0.01252774,0.19496983,0.03320994,0.13623223,0.04539591,0.112296075,0.007758014,0.04223633,0.015086873,0.09118156,0.018288273,0.089603364
TTGTTGTCATAATGCC-1,Insertion_Insertion,Insertion_NHEJ-Deletion,0.016312573,0.07301544,0.029209249,0.013969174,0.14425237,0.073619545,0.19272639,0.01710283,0.1867916,0.017267777,0.046116777,0.016006581,0.10627458,0.0039860136,0.06334911
AACTTCTGTAGACAGC-4,Insertion_NHEJ-Deletion,Insertion_Insertion,0.01302276,0.062475942,0.04483796,0.042887766,0.18562831,0.05845309,0.15155308,0.011288374,0.1411013,0.009733243,0.02054236,0.05486618,0.09587233,0.0037486898,0.10398859
TGCAGGCGTAATGATG-1,Insertion_NHEJ-Deletion,Insertion_NHEJ-Deletion,0.017982224,0.092823066,0.016916726,0.0349453,0.14986907,0.03668531,0.22383735,0.015439912,0.12163964,0.008546895,0.023830077,0.039368406,0.09989178,0.0047234413,0.113500826
TATTGGGTCTGGCCGA-1,HDR_Insertion,Insertion_NHEJ-Deletion,0.022386998,0.081275545,0.024579056,0.016828425,0.10207125,0.05398318,0.3030547,0.0072738933,0.15093365,0.0049028303,0.016544748,0.012368278,0.1119399,0.005313234,0.08654428
TCAATTCCATGTAACC-4,Insertion_WT,Insertion_WT,0.018336995,0.087912984,0.05006313,0.045956787,0.12705596,0.047891967,0.15984607,0.009770505,0.2426431,0.011524915,0.028635995,0.026243431,0.052884568,0.0023852887,0.088848285
CGGAATTCATTGAGCT-4,Insertion_NHEJ-Deletion,Insertion_WT,0.045735683,0.05292634,0.04891054,0.0368592,0.085733086,0.04954961,0.112626664,0.007958393,0.24333175,0.016206846,0.013441202,0.02984857,0.0779911,0.009779678,0.16910134
GTCCTCATCACACCCT-1,Insertion_NHEJ-Deletion,Insertion_WT,0.014113281,0.09475461,0.037194308,0.016594213,0.110232525,0.023051875,0.1660169,0.01600036,0.24984162,0.002350298,0.023441736,0.03364997,0.059466142,0.005490337,0.14780189
AGTCTCCTCGAGAACG-4,Insertion_WT,NHEJ-Deletion_WT,0.0066384827,0.028753286,0.027679482,0.044833172,0.07120111,0.040321477,0.19114923,0.0049725105,0.20112374,0.006203186,0.01405973,0.054487906,0.06579243,0.0028655627,0.23991874
TTCACCGCACACGCCA-1,Insertion_Insertion,Insertion_Insertion,0.027163833,0.044009637,0.01924695,0.017250616,0.2735196,0.044913005,0.16088848,0.008501622,0.08164328,0.02713979,0.023216814,0.007184614,0.19018802,0.012113768,0.06301997
GAGTGTTCACACGGTC-1,HDR_Insertion,Insertion_Insertion,0.0544294,0.054154884,0.018383147,0.012878181,0.21655518,0.06712354,0.2077857,0.011716708,0.17999722,0.006310446,0.015750738,0.031727433,0.06099686,0.005804872,0.05638565
AGATCGTGTGATCGTT-1,Insertion_SV,Insertion_NHEJ-Deletion,0.0292879,0.033587527,0.020738589,0.027743036,0.11684726,0.10587967,0.31475392,0.010780684,0.059397735,0.00675862,0.067268424,0.02192683,0.08943563,0.004658003,0.090936154
CTCCAACAGAGCATTA-1,HDR_WT,NHEJ-Deletion_WT,0.08624295,0.12335459,0.019199673,0.12400373,0.11962527,0.049254958,0.100481,0.0044961777,0.0880451,0.010907204,0.01359664,0.04797958,0.061053984,0.0055692643,0.14618985
TCTCTGGCACCCTAGG-1,Insertion_WT,Insertion_WT,0.046239205,0.18471663,0.04392645,0.046919085,0.06572066,0.047665134,0.10832884,0.008629422,0.20085312,0.0044153794,0.010922225,0.015857488,0.055732522,0.0037122949,0.15636154
AATTTCCTCCTTCTGG-1,Insertion_WT,Insertion_Insertion,0.060983106,0.061685756,0.022505876,0.037204236,0.27026954,0.034000494,0.14268933,0.0119119305,0.10863803,0.0066300305,0.030486705,0.014972853,0.09873789,0.006662186,0.092622004
CTCACTGCAACAGATA-4,NHEJ-Deletion_WT,Insertion_WT,0.014213645,0.053689737,0.06183372,0.021576969,0.17347343,0.03600355,0.121538945,0.007364745,0.22458841,0.0048219664,0.021474192,0.034861464,0.12868097,0.00384355,0.09203474
TATCCTAAGCCGATAG-4,Insertion_WT,Insertion_NHEJ-Deletion,0.00984414,0.09025745,0.028981443,0.03276806,0.08401258,0.06725068,0.23156002,0.008341392,0.16043076,0.0046818145,0.047973953,0.01669229,0.13690875,0.004178113,0.0761185
GTTACGAGTTACCTTT-1,Insertion_WT,Insertion_NHEJ-Deletion,0.019508027,0.060964715,0.0386528,0.00988832,0.17431404,0.110864915,0.17838767,0.008442224,0.15043516,0.00442868,0.027301101,0.022766594,0.062227387,0.0021573373,0.12966104
CCATAAGAGAGTGTTA-1,Insertion_Insertion,Insertion_NHEJ-Deletion,0.03807729,0.055313017,0.022101564,0.026059896,0.14345634,0.050737545,0.26671702,0.012645811,0.10129709,0.004654922,0.055901054,0.01167906,0.09458682,0.007179082,0.10959352
CGTAGTACAAAGGCGT-1,Insertion_WT,Insertion_WT,0.02053037,0.03740547,0.018624192,0.123808645,0.20790972,0.033606548,0.091201335,0.0053042662,0.21744825,0.01186587,0.025621114,0.014201166,0.07473323,0.012827373,0.10491249
GGAGGTAAGCCTCTCT-1,NHEJ-Deletion_NHEJ-Deletion,NHEJ-Deletion_WT,0.04156307,0.07832654,0.036535196,0.02345277,0.12861775,0.060958214,0.10116064,0.017909098,0.0958564,0.007546877,0.016446065,0.025564486,0.1120651,0.011926687,0.2420711
TATCGCCAGTTAACGA-1,Insertion_NHEJ-Deletion,HDR_Insertion,0.058659073,0.18703762,0.02937605,0.021472674,0.17597339,0.05274465,0.17620495,0.0086898655,0.11937319,0.008510452,0.014081486,0.028871763,0.052496146,0.009889799,0.056618854
TTTACCAAGTCATTGC-1,Insertion_WT,Insertion_Insertion,0.021680057,0.11689066,0.013103747,0.012748709,0.21018398,0.0978324,0.18044288,0.012193738,0.107899226,0.0048792325,0.02043151,0.017888822,0.11558331,0.0055211675,0.06272058
GAGGCCTAGTGGTTCT-1,Insertion_NHEJ-Deletion,Insertion_Insertion,0.065738946,0.07558828,0.029505001,0.01645971,0.2394802,0.049954064,0.13834034,0.027878918,0.09870071,0.013193125,0.03105964,0.027992398,0.1085056,0.0133316675,0.06427141
CTTAGGATCCGGTAGC-4,Insertion_Insertion,Insertion_WT,0.019204862,0.09075955,0.03657651,0.11588173,0.08259182,0.03271117,0.11005485,0.010246217,0.3032629,0.0040307976,0.007931632,0.038856767,0.048690796,0.0023928203,0.0968076
GAAACCTGTGGTCTAT-4,Insertion_WT,Insertion_WT,0.014766897,0.07300651,0.02837341,0.030959986,0.14449574,0.04128942,0.16290604,0.007818155,0.16348326,0.012525158,0.034177806,0.014916202,0.10097037,0.008477332,0.1618337
CAACGATCATTGCCGG-1,MMEJ-Deletion_NHEJ-Deletion,Insertion_Insertion,0.04241692,0.05295374,0.014265941,0.024277763,0.32357895,0.07268297,0.15402746,0.0062035387,0.12740871,0.0048790355,0.016381342,0.028426204,0.10177147,0.008297928,0.022428045
AGGAGGTAGTTGCCTA-1,NHEJ-Deletion_WT,NHEJ-Deletion_WT,0.009812582,0.06629568,0.040714193,0.08056187,0.08188982,0.03150727,0.08370861,0.006450173,0.21128902,0.005543969,0.01762913,0.04651331,0.103622325,0.003146607,0.21131547
ACGTTCCAGTCATACC-4,NHEJ-Deletion_WT,Insertion_Insertion,0.054623097,0.07757729,0.019739373,0.06420797,0.14887737,0.052439358,0.12055969,0.017197538,0.13454564,0.011773393,0.013057279,0.08774888,0.10188385,0.0076458743,0.08812345
ACATGCATCAGCTAGT-4,Insertion_WT,Insertion_NHEJ-Deletion,0.011234562,0.09261459,0.032773275,0.0056193457,0.10483272,0.03629893,0.2376457,0.007272641,0.17029907,0.006056231,0.022276012,0.013081874,0.17922449,0.004989607,0.075780995
CTCCAACTCTCACTCG-4,HDR_WT,NHEJ-Deletion_WT,0.015863622,0.052952252,0.025078792,0.024273343,0.17588894,0.034273375,0.1677593,0.015484896,0.095562235,0.0025629636,0.011872172,0.021188002,0.1154793,0.0039546513,0.23780614
TTCCTCTCAACAGAGC-1,Insertion_WT,NHEJ-Deletion_WT,0.009455548,0.05657977,0.01997005,0.14632133,0.058284115,0.031070337,0.05429979,0.0027642502,0.25037077,0.0047682524,0.0051823566,0.04485548,0.052638352,0.0015473407,0.26189223
CTGATCCGTGTTACAC-1,Insertion_WT,Insertion_Insertion,0.08136269,0.06312404,0.03495503,0.057254367,0.24317129,0.0655157,0.06800613,0.016648212,0.11834331,0.008629548,0.04064854,0.020259712,0.08696502,0.01661167,0.078504786
CTTCCTTCAACAAGTA-1,Insertion_Insertion,Insertion_NHEJ-Deletion,0.06779442,0.0729527,0.04837993,0.019769322,0.13910691,0.10583733,0.17852381,0.013149103,0.05846387,0.025484975,0.040264007,0.02172753,0.16331524,0.013005326,0.03222555
GAAGCGATCCATAAGC-4,NHEJ-Deletion_NHEJ-Deletion,Insertion_NHEJ-Deletion,0.014248622,0.08801061,0.040296957,0.020393135,0.15337414,0.064417616,0.22202107,0.012060535,0.14533667,0.009804494,0.030706074,0.03598889,0.08075618,0.0062971795,0.07628788
ATCGGCGTCCTGGTCT-1,NHEJ-Deletion_NHEJ-Deletion,Insertion_Insertion,0.024817964,0.123467706,0.00969848,0.030302783,0.22027144,0.024586685,0.13105248,0.010682353,0.13596082,0.005287224,0.026304299,0.016442198,0.1325532,0.016581902,0.09199049
CCATAAGCAAACGGCA-1,HDR_WT,Insertion_Insertion,0.0904206,0.09605179,0.0274459,0.024001742,0.19868724,0.045974437,0.14484894,0.013533538,0.11277449,0.024484765,0.028370757,0.0613335,0.062628224,0.0069833486,0.062460728
CACAACAAGACCTGGA-1,Insertion_Insertion,Insertion_WT,0.10969036,0.06514656,0.04046009,0.047704622,0.17380598,0.052024044,0.108249314,0.014176419,0.17549746,0.010349175,0.017303955,0.016521938,0.09005855,0.0060290303,0.072982475
GTTCGCTCACGTACAT-1,Insertion_Insertion,Insertion_Insertion,0.07149446,0.07127373,0.017007016,0.01447788,0.25020626,0.08878595,0.18438831,0.014112845,0.123321265,0.0057186177,0.015660685,0.03185268,0.06922568,0.011354564,0.031120073
AGCGTATCAGCGTACC-1,MMEJ-Deletion_MMEJ-Deletion,HDR_HDR,0.21777491,0.05878011,0.021747304,0.041182883,0.12817127,0.05556573,0.06950747,0.0088821445,0.18998344,0.016994968,0.021267807,0.027812522,0.06165007,0.01116958,0.0695098
ACTCCCAGTCTACGAT-1,HDR_NHEJ-Deletion,NHEJ-Deletion_WT,0.09733898,0.0966756,0.027276207,0.10530328,0.09430546,0.049624998,0.09450649,0.023417924,0.10589481,0.024350792,0.008697133,0.03867165,0.077311255,0.010728231,0.1458972
GTCCACTCAGTCGCTG-1,Insertion_Insertion,Insertion_Insertion,0.17484029,0.07551533,0.031858537,0.019145396,0.22595307,0.07011577,0.16692008,0.009794928,0.04849364,0.008390232,0.017797211,0.021167722,0.08165029,0.012147975,0.036209535
TGATCTTAGCTAGCCC-1,Insertion_NHEJ-Deletion,NHEJ-Deletion_WT,0.04644856,0.03468223,0.022363197,0.030352373,0.110975675,0.06616799,0.10670825,0.014052942,0.13921955,0.016207526,0.011416242,0.046958696,0.09884582,0.009260326,0.24634063
GACTGATAGCTGCGAA-4,Insertion_Insertion,Insertion_Insertion,0.05753366,0.044648018,0.01630397,0.013673453,0.26523286,0.10186411,0.1803134,0.010640753,0.08436496,0.006477075,0.03812444,0.015332808,0.086379305,0.007512358,0.071598865
AAAGTCCAGGCCTAAG-1,Insertion_MMEJ-Deletion,Insertion_Insertion,0.03636248,0.09503261,0.05031377,0.012492154,0.25832957,0.04487598,0.17350087,0.041908193,0.12298963,0.013411058,0.022210708,0.019287072,0.063057594,0.002988302,0.04324004
GAGTTACTCTTGAACG-1,Insertion_Insertion,Insertion_NHEJ-Deletion,0.01652139,0.05501495,0.027714938,0.03929791,0.15634325,0.07177991,0.23607062,0.008564284,0.17636484,0.0074622207,0.019860333,0.013769725,0.095171995,0.0031526762,0.07291093
CGTAAGTGTACTCCGG-4,Insertion_MMEJ-Deletion,Insertion_NHEJ-Deletion,0.0110056,0.055928838,0.023659842,0.026364887,0.09002257,0.03412302,0.2394187,0.009124285,0.14496347,0.005530955,0.024947887,0.01041435,0.14439586,0.0073600323,0.17273968
CATCCCAAGGTGGTTG-1,Insertion_WT,Insertion_WT,0.011998353,0.053577803,0.034019493,0.040470116,0.14199124,0.060701042,0.17327102,0.0094444435,0.19645046,0.0063038617,0.019475577,0.021867478,0.14762601,0.0042223404,0.07858079
CTTCTCTCATTGGGAG-1,NHEJ-Deletion_WT,Insertion_NHEJ-Deletion,0.043470375,0.07555696,0.029601892,0.010695999,0.22248158,0.09497533,0.25567853,0.011958593,0.11604326,0.004256813,0.01187154,0.017651564,0.06473533,0.0026607413,0.0383615
CATGGATGTAGAATAC-1,NHEJ-Deletion_NHEJ-Deletion,Insertion_NHEJ-Deletion,0.03418979,0.07623265,0.026909355,0.017221622,0.19804707,0.031143019,0.21511385,0.017342687,0.078262106,0.019454591,0.019911889,0.010014634,0.12626205,0.0076067955,0.122287884
TAGACTGAGCTAAATG-1,Insertion_Insertion,Insertion_Insertion,0.022895839,0.07355574,0.020957632,0.012160503,0.18747418,0.06584916,0.12065638,0.021744398,0.16587228,0.0039958833,0.04810708,0.00996247,0.08080687,0.00654486,0.15941669
GTCATTTCAGGGAGAG-1,Insertion_Insertion,Insertion_WT,0.12152199,0.05380351,0.030016026,0.033461623,0.11112753,0.046605833,0.13251382,0.013443323,0.22389252,0.012683688,0.033165228,0.013541601,0.11004286,0.024823954,0.03935645
AGGACGATCGGACAAG-1,NHEJ-Deletion_NHEJ-Deletion,Insertion_NHEJ-Deletion,0.02695366,0.11339899,0.020695752,0.035672676,0.16665964,0.086739115,0.18547352,0.014742242,0.1267133,0.008934076,0.045045573,0.010402866,0.09098724,0.0048118895,0.062769495
GACTCTCGTCACATTG-1,HDR_HDR,HDR_HDR,0.2027632,0.13864532,0.016106803,0.004379787,0.13237436,0.10404403,0.13700467,0.005292683,0.088566884,0.014852008,0.01726726,0.02267276,0.070880495,0.013403027,0.031746745
AGGAAATAGAGCCCAA-1,Insertion_WT,Insertion_WT,0.062166378,0.03945224,0.027075995,0.15760297,0.13073991,0.05140993,0.078005575,0.0064581917,0.20365398,0.010477291,0.0112085445,0.05405126,0.078433156,0.006286352,0.08297822
GAGCTGCCACAATGAA-1,HDR_Insertion,HDR_HDR,0.21749692,0.075887725,0.027779493,0.03104911,0.19751291,0.076410696,0.07673008,0.00875992,0.096020035,0.01617349,0.04020305,0.026723055,0.053888716,0.006745542,0.048619308
TTTCCTCTCAGGACAG-1,Insertion_NHEJ-Deletion,Insertion_WT,0.022979835,0.04816044,0.029485906,0.031049794,0.08996781,0.0990335,0.1618943,0.030101132,0.2900067,0.005223609,0.023757566,0.01022135,0.081148565,0.0028634835,0.074106015
GAAGCCCAGGGTTAGC-1,Insertion_Insertion,Insertion_Insertion,0.055973694,0.043004595,0.02250779,0.011912913,0.2602099,0.117067896,0.20116921,0.0076252855,0.12935877,0.008633018,0.016149975,0.016175928,0.06822091,0.007900985,0.03408914
CTTCGGTGTAGCGCTC-1,Insertion_SV,Insertion_NHEJ-Deletion,0.036181122,0.16010666,0.019489713,0.018682545,0.11414154,0.053931613,0.26072577,0.009490853,0.12856619,0.015157943,0.028730711,0.01289766,0.05576027,0.019101668,0.067035735
ACTTTCAGTGGTCTAT-1,Insertion_Insertion,Insertion_Insertion,0.059712853,0.047282137,0.015748069,0.03349384,0.19595546,0.09090574,0.13269697,0.009419157,0.16505869,0.012790775,0.013379164,0.017648531,0.06060582,0.0073258616,0.13797688
CCGTTCAGTCCTGGTG-1,Insertion_Insertion,Insertion_NHEJ-Deletion,0.026591087,0.0887492,0.03062185,0.08772373,0.16504233,0.07205918,0.18737204,0.006726481,0.10445324,0.014671502,0.022163084,0.018659478,0.10840519,0.0048479578,0.06191363
AGGGCTCCAATCTAGC-1,Insertion_Insertion,Insertion_Insertion,0.055100687,0.06329101,0.010298513,0.012778321,0.22756432,0.07416223,0.22076109,0.011176083,0.13391103,0.005279,0.040176038,0.016160492,0.06450097,0.0044805477,0.060359646
ATCGCCTCACACGGTC-1,MMEJ-Deletion_NHEJ-Deletion,Insertion_NHEJ-Deletion,0.04738389,0.122057356,0.017574549,0.016328534,0.10472369,0.056483004,0.1551837,0.014656114,0.06221551,0.009093619,0.102446705,0.025997555,0.119835965,0.02589435,0.12012549
GTGGAAGCATGGAAGC-1,HDR_HDR,Insertion_WT,0.08638854,0.07540014,0.034168337,0.06295188,0.11212289,0.054585993,0.12393182,0.008756973,0.17683749,0.009418349,0.008278335,0.04181404,0.07017585,0.013338497,0.121830866
TGACAGTTCGCCTTGT-1,Insertion_SV,NHEJ-Deletion_NHEJ-Deletion,0.027441135,0.046581406,0.060011823,0.059033155,0.10304177,0.060019497,0.1653012,0.015022651,0.15288427,0.011678208,0.026962155,0.011980608,0.18534331,0.007897045,0.06680178
ACACTGATCCCTCTTT-1,NHEJ-Deletion_WT,Insertion_WT,0.03347956,0.08505066,0.02362426,0.04832923,0.12617236,0.07918757,0.14564884,0.015474278,0.19118415,0.009172127,0.02288505,0.036061537,0.073536016,0.00627326,0.103921086
GAGACCCGTCATGACT-4,NHEJ-Deletion_WT,NHEJ-Deletion_WT,0.052194472,0.07130217,0.03417582,0.08398259,0.095616706,0.037264008,0.15672854,0.01597786,0.13822927,0.016086427,0.009612858,0.024493515,0.078258574,0.0074670305,0.1786102
CACTAAGAGGTCCCTG-1,Insertion_NHEJ-Deletion,Insertion_Insertion,0.1982912,0.07704593,0.018443443,0.00869386,0.28606355,0.08127158,0.08272794,0.014934737,0.0751881,0.020628499,0.0062857713,0.049122456,0.03860341,0.008997265,0.033702258
GGAGATGCACCCATAA-1,NHEJ-Deletion_NHEJ-Deletion,HDR_HDR,0.18018588,0.11430952,0.043596245,0.032699708,0.14249927,0.053473294,0.073917724,0.013883159,0.07391641,0.024249481,0.032486502,0.040733412,0.07614733,0.012355214,0.085546814
GAGCCTGGTTCGTTCC-1,Insertion_Insertion,Insertion_Insertion,0.109754376,0.080222666,0.020350374,0.011032726,0.18069205,0.12486393,0.14084145,0.016559768,0.14562769,0.0035058754,0.021887902,0.009086488,0.101019315,0.0043018865,0.030253485
CATGCTCAGAGAGCGG-1,MMEJ-Deletion_WT,Insertion_WT,0.15002768,0.05422007,0.028576974,0.027719693,0.12285256,0.029345697,0.13693239,0.007266233,0.25831032,0.008402292,0.019939682,0.013628411,0.05847816,0.004310808,0.07998909
GGGTGTCAGGTCCTGC-4,Insertion_WT,Insertion_NHEJ-Deletion,0.06142129,0.059677087,0.03590897,0.012788183,0.1646736,0.061729267,0.22187316,0.011068374,0.11022847,0.02107224,0.012442057,0.026694201,0.115628086,0.015280803,0.06951416
ACGGAAGTCAGTGGGA-1,Insertion_SV,Insertion_NHEJ-Deletion,0.118004665,0.0831615,0.025401285,0.008826706,0.17238715,0.08379995,0.18838878,0.007601555,0.103491165,0.008839008,0.034446858,0.021189155,0.097017914,0.012003424,0.03544083
CATGGTAAGGATATGT-1,HDR_Insertion,Insertion_Insertion,0.096425146,0.079857945,0.039300475,0.01104076,0.19939943,0.05161194,0.14024095,0.015572313,0.10378801,0.0195281,0.064401545,0.024502205,0.095344916,0.0072582928,0.051727977
TCATCCGGTACCTATG-4,Insertion_MMEJ-Deletion,Insertion_Insertion,0.022075249,0.04805597,0.017764205,0.044169,0.21087655,0.07395828,0.14355113,0.006188711,0.16924128,0.008452675,0.024543315,0.03437309,0.10088769,0.0065937126,0.08926913
GTCACTCCATTAGGCT-1,Insertion_NHEJ-Deletion,Insertion_Insertion,0.012278632,0.053653736,0.026539866,0.027175708,0.22306654,0.034886975,0.13887276,0.0060784626,0.1989091,0.010576254,0.012449506,0.012278482,0.077175036,0.0030265292,0.16303243
ATGGGTTGTTGCTCAA-1,HDR_HDR,Insertion_Insertion,0.09896111,0.052921075,0.018503409,0.07815346,0.18951707,0.050633773,0.10456621,0.007141274,0.15848029,0.004184231,0.024096793,0.0338043,0.09864877,0.0029280423,0.07746024
AGACACTGTAATGCTC-1,Insertion_MMEJ-Deletion,NHEJ-Deletion_NHEJ-Deletion,0.05956809,0.0657252,0.020024305,0.1146764,0.12670891,0.053078894,0.12081522,0.025894377,0.08931974,0.008653689,0.010890058,0.017400132,0.18348615,0.0064642923,0.09729455
TCCCACAGTACGGGAT-1,HDR_NHEJ-Deletion,Insertion_NHEJ-Deletion,0.08720002,0.10165276,0.03149948,0.020558534,0.094476655,0.03195927,0.2593916,0.011855614,0.11369009,0.014597201,0.04294299,0.0202044,0.102478065,0.013627307,0.053865995
AGTGATCCACTGATTG-1,Insertion_MMEJ-Deletion,Insertion_NHEJ-Deletion,0.024303278,0.08011346,0.027376572,0.02874093,0.13548602,0.06240325,0.1946465,0.02100356,0.13712959,0.009380388,0.03468282,0.03225591,0.12034393,0.006095901,0.08603785
TCAAGTGAGTGCAGGT-4,Insertion_WT,Insertion_WT,0.015313359,0.02884168,0.03573197,0.0206306,0.091562904,0.024942141,0.16804431,0.007915888,0.2864878,0.012360795,0.011395838,0.038631514,0.0795744,0.0038552135,0.17471159
GCTTGGGGTTTAGACC-1,HDR_WT,Insertion_Insertion,0.13130626,0.07513991,0.028513767,0.030098733,0.19005919,0.07700187,0.1603442,0.01822427,0.09569899,0.008827617,0.04014521,0.020173173,0.06727372,0.011715825,0.04547727
CTTGAGACATTGCAAC-4,Insertion_SV,Insertion_Insertion,0.14384057,0.063286304,0.0107211005,0.009314704,0.20557827,0.059108168,0.14235283,0.012656933,0.13983183,0.009473138,0.03493532,0.043823466,0.066804804,0.0061221025,0.0521505
CTTCGGTCACGCTATA-1,MMEJ-Deletion_MMEJ-Deletion,Insertion_WT,0.04792595,0.060537074,0.030819854,0.026923863,0.13364026,0.06810823,0.17038463,0.016996,0.24127296,0.005757764,0.022622818,0.030368574,0.067517385,0.005160495,0.07196419
TCACTATAGGTCGCCT-4,Insertion_WT,NHEJ-Deletion_WT,0.013799286,0.022340262,0.00863174,0.026621427,0.06999372,0.05415727,0.2030607,0.0049112285,0.20696796,0.0053015365,0.019732507,0.035460528,0.056700327,0.00155949,0.270762
CACAGGCCAGCGGATA-1,Insertion_SV,Insertion_NHEJ-Deletion,0.046475213,0.0860459,0.034357768,0.019071117,0.16744769,0.05746656,0.18029487,0.014793369,0.10490905,0.022095365,0.042351454,0.010698727,0.10314697,0.014811502,0.096034445
AGTACTGGTCATACCA-4,Insertion_NHEJ-Deletion,Insertion_NHEJ-Deletion,0.009560432,0.041174244,0.056319784,0.014549713,0.16661502,0.06835201,0.16697185,0.008067236,0.14031197,0.011681888,0.050497197,0.015922854,0.08579123,0.0053080977,0.15887648
CTGCATCGTTGCATAC-4,Insertion_NHEJ-Deletion,Insertion_WT,0.042297833,0.07061455,0.00964421,0.026260123,0.1837048,0.061115477,0.07864611,0.016026078,0.27454457,0.0047782115,0.030532805,0.038412966,0.06160374,0.002328359,0.09949016
TCAGTCCTCTTACACT-1,HDR_HDR,Insertion_WT,0.08357305,0.0890686,0.027942218,0.024796112,0.17135768,0.034490783,0.13501933,0.008509812,0.19410883,0.0062701,0.056711953,0.040536515,0.05432738,0.011312416,0.061975222
ACAGAAAAGAATCGTA-4,Insertion_Insertion,Insertion_WT,0.10418183,0.045157745,0.06751656,0.038734596,0.1679453,0.055999067,0.112416446,0.012996873,0.20465143,0.010874139,0.010894291,0.038534395,0.08698436,0.012677519,0.03043542
CAACCAATCGGTAAGG-1,Insertion_Insertion,Insertion_Insertion,0.012684643,0.07654881,0.037134245,0.044324245,0.2146229,0.058649193,0.17106658,0.013281433,0.1343377,0.0033509221,0.054482378,0.012636034,0.09392656,0.005498628,0.06745573
TGTTCTAGTTCCAGGC-1,Insertion_NHEJ-Deletion,Insertion_NHEJ-Deletion,0.029789852,0.06303373,0.04370586,0.008179953,0.16769683,0.06711035,0.28800672,0.012599969,0.108849995,0.0044073407,0.025917385,0.026708646,0.078115016,0.0040271855,0.071851164
TTACTGTGTAAGCAAT-1,Insertion_Insertion,Insertion_NHEJ-Deletion,0.024055501,0.12577295,0.0253573,0.04356838,0.14122142,0.08204983,0.16115399,0.012372642,0.103929624,0.012042342,0.031052358,0.04380644,0.097685486,0.0051221126,0.0908096
GTACAGTCATGGCCAC-1,Insertion_Insertion,NHEJ-Deletion_NHEJ-Deletion,0.043609057,0.056263726,0.03689593,0.02334136,0.15383594,0.0550122,0.17273395,0.011208215,0.08476775,0.0067871683,0.012458314,0.02115908,0.21859936,0.025301225,0.07802669
AAGATAGAGTCCGCGT-4,MMEJ-Deletion_NHEJ-Deletion,Insertion_NHEJ-Deletion,0.0076804697,0.082833156,0.0527647,0.05751071,0.13767076,0.087602094,0.17659818,0.0066705984,0.14690202,0.0123963505,0.035188377,0.015861684,0.064066954,0.007889374,0.108364604
TCCTCGACAGTGAGCA-1,HDR_HDR,Insertion_NHEJ-Deletion,0.03906381,0.06898704,0.028342653,0.03786141,0.1889227,0.08684138,0.2818697,0.009774751,0.06395204,0.0073606935,0.021713866,0.026715599,0.05434229,0.008417178,0.075834855
TTCCTAATCCTTTAGT-4,Insertion_Insertion,Insertion_WT,0.05970491,0.06472384,0.014189391,0.020017628,0.13977349,0.044086657,0.14981055,0.008521038,0.25458223,0.012874854,0.024287425,0.023380173,0.11236406,0.0128838755,0.058799893
TATATCCCAGCGTTTA-1,NHEJ-Deletion_NHEJ-Deletion,HDR_HDR,0.24039507,0.047582567,0.028565388,0.013913131,0.09238002,0.08849545,0.16119544,0.006337067,0.12375163,0.010318943,0.021656694,0.044900373,0.048279677,0.011229608,0.060998987
ACAAAGAAGCGACTAG-1,MMEJ-Deletion_WT,Insertion_Insertion,0.089436494,0.08370457,0.029524129,0.013712965,0.1975165,0.13753577,0.10431189,0.015969329,0.09882319,0.064062506,0.030406674,0.02213087,0.063516,0.004690711,0.044658363
AGGGCCTAGAGTCCGA-4,Insertion_NHEJ-Deletion,Insertion_Insertion,0.056613196,0.09877099,0.035567336,0.021171,0.21251611,0.07603101,0.120823756,0.014511387,0.14039455,0.010490102,0.011681547,0.057071567,0.075399294,0.016142858,0.052815326
ATTTACCTCTCTGACC-1,Insertion_NHEJ-Deletion,Insertion_NHEJ-Deletion,0.021748278,0.104102,0.016585171,0.043921128,0.150426,0.071197785,0.25710434,0.0067224926,0.130536,0.012921719,0.020274071,0.008046032,0.06711694,0.016944604,0.07235347
TCTATACAGCTTGTTG-1,Insertion_WT,Insertion_Insertion,0.020057673,0.062416453,0.0432444,0.018417114,0.35885853,0.06728995,0.13735141,0.0075179017,0.13563488,0.0045547555,0.04050363,0.016873486,0.05197057,0.011174875,0.024134347
CCTGCATTCCGTCACT-1,MMEJ-Deletion_NHEJ-Deletion,Insertion_WT,0.06655565,0.05664081,0.027886324,0.039022747,0.13103428,0.04651614,0.14780642,0.013917857,0.24762203,0.013031622,0.008297643,0.024643386,0.06938329,0.004773078,0.10286873
TGAGGGACAACAGATA-4,Insertion_WT,Insertion_WT,0.034816816,0.053159457,0.035325903,0.030160375,0.108992994,0.059466295,0.18822947,0.010151583,0.24202986,0.009061119,0.011993053,0.046192817,0.085848,0.0149188,0.069653496
AGAGCCCTCTCGTCGT-1,Insertion_Insertion,Insertion_NHEJ-Deletion,0.014833281,0.059837583,0.034160774,0.032177497,0.15266958,0.06752684,0.2962193,0.009890098,0.072212555,0.012513565,0.013957876,0.0074978056,0.16512132,0.0055076643,0.055874303
ATTCTACCATTCCTAT-4,NHEJ-Deletion_WT,Insertion_Insertion,0.011363093,0.044449404,0.02959856,0.010311396,0.19744524,0.033460528,0.10450325,0.013523773,0.1707251,0.004925268,0.013033635,0.015663305,0.18311915,0.02680098,0.14107728
CACAACAGTTACCTTT-1,NHEJ-Deletion_SV,Insertion_Insertion,0.037247375,0.10634581,0.021878468,0.07188501,0.175139,0.057487585,0.10611189,0.01770541,0.115202956,0.013215786,0.037633125,0.021636102,0.13173862,0.016039062,0.07073383
TCATGGAAGATCCCAT-1,NHEJ-Deletion_WT,NHEJ-Deletion_WT,0.024341257,0.055575944,0.032749422,0.048046876,0.09982001,0.034253955,0.13057163,0.007959545,0.15544543,0.009281218,0.010420295,0.038125157,0.08767099,0.00512991,0.26060838
TTACGTTCAAGTGATA-1,Insertion_Insertion,Insertion_NHEJ-Deletion,0.038161024,0.072373696,0.025292858,0.06715938,0.12975042,0.11753125,0.16630799,0.015297237,0.10607899,0.014413428,0.021752764,0.034030005,0.12076714,0.016725471,0.05435834
GATGCTAAGTTTAGGA-1,NHEJ-Deletion_NHEJ-Deletion,Insertion_WT,0.02654722,0.11531844,0.015309779,0.030062415,0.17253286,0.061846707,0.18999092,0.01952869,0.20259738,0.006273387,0.034504388,0.008533004,0.051113255,0.0029455824,0.06289594
GACCCAGAGTACCGGA-1,NHEJ-Deletion_NHEJ-Deletion,Insertion_NHEJ-Deletion,0.021643704,0.07339602,0.015842285,0.009225595,0.22246705,0.07991635,0.255204,0.0043455088,0.11544198,0.009199727,0.022920296,0.02431679,0.09945542,0.003198381,0.04342691
GTTGCTCAGGAGAGGC-4,HDR_Insertion,Insertion_WT,0.024615495,0.09065536,0.013529319,0.035292838,0.10287228,0.06336705,0.11045979,0.011446716,0.23266974,0.013213317,0.028933885,0.06935371,0.09770789,0.018670198,0.087212406
AAAGGTAAGGGCTTCC-1,Insertion_Insertion,Insertion_Insertion,0.029775815,0.05291239,0.06579301,0.009609252,0.2165525,0.069736086,0.19044523,0.017245227,0.100147545,0.009223096,0.038357586,0.026246263,0.07377837,0.005204304,0.094973296
AAGAACAAGGCATCTT-1,NHEJ-Deletion_NHEJ-Deletion,Insertion_Insertion,0.040020067,0.07683146,0.030274231,0.016559975,0.33245045,0.046275537,0.10904285,0.008922657,0.09426052,0.0071326033,0.034310564,0.024154827,0.13759467,0.0031665228,0.039003037
TCACTATCACCGCTGA-4,NHEJ-Deletion_WT,Insertion_Insertion,0.098300636,0.077084474,0.029063776,0.015876781,0.24119121,0.076617114,0.10972393,0.0073948195,0.13958378,0.007414705,0.020295529,0.017379127,0.096349694,0.015608302,0.04811607
GTATTTCAGCTGAAAT-1,HDR_HDR,Insertion_Insertion,0.09160293,0.08689501,0.04746589,0.0074677686,0.19539015,0.03732855,0.13392381,0.013987502,0.11463011,0.0066037173,0.022452693,0.0153086465,0.14600942,0.0046464885,0.07628735
TCGGGTGAGAATTCAG-1,MMEJ-Deletion_WT,Insertion_NHEJ-Deletion,0.042476565,0.06478774,0.032122947,0.043168664,0.18216869,0.050894998,0.23665138,0.016417371,0.0863624,0.0038837164,0.025827853,0.011965541,0.14681722,0.008326189,0.04812868
GCGGATCAGGTAGCCA-1,HDR_WT,Insertion_NHEJ-Deletion,0.017011093,0.08705483,0.046858672,0.014085094,0.10909711,0.032635007,0.21771449,0.0064323726,0.14990526,0.0059811445,0.03634485,0.012732103,0.20785859,0.006850664,0.04943869
TCAGTCCTCGATACAC-1,Insertion_NHEJ-Deletion,Insertion_Insertion,0.04116695,0.12911277,0.05329271,0.0298082,0.20121098,0.093961194,0.09223318,0.014930676,0.064879216,0.014586841,0.03758466,0.032148957,0.11467411,0.019099057,0.061310474
CGTGCTTGTCCGGTCA-1,MMEJ-Deletion_WT,Insertion_NHEJ-Deletion,0.040817235,0.07136674,0.02898432,0.024381356,0.1359068,0.057495184,0.21206857,0.015093265,0.16120103,0.016257573,0.04911666,0.043531716,0.065114476,0.017805863,0.060859185
CTCCAACCAGCACCCA-1,Insertion_MMEJ-Deletion,Insertion_Insertion,0.122323684,0.055216517,0.038099237,0.020709774,0.16438639,0.08064329,0.14753148,0.023422888,0.118332565,0.016062357,0.015541501,0.03376028,0.08376468,0.008984164,0.07122119
CTCTCGACAGTGTGGA-1,NHEJ-Deletion_WT,Insertion_Insertion,0.021395741,0.07471425,0.021963384,0.016635317,0.21069948,0.08600997,0.20211571,0.0305585,0.11862134,0.0048147696,0.048073668,0.02945336,0.092103384,0.003928423,0.038912736
AATGCCACACGTAACT-1,Insertion_NHEJ-Deletion,Insertion_NHEJ-Deletion,0.03421999,0.052631393,0.023440074,0.026891842,0.15987284,0.045699205,0.25428605,0.010215206,0.11390835,0.012081236,0.03611748,0.03700209,0.0934179,0.004896056,0.09532028
CTTCAATTCGCTACAA-4,HDR_NHEJ-Deletion,Insertion_Insertion,0.008980762,0.054149162,0.018161718,0.0140611725,0.23071574,0.038540516,0.15102115,0.010606599,0.1662132,0.011068922,0.017667502,0.012086331,0.101446785,0.0048692725,0.16041116
TGTAACGGTAATGCTC-4,MMEJ-Deletion_WT,Insertion_NHEJ-Deletion,0.013886834,0.07366817,0.016577173,0.0348887,0.1207814,0.0356633,0.2425943,0.016234549,0.14180242,0.03089669,0.03514019,0.024530059,0.08199678,0.0066973837,0.12464202
GGTAATCGTAGAAACT-1,NHEJ-Deletion_WT,Insertion_WT,0.046800688,0.088144936,0.0505289,0.05697662,0.098593496,0.034536794,0.16691568,0.011537316,0.22369058,0.0089834975,0.04188938,0.018977828,0.07017831,0.004666995,0.07757896
TCAGGGCCAAGCAGGT-4,NHEJ-Deletion_NHEJ-Deletion,Insertion_WT,0.012885436,0.041516338,0.01533711,0.015293876,0.15809192,0.030005198,0.11023456,0.020001061,0.37432104,0.005130972,0.017477885,0.029687602,0.056481294,0.008711734,0.10482397
AGGGAGTAGTCGGGAT-1,Insertion_WT,Insertion_Insertion,0.13863003,0.075934015,0.036805186,0.012022609,0.17873444,0.08850532,0.12651873,0.009527735,0.14025128,0.0055559,0.020078177,0.0157319,0.05702083,0.0032611324,0.091422714
CCTATCGGTACCTTCC-4,Insertion_WT,Insertion_WT,0.031858075,0.09686172,0.019105017,0.042633407,0.13678284,0.0337315,0.16733637,0.011286041,0.231082,0.00512927,0.021363324,0.017647412,0.05516231,0.010108153,0.11991254
ACAAAGACAACGTATC-1,NHEJ-Deletion_NHEJ-Deletion,Insertion_NHEJ-Deletion,0.021440014,0.073235005,0.033539712,0.014241777,0.19226845,0.065114684,0.21289627,0.0057990635,0.12885779,0.017030928,0.013291153,0.017081855,0.13649102,0.0038643032,0.06484792
TACTTCAGTGACTCGC-4,Insertion_WT,Insertion_WT,0.014965387,0.048646994,0.014679602,0.018964384,0.10144291,0.027705245,0.2075016,0.011552181,0.225023,0.037698228,0.030220335,0.03871268,0.077499524,0.008765427,0.13662253
TTCGCTGGTGGTATGG-1,Insertion_Insertion,Insertion_WT,0.011177903,0.08919446,0.0075529064,0.026728114,0.15698254,0.06755999,0.13187449,0.0072911642,0.22689243,0.0023279726,0.047331765,0.028807716,0.1014364,0.005690529,0.08915163
ATCGTGAAGCTGTCCG-1,Insertion_WT,Insertion_NHEJ-Deletion,0.11703776,0.07483279,0.02779716,0.013966677,0.13671827,0.05263929,0.18324055,0.020913115,0.08578372,0.0064525343,0.024180263,0.023741458,0.14620633,0.01914011,0.06734998
GGGTCTGTCCGTTGAA-1,MMEJ-Deletion_NHEJ-Deletion,NHEJ-Deletion_WT,0.06178202,0.071807496,0.043560173,0.08954386,0.12271621,0.036167827,0.10689086,0.02921489,0.09566885,0.021018794,0.016356751,0.021821702,0.13683538,0.008662687,0.13795249
GAGCTGCAGTCCTGCG-1,HDR_HDR,HDR_HDR,0.19838594,0.06534143,0.020118391,0.018069413,0.1881335,0.08024966,0.12846148,0.010509473,0.074948445,0.007058055,0.02798436,0.015919663,0.08819001,0.010026306,0.066603884
AAGTCGTTCAGCCTCT-1,Insertion_MMEJ-Deletion,Insertion_WT,0.032376327,0.05658738,0.027177664,0.05012498,0.19515546,0.041760582,0.09616215,0.012854579,0.22750978,0.0077740285,0.0150075285,0.027710166,0.13107815,0.0081803175,0.07054088
CTCTCAGTCAATGTCG-1,Insertion_NHEJ-Deletion,Insertion_Insertion,0.018004144,0.0726793,0.032117553,0.009851133,0.3398779,0.046385366,0.16878389,0.009267784,0.13699009,0.003942197,0.008152994,0.0367369,0.05360454,0.0041798237,0.05942637
CATCGCTGTATCCCAA-1,HDR_HDR,HDR_HDR,0.34222627,0.041879114,0.018456724,0.015035233,0.24376398,0.05947836,0.0925076,0.005610051,0.03901273,0.012906234,0.007211475,0.012826645,0.047036383,0.009859975,0.052189223
CCCTCAAGTTCTTGTT-1,MMEJ-Deletion_MMEJ-Deletion,Insertion_Insertion,0.03870056,0.14572287,0.05595755,0.029803092,0.18331786,0.035106488,0.13357052,0.024320122,0.08253565,0.0063133095,0.01592122,0.021960186,0.14216417,0.016982444,0.06762394
GTCCCATCACCGGAAA-1,Insertion_MMEJ-Deletion,Insertion_NHEJ-Deletion,0.048741933,0.10038355,0.045858733,0.010766867,0.20618488,0.053445626,0.22326663,0.011633213,0.11460062,0.0072351084,0.019864224,0.01647081,0.099828646,0.002228058,0.03949107
CAGCAATGTGTGCCTG-1,HDR_Insertion,Insertion_Insertion,0.05252108,0.08033861,0.07091854,0.02727235,0.162134,0.07056806,0.1469977,0.0066959094,0.08560913,0.0034237108,0.073487796,0.027652673,0.14870548,0.0022426925,0.041432276
TCGATTTCACTCATAG-1,Insertion_NHEJ-Deletion,Insertion_NHEJ-Deletion,0.07986152,0.06836646,0.016598243,0.01587001,0.15752988,0.14484157,0.17209446,0.013650737,0.12839352,0.0049753953,0.011990922,0.009774018,0.13009903,0.005933783,0.040020477
GTCCACTAGTGCGACA-4,Insertion_Insertion,Insertion_NHEJ-Deletion,0.018981328,0.06537337,0.028575866,0.02029803,0.14288853,0.06830909,0.219013,0.013352113,0.13942434,0.01475824,0.028433949,0.029980795,0.13672847,0.0147535475,0.059129324
ACTTCGCCAAAGCAAT-4,NHEJ-Deletion_WT,Insertion_Insertion,0.006104813,0.05257268,0.042292155,0.05251834,0.16931112,0.060646683,0.15259087,0.008514433,0.14671119,0.010152374,0.016669676,0.010607358,0.117089055,0.0054036244,0.14881559
TGTGTGATCGGAGTAG-4,Insertion_MMEJ-Deletion,Insertion_Insertion,0.020489134,0.047790196,0.03240825,0.009169846,0.20613556,0.08518919,0.19934128,0.007690307,0.18968487,0.0059360326,0.044986732,0.020466631,0.08281895,0.004801027,0.043091975
ATTCAGGAGAAGGGAT-1,NHEJ-Deletion_NHEJ-Deletion,Insertion_WT,0.06827244,0.02285665,0.024337983,0.07144378,0.08738104,0.03459882,0.058713764,0.012311314,0.35554224,0.0064294934,0.0059203063,0.037186045,0.08261138,0.01235495,0.1200398
TGAGTCAGTCGCAACC-4,Insertion_Insertion,Insertion_Insertion,0.12430699,0.08272403,0.023990026,0.010709174,0.17990878,0.060273834,0.14835517,0.021433832,0.1550134,0.01585298,0.015191469,0.023226788,0.058497783,0.005336768,0.07517896
TGAATCGCACTAACGT-4,Insertion_WT,Insertion_WT,0.06847243,0.064697415,0.041051205,0.021135628,0.15227355,0.050887547,0.16397534,0.014239124,0.16716962,0.015498608,0.024465846,0.009358854,0.108072385,0.009501956,0.08920046
TGCGATAAGAGTTGAT-1,Insertion_NHEJ-Deletion,Insertion_Insertion,0.025974348,0.047494497,0.02842004,0.011514564,0.34571576,0.045885377,0.22416879,0.0088614235,0.081451274,0.0052309036,0.012512459,0.024841482,0.10037871,0.0027657258,0.034784656
TTGGTTTAGTGATTCC-1,Insertion_WT,Insertion_WT,0.01394547,0.068641715,0.033405766,0.044353798,0.10560129,0.0769453,0.10934491,0.008862267,0.20442684,0.004251465,0.01175507,0.023761978,0.16531374,0.009142481,0.12024791
GAACACTAGCGAATGC-1,Insertion_NHEJ-Deletion,Insertion_NHEJ-Deletion,0.13683295,0.06068439,0.019825015,0.05195007,0.14290878,0.068276756,0.1522091,0.016392518,0.10367914,0.032215916,0.012368077,0.019468639,0.089926854,0.010417217,0.08284458
GTGTAACTCAAGCGTT-1,Insertion_Insertion,HDR_WT,0.068927065,0.0355528,0.019749785,0.42387968,0.06924827,0.07082598,0.09206988,0.005315993,0.059095427,0.00556059,0.008510327,0.026809752,0.035673123,0.010978642,0.067802705
GCGTGCATCCCTATTA-4,Insertion_Insertion,Insertion_NHEJ-Deletion,0.026900241,0.11205877,0.07306422,0.012827576,0.12769032,0.044624865,0.18991624,0.009251794,0.062340576,0.021052668,0.042541105,0.0060293437,0.18275242,0.009965885,0.07898394
TGTTCATTCACGACTA-4,MMEJ-Deletion_MMEJ-Deletion,NHEJ-Deletion_WT,0.034691583,0.07739774,0.01740546,0.009009478,0.13912685,0.03899135,0.1611953,0.00994083,0.18581381,0.0046240552,0.016846325,0.046245877,0.06517031,0.0056382427,0.18790281
CCGGGTATCCGTGTAA-4,Insertion_NHEJ-Deletion,NHEJ-Deletion_NHEJ-Deletion,0.015239727,0.066641465,0.02569856,0.030399676,0.08380479,0.07584549,0.14652596,0.021934723,0.13901481,0.011902061,0.021272132,0.015206919,0.18439451,0.02849038,0.13362879
TACGGTAGTGCCCACA-1,HDR_HDR,Insertion_Insertion,0.07302739,0.079905815,0.020678718,0.10343053,0.20737422,0.03110051,0.09043538,0.00871939,0.083272025,0.029321702,0.037233926,0.023975136,0.1264658,0.011267179,0.073792286
CCTAAGAGTGTGAGCA-1,Insertion_NHEJ-Deletion,Insertion_WT,0.030910863,0.099331744,0.07231475,0.063644335,0.12746468,0.07611311,0.117336646,0.015866764,0.13509546,0.009990813,0.019828562,0.040198687,0.12992916,0.011349103,0.050625335
CATCGGGTCCGCGATG-4,NHEJ-Deletion_WT,NHEJ-Deletion_WT,0.058425978,0.034182597,0.038337775,0.060369775,0.08767394,0.04819649,0.1408275,0.017032668,0.12025385,0.025333825,0.021766383,0.044932753,0.14307632,0.009565442,0.1500247
AGATCGTAGTTGTCGT-1,Insertion_NHEJ-Deletion,Insertion_NHEJ-Deletion,0.03124621,0.10909103,0.026915679,0.062373847,0.11116911,0.054907307,0.15293592,0.013064677,0.093602136,0.0067275153,0.05986723,0.03200236,0.141006,0.0102985995,0.09479241
CCCAACTCATCCGAGC-4,Insertion_WT,Insertion_WT,0.0144464495,0.036881495,0.029606562,0.042698666,0.0890079,0.06199521,0.14530165,0.02047199,0.29175222,0.0060091903,0.007470085,0.020103084,0.07579034,0.0037738155,0.15469135
CGTAATGGTGAGTGAC-4,Insertion_WT,Insertion_WT,0.017827032,0.09633908,0.07508948,0.025539463,0.12354685,0.09517305,0.12632404,0.0066410997,0.17259257,0.007745828,0.032405257,0.015855018,0.0821963,0.00895771,0.11376724
TGGGCGTGTGAGACCA-1,Insertion_NHEJ-Deletion,Insertion_WT,0.02780187,0.03998547,0.048459165,0.067914575,0.156191,0.04186252,0.1506992,0.01082382,0.18760596,0.009009432,0.01661563,0.039831247,0.11716192,0.009909745,0.076128416
GGGACAAGTCCTGTTC-1,Insertion_NHEJ-Deletion,Insertion_NHEJ-Deletion,0.034183484,0.073054425,0.038862392,0.029804895,0.10782414,0.039233916,0.30650526,0.047679473,0.12176031,0.007346425,0.01827079,0.025087668,0.094307005,0.007122785,0.048957057
CCGCAAGGTTGCTAGT-1,HDR_HDR,Insertion_Insertion,0.08449089,0.08537871,0.049643986,0.01317901,0.19376592,0.069157496,0.14242241,0.02245479,0.12037222,0.006591274,0.015544592,0.03092529,0.07514474,0.0039328393,0.08699582
GAGTTACTCACTCCGT-1,Insertion_NHEJ-Deletion,Insertion_NHEJ-Deletion,0.038311895,0.109383285,0.027620275,0.019962717,0.13626043,0.06453639,0.2531499,0.009255984,0.09457407,0.0145265795,0.014988281,0.02099984,0.11904562,0.007954574,0.06943015
GTCACTCCATACCACA-4,Insertion_Insertion,Insertion_Insertion,0.054339916,0.039449897,0.02579203,0.011501215,0.17868404,0.040462825,0.16081063,0.014535005,0.08444346,0.009810714,0.027797682,0.0328696,0.16140962,0.015219311,0.14287405
TAGACTGTCAGAGCAG-1,MMEJ-Deletion_WT,Insertion_Insertion,0.04414508,0.06271316,0.022460941,0.020287668,0.22687149,0.07576456,0.14187211,0.014147618,0.12258784,0.009633003,0.02048861,0.022206765,0.12660113,0.004996195,0.085223794
CGTTAGATCTCAGAAC-1,Insertion_Insertion,Insertion_Insertion,0.024586232,0.0791143,0.022482682,0.018992653,0.251042,0.1548028,0.12511306,0.018297736,0.12061112,0.011251616,0.017840393,0.046319433,0.07795442,0.0044844477,0.027107092
CCCTTAGTCTAAGGAA-1,Insertion_NHEJ-Deletion,Insertion_WT,0.055621363,0.105331704,0.047705024,0.031812128,0.1128172,0.042182386,0.14266813,0.0151436785,0.16911566,0.011986718,0.026211064,0.021256978,0.11767948,0.029382892,0.071085595
AGAAGTACATGATGCT-1,NHEJ-Deletion_WT,Insertion_WT,0.0075425007,0.03969871,0.030645074,0.08769103,0.076115854,0.03546589,0.104217194,0.007620166,0.2757944,0.005747648,0.01147558,0.032420028,0.07833259,0.0029529766,0.20428039
TCAGGTACAGCTGCCA-1,Insertion_NHEJ-Deletion,HDR_HDR,0.16027269,0.10177084,0.023637757,0.010108459,0.14660205,0.088067375,0.14536259,0.01635621,0.101742096,0.006108759,0.033357743,0.011011635,0.0548276,0.009865145,0.09090908
CACTTCGAGGTAGTCG-1,Insertion_Insertion,Insertion_Insertion,0.09225631,0.055735163,0.024938174,0.08238814,0.15378945,0.049067117,0.14270821,0.0086883465,0.11572592,0.028356407,0.025677565,0.049477622,0.09560711,0.024216615,0.05136785
GCACTAAGTCGGTGTC-4,Insertion_MMEJ-Deletion,Insertion_WT,0.01106831,0.04942492,0.019547211,0.019704994,0.11166446,0.026704617,0.21831031,0.003985609,0.22932875,0.0071465448,0.011975335,0.020688929,0.059120018,0.0068365005,0.20449354
ATGAAAGTCAAGCTTG-1,HDR_Insertion,Insertion_Insertion,0.09577676,0.07610785,0.014756892,0.025904635,0.37808457,0.052076172,0.1023647,0.006629569,0.06385042,0.011176335,0.013482448,0.049959153,0.05681717,0.010615512,0.042397834
GACACGCTCTGGGCAC-1,Insertion_Insertion,Insertion_Insertion,0.08439078,0.07315654,0.039177187,0.028906608,0.18234825,0.039045017,0.1391393,0.018695453,0.1632627,0.017441412,0.025915192,0.012513819,0.10154453,0.012439307,0.062023897
TTTACCAGTTTACGTG-1,Insertion_Insertion,Insertion_NHEJ-Deletion,0.021407345,0.09080087,0.025664834,0.02441438,0.19152525,0.06560653,0.2127505,0.006879751,0.10241277,0.00780661,0.054260504,0.006960122,0.12859198,0.0040404056,0.05687814
CCTTTGGTCATTGCCC-1,Insertion_NHEJ-Deletion,Insertion_NHEJ-Deletion,0.06865585,0.065863,0.01925153,0.01694462,0.19544558,0.04626123,0.25573906,0.017354023,0.09722546,0.010882772,0.037249487,0.014530596,0.077501945,0.028547818,0.048547007
CACAGATAGTGTGTTC-1,Insertion_Insertion,Insertion_Insertion,0.014085272,0.05073083,0.010279764,0.027606536,0.19266799,0.09988468,0.16412666,0.00652678,0.15579653,0.0101914555,0.048500434,0.022517648,0.07824947,0.0055919965,0.11324392
GCAGGCTGTCTCACAA-1,HDR_HDR,HDR_HDR,0.17573258,0.063832514,0.022112533,0.041043315,0.12780558,0.10621465,0.08143575,0.011079635,0.10675812,0.015702391,0.01692824,0.049089216,0.10974859,0.007915047,0.06460185
GGGACAAGTGGTATGG-1,Insertion_NHEJ-Deletion,Insertion_NHEJ-Deletion,0.015768409,0.0545192,0.057069857,0.031716652,0.17594351,0.036470532,0.28598464,0.018547567,0.18377352,0.0046995077,0.0111387335,0.008300723,0.04256015,0.008497669,0.06500937
TATTTCGGTGCCTATA-1,Insertion_Insertion,Insertion_Insertion,0.04445852,0.08406109,0.041339196,0.04123686,0.41848204,0.06953299,0.06344998,0.010940785,0.059031866,0.006274169,0.009532144,0.035120383,0.07577639,0.007617621,0.03314592
AAACGAATCGCGAAGA-4,Insertion_NHEJ-Deletion,Insertion_WT,0.009238923,0.0550183,0.030016942,0.025666736,0.16980606,0.051990785,0.18872407,0.009320393,0.23176026,0.00592804,0.01715308,0.024299351,0.12058885,0.0039840974,0.056504127
TACCCACCAGCTGCCA-1,Insertion_NHEJ-Deletion,Insertion_NHEJ-Deletion,0.03377276,0.07954216,0.041693304,0.007671955,0.14508124,0.04117288,0.2909553,0.021537332,0.08430166,0.0085185915,0.040664785,0.02282084,0.10371669,0.006350413,0.07220007
CTACTATTCACTGCTC-1,HDR_HDR,Insertion_Insertion,0.061894327,0.056714423,0.022506855,0.018111497,0.33694413,0.079150856,0.092476524,0.0034619833,0.16253367,0.005801962,0.015910527,0.025790406,0.06845166,0.0056576263,0.0445936
CTCAGGGCAGTCGTTA-4,Insertion_WT,Insertion_NHEJ-Deletion,0.027481826,0.07119587,0.017738312,0.02783077,0.11023646,0.053481292,0.24905391,0.020431282,0.15002431,0.002680851,0.061521158,0.007269837,0.11626486,0.008541385,0.076247916
TGCCGAGAGTGCCTCG-1,Insertion_WT,Insertion_WT,0.15758248,0.06225389,0.026098704,0.040173583,0.11403674,0.04941896,0.11161847,0.011136559,0.21016662,0.0105170235,0.028550074,0.031828944,0.03350076,0.014813714,0.098303445
CATCCGTAGGGCTGAT-1,Insertion_WT,NHEJ-Deletion_NHEJ-Deletion,0.06887318,0.092499696,0.021378323,0.019461129,0.14000364,0.048127625,0.10852933,0.011849077,0.1275906,0.006917977,0.023941537,0.044461194,0.18173984,0.015664166,0.08896266
AGGTAGGTCGTGCATA-1,NHEJ-Deletion_WT,Insertion_NHEJ-Deletion,0.031301524,0.06253149,0.035146803,0.021522196,0.11696591,0.042400666,0.22921929,0.011530583,0.11787693,0.013564848,0.0373735,0.010931177,0.20160863,0.019491505,0.048534967
GATGATCGTGCGTGCT-1,HDR_Insertion,Insertion_Insertion,0.08496155,0.15734613,0.021018792,0.023557592,0.23477525,0.11468864,0.08296176,0.0082323095,0.0580233,0.007857032,0.015780376,0.037679564,0.08983717,0.016083546,0.04719696
GTGTTCCCAGTAGATA-1,Insertion_Insertion,Insertion_NHEJ-Deletion,0.024688527,0.06824176,0.0227836,0.023968613,0.19752102,0.055449534,0.21471786,0.011362014,0.19605541,0.0063665686,0.049472313,0.01621577,0.07215197,0.0035531393,0.03745185
CCGGTAGTCTGCTAGA-1,Insertion_WT,Insertion_WT,0.029354276,0.048532035,0.021134442,0.039194494,0.18373694,0.11368594,0.16648352,0.027931781,0.19965619,0.015474577,0.020047188,0.018618908,0.03991123,0.0060828296,0.07015564
ATCCCTGGTATTGACC-1,NHEJ-Deletion_WT,Insertion_NHEJ-Deletion,0.021721866,0.06045725,0.01167889,0.029186642,0.12622538,0.05415929,0.23033355,0.016109955,0.114394546,0.008424921,0.015436586,0.026498772,0.07400849,0.013249245,0.19811465
AGACACTCAAATCAAG-1,Insertion_NHEJ-Deletion,Insertion_NHEJ-Deletion,0.039420106,0.12513256,0.035652857,0.01811032,0.18217038,0.0957131,0.19810286,0.013973337,0.0715982,0.011263872,0.023658818,0.013637443,0.097552985,0.0058612647,0.06815183
TAGGTACTCTAACGCA-1,Insertion_NHEJ-Deletion,Insertion_NHEJ-Deletion,0.024363834,0.09347947,0.025246093,0.024950527,0.17958133,0.07921547,0.22669095,0.0065669524,0.17592715,0.008300221,0.015755588,0.015041662,0.06827962,0.006346242,0.050254844
ATTACTCTCATATGGC-1,Insertion_MMEJ-Deletion,Insertion_Insertion,0.032878444,0.078605935,0.032023672,0.009574181,0.32719827,0.07218404,0.14386037,0.017525887,0.10297345,0.0031364935,0.049712215,0.017274553,0.0594252,0.00464661,0.04898066
GAGCTGCCACAACGCC-1,NHEJ-Deletion_WT,Insertion_WT,0.01641613,0.03720786,0.019889237,0.006595919,0.075359166,0.05721356,0.16374111,0.009266098,0.32634097,0.0038044886,0.03990183,0.01512115,0.10041816,0.007888665,0.1208356
GGGTAGAGTCAAACGG-4,Insertion_NHEJ-Deletion,Insertion_Insertion,0.028226374,0.07405255,0.0377401,0.01636976,0.22783124,0.047808062,0.18964802,0.012703219,0.16794246,0.011584565,0.020976491,0.03470108,0.07587011,0.0038141056,0.05073187
GTTACGAGTTCCGCGA-4,Insertion_WT,Insertion_Insertion,0.037382565,0.04832355,0.046967935,0.017842155,0.20998146,0.08003855,0.16798337,0.0066126576,0.16608039,0.012274341,0.014135756,0.026577901,0.07744682,0.0032753453,0.08507727
TTTGATCCAACCGCCA-1,Insertion_NHEJ-Deletion,Insertion_WT,0.026991574,0.038763493,0.022811888,0.021471655,0.10206105,0.053911544,0.17721412,0.00761353,0.29884017,0.014440789,0.010724838,0.031608667,0.08623832,0.007285208,0.10002318
CCGAACGAGGGATCGT-4,Insertion_Insertion,Insertion_Insertion,0.027861282,0.04031971,0.019793566,0.0154886525,0.2765718,0.029074972,0.18684736,0.01260036,0.2577563,0.0077284966,0.011344483,0.008669046,0.058134016,0.0024076456,0.04540233
TGGGATTGTTCGTTCC-1,NHEJ-Deletion_NHEJ-Deletion,HDR_Insertion,0.071795695,0.17779107,0.021157378,0.04920697,0.1744991,0.048107628,0.10638576,0.009784671,0.16262436,0.0086727375,0.02204609,0.014337354,0.09152939,0.007880467,0.03418134
GAAGGGTGTTTCCAAG-4,Insertion_WT,Insertion_Insertion,0.13646238,0.07817213,0.04823818,0.027077865,0.15390158,0.06751284,0.11838783,0.009344061,0.07972737,0.008610404,0.022856917,0.049809292,0.12233025,0.00794305,0.0696259
CCACACTAGCAAGGAA-1,Insertion_WT,Insertion_WT,0.033216055,0.049957994,0.015411629,0.13249923,0.09041768,0.041983854,0.05816465,0.0066843615,0.35628718,0.0063822474,0.0067434306,0.04781774,0.032271728,0.0019765135,0.12018566
TATACCTAGGTTCTTG-1,Insertion_MMEJ-Deletion,Insertion_Insertion,0.09997803,0.0660451,0.013803402,0.014153004,0.21483359,0.07524937,0.16312015,0.00907155,0.06184159,0.015683096,0.038675677,0.05184984,0.11736058,0.011672162,0.04666284
